impression,user_id,app_version,model_version,mturk_id,status,NUM_INITIAL_RATINGS,NUM_REFINE_RATINGS,TOTAL_TRAINING_RATINGS,NUM_TEST_RATINGS,TIME_INITIAL,TIME_REFINE,TIME_TEST,random_test_predictions_ratings,good_test_predictions_ratings,hypers,redisplay_check,arbitrary_check
0,40ff4dec-31f0-4de0-b868-4f09749bd1d1,5.8-gur_w_old_priors,gur-ar-2.0,A8CHA5VSC5KJR,Completed,1,40,41,15,10.799018621444702,419.4725263118744,148.1735999584198,"{641: (0.23919308907410414, 0.3999999999999999), 423: (0.4323108371941854, -0.4), 675: (0.16179048425389944, 0.19999999999999996), 409: (0.31448830321782273, 0.10000000000000009), 317: (0.3010065400376338, 0.19999999999999996), 558: (0.22666451449169375, 0.6000000000000001), 227: (0.3510743576921494, 0.19999999999999996), 69: (0.20744721175294908, 0.19999999999999996), 345: (0.2639665555474637, 0.3999999999999999), 468: (0.1917378269473571, -0.6)}","{568: (0.48834392047260344, 0.3999999999999999), 71: (0.48425491941795995, 0.8), 142: (0.47663791970192226, 0.7), 113: (0.4688457915260275, 0.0), 418: (0.4677428232140392, -0.19999999999999996)}","{'noise': 0.37896825697345604, 'amp': 0.6374045520325686, 'ls': 2.181534671880019}","[(0.7, 0.6000000000000001)]",[]
