impression,user_id,app_version,model_version,mturk_id,status,NUM_INITIAL_RATINGS,NUM_REFINE_RATINGS,TOTAL_TRAINING_RATINGS,NUM_TEST_RATINGS,TIME_INITIAL,TIME_REFINE,TIME_TEST,random_test_predictions_ratings,good_test_predictions_ratings,hypers,redisplay_check,arbitrary_check
0,07c59acf-f550-4be5-9493-cc616c17360a,5.8-gur_w_old_priors,gur-ar-2.0,A334VWE4QGAZFR,Completed,1,40,41,15,19.790618181228638,205.36588048934937,162.3315234184265,"{186: (0.38598975252993833, 0.19999999999999996), 177: (0.3889059400148108, 0.19999999999999996), 479: (0.4227573809437556, 0.19999999999999996), 796: (0.33506245659538436, 0.6000000000000001), 225: (0.37791776481126, 0.6000000000000001), 67: (0.24324088554770446, 0.19999999999999996), 492: (0.4233870000764775, 0.8), 184: (0.39780238801768186, 0.0), 278: (0.25613132352222656, 0.3999999999999999), 13: (0.1647987715093921, 0.6000000000000001)}","{345: (0.5026024233480704, 0.6000000000000001), 135: (0.502365676063506, 0.3999999999999999), 206: (0.49996572413011986, 0.19999999999999996), 689: (0.49649540788692703, 0.6000000000000001), 640: (0.4927555136307202, 0.6000000000000001)}","{'noise': 0.23022677192767307, 'amp': 0.629728284410438, 'ls': 3.1185808025198716}","[(0.6000000000000001, 0.0)]",[]
