impression,user_id,app_version,model_version,mturk_id,status,NUM_INITIAL_RATINGS,NUM_REFINE_RATINGS,TOTAL_TRAINING_RATINGS,NUM_TEST_RATINGS,TIME_INITIAL,TIME_REFINE,TIME_TEST,random_test_predictions_ratings,good_test_predictions_ratings,hypers,redisplay_check,arbitrary_check
0,b728eea6-6e9b-4f73-ac29-2788a04e5234,5.8-gur_w_old_priors,gur-ar-2.0,AI0GXA45H2KEK,Completed,1,40,41,15,8.266209602355957,221.20216631889343,76.91701602935791,"{266: (-0.008472792605818609, 1.0), 70: (-0.040913925224866594, 0.30000000000000004), 776: (-0.005964764833141254, 1.0), 682: (-0.038055119839998215, 0.19999999999999996), 745: (-0.284073873522153, 0.21999999999999997), 522: (0.011313454198214135, 0.0), 34: (-0.018046706094132583, 0.0), 482: (-0.24126182971967267, -0.4), 530: (0.14596107595813332, 0.6000000000000001), 327: (-0.03671590292572935, 0.0)}","{217: (0.32774042740431386, 1.0), 71: (0.31217869310764246, 0.6000000000000001), 622: (0.30607035743313477, 1.0), 709: (0.2956049665882188, -0.19999999999999996), 557: (0.2893397760352877, 0.19999999999999996)}","{'noise': 0.5347377599991685, 'amp': 0.6894890091513683, 'ls': 1.5641435889347328}","[(1.0, 1.0)]",[]
