impression,user_id,app_version,model_version,mturk_id,status,NUM_INITIAL_RATINGS,NUM_REFINE_RATINGS,TOTAL_TRAINING_RATINGS,NUM_TEST_RATINGS,TIME_INITIAL,TIME_REFINE,TIME_TEST,random_test_predictions_ratings,good_test_predictions_ratings,hypers,redisplay_check,arbitrary_check
0,fed70386-31db-4cff-a373-7b68bf04ad02,5.8-gur_w_old_priors,gur-ar-2.0,A345VDWYMDWTGD,Completed,1,40,41,15,4.3133323192596436,130.01442861557007,43.331358671188354,"{630: (-0.040140392248932934, -1.0), 343: (0.17399465493939242, -0.19999999999999996), 326: (0.7460452542276571, 1.0), 482: (-0.1964670579139265, -0.8), 55: (-0.11632853392369152, -0.6), 516: (0.32379706772621114, 0.8), 464: (0.03774605443847762, 0.0), 606: (0.18484026633286288, -0.6), 312: (0.6095948015735438, 0.0), 87: (-1.1515398139010828, -1.0)}","{249: (1.185015765600678, 1.0), 789: (1.1537894566734335, 1.0), 52: (1.1488677508772158, 1.0), 752: (1.118103892648941, 1.0), 510: (1.105851779330445, 0.8)}","{'noise': 0.23261432100190077, 'amp': 0.8780861447727094, 'ls': 0.555843183871218}","[(-1.0, -1.0)]",[]
