impression,user_id,app_version,model_version,mturk_id,status,NUM_INITIAL_RATINGS,NUM_REFINE_RATINGS,TOTAL_TRAINING_RATINGS,NUM_TEST_RATINGS,TIME_INITIAL,TIME_REFINE,TIME_TEST,random_test_predictions_ratings,good_test_predictions_ratings,hypers,redisplay_check,arbitrary_check
0,1ce5f198-8067-4ec1-ac05-00f60a13568f,5.8-gur_w_old_priors,gur-ar-2.0,A34YDGVZKRJ0LZ,Completed,1,40,41,15,8.221537113189697,138.59213209152222,53.458250522613525,"{693: (-0.12281770242039307, -0.6), 483: (-0.04702498234374777, 0.19999999999999996), 722: (-0.11949860094453275, 0.3999999999999999), 18: (0.028153310481047494, -0.4), 416: (0.05352858172465991, -0.6), 613: (0.013915232959255813, 0.0), 510: (0.011273997226920497, 0.3999999999999999), 88: (-0.0823582519392339, 0.19999999999999996), 207: (0.09567256285652638, 0.19999999999999996), 279: (0.28713070025660403, -0.4)}","{27: (0.47031824691579927, 0.0), 562: (0.42039824303560935, 0.6000000000000001), 413: (0.38771992477982437, 0.19999999999999996), 313: (0.37919009871354104, 0.0), 65: (0.36563275860653277, 0.3999999999999999)}","{'noise': 0.28758471519214907, 'amp': 0.7210004126095715, 'ls': 1.6175450057792007}","[(-0.19999999999999996, 0.0)]",[]
