impression,user_id,app_version,model_version,mturk_id,status,NUM_INITIAL_RATINGS,NUM_REFINE_RATINGS,TOTAL_TRAINING_RATINGS,NUM_TEST_RATINGS,TIME_INITIAL,TIME_REFINE,TIME_TEST,random_test_predictions_ratings,good_test_predictions_ratings,hypers,redisplay_check,arbitrary_check
0,cf0a0474-4d7b-4cfa-a126-362e81cd5584,5.8-gur_w_old_priors,gur-ar-2.0,AUFOO8PU2BK37,Completed,1,40,41,15,5.194098949432373,123.210782289505,42.5350604057312,"{280: (0.3618924646583268, 0.3999999999999999), 233: (-0.5866345490903914, -0.8), 68: (0.003204508099477889, 0.19999999999999996), 231: (-0.20554593417128653, -0.8), 227: (-0.2196484954138676, -0.6), 169: (-0.07729190515053719, -0.6), 252: (0.22928387719673926, -0.8), 173: (0.3210215961784441, 0.8), 221: (0.4682042500088429, 0.8), 49: (0.1269442862067511, -0.19999999999999996)}","{400: (0.673695592138441, 0.0), 174: (0.623764259486629, 0.8), 455: (0.5846787631071559, -0.19999999999999996), 745: (0.5325883325048779, 0.6000000000000001), 181: (0.5236325755846923, 0.0)}","{'noise': 0.273038457350504, 'amp': 0.631565545733347, 'ls': 0.6375692669086481}","[(-0.6, -0.6)]",[]
