impression,user_id,app_version,model_version,mturk_id,status,NUM_INITIAL_RATINGS,NUM_REFINE_RATINGS,TOTAL_TRAINING_RATINGS,NUM_TEST_RATINGS,TIME_INITIAL,TIME_REFINE,TIME_TEST,random_test_predictions_ratings,good_test_predictions_ratings,hypers,redisplay_check,arbitrary_check
0,61e086c6-4e5f-4f97-ad8e-2cf87939b325,5.8-gur_w_old_priors,gur-ar-2.0,A1JFYSREPKI9OF,Completed,1,40,41,15,4.6980881690979,108.76184463500977,39.03351545333862,"{410: (-0.3352855330008582, 0.3999999999999999), 141: (-0.4835390961025484, -0.6), 489: (-0.6734908293319684, -0.6), 800: (-0.2196977436601841, 0.19999999999999996), 550: (-0.6072296964008429, -0.6), 206: (-0.7300146605536105, -0.8), 354: (-0.5536517511793725, 0.19999999999999996), 197: (-0.25049226993119866, -0.19999999999999996), 161: (-0.38113761075635205, -0.4), 295: (-0.3616502661753813, 0.6000000000000001)}","{267: (-0.019378107259394674, -0.6), 728: (-0.030530730177290428, 0.6000000000000001), 93: (-0.04542218823650178, 0.8), 793: (-0.057893366228201806, -0.4), 579: (-0.06294171828755554, 0.0)}","{'noise': 0.3430609324581343, 'amp': 0.7592791538008998, 'ls': 1.7508897088773125}","[(0.19999999999999996, -0.6)]",[]
