impression,user_id,app_version,model_version,mturk_id,status,NUM_INITIAL_RATINGS,NUM_REFINE_RATINGS,TOTAL_TRAINING_RATINGS,NUM_TEST_RATINGS,TIME_INITIAL,TIME_REFINE,TIME_TEST,random_test_predictions_ratings,good_test_predictions_ratings,hypers,redisplay_check,arbitrary_check
0,e42f712e-9218-4a1d-b795-7ace60dcf7de,5.8-gur_w_old_priors,gur-ar-2.0,A2SY0XL28MLUTW,Completed,1,40,41,15,10.710919618606567,219.23264384269714,74.28020310401917,"{57: (0.2534829596228343, -0.4), 603: (0.18531886012534687, 0.19999999999999996), 68: (0.2505392654220325, 0.6000000000000001), 103: (0.41146461826475106, 0.3999999999999999), 4: (0.06663895078318251, 0.0), 220: (0.18826309816630532, 0.6000000000000001), 195: (0.08504180692129211, -0.6), 290: (0.2836480334006182, 0.6000000000000001), 450: (0.3323075225790684, 0.19999999999999996), 138: (0.197999785738005, -0.6)}","{208: (0.5399753237529306, 0.3999999999999999), 761: (0.5395637029294341, 0.19999999999999996), 792: (0.5105206266129237, 0.8), 340: (0.5086512609483091, 0.3999999999999999), 635: (0.5084852309084416, 0.6000000000000001)}","{'noise': 0.30960443844965085, 'amp': 0.6385369156463665, 'ls': 2.072396564154956}","[(0.6000000000000001, 0.6000000000000001)]",[]
