impression,user_id,app_version,model_version,mturk_id,status,NUM_INITIAL_RATINGS,NUM_REFINE_RATINGS,TOTAL_TRAINING_RATINGS,NUM_TEST_RATINGS,TIME_INITIAL,TIME_REFINE,TIME_TEST,random_test_predictions_ratings,good_test_predictions_ratings,hypers,redisplay_check,arbitrary_check
0,cda8b008-b4bb-46de-b804-30127095c7d7,5.8-gur_w_old_priors,gur-ar-2.0,A1U52239IPV7IO,Completed,1,40,41,15,10.748070001602173,260.3295395374298,112.30597257614136,"{404: (0.577263526431699, 0.6000000000000001), 15: (0.4574241007624099, 0.6000000000000001), 693: (0.4138019835792322, 0.8), 603: (0.41455045504261423, 0.3999999999999999), 491: (0.5218424437385855, 0.3999999999999999), 760: (0.49661700777330087, 0.8), 434: (0.5644007253110976, 0.8), 364: (0.5402799956187001, 0.6000000000000001), 646: (0.4501817773559428, 0.3999999999999999), 672: (0.46412038870179456, 0.6000000000000001)}","{568: (0.6722189053882623, 0.8), 94: (0.658209289269169, 0.6000000000000001), 71: (0.6543400918251158, 0.8), 448: (0.6513425199236237, 0.6000000000000001), 51: (0.6509072762380123, 0.6000000000000001)}","{'noise': 0.23521240111827244, 'amp': 0.657377015187671, 'ls': 3.08825114928093}","[(0.8, 0.8)]",[]
