impression,user_id,app_version,model_version,mturk_id,status,NUM_INITIAL_RATINGS,NUM_REFINE_RATINGS,TOTAL_TRAINING_RATINGS,NUM_TEST_RATINGS,TIME_INITIAL,TIME_REFINE,TIME_TEST,random_test_predictions_ratings,good_test_predictions_ratings,hypers,redisplay_check,arbitrary_check
0,41ce0a58-a2e0-42ca-ae27-58879630f644,5.8-gur_w_old_priors,gur-ar-2.0,A27CEAL8PWSAG5,Completed,1,40,41,15,15.2766592502594,195.42914295196533,76.38977074623108,"{563: (0.48946311714761553, 0.19999999999999996), 69: (-0.06622435036814198, 0.19999999999999996), 207: (0.298509655756634, 0.6000000000000001), 595: (0.4775740565046153, 0.8), 723: (0.20005409720383363, 0.0), 456: (-0.15730402632328316, 0.19999999999999996), 36: (-0.08789815267824953, -0.4), 721: (0.30089568979144576, 0.19999999999999996), 68: (-0.15506427080220353, -0.4), 428: (-0.12497345878481043, 0.0)}","{303: (0.6294106581115078, 0.6000000000000001), 320: (0.622934871106601, 0.8), 643: (0.5931389819522754, 0.3999999999999999), 696: (0.5865838986223587, 0.19999999999999996), 338: (0.5850850718280127, 0.6000000000000001)}","{'noise': 0.191310438421915, 'amp': 0.6877116725731928, 'ls': 1.5907384628829693}","[(0.3999999999999999, 0.19999999999999996)]",[]
