impression,user_id,app_version,model_version,mturk_id,status,NUM_INITIAL_RATINGS,NUM_REFINE_RATINGS,TOTAL_TRAINING_RATINGS,NUM_TEST_RATINGS,TIME_INITIAL,TIME_REFINE,TIME_TEST,random_test_predictions_ratings,good_test_predictions_ratings,hypers,redisplay_check,arbitrary_check
0,eabf568c-1a65-4e5f-b6f5-d40de88bb7a4,5.8-gur_w_old_priors,gur-ar-2.0,APDDA1Y59RHV9,Completed,1,40,41,15,8.281999111175537,214.56324172019958,84.94044518470764,"{155: (-0.12365684450322134, -0.4), 527: (-0.1504197379315304, -0.6), 808: (0.023237917652867108, -0.4), 627: (-0.02399847401311984, 0.19999999999999996), 786: (-0.08632541079575837, 0.0), 41: (-0.09728128105333214, 0.0), 124: (-0.13006068214941216, -0.19999999999999996), 628: (-0.08581297629486365, -0.6), 305: (-0.15825170905583824, -0.4), 562: (-0.08461979042779412, -0.4)}","{324: (0.06455872311990758, 0.19999999999999996), 677: (0.05356990049868535, 0.19999999999999996), 168: (0.04969751941911456, -0.19999999999999996), 713: (0.04299528231375944, 0.6000000000000001), 306: (0.04217175527961769, 0.6000000000000001)}","{'noise': 0.3599982386163467, 'amp': 0.6095392754953328, 'ls': 2.625022298418729}","[(0.19999999999999996, 0.0)]",[]
