impression,user_id,app_version,model_version,mturk_id,status,NUM_INITIAL_RATINGS,NUM_REFINE_RATINGS,TOTAL_TRAINING_RATINGS,NUM_TEST_RATINGS,TIME_INITIAL,TIME_REFINE,TIME_TEST,random_test_predictions_ratings,good_test_predictions_ratings,hypers,redisplay_check,arbitrary_check
0,8d2169fe-8746-44c3-9a13-cf4022b0ac4f,5.8-gur_w_old_priors,gur-ar-2.0,A22DDO8NILSX6O,Completed,1,40,41,15,8.728595733642578,211.90288257598877,62.994574785232544,"{686: (0.07971209799237859, -0.4), 25: (0.17611005107176947, -0.4), 299: (-0.4220467267512576, -0.4), 545: (0.3956264933906913, 0.0), 87: (-0.0768212245243719, -0.4), 427: (-0.16381878947635742, -0.4), 574: (0.2855325671285208, 0.3999999999999999), 595: (-0.3095149765584616, -0.8), 599: (-0.0725101500555956, 0.0), 563: (-0.29555064935144054, -0.4)}","{53: (0.4482396097147437, 0.3999999999999999), 114: (0.4408690071258762, 0.3999999999999999), 234: (0.4353155360795835, 0.3999999999999999), 495: (0.4343789520759255, 0.0), 767: (0.4333077687993833, 0.3999999999999999)}","{'noise': 0.2730821751062688, 'amp': 0.7506287363863362, 'ls': 1.7722363309704707}","[(0.3999999999999999, 0.3999999999999999)]",[]
