impression,user_id,app_version,model_version,mturk_id,status,NUM_INITIAL_RATINGS,NUM_REFINE_RATINGS,TOTAL_TRAINING_RATINGS,NUM_TEST_RATINGS,TIME_INITIAL,TIME_REFINE,TIME_TEST,random_test_predictions_ratings,good_test_predictions_ratings,hypers,redisplay_check,arbitrary_check
0,ea5c185f-8066-4458-abbf-fd9f651b82dd,5.8-gur_w_old_priors,gur-ar-2.0,A30X66H0RILXAH,Completed,1,40,41,15,13.195382595062256,330.04389333724976,124.74469232559204,"{572: (0.4852735480362409, 0.14000000000000012), 94: (0.6020937957825, 0.19999999999999996), 798: (0.5478769513306849, -0.19999999999999996), 632: (0.5386742888702606, 0.3599999999999999), 394: (0.4718339109126804, 0.10000000000000009), 155: (0.3737310875619841, 0.3999999999999999), 254: (0.4122562976840769, 0.26), 234: (0.5623233554123249, 0.7399999999999998), 662: (0.5046807004852654, -0.19999999999999996), 314: (0.5460059875738682, 0.19999999999999996)}","{448: (0.6361627604298223, 0.10000000000000009), 224: (0.617753007946804, 0.6000000000000001), 568: (0.6123932297185782, 0.19999999999999996), 795: (0.6056577324157774, 0.56), 401: (0.6045899679224546, 0.8999999999999999)}","{'noise': 0.23387303410282045, 'amp': 0.648094268421942, 'ls': 3.5473062130388127}","[(0.3999999999999999, 0.7399999999999998)]",[]
