impression,user_id,app_version,model_version,mturk_id,status,NUM_INITIAL_RATINGS,NUM_REFINE_RATINGS,TOTAL_TRAINING_RATINGS,NUM_TEST_RATINGS,TIME_INITIAL,TIME_REFINE,TIME_TEST,random_test_predictions_ratings,good_test_predictions_ratings,hypers,redisplay_check,arbitrary_check
0,b01838a3-5d52-4186-853d-47e285f10027,5.8-gur_w_old_priors,gur-ar-2.0,AHN581DMLZMK5,Completed,1,40,41,15,38.05600953102112,355.52286648750305,106.03927206993103,"{53: (0.39790788652013526, 0.24), 141: (0.527605202940332, 0.18000000000000016), 425: (0.38325237094402703, 0.54), 318: (0.5585626737626311, 0.3400000000000001), 92: (0.23111796603466456, -0.4), 373: (0.2854696651526648, 0.3599999999999999), 435: (0.05326283457701748, 0.31999999999999984), 669: (-0.010789234043436135, -0.24), 550: (0.24478604495462666, 0.7600000000000002), 111: (0.10515936346561332, -0.38)}","{581: (0.7022080194055474, 0.6600000000000001), 127: (0.6907445611125438, -0.11999999999999988), 792: (0.6815433308557608, 0.30000000000000004), 392: (0.6789128042318802, 0.3400000000000001), 369: (0.6758812845385217, 0.6199999999999999)}","{'noise': 0.27263409379386044, 'amp': 0.6790665218363358, 'ls': 1.391684678454005}","[(0.3599999999999999, 0.3599999999999999)]",[]
