impression,user_id,app_version,model_version,mturk_id,status,NUM_INITIAL_RATINGS,NUM_REFINE_RATINGS,TOTAL_TRAINING_RATINGS,NUM_TEST_RATINGS,TIME_INITIAL,TIME_REFINE,TIME_TEST,random_test_predictions_ratings,good_test_predictions_ratings,hypers,redisplay_check,arbitrary_check
0,0132672d-436a-4ee1-b56a-3be49cb150b4,5.8-gur_w_old_priors,gur-ar-2.0,A2MFCUR8BF2IBO,Completed,1,40,41,15,8.290117263793945,169.962331533432,47.700397968292236,"{225: (-0.22704689180284746, 0.0), 491: (-0.21012175712609854, -0.6), 252: (-0.1743099940045586, -0.6), 128: (-0.1454884094309837, -0.4), 264: (-0.21854442304302454, -0.19999999999999996), 698: (-0.19089874823929073, -0.19999999999999996), 392: (-0.18341603270603882, 0.0), 286: (-0.23955330922996879, -0.4), 390: (-0.19321469367303654, -0.8), 237: (-0.11950881166263994, -0.8)}","{405: (-0.021788034769751833, 0.19999999999999996), 756: (-0.027953398738943442, 0.0), 153: (-0.029731773522164676, 0.0), 614: (-0.03244497951530465, -0.4), 468: (-0.03746633637767922, -0.4)}","{'noise': 0.31449632624228724, 'amp': 0.6081971586236007, 'ls': 2.6187174722063475}","[(-0.4, -0.19999999999999996)]",[]
