impression,user_id,app_version,model_version,mturk_id,status,NUM_INITIAL_RATINGS,NUM_REFINE_RATINGS,TOTAL_TRAINING_RATINGS,NUM_TEST_RATINGS,TIME_INITIAL,TIME_REFINE,TIME_TEST,random_test_predictions_ratings,good_test_predictions_ratings,hypers,redisplay_check,arbitrary_check
0,5c87b5c4-a932-49f1-bdd4-1a63630222f5,5.8-gur_w_old_priors,gur-ar-2.0,A2P2Y9VTSX41XS,Completed,1,40,41,15,7.475499868392944,130.4432475566864,40.12109088897705,"{713: (-0.5946136616753964, -0.8), 449: (-0.6367015402788216, -0.8), 582: (-0.6582126999536352, -0.6), 679: (-0.6605243964090335, -0.8), 714: (-0.6038531160613442, -0.8), 361: (-0.637712268310931, -0.8), 359: (-0.6593597847273391, -0.8), 457: (-0.6138842861454983, -0.8), 490: (-0.6297298206294093, -0.6), 40: (-0.6108193911140182, -0.8)}","{25: (-0.5653677635678926, -0.8), 405: (-0.5705984425371905, -0.6), 471: (-0.5708850580767535, -0.6), 306: (-0.5709831056048293, -0.19999999999999996), 612: (-0.5754339194132699, -0.8)}","{'noise': 0.16849830862488097, 'amp': 0.6607224987205695, 'ls': 5.944481268261466}","[(-0.8, -0.8)]",[]
