impression,user_id,app_version,model_version,mturk_id,status,NUM_INITIAL_RATINGS,NUM_REFINE_RATINGS,TOTAL_TRAINING_RATINGS,NUM_TEST_RATINGS,TIME_INITIAL,TIME_REFINE,TIME_TEST,random_test_predictions_ratings,good_test_predictions_ratings,hypers,redisplay_check,arbitrary_check
0,b2baf9fc-5885-4c42-9ede-e64c9d14e122,5.8-gur_w_old_priors,gur-ar-2.0,A1KN5CEN4GQ3E8,Completed,1,40,41,15,10.825050830841064,306.2902777194977,72.9950315952301,"{436: (0.294570200572159, 0.3999999999999999), 595: (0.3140630378430547, 0.3999999999999999), 428: (0.3328833536295054, 0.19999999999999996), 34: (0.2643266522059265, 0.19999999999999996), 10: (0.2880110073967852, 0.3999999999999999), 169: (0.25341830257310427, 0.19999999999999996), 444: (0.32609168899945334, 0.19999999999999996), 471: (0.2108447953357344, 0.3999999999999999), 494: (0.2620481175478988, 0.19999999999999996), 1: (0.3096089473841437, 0.19999999999999996)}","{613: (0.405463737282787, 0.3999999999999999), 626: (0.4021768006236807, 0.3999999999999999), 185: (0.3937272732203354, 0.3999999999999999), 44: (0.39327946593876123, 0.19999999999999996), 203: (0.3929637407324976, 0.19999999999999996)}","{'noise': 0.1829296165211237, 'amp': 0.5912635125298245, 'ls': 4.172417818579187}","[(0.6000000000000001, 0.3999999999999999)]",[]
