impression,user_id,app_version,model_version,mturk_id,status,NUM_INITIAL_RATINGS,NUM_REFINE_RATINGS,TOTAL_TRAINING_RATINGS,NUM_TEST_RATINGS,TIME_INITIAL,TIME_REFINE,TIME_TEST,random_test_predictions_ratings,good_test_predictions_ratings,hypers,redisplay_check,arbitrary_check
0,7528b501-c831-431b-a4d2-1f3eb9818049,5.8-gur_w_old_priors,gur-ar-2.0,AUDH0P4ZHJKS2,Completed,1,40,41,15,7.881814002990723,153.66921210289001,55.51474070549011,"{558: (0.03872164376120331, -0.19999999999999996), 176: (0.565920933094432, -0.4), 389: (0.3741848204071474, 1.0), 629: (0.7487801113042016, 0.8), 698: (0.37409255818480586, 0.8), 778: (-0.0967352624644563, 0.19999999999999996), 94: (0.13701647378076176, 0.19999999999999996), 415: (-0.2417353706657299, -0.6), 67: (0.6858189158703646, -0.4), 675: (-0.016699334786100837, 0.3999999999999999)}","{111: (0.9802467597394944, -0.4), 433: (0.9225210924034077, -0.19999999999999996), 18: (0.9152147430564272, 0.3999999999999999), 35: (0.904292695305384, 1.0), 400: (0.9016939359038174, -0.19999999999999996)}","{'noise': 0.5170108507762315, 'amp': 0.8332506962071121, 'ls': 1.2283923896626514}","[(-0.4, -0.19999999999999996)]",[]
