impression,user_id,app_version,model_version,mturk_id,status,NUM_INITIAL_RATINGS,NUM_REFINE_RATINGS,TOTAL_TRAINING_RATINGS,NUM_TEST_RATINGS,TIME_INITIAL,TIME_REFINE,TIME_TEST,random_test_predictions_ratings,good_test_predictions_ratings,hypers,redisplay_check,arbitrary_check
0,fe6c1e0b-95be-49a4-8aea-e6480f15abc0,5.8-gur_w_old_priors,gur-ar-2.0,A2YW8BTRWIUH8Y,Completed,1,40,41,15,23.803449630737305,361.02355790138245,106.28639960289001,"{527: (0.017365887649918817, -0.19999999999999996), 606: (0.1910323281113982, 0.5), 360: (0.184423560132751, 0.10000000000000009), 658: (0.16453557079197928, 0.3999999999999999), 120: (0.15812158036029247, 0.10000000000000009), 285: (0.07779342619375683, -0.19999999999999996), 596: (0.07623408885978461, 0.30000000000000004), 21: (0.11744355360493393, 0.19999999999999996), 508: (0.2482929753302059, 0.10000000000000009), 754: (0.14762744398899288, 0.30000000000000004)}","{367: (0.40386904567553206, 0.30000000000000004), 791: (0.38848491107987426, 0.6000000000000001), 4: (0.3706619827888489, 0.6000000000000001), 669: (0.3650612949662685, 0.30000000000000004), 13: (0.36008384350807215, 0.7)}","{'noise': 0.21466528791205258, 'amp': 0.606374696729345, 'ls': 2.424363518438321}","[(-0.19999999999999996, -0.19999999999999996)]",[]
