impression,user_id,app_version,model_version,mturk_id,status,NUM_INITIAL_RATINGS,NUM_REFINE_RATINGS,TOTAL_TRAINING_RATINGS,NUM_TEST_RATINGS,TIME_INITIAL,TIME_REFINE,TIME_TEST,random_test_predictions_ratings,good_test_predictions_ratings,hypers,redisplay_check,arbitrary_check
0,fc0cf388-ccb5-413e-8a35-e7054c46eb9c,5.8-gur_w_old_priors,gur-ar-2.0,A16YCPFPGW95OB,Completed,1,40,41,15,11.43691110610962,265.5990071296692,106.61650443077087,"{354: (0.6317407136656765, 0.3999999999999999), 605: (0.6631190720392525, 0.6000000000000001), 672: (0.6343100867703875, 0.6000000000000001), 776: (0.6067738569573882, 0.6000000000000001), 27: (0.65885138113909, 0.6000000000000001), 326: (0.6233228906156898, 0.3999999999999999), 72: (0.5262504020537958, 0.6000000000000001), 637: (0.5390224785049669, 0.6000000000000001), 508: (0.5853514118366077, 0.3999999999999999), 745: (0.6461917727871322, 0.3999999999999999)}","{715: (0.6974792363555105, 0.6000000000000001), 363: (0.694407108167258, 0.3999999999999999), 623: (0.6939249917452625, 0.3999999999999999), 6: (0.6937556175007031, 0.3999999999999999), 678: (0.6924310352760649, 0.6000000000000001)}","{'noise': 0.13995118247339178, 'amp': 0.6470576548521079, 'ls': 5.176604199995907}","[(0.3999999999999999, 0.3999999999999999)]",[]
