impression,user_id,app_version,model_version,mturk_id,status,NUM_INITIAL_RATINGS,NUM_REFINE_RATINGS,TOTAL_TRAINING_RATINGS,NUM_TEST_RATINGS,TIME_INITIAL,TIME_REFINE,TIME_TEST,random_test_predictions_ratings,good_test_predictions_ratings,hypers,redisplay_check,arbitrary_check
0,3dae8820-ca87-4ab4-942f-32beece47668,5.8-gur_w_old_priors,gur-ar-2.0,A2B9OD2O9CJNC0,Completed,1,40,41,15,6.296523094177246,404.4363303184509,76.32869076728821,"{391: (0.37648300392423645, 0.6000000000000001), 557: (0.3153570786077372, 1.0), 268: (0.35565385742497796, -0.19999999999999996), 744: (0.27624782433360445, 0.8), 693: (0.3406405483133609, 0.6000000000000001), 63: (0.44393769219855017, 0.8), 42: (0.44012454975238435, 0.6000000000000001), 702: (0.4893574705505359, 0.3999999999999999), 162: (0.40221972137296, 0.6000000000000001), 455: (0.4554354359895776, 0.8)}","{421: (0.5678098517173217, 0.3999999999999999), 21: (0.5643467324115953, 0.6000000000000001), 15: (0.5594131321194515, 0.3999999999999999), 270: (0.5434721032497284, 1.0), 764: (0.5405274834841691, 0.19999999999999996)}","{'noise': 0.3259724181113396, 'amp': 0.6348302164260858, 'ls': 2.020519144777755}","[(0.6000000000000001, 0.6000000000000001)]",[]
