impression,user_id,app_version,model_version,mturk_id,status,NUM_INITIAL_RATINGS,NUM_REFINE_RATINGS,TOTAL_TRAINING_RATINGS,NUM_TEST_RATINGS,TIME_INITIAL,TIME_REFINE,TIME_TEST,random_test_predictions_ratings,good_test_predictions_ratings,hypers,redisplay_check,arbitrary_check
0,a4da9d2f-7ef7-44ad-aeec-4e164ca5fd63,5.8-gur_w_old_priors,gur-ar-2.0,A3DKM1KM4C4G05,Completed,1,40,41,15,12.578140497207642,142.91469621658325,50.38185667991638,"{658: (-0.18849783535711473, -0.19999999999999996), 624: (0.14661856499707315, -0.19999999999999996), 340: (-0.09483750957404603, -0.4), 92: (-0.42824323910548334, -0.6), 113: (-0.009771626709611132, -0.6), 250: (-0.22264182735032143, -0.4), 668: (-0.22895454636778723, -0.4), 428: (-0.3926949669986787, -0.19999999999999996), 270: (-0.2639152256993475, -0.6), 406: (0.1916933285012721, -0.6)}","{543: (0.3349385739224855, 0.6000000000000001), 677: (0.2922039774559876, 0.19999999999999996), 684: (0.2918533261974806, 0.19999999999999996), 362: (0.2842586189187766, 0.0), 147: (0.2841728490852451, -0.4)}","{'noise': 0.1672767870162256, 'amp': 0.548380454735793, 'ls': 0.8456921599528465}","[(-0.6, -0.6)]",[]
