impression,user_id,app_version,model_version,mturk_id,status,NUM_INITIAL_RATINGS,NUM_REFINE_RATINGS,TOTAL_TRAINING_RATINGS,NUM_TEST_RATINGS,TIME_INITIAL,TIME_REFINE,TIME_TEST,random_test_predictions_ratings,good_test_predictions_ratings,hypers,redisplay_check,arbitrary_check
0,5a3c932b-55ad-4068-8069-a04abcde2a83,5.8-gur_w_old_priors,gur-ar-2.0,A276XK6HT76JZA,Completed,1,40,41,15,8.90193796157837,309.33052253723145,97.40732264518738,"{345: (0.3227222502151706, 0.19999999999999996), 418: (0.3932666933019914, 0.19999999999999996), 300: (0.20700815398692518, 0.3999999999999999), 3: (0.21667586721937057, 0.3999999999999999), 435: (0.32013859949771645, 0.3999999999999999), 681: (0.27905660563247614, 0.6000000000000001), 743: (0.4005887007186224, 0.0), 281: (0.27591257842765077, 0.19999999999999996), 108: (0.3409564228998472, 0.3999999999999999), 336: (0.29853885142730596, 0.3999999999999999)}","{797: (0.4610927067916328, 0.19999999999999996), 658: (0.4425039937197608, 0.19999999999999996), 190: (0.4414296677044664, 0.3999999999999999), 612: (0.43632538688347855, 0.3999999999999999), 530: (0.4346222671496595, 0.0)}","{'noise': 0.24214602547243505, 'amp': 0.6124085294118359, 'ls': 3.0422312536326066}","[(0.3999999999999999, 0.3999999999999999)]",[]
