impression,user_id,app_version,model_version,mturk_id,status,NUM_INITIAL_RATINGS,NUM_REFINE_RATINGS,TOTAL_TRAINING_RATINGS,NUM_TEST_RATINGS,TIME_INITIAL,TIME_REFINE,TIME_TEST,random_test_predictions_ratings,good_test_predictions_ratings,hypers,redisplay_check,arbitrary_check
0,f80eb499-1de6-4353-bebe-f553617b6b43,5.8-gur_w_old_priors,gur-ar-2.0,A222GZB608T1B8,Completed,1,40,41,15,13.918068170547485,288.5628066062927,83.19411325454712,"{559: (-0.179562985380581, -0.4), 72: (0.15131427529798971, 0.19999999999999996), 239: (-0.2977858038402369, -0.4), 579: (-0.2561841992870857, 0.0), 546: (-0.4283466545129085, -0.4), 485: (-0.12939699450651557, -0.6), 376: (0.049474638630763304, -0.6), 266: (-0.14826788683555497, 0.6000000000000001), 212: (-0.3415408476325117, -0.4), 491: (-0.5019968911036601, -0.6)}","{446: (0.4945695681113415, 0.6000000000000001), 466: (0.4242179543915407, -0.4), 763: (0.4084977433597155, 0.6000000000000001), 318: (0.4079711147701632, 0.3999999999999999), 36: (0.4027496010370129, 0.3999999999999999)}","{'noise': 0.29312272944133044, 'amp': 0.5879471174113792, 'ls': 0.7869572842338365}","[(0.6000000000000001, 0.3999999999999999)]",[]
