impression,user_id,app_version,model_version,mturk_id,status,NUM_INITIAL_RATINGS,NUM_REFINE_RATINGS,TOTAL_TRAINING_RATINGS,NUM_TEST_RATINGS,TIME_INITIAL,TIME_REFINE,TIME_TEST,random_test_predictions_ratings,good_test_predictions_ratings,hypers,redisplay_check,arbitrary_check
0,48bf69a9-959b-41ac-a0e9-e4828563f944,5.8-gur_w_old_priors,gur-ar-2.0,A1UOGYZFJF4BKW,Completed,1,40,41,15,39.379255056381226,361.1818137168884,162.68149137496948,"{683: (0.3399099087986503, 0.3999999999999999), 35: (0.47910455442644445, 0.8), 703: (0.07206091589976417, 0.19999999999999996), 503: (0.18313953806259364, 0.8), 677: (0.45895658753816465, 0.8), 104: (0.14302145514034123, 0.0), 308: (0.32116906683192414, 0.19999999999999996), 594: (0.06566956435149968, 0.30000000000000004), 700: (0.41785991146346974, 0.6000000000000001), 166: (0.3805648926724511, 0.5)}","{303: (0.7881355762409346, 0.8), 595: (0.7518865763597263, 0.6000000000000001), 608: (0.7371466562543102, 0.6000000000000001), 383: (0.7320427944588106, 0.6000000000000001), 401: (0.7250031021860188, 0.19999999999999996)}","{'noise': 0.21442577261070317, 'amp': 0.7642239495978898, 'ls': 1.7514788224734232}","[(0.6000000000000001, 0.6000000000000001)]",[]
