impression,user_id,app_version,model_version,mturk_id,status,NUM_INITIAL_RATINGS,NUM_REFINE_RATINGS,TOTAL_TRAINING_RATINGS,NUM_TEST_RATINGS,TIME_INITIAL,TIME_REFINE,TIME_TEST,random_test_predictions_ratings,good_test_predictions_ratings,hypers,redisplay_check,arbitrary_check
0,726b5916-2901-4305-b44d-6ee01a359ec2,5.8-gur_w_old_priors,gur-ar-2.0,A1T579QEGUZKIP,Completed,1,40,41,15,9.91974139213562,736.9701642990112,73.88746356964111,"{428: (0.7181814653375829, 0.8), 124: (0.7825790956336686, 0.8), 327: (0.7251775811367577, 1.0), 303: (0.7641024783550214, 0.8), 772: (0.7530041312031105, 0.8), 136: (0.7741500479002748, 1.0), 756: (0.7679373318292397, 0.8), 429: (0.8260074329481386, 0.8), 62: (0.7562632178607593, 1.0), 646: (0.7785591320127934, 0.8)}","{339: (0.8450226378766613, 0.8), 346: (0.839367272523539, 0.8), 516: (0.837343463747709, 1.0), 725: (0.8354480169861357, 0.8), 110: (0.8335979183676264, 0.8)}","{'noise': 0.13688077681490982, 'amp': 0.6955457319123468, 'ls': 6.8092749233601415}","[(1.0, 0.8)]",[]
