impression,user_id,app_version,model_version,mturk_id,status,NUM_INITIAL_RATINGS,NUM_REFINE_RATINGS,TOTAL_TRAINING_RATINGS,NUM_TEST_RATINGS,TIME_INITIAL,TIME_REFINE,TIME_TEST,random_test_predictions_ratings,good_test_predictions_ratings,hypers,redisplay_check,arbitrary_check
0,44268fca-7dee-4f20-8040-20f8b4ab7300,5.8-gur_w_old_priors,gur-ar-2.0,A2VZBQLSFZC519,Completed,1,40,41,15,7.171799659729004,784.4533839225769,54.17599415779114,"{443: (-0.3596150001286818, -0.6), 408: (-0.3407301312594034, 0.0), 734: (-0.4083694402307957, -0.19999999999999996), 184: (-0.30709333764118685, -0.6), 693: (-0.3666870316851154, 0.19999999999999996), 307: (-0.36581778596166625, 0.0), 99: (-0.3391505667991842, -0.6), 786: (-0.2818093187096804, 0.3999999999999999), 57: (-0.41613623109295045, 0.3999999999999999), 465: (-0.3525469760707708, -0.6)}","{368: (-0.23369592391393906, -0.4), 547: (-0.2417165659252082, 0.19999999999999996), 736: (-0.2426123830364303, 0.0), 538: (-0.24381394173816956, -0.4), 763: (-0.25217932937374465, -0.6)}","{'noise': 0.21676059917422122, 'amp': 0.6153902660226959, 'ls': 3.45657856502687}","[(0.3999999999999999, 0.3999999999999999)]",[]
