impression,user_id,app_version,model_version,mturk_id,status,NUM_INITIAL_RATINGS,NUM_REFINE_RATINGS,TOTAL_TRAINING_RATINGS,NUM_TEST_RATINGS,TIME_INITIAL,TIME_REFINE,TIME_TEST,random_test_predictions_ratings,good_test_predictions_ratings,hypers,redisplay_check,arbitrary_check
0,c908b77e-95de-45a8-aa5a-ffdccf889ba1,5.8-gur_w_old_priors,gur-ar-2.0,A2MDFKOD2G3R4D,Completed,1,40,41,15,10.807188749313354,291.89554619789124,128.81193709373474,"{451: (0.08561872502288917, 0.6000000000000001), 14: (-0.03580533173757405, 0.0), 694: (-0.1202642318297982, -0.19999999999999996), 425: (0.09356078146450106, 0.0), 798: (-0.13629079381766024, -0.8), 587: (0.0551946010238937, 0.6000000000000001), 368: (0.0025082156650667736, 0.10000000000000009), 133: (0.19312285445888727, 0.30000000000000004), 495: (0.05714003291985456, 0.5), 513: (-0.03419345287926124, -0.6)}","{761: (0.24626806472572582, 0.19999999999999996), 46: (0.24173551820807965, -0.09999999999999998), 340: (0.2390849876257728, 0.0), 773: (0.2322570788239222, 0.10000000000000009), 386: (0.22384863799921756, 0.0)}","{'noise': 0.3310492575154396, 'amp': 0.6299902318136636, 'ls': 2.1842638111685644}","[(-0.30000000000000004, 0.10000000000000009)]",[]
