impression,user_id,app_version,model_version,mturk_id,status,NUM_INITIAL_RATINGS,NUM_REFINE_RATINGS,TOTAL_TRAINING_RATINGS,NUM_TEST_RATINGS,TIME_INITIAL,TIME_REFINE,TIME_TEST,random_test_predictions_ratings,good_test_predictions_ratings,hypers,redisplay_check,arbitrary_check
0,e7f3ce91-32b8-43cd-b5f6-60ddf53bf387,5.8-gur_w_old_priors,gur-ar-2.0,A3EQVDHHKZRC0K,Completed,1,40,41,15,9.474761724472046,283.57409620285034,69.7394278049469,"{217: (0.08920733555124735, -0.8), 465: (0.180816005076852, 0.19999999999999996), 327: (-0.17097102678555506, -0.4), 60: (-0.08742679003309405, -0.6), 3: (-0.023882781680980774, -0.4), 294: (-0.0061198365486768375, -0.19999999999999996), 11: (0.35669812445607135, -0.4), 503: (0.24950392349873016, 0.19999999999999996), 794: (-0.09690551345692511, -0.4), 669: (-0.10574482550386434, -0.4)}","{234: (0.668380471096154, 0.8), 517: (0.6274185961572326, 0.0), 705: (0.6199661599021241, 0.6000000000000001), 208: (0.611273054480555, 0.6000000000000001), 133: (0.592928153704056, 0.3999999999999999)}","{'noise': 0.44579323080293287, 'amp': 0.7344261718498022, 'ls': 1.3883641618333655}","[(0.3999999999999999, -0.4)]",[]
