impression,user_id,app_version,model_version,mturk_id,status,NUM_INITIAL_RATINGS,NUM_REFINE_RATINGS,TOTAL_TRAINING_RATINGS,NUM_TEST_RATINGS,TIME_INITIAL,TIME_REFINE,TIME_TEST,random_test_predictions_ratings,good_test_predictions_ratings,hypers,redisplay_check,arbitrary_check
0,205b3b55-b9a8-4145-b537-c1989aadcee9,5.8-gur_w_old_priors,gur-ar-2.0,ANK8K5WTHJ61C,Completed,1,40,41,15,30.182512044906616,598.4948995113373,186.40561985969543,"{476: (-0.08877038783839858, -0.19999999999999996), 745: (0.09477035471055087, 0.3999999999999999), 684: (0.058080423633958246, 0.3999999999999999), 220: (-0.05264313424401811, 0.19999999999999996), 523: (-0.06966911069219231, 0.3999999999999999), 432: (-0.08831216856984736, -0.6), 236: (0.02790161518800991, 0.3999999999999999), 618: (0.12469724569708061, -0.6), 173: (-0.18767380872170675, -0.19999999999999996), 516: (-0.19209940376709528, -0.8)}","{275: (0.22711935725878965, 0.3999999999999999), 796: (0.22581941507491946, 0.19999999999999996), 469: (0.1932452968197198, -0.8), 677: (0.19230290905460146, 1.0), 315: (0.18187026275078802, -0.19999999999999996)}","{'noise': 0.476161124316818, 'amp': 0.6999087587605551, 'ls': 1.6945087216632628}","[(-0.19999999999999996, -0.19999999999999996)]",[]
