impression,user_id,app_version,model_version,mturk_id,status,NUM_INITIAL_RATINGS,NUM_REFINE_RATINGS,TOTAL_TRAINING_RATINGS,NUM_TEST_RATINGS,TIME_INITIAL,TIME_REFINE,TIME_TEST,random_test_predictions_ratings,good_test_predictions_ratings,hypers,redisplay_check,arbitrary_check
0,e8899380-8033-4474-a476-55c858245925,5.8-gur_w_old_priors,gur-ar-2.0,AWTGJ45ZWUCHH,Completed,1,40,41,15,37.16579246520996,207.93688797950745,43.837255239486694,"{437: (0.407907019359736, 0.3999999999999999), 210: (0.6288714829258346, -0.19999999999999996), 25: (0.440066460634377, -0.4), 607: (0.7379062836503073, 1.0), 268: (0.8822549127030621, 1.0), 332: (0.7402572185419497, -0.6), 328: (0.7163519205784357, 0.6000000000000001), 264: (0.7931109948972141, 1.0), 326: (0.8755580185168863, 1.0), 238: (0.6088641721968975, 1.0)}","{201: (0.9489387596797942, 0.8), 106: (0.9414960819012791, 0.8), 163: (0.9393849997324254, 1.0), 676: (0.9290475602332516, 1.0), 170: (0.9270398703955444, 1.0)}","{'noise': 0.34250353921841487, 'amp': 0.7445264294812135, 'ls': 2.4084020971715123}","[(0.8, 1.0)]",[]
