impression,user_id,app_version,model_version,mturk_id,status,NUM_INITIAL_RATINGS,NUM_REFINE_RATINGS,TOTAL_TRAINING_RATINGS,NUM_TEST_RATINGS,TIME_INITIAL,TIME_REFINE,TIME_TEST,random_test_predictions_ratings,good_test_predictions_ratings,hypers,redisplay_check,arbitrary_check
0,2d09e0ff-6562-4514-89dc-1476968ad9c2,5.8-gur_w_old_priors,gur-ar-2.0,A222YBE6K74ICC,Completed,1,40,41,15,13.623738288879395,349.85875940322876,84.08371591567993,"{145: (0.05942922693608053, -0.4), 577: (0.05045027039486119, -0.19999999999999996), 324: (-0.16156137961012548, -0.8), 656: (0.06779780617182977, 0.30000000000000004), 366: (0.08406055380218853, -0.7), 710: (-0.007116610897411686, -0.6), 305: (0.03705288220869477, 0.3999999999999999), 159: (0.18306950783076045, 0.6000000000000001), 117: (-0.15161211668074015, -0.4), 101: (-0.028800010098067597, 0.6000000000000001)}","{635: (0.3305676010786894, -0.30000000000000004), 692: (0.31941482520259407, -0.4), 686: (0.2839155394082533, 0.30000000000000004), 405: (0.28320997173868934, 0.19999999999999996), 280: (0.28206266308007055, 0.7)}","{'noise': 0.43038771532055026, 'amp': 0.6951204118879812, 'ls': 1.621723588284997}","[(0.6000000000000001, 0.7)]",[]
