impression,user_id,app_version,model_version,mturk_id,status,NUM_INITIAL_RATINGS,NUM_REFINE_RATINGS,TOTAL_TRAINING_RATINGS,NUM_TEST_RATINGS,TIME_INITIAL,TIME_REFINE,TIME_TEST,random_test_predictions_ratings,good_test_predictions_ratings,hypers,redisplay_check,arbitrary_check
0,e259b423-182e-48f2-b8e2-66c8aee94de9,5.8-gur_w_old_priors,gur-ar-2.0,AVJ7MQZ6AQF5M,Completed,1,40,41,15,16.740021467208862,159.3509304523468,49.817742347717285,"{71: (0.04656941556564707, -0.19999999999999996), 61: (-0.21301496203837447, -0.19999999999999996), 688: (0.2290924576492071, -0.19999999999999996), 225: (0.007176652899286725, 0.19999999999999996), 38: (0.030595271874540326, -0.6), 234: (-0.005288895997429144, 0.19999999999999996), 158: (0.15008873741356468, 0.6000000000000001), 325: (0.08765168665510935, 0.6000000000000001), 448: (-0.2494097710649871, -0.6), 52: (0.15211847724055355, 1.0)}","{267: (0.5266297024247328, 0.6000000000000001), 605: (0.5213943031822601, 1.0), 93: (0.5177418590459159, 0.6000000000000001), 324: (0.5112916781470962, 1.0), 636: (0.5063519563130795, 1.0)}","{'noise': 0.4379321325512763, 'amp': 0.7388244373274765, 'ls': 1.3914695226328977}","[(0.19999999999999996, 0.19999999999999996)]",[]
