impression,user_id,app_version,model_version,mturk_id,status,NUM_INITIAL_RATINGS,NUM_REFINE_RATINGS,TOTAL_TRAINING_RATINGS,NUM_TEST_RATINGS,TIME_INITIAL,TIME_REFINE,TIME_TEST,random_test_predictions_ratings,good_test_predictions_ratings,hypers,redisplay_check,arbitrary_check
0,31114394-878e-4557-9ac9-483bc71f7f87,5.8-gur_w_old_priors,gur-ar-2.0,A2HSX08DWDYJU7,Completed,1,40,41,15,12.146342992782593,229.24109649658203,73.62472891807556,"{189: (-0.7790876530330226, -0.8), 392: (0.3248406145269067, -0.6), 375: (-0.3216993157993446, 0.0), 490: (-0.06415716901835511, -0.8), 385: (-0.38232752626059024, 0.0), 442: (0.2973749634306786, 1.0), 699: (-0.5107717764511487, -0.4), 90: (-0.32020315668425964, 0.0), 708: (-0.08099437881773329, -0.6), 59: (-0.15835139520134817, 0.0)}","{323: (0.8397516544875618, 0.6000000000000001), 706: (0.8244847149525004, 0.6000000000000001), 596: (0.8189467975903233, 0.3999999999999999), 597: (0.8149641808841032, 0.3999999999999999), 792: (0.807161167305828, 0.19999999999999996)}","{'noise': 0.27149114825557896, 'amp': 0.787061390778917, 'ls': 0.8900826423898064}","[(-0.8, -0.6)]",[]
