impression,user_id,app_version,model_version,mturk_id,status,NUM_INITIAL_RATINGS,NUM_REFINE_RATINGS,TOTAL_TRAINING_RATINGS,NUM_TEST_RATINGS,TIME_INITIAL,TIME_REFINE,TIME_TEST,random_test_predictions_ratings,good_test_predictions_ratings,hypers,redisplay_check,arbitrary_check
0,f263f1a2-21e2-4519-9012-ba3a4c3225fe,5.8-gur_w_old_priors,gur-ar-2.0,A3NMQ3019X6YE0,Completed,1,40,41,15,13.16587209701538,410.1570506095886,91.24810934066772,"{266: (0.008983561191096211, 1.0), 31: (-0.05798369345663422, -0.8), 606: (-0.15035877271971038, -0.4), 39: (-0.15369553513064724, -0.8), 481: (-0.0944914647457624, -0.8), 215: (-0.16266764374219742, 0.0), 621: (0.0037983679500268185, -0.8), 374: (-0.04561255317041274, -0.8), 472: (0.07107342782785923, 0.0), 4: (-0.14462149277349415, -0.6)}","{548: (0.18302901369912494, -0.4), 578: (0.1781310192306834, -0.19999999999999996), 504: (0.173148968512923, 0.3999999999999999), 811: (0.16230076754192696, 0.6000000000000001), 198: (0.15714999838255156, -0.6)}","{'noise': 0.478374425900058, 'amp': 0.6415578851208193, 'ls': 2.041594001261722}","[(-0.6, -0.6)]",[]
