impression,user_id,app_version,model_version,mturk_id,status,NUM_INITIAL_RATINGS,NUM_REFINE_RATINGS,TOTAL_TRAINING_RATINGS,NUM_TEST_RATINGS,TIME_INITIAL,TIME_REFINE,TIME_TEST,random_test_predictions_ratings,good_test_predictions_ratings,hypers,redisplay_check,arbitrary_check
0,84c039ab-1e2b-4902-968b-b5096612e5a0,5.8-gur_w_old_priors,gur-ar-2.0,AS4NIEQJWCG3M,Completed,1,40,41,15,4.422351360321045,499.15684032440186,22.811988592147827,"{76: (-0.08652043549316159, -0.19999999999999996), 741: (-0.01982777459079621, -0.19999999999999996), 720: (-0.09374496719898838, -0.4), 603: (-0.02060808542859952, 0.0), 507: (-0.024154519974872526, -0.19999999999999996), 209: (-0.13910218228719456, -0.19999999999999996), 768: (-0.10918415629684762, -0.4), 515: (-0.031552302800846956, -0.19999999999999996), 105: (-0.1043150591988615, 0.3999999999999999), 127: (-0.07454917158800708, -0.4)}","{663: (0.042478473112025135, 0.3999999999999999), 205: (0.035194251102184625, 0.19999999999999996), 811: (0.028912668562259013, -0.4), 178: (0.02809436397920241, -0.4), 651: (0.025267607307449678, -0.4)}","{'noise': 0.31530491423398643, 'amp': 0.583215694952289, 'ls': 3.089205390300628}","[(-0.19999999999999996, -0.19999999999999996)]",[]
