impression,user_id,app_version,model_version,mturk_id,status,NUM_INITIAL_RATINGS,NUM_REFINE_RATINGS,TOTAL_TRAINING_RATINGS,NUM_TEST_RATINGS,TIME_INITIAL,TIME_REFINE,TIME_TEST,random_test_predictions_ratings,good_test_predictions_ratings,hypers,redisplay_check,arbitrary_check
0,51dd48bd-625c-4326-ac7d-2eb3ee027a83,5.8-gur_w_old_priors,gur-ar-2.0,A2HOEI5M6G883O,Completed,1,40,41,15,8.829828262329102,208.34587025642395,78.37440538406372,"{566: (-0.0300274963775148, -0.19999999999999996), 129: (0.13979230086256408, 0.0), 379: (0.2119755360251401, 0.0), 586: (0.47210157696554805, -0.4), 149: (0.41311966078431167, 0.6000000000000001), 322: (0.18963674403582656, -0.19999999999999996), 725: (0.40302915181417115, 0.3999999999999999), 285: (0.3591469402772493, 0.0), 744: (0.14489392236247986, 0.19999999999999996), 593: (0.2028807375430579, 0.3999999999999999)}","{538: (0.6984474565346348, 0.6000000000000001), 442: (0.6792948224542457, 0.6000000000000001), 670: (0.6735759494943401, 0.8), 596: (0.6656618016750351, 0.8), 348: (0.6433127521760134, 0.6000000000000001)}","{'noise': 0.24430464024287032, 'amp': 0.6696842027600349, 'ls': 1.7961245779038602}","[(0.6000000000000001, 0.6000000000000001)]",[]
