impression,user_id,app_version,model_version,mturk_id,status,NUM_INITIAL_RATINGS,NUM_REFINE_RATINGS,TOTAL_TRAINING_RATINGS,NUM_TEST_RATINGS,TIME_INITIAL,TIME_REFINE,TIME_TEST,random_test_predictions_ratings,good_test_predictions_ratings,hypers,redisplay_check,arbitrary_check
0,cbe6bbbc-2369-4c94-b8e0-edaa0777f5b2,5.8-gur_w_old_priors,gur-ar-2.0,A324M5ZRHX7RUV,Completed,1,40,41,15,3.466585159301758,1763.0461978912354,28.494874000549316,"{3: (0.11138351608855242, 0.19999999999999996), 569: (0.3169579020474399, 0.3999999999999999), 812: (0.05580744871348293, 0.19999999999999996), 778: (0.25253267505059757, 0.3999999999999999), 478: (0.2847956086249733, -0.19999999999999996), 761: (0.3186711556968887, 0.6000000000000001), 355: (0.14037655740304283, 0.0), 722: (0.20737773963394857, 0.19999999999999996), 700: (0.07605592241192617, 0.19999999999999996), 327: (0.17711769596050717, -0.19999999999999996)}","{53: (0.45191985170119414, 0.8), 65: (0.4317973776805665, 0.6000000000000001), 692: (0.4213787333813398, 0.6000000000000001), 357: (0.4212495565451206, 0.3999999999999999), 540: (0.4085092940300414, 0.19999999999999996)}","{'noise': 0.1821189615222489, 'amp': 0.6089200372773161, 'ls': 2.799245461106611}","[(0.3999999999999999, 0.3999999999999999)]",[]
