impression,user_id,app_version,model_version,mturk_id,status,NUM_INITIAL_RATINGS,NUM_REFINE_RATINGS,TOTAL_TRAINING_RATINGS,NUM_TEST_RATINGS,TIME_INITIAL,TIME_REFINE,TIME_TEST,random_test_predictions_ratings,good_test_predictions_ratings,hypers,redisplay_check,arbitrary_check
0,3cd0821b-06e9-4a4a-a115-f1a68908f2b0,5.8-gur_w_old_priors,gur-ar-2.0,A26RO8GGTQAXGG,Completed,1,40,41,15,8.086092472076416,238.84296369552612,95.08297395706177,"{304: (-0.7626399899064338, -0.8), 754: (-0.9099561504096509, -1.0), 404: (-0.6204698685375651, -0.6), 541: (-0.9030101051570961, -1.0), 275: (-0.7981762394747958, -1.0), 647: (-0.7334055311547484, -1.0), 27: (-0.5842910086650341, -0.19999999999999996), 445: (-0.6931188806254799, -0.8), 543: (-0.890134902901272, -0.8), 429: (-0.5646185006273681, -1.0)}","{736: (-0.37128532740352377, 0.0), 763: (-0.3845112703256197, 0.0), 538: (-0.39792024890368055, 0.3999999999999999), 475: (-0.41994157563531176, 0.19999999999999996), 132: (-0.44203640897187746, -0.6)}","{'noise': 0.23790323326533583, 'amp': 0.7647519432536133, 'ls': 2.151451549753729}","[(-0.8, -0.6)]",[]
