impression,user_id,app_version,model_version,mturk_id,status,NUM_INITIAL_RATINGS,NUM_REFINE_RATINGS,TOTAL_TRAINING_RATINGS,NUM_TEST_RATINGS,TIME_INITIAL,TIME_REFINE,TIME_TEST,random_test_predictions_ratings,good_test_predictions_ratings,hypers,redisplay_check,arbitrary_check
0,fc5764ce-4da8-4f72-bc5f-f52966d8c77d,5.8-gur_w_old_priors,gur-ar-2.0,A1DWSHGZGK8X0K,Completed,1,40,41,15,14.977188110351562,231.32450127601624,98.52070665359497,"{591: (0.18961568170746337, 0.3999999999999999), 5: (0.10702686047712372, -0.19999999999999996), 96: (0.07681798522321526, -0.19999999999999996), 196: (0.044214836060926896, 0.19999999999999996), 101: (-0.22486584940108825, 0.19999999999999996), 468: (-0.22116348728884988, -0.19999999999999996), 525: (-0.27827569576538125, -0.19999999999999996), 354: (-0.15724026312806674, 0.0), 317: (0.11338522620216425, 0.0), 781: (-0.1721227328467093, 0.0)}","{738: (0.5024990892848374, 0.3999999999999999), 579: (0.4675977487607882, 0.6000000000000001), 461: (0.45290607394850124, 0.6000000000000001), 728: (0.4515674676449155, 0.19999999999999996), 388: (0.45013402950425196, -0.6)}","{'noise': 0.26121332892451865, 'amp': 0.72656468042526, 'ls': 1.4587346400918055}","[(0.0, 0.0)]",[]
