impression,user_id,app_version,model_version,mturk_id,status,NUM_INITIAL_RATINGS,NUM_REFINE_RATINGS,TOTAL_TRAINING_RATINGS,NUM_TEST_RATINGS,TIME_INITIAL,TIME_REFINE,TIME_TEST,random_test_predictions_ratings,good_test_predictions_ratings,hypers,redisplay_check,arbitrary_check
0,418ca584-0a2a-41a1-8188-9781c0c6c0f0,5.8-gur_w_old_priors,gur-ar-2.0,A3PZASM0C12I57,Completed,1,40,41,15,32.206502199172974,630.8903596401215,291.9782259464264,"{639: (0.1995716453144922, -0.019999999999999907), 117: (0.19558474065910397, -0.6), 344: (0.24747906236834724, 0.3999999999999999), 220: (0.17153551955261168, 0.19999999999999996), 333: (0.1723461873304753, 0.26), 643: (0.2507736687734835, 0.6000000000000001), 441: (0.21641685206693226, -0.28), 38: (0.3055570831678774, 0.19999999999999996), 100: (0.20894277294240862, -0.05999999999999994), 334: (0.14562099999284453, 0.19999999999999996)}","{359: (0.33609492404409086, -0.30000000000000004), 464: (0.3310076537465091, -0.040000000000000036), 657: (0.32894741793909527, -0.5), 807: (0.32474008467787335, 0.6000000000000001), 508: (0.32468187198598547, 0.020000000000000018)}","{'noise': 0.32310084198610944, 'amp': 0.6066777049383205, 'ls': 3.1231287694163137}","[(0.3800000000000001, 0.3999999999999999)]",[]
