impression,user_id,app_version,model_version,mturk_id,status,NUM_INITIAL_RATINGS,NUM_REFINE_RATINGS,TOTAL_TRAINING_RATINGS,NUM_TEST_RATINGS,TIME_INITIAL,TIME_REFINE,TIME_TEST,random_test_predictions_ratings,good_test_predictions_ratings,hypers,redisplay_check,arbitrary_check
0,2a8dacff-ac54-4e56-8441-fd7c69806fff,5.8-gur_w_old_priors,gur-ar-2.0,A3POD149IG0DIW,Completed,1,40,41,15,6.528422594070435,243.26718425750732,71.9362907409668,"{740: (-0.8046810016507622, -1.0), 792: (-0.8728969670335884, -1.0), 619: (-0.8712277522093207, -1.0), 644: (-0.6866960887367156, -1.0), 526: (-0.7489280599853892, -0.4), 111: (-0.5824697647529576, -0.8), 609: (-0.8390487639797279, -1.0), 581: (-0.6601404034231375, -1.0), 660: (-0.9613809065768678, -1.0), 625: (-0.7698488224968466, -0.6)}","{374: (-0.42834565510593103, -1.0), 753: (-0.4640702276142446, -0.6), 327: (-0.4722915358203366, -0.4), 67: (-0.47432359280371356, -0.4), 755: (-0.47882169210101233, -1.0)}","{'noise': 0.19722146185403688, 'amp': 0.7802719908736805, 'ls': 2.9144912346581537}","[(-0.4, -0.4)]",[]
