impression,user_id,app_version,model_version,mturk_id,status,NUM_INITIAL_RATINGS,NUM_REFINE_RATINGS,TOTAL_TRAINING_RATINGS,NUM_TEST_RATINGS,TIME_INITIAL,TIME_REFINE,TIME_TEST,random_test_predictions_ratings,good_test_predictions_ratings,hypers,redisplay_check,arbitrary_check
0,4ec79a46-d5e0-40f6-adf6-2861f2d325dd,5.8-gur_w_old_priors,gur-ar-2.0,A1XODDMY1SJ0H9,Completed,1,40,41,15,5.0624775886535645,211.8533432483673,41.40635704994202,"{691: (0.5779318369090972, 0.8), 664: (0.697101774186253, 0.8), 478: (0.5843915057238069, 0.8), 738: (0.6214014554309261, 0.3999999999999999), 110: (0.6923702473776354, 0.6000000000000001), 623: (0.6284396810495537, 0.6000000000000001), 128: (0.6692920119918461, 0.8), 616: (0.7116952993269885, 0.3999999999999999), 150: (0.675971441386649, 0.8), 468: (0.7163162148757748, 0.6000000000000001)}","{226: (0.745995437733982, 1.0), 658: (0.7411154080896837, 0.6000000000000001), 780: (0.7341081154865843, 0.6000000000000001), 75: (0.73403128456473, 0.8), 22: (0.7338745241147454, 0.6000000000000001)}","{'noise': 0.2554267070504909, 'amp': 0.6820021753834737, 'ls': 4.405035153134764}","[(0.6000000000000001, 0.3999999999999999)]",[]
