impression,user_id,app_version,model_version,mturk_id,status,NUM_INITIAL_RATINGS,NUM_REFINE_RATINGS,TOTAL_TRAINING_RATINGS,NUM_TEST_RATINGS,TIME_INITIAL,TIME_REFINE,TIME_TEST,random_test_predictions_ratings,good_test_predictions_ratings,hypers,redisplay_check,arbitrary_check
0,9d5dd5d3-0cf4-4656-bb7e-1c20bbdbcebe,5.8-gur_w_old_priors,gur-ar-2.0,A24G8GL5FX1KAW,Completed,1,40,41,15,4.110368967056274,126.99446249008179,79.23697447776794,"{28: (0.15679161791331983, 0.0), 278: (0.21549686201812565, 0.3999999999999999), 271: (0.20241625745573552, -0.19999999999999996), 17: (0.11885239762709923, 0.19999999999999996), 708: (0.1410238943542914, 0.6000000000000001), 720: (0.2002905426564629, 0.0), 262: (0.17840776037148617, 0.8), 85: (0.14155655227748204, 0.19999999999999996), 30: (0.22403839995473676, 0.3999999999999999), 667: (0.16908307017027394, 0.19999999999999996)}","{693: (0.2926455133680518, 0.19999999999999996), 790: (0.28786659207601023, 0.0), 361: (0.27771784425203605, 0.0), 507: (0.27546244962291405, 0.3999999999999999), 630: (0.2748858041024961, 0.19999999999999996)}","{'noise': 0.2662888089956534, 'amp': 0.5809388441614798, 'ls': 3.6536241505108444}","[(0.3999999999999999, 0.6000000000000001)]",[]
