impression,user_id,app_version,model_version,mturk_id,status,NUM_INITIAL_RATINGS,NUM_REFINE_RATINGS,TOTAL_TRAINING_RATINGS,NUM_TEST_RATINGS,TIME_INITIAL,TIME_REFINE,TIME_TEST,random_test_predictions_ratings,good_test_predictions_ratings,hypers,redisplay_check,arbitrary_check
0,11a78077-4062-46ff-9eee-eeaf9a29e15b,5.8-gur_w_old_priors,gur-ar-2.0,A1FBEM5WECB986,Completed,1,40,41,15,9.479076147079468,150.74462747573853,64.51076817512512,"{597: (-0.4658659138296083, -0.19999999999999996), 8: (-0.5963564993871346, -0.6), 281: (-0.22356377027082405, 0.19999999999999996), 810: (0.07694904902931933, 0.0), 299: (-0.014786295254101045, -0.19999999999999996), 570: (-0.29893783674159213, -0.6), 433: (-0.22110866348630098, -0.8), 98: (-0.2509570398323674, -0.6), 595: (-0.09060386115659283, -0.8), 621: (-0.053661172066601426, 0.0)}","{325: (0.4131291580983569, 0.19999999999999996), 688: (0.41024399107037685, 0.0), 607: (0.3631536682764248, -0.19999999999999996), 555: (0.3319335223493181, 0.3999999999999999), 65: (0.3308600777369467, 0.3999999999999999)}","{'noise': 0.25441191440210614, 'amp': 0.560282395851591, 'ls': 0.6450539409444724}","[(-0.19999999999999996, -0.19999999999999996)]",[]
