impression,user_id,app_version,model_version,mturk_id,status,NUM_INITIAL_RATINGS,NUM_REFINE_RATINGS,TOTAL_TRAINING_RATINGS,NUM_TEST_RATINGS,TIME_INITIAL,TIME_REFINE,TIME_TEST,random_test_predictions_ratings,good_test_predictions_ratings,hypers,redisplay_check,arbitrary_check
0,35ebdcfd-80c5-46ea-9de6-f575faac2fe4,5.8-gur_w_old_priors,gur-ar-2.0,A38KU4MKJZ7V4Q,Completed,1,40,41,15,6.092744588851929,247.99800038337708,69.18347358703613,"{594: (0.30385031663756484, 0.8), 439: (0.30819264107884414, 0.6000000000000001), 200: (-0.3921428867002425, 0.8), 325: (0.03454794345110787, 0.6000000000000001), 687: (-0.26912998514677905, -0.19999999999999996), 30: (-0.4400083360571125, -0.8), 26: (-0.3601887010101567, -0.8), 423: (0.3867674517056899, 1.0), 273: (-0.10861147531448681, -0.4), 425: (-0.2071639276488205, -0.8)}","{315: (0.6866839278513817, 0.6000000000000001), 95: (0.6328070136763064, 0.8), 728: (0.628757657405092, 1.0), 631: (0.6204545520006531, 1.0), 628: (0.6152760785882929, 0.3999999999999999)}","{'noise': 0.5899878257092918, 'amp': 0.8060092328532701, 'ls': 1.2353743094365204}","[(0.3999999999999999, 0.8)]",[]
