impression,user_id,app_version,model_version,mturk_id,status,NUM_INITIAL_RATINGS,NUM_REFINE_RATINGS,TOTAL_TRAINING_RATINGS,NUM_TEST_RATINGS,TIME_INITIAL,TIME_REFINE,TIME_TEST,random_test_predictions_ratings,good_test_predictions_ratings,hypers,redisplay_check,arbitrary_check
0,913a9732-c701-4416-9f99-a39d3d0cb012,5.8-gur_w_old_priors,gur-ar-2.0,AYPOAY43REHC8,Completed,1,40,41,15,4.961999416351318,474.5887758731842,64.58662295341492,"{16: (0.2526545225269038, 0.8), 89: (0.22926509646189408, -0.6), 416: (0.3685395727817772, 1.0), 606: (0.3743194585866235, -0.8), 637: (0.4884120272969109, 0.6000000000000001), 386: (0.4434862921241931, -0.4), 350: (0.5205724695474978, -0.19999999999999996), 110: (0.5208377095338544, 0.3999999999999999), 24: (0.42016911360379666, -0.19999999999999996), 714: (0.33674038087984437, -0.4)}","{484: (0.6115108457379036, 1.0), 357: (0.5941254359937257, 0.6000000000000001), 130: (0.5886987147812218, -0.6), 431: (0.5853656987280045, -0.6), 243: (0.5789762638612569, 0.3999999999999999)}","{'noise': 0.3998508227720625, 'amp': 0.6609055872593163, 'ls': 2.268052024290371}","[(0.3999999999999999, 0.3999999999999999)]",[]
