impression,user_id,app_version,model_version,mturk_id,status,NUM_INITIAL_RATINGS,NUM_REFINE_RATINGS,TOTAL_TRAINING_RATINGS,NUM_TEST_RATINGS,TIME_INITIAL,TIME_REFINE,TIME_TEST,random_test_predictions_ratings,good_test_predictions_ratings,hypers,redisplay_check,arbitrary_check
0,c0b67e74-b126-4e9a-ac09-8e3e5015c7c8,5.8-gur_w_old_priors,gur-ar-2.0,A39BIGZ0L59WLV,Completed,1,40,41,15,10.889821290969849,142.20256185531616,53.2076313495636,"{268: (-0.34580283514259647, -0.8), 722: (-0.43407359332682366, -0.8), 142: (-0.3799057862383837, -0.6), 422: (-0.4483291389134253, -0.8), 371: (-0.40317182461403595, -1.0), 374: (-0.3339930780849592, -0.8), 457: (-0.2866894788959803, -0.19999999999999996), 323: (-0.28694689195502515, -0.4), 434: (-0.47842093654807283, -0.6), 609: (-0.5334848432233362, -0.8)}","{504: (-0.03657418337093509, 0.6000000000000001), 284: (-0.04376558629369924, 0.6000000000000001), 811: (-0.05118871676821185, 0.6000000000000001), 565: (-0.053765051289293965, -0.8), 325: (-0.06798916928740315, -0.8)}","{'noise': 0.42014331230537366, 'amp': 0.6870455481695541, 'ls': 2.031411490716588}","[(0.3999999999999999, 0.6000000000000001)]",[]
