impression,user_id,app_version,model_version,mturk_id,status,NUM_INITIAL_RATINGS,NUM_REFINE_RATINGS,TOTAL_TRAINING_RATINGS,NUM_TEST_RATINGS,TIME_INITIAL,TIME_REFINE,TIME_TEST,random_test_predictions_ratings,good_test_predictions_ratings,hypers,redisplay_check,arbitrary_check
0,2b3fa5cc-c073-4cd2-ba04-43e868643898,5.8-gur_w_old_priors,gur-ar-2.0,A3V2O71AQ29DRZ,Completed,1,40,41,15,6.838732481002808,679.0839495658875,99.59200048446655,"{148: (0.3995346935695474, 0.19999999999999996), 28: (0.36475435247302584, 0.19999999999999996), 47: (0.37412749760405567, 0.19999999999999996), 120: (0.4008497689724817, 0.3999999999999999), 476: (0.3755210735709156, 0.19999999999999996), 805: (0.38623663274691966, 0.3999999999999999), 768: (0.3843388409616363, 0.3999999999999999), 372: (0.3906745123452984, 0.3999999999999999), 326: (0.37502366092641143, 0.8), 634: (0.38678410639646615, 0.3999999999999999)}","{175: (0.4227221806130871, 0.6000000000000001), 466: (0.4226072673728439, 0.19999999999999996), 233: (0.42105528614766996, 0.3999999999999999), 361: (0.419260910532477, 0.3999999999999999), 471: (0.41854702524397486, 0.19999999999999996)}","{'noise': 0.15203384757074906, 'amp': 0.5860728599249827, 'ls': 6.833499573706739}","[(0.3999999999999999, 0.3999999999999999)]",[]
