impression,user_id,app_version,model_version,mturk_id,status,NUM_INITIAL_RATINGS,NUM_REFINE_RATINGS,TOTAL_TRAINING_RATINGS,NUM_TEST_RATINGS,TIME_INITIAL,TIME_REFINE,TIME_TEST,random_test_predictions_ratings,good_test_predictions_ratings,hypers,redisplay_check,arbitrary_check
0,d150044e-27de-4f7b-9f45-81a9ca9db6ff,5.8-gur_w_old_priors,gur-ar-2.0,A2OV3RKYQOFYPM,Completed,1,40,41,15,16.697670936584473,349.39991068840027,108.77264094352722,"{545: (0.2616267660666402, 0.19999999999999996), 264: (0.2531258546667321, 0.5), 685: (0.24536326378877957, 0.19999999999999996), 681: (0.2214347406373507, 0.5), 166: (0.24754664480980929, 0.30000000000000004), 98: (0.14862478641959684, -0.19999999999999996), 110: (0.20417129682688115, 0.0), 737: (0.32672585872004745, 0.5), 177: (0.4254238227953082, 0.5), 723: (0.29345628984575883, 0.3999999999999999)}","{345: (0.5475771880866577, 0.3999999999999999), 101: (0.5354263944998402, 0.5), 261: (0.5338287776243683, 0.3999999999999999), 714: (0.532934631707656, 0.3999999999999999), 100: (0.5288792338971544, 0.3999999999999999)}","{'noise': 0.15851988589152408, 'amp': 0.6523911354176057, 'ls': 2.5891453879822057}","[(0.3999999999999999, 0.5)]",[]
