impression,user_id,app_version,model_version,mturk_id,status,NUM_INITIAL_RATINGS,NUM_REFINE_RATINGS,TOTAL_TRAINING_RATINGS,NUM_TEST_RATINGS,TIME_INITIAL,TIME_REFINE,TIME_TEST,random_test_predictions_ratings,good_test_predictions_ratings,hypers,redisplay_check,arbitrary_check
0,b13d74b3-a869-4f13-bb2c-eca4eeb7bb11,5.8-gur_w_old_priors,gur-ar-2.0,A3QPVH0DRW0ZQV,Completed,1,40,41,15,18.179434776306152,314.9467029571533,175.84153938293457,"{645: (-0.7546444772385621, -1.0), 720: (-0.46199463597206136, -0.4), 164: (-0.09222001220964654, 0.3999999999999999), 403: (0.387777757302436, 0.0), 796: (0.04758088661723213, 0.6000000000000001), 205: (0.545198699090818, -1.0), 649: (-0.5159150646700935, 0.0), 32: (0.26565652159513375, 0.0), 729: (-0.11723932210311874, -1.0), 304: (0.15624750983756416, -1.0)}","{435: (1.015666711403597, 0.6000000000000001), 563: (0.9312697536011928, 0.6000000000000001), 654: (0.9253089893557944, 0.0), 733: (0.9116404498022959, 0.6000000000000001), 165: (0.9076786700733239, 0.6000000000000001)}","{'noise': 0.32579464759005244, 'amp': 0.9008189965339554, 'ls': 1.2731783207542644}","[(0.0, -0.4)]",[]
