impression,user_id,app_version,model_version,mturk_id,status,NUM_INITIAL_RATINGS,NUM_REFINE_RATINGS,TOTAL_TRAINING_RATINGS,NUM_TEST_RATINGS,TIME_INITIAL,TIME_REFINE,TIME_TEST,random_test_predictions_ratings,good_test_predictions_ratings,hypers,redisplay_check,arbitrary_check
0,705a9f79-aa48-4194-92a7-1d651f45113a,5.8-gur_w_old_priors,gur-ar-2.0,AA1IM0SAQ3XFM,Completed,1,40,41,15,11.016171216964722,133.68359088897705,45.08206129074097,"{87: (-0.2753695230728562, -0.19999999999999996), 729: (0.07685934937497486, 0.3999999999999999), 192: (0.12598567408533837, -0.19999999999999996), 520: (0.1821493701464011, -0.4), 146: (-0.00835894025807726, -0.8), 527: (0.18547409494893208, 0.3999999999999999), 53: (0.2824210032759203, 0.0), 324: (0.004922565283440797, 0.8), 185: (0.24843172690507165, 0.0), 23: (0.2594954147312876, 0.0)}","{688: (0.6075819261514265, 0.19999999999999996), 259: (0.5584193700532936, 0.3999999999999999), 172: (0.5168894225149617, 0.3999999999999999), 350: (0.5087838846721595, 0.0), 327: (0.5040875627744833, 0.0)}","{'noise': 0.3334106198454923, 'amp': 0.6743897535535418, 'ls': 1.3114076306927263}","[(-0.6, -0.4)]",[]
