impression,user_id,app_version,model_version,mturk_id,status,NUM_INITIAL_RATINGS,NUM_REFINE_RATINGS,TOTAL_TRAINING_RATINGS,NUM_TEST_RATINGS,TIME_INITIAL,TIME_REFINE,TIME_TEST,random_test_predictions_ratings,good_test_predictions_ratings,hypers,redisplay_check,arbitrary_check
0,a9a99d70-dcca-45ba-a202-0d2260e3a655,5.8-gur_w_old_priors,gur-ar-2.0,ATZ6YP0R6EBKT,Completed,1,40,41,15,17.236136436462402,403.33303713798523,81.87999272346497,"{275: (0.04480429420187268, -0.19999999999999996), 273: (-0.25522906139852114, -0.4), 221: (0.0505171597741939, -0.19999999999999996), 554: (-0.18054821494935921, -0.19999999999999996), 437: (-0.08258019257097471, -0.4), 453: (0.048405884154540696, -0.19999999999999996), 376: (0.021852949691081917, -0.4), 467: (-0.09944712390758778, -0.19999999999999996), 529: (-0.1755789872916182, 0.19999999999999996), 475: (-0.2898971147091485, -0.19999999999999996)}","{613: (0.2660012576937483, 0.19999999999999996), 753: (0.24326441254312575, 0.19999999999999996), 726: (0.23901888003492233, 0.0), 67: (0.22031871015023066, 0.3999999999999999), 105: (0.21860971975828253, 0.0)}","{'noise': 0.21935698672112952, 'amp': 0.6349575612651878, 'ls': 2.344409968984657}","[(-0.4, -0.4)]",[]
