impression,user_id,app_version,model_version,mturk_id,status,NUM_INITIAL_RATINGS,NUM_REFINE_RATINGS,TOTAL_TRAINING_RATINGS,NUM_TEST_RATINGS,TIME_INITIAL,TIME_REFINE,TIME_TEST,random_test_predictions_ratings,good_test_predictions_ratings,hypers,redisplay_check,arbitrary_check
0,bfa54c25-dfb0-46c5-91ed-940242e2ea78,5.8-gur_w_old_priors,gur-ar-2.0,A3T9WZOUQGE2UW,Completed,1,40,41,15,7.698941230773926,122.83166813850403,39.001694440841675,"{290: (-0.11693472729440371, 0.3999999999999999), 349: (-0.06012045835223323, 0.19999999999999996), 451: (0.07776537089654104, 0.3999999999999999), 137: (-0.011673569390623757, -0.6), 205: (-0.03385211130834938, -0.4), 14: (-0.3229426828217393, -0.19999999999999996), 271: (-0.2566893134506409, -0.6), 157: (-0.33561419514395774, -0.4), 725: (-0.24000995072714743, 0.0), 192: (-0.5821840367703576, -0.19999999999999996)}","{27: (0.4284600563010694, 0.0), 413: (0.3710819223833733, -0.6), 313: (0.33751801933589387, 0.3999999999999999), 710: (0.32575799671751726, 0.0), 594: (0.31779227855839937, 0.0)}","{'noise': 0.16122774180145488, 'amp': 0.47647646406771943, 'ls': 0.5050851934622086}","[(0.3999999999999999, 0.3999999999999999)]",[]
