impression,user_id,app_version,model_version,mturk_id,status,NUM_INITIAL_RATINGS,NUM_REFINE_RATINGS,TOTAL_TRAINING_RATINGS,NUM_TEST_RATINGS,TIME_INITIAL,TIME_REFINE,TIME_TEST,random_test_predictions_ratings,good_test_predictions_ratings,hypers,redisplay_check,arbitrary_check
0,96ec81c5-7210-433c-9d9d-d561d958f89b,6.2-knn-mpc-dresses10,1.2,A1A4HTDA430JDL,Completed,1,40,41,15,12.795473098754883,251.50735354423523,78.77530026435852,"{99300: (0.32576331768685507, 0.5), 181568: (-0.005587053347693591, -0.5), 115080: (0.3087722222198148, 0.0), 238643: (-0.1978135295287877, -1.0), 321940: (0.6636854913408432, 0.0), 272273: (0.5016570495676602, -1.0), 187080: (0.29830643560332426, 1.0), 225755: (-0.5, 0.5), 159599: (0.012299798774371526, 1.0), 220282: (0.8437678545044812, 0.5)}","{219037: (1.0000000000000002, 0.5), 264828: (1.0000000000000002, 1.0), 108561: (1.0000000000000002, 0.5), 304584: (1.0000000000000002, 1.0), 110173: (1.0000000000000002, -0.5)}",{'dummy': 0.6477530611895994},"[(0.0, 0.0)]",[]
