impression,user_id,app_version,model_version,mturk_id,status,NUM_INITIAL_RATINGS,NUM_REFINE_RATINGS,TOTAL_TRAINING_RATINGS,NUM_TEST_RATINGS,TIME_INITIAL,TIME_REFINE,TIME_TEST,random_test_predictions_ratings,good_test_predictions_ratings,hypers,redisplay_check,arbitrary_check
0,48fb2cc1-d9b6-4414-beb7-87cbac095b6d,6.2-knn-mpc-dresses10,1.2,A2J2XDQOGA336R,Completed,1,50,51,15,11.356170415878296,305.31776690483093,89.00913596153259,"{161723: (-0.1937652707934737, -0.5), 267341: (-0.49962465287074886, -1.0), 61124: (-0.12740110595358223, -1.0), 220412: (0.32350729868129635, 1.0), 269123: (-0.01886383702514303, -1.0), 261298: (-0.29370133531900716, -1.0), 86621: (0.17501932989318505, 1.0), 40689: (0.1422169271343043, -1.0), 127932: (0.4125632556061869, 1.0), 98211: (-0.3037237626691236, 0.5)}","{320123: (1.0000000000000004, -0.5), 152781: (1.0000000000000004, -0.5), 170767: (1.0000000000000004, 0.0), 180995: (1.0000000000000004, -1.0), 82747: (1.0000000000000004, 0.5)}",{'dummy': 0.9662104231869013},"[(-1.0, -1.0)]",[]
