impression,user_id,app_version,model_version,mturk_id,status,NUM_INITIAL_RATINGS,NUM_REFINE_RATINGS,TOTAL_TRAINING_RATINGS,NUM_TEST_RATINGS,TIME_INITIAL,TIME_REFINE,TIME_TEST,random_test_predictions_ratings,good_test_predictions_ratings,hypers,redisplay_check,arbitrary_check
0,a74cac4e-a987-4dac-b3b5-4410ef87f930,6.2-knn-mpc-dresses10,1.2,A9QEPZ4AX1DSN,Completed,1,20,21,15,12.957045793533325,131.19488716125488,70.84722828865051,"{217139: (0.11691261559933533, 0.5), 271114: (0.6155035127817753, 1.0), 36712: (0.03391396767800023, 0.0), 265600: (-0.35555898208759246, -1.0), 167947: (0.6679338960405224, 1.0), 176410: (0.29977526629669077, 0.5), 318087: (0.1748687252094641, -0.5), 319247: (0.49747961098517823, 0.5), 60387: (-0.5, -1.0), 205828: (-0.010442194165443168, 0.0)}","{257589: (0.8936793622789776, -0.5), 67103: (0.8894818802611127, 1.0), 306681: (0.8873617891810383, -0.5), 264676: (0.8871341721885847, 0.0), 191790: (0.8833928902176691, 0.0)}",{'dummy': 0.8987485065588077},"[(0.0, 0.5)]",[]
