impression,user_id,app_version,model_version,status,NUM_INITIAL_RATINGS,NUM_REFINE_RATINGS,TOTAL_TRAINING_RATINGS,NUM_TEST_RATINGS,items_shown,ratings,model_fit,history_dict,hypers,redisplay_check,arbitrary_check,hyper_history
0,1b26d33d-e9c9-4e1f-960d-9ae16c7ca1dc,6.2-knn-mpc-dresses10,1.2,Started,1,20,21,15,"[329674, 130458, 303974, 329798, 63684, 298603, 263428, 15101, 38978, 4224, 277080, 83719, 18073, 251232, 305091, 140492, 318796, 270480, 285879, 258447, 230411]","[1.0, 1.0, -1.0, -1.0, -1.0, -1.0, -1.0, -1.0, -1.0, 1.0, 0.5, -1.0, -1.0, 0.5, -0.5, -1.0, 0.5, -0.5, 1.0, 0.5, -0.5]","[1.0, 1.0, -1.0, -1.0, -1.0, -1.0, -1.0, -1.0, -1.0, 1.0, 0.5, -1.0, -1.0, 0.5, -0.5, -1.0, 0.5, -0.5, 1.0, 0.5, -0.5]","{329674: (1.0, 1.0), 130458: (1.0, 1.0), 303974: (-1.0, -1.0), 329798: (-1.0, -1.0), 63684: (-1.0, -1.0), 298603: (-1.0, -1.0), 263428: (-1.0, -1.0), 15101: (-1.0, -1.0), 38978: (-1.0, -1.0), 4224: (1.0, 1.0), 277080: (0.5, 0.5), 83719: (-1.0, -1.0), 18073: (-1.0, -1.0), 251232: (0.5, 0.5), 305091: (-0.5, -0.5), 140492: (-1.0, -1.0), 318796: (0.5, 0.5), 270480: (-0.5, -0.5), 285879: (1.0, 1.0), 258447: (0.5, 0.5), 230411: (-0.5, -0.5)}",{'dummy': 0.7125353772911337},"[(-1.0, -1.0)]",[],"[{'dummy': 0.40011456977885684}, {'dummy': 0.24778143033814504}, {'dummy': 0.4698698713685123}, {'dummy': 0.7349197210068344}, {'dummy': 0.555792485884527}, {'dummy': 0.6506830184734453}, {'dummy': 0.6464213438520018}, {'dummy': 0.1993227428644211}, {'dummy': 0.6040614001541715}, {'dummy': 8.263074228331835e-05}, {'dummy': 0.33387616035609435}, {'dummy': 0.1280120602786945}, {'dummy': 0.5392029923422285}, {'dummy': 0.39056041409392583}, {'dummy': 0.8475482838970457}, {'dummy': 0.018467964897644795}, {'dummy': 0.7694874104079833}, {'dummy': 0.3219893221374178}, {'dummy': 0.7835357916314816}, {'dummy': 0.608591354872507}]"
