impression,user_id,app_version,model_version,mturk_id,status,NUM_INITIAL_RATINGS,NUM_REFINE_RATINGS,TOTAL_TRAINING_RATINGS,NUM_TEST_RATINGS,TIME_INITIAL,TIME_REFINE,TIME_TEST,random_test_predictions_ratings,good_test_predictions_ratings,hypers,redisplay_check,arbitrary_check
0,fb0998a0-f750-46b1-b439-5bfba0f1c2ee,6.2-knn-mpc-dresses10,1.2,A2AQKBS7JI2OOT,Completed,1,30,31,15,12.190078735351562,167.4945890903473,81.51706767082214,"{61714: (-0.6557238054195897, -0.5), 170975: (-0.11507658332445964, 0.0), 270044: (-0.002235040233980792, 0.0), 293948: (-0.02929879109341986, 0.5), 263902: (-0.18416559933905155, 0.5), 136998: (-0.10811326514654923, 0.0), 289665: (-0.5000000000000001, 0.0), 147858: (-0.16014313284502213, -0.5), 309309: (0.17089224338034603, 1.0), 201500: (-0.5, -0.5)}","{153226: (0.839150056310367, 0.5), 34097: (0.8386179948819795, 0.5), 235538: (0.836579336198319, -0.5), 330641: (0.8365189094152518, 0.5), 64478: (0.8363025080994199, 0.5)}",{'dummy': 0.6828619170263694},"[(0.5, -0.5)]",[]
