impression,user_id,app_version,model_version,status,NUM_INITIAL_RATINGS,NUM_REFINE_RATINGS,TOTAL_TRAINING_RATINGS,NUM_TEST_RATINGS,items_shown,ratings,model_fit,history_dict,hypers,redisplay_check,arbitrary_check,hyper_history
0,0390f31e-2041-4ee6-aec4-1923abf215ad,6.2-knn-mpc-dresses10,1.2,Started,1,20,21,15,"[228943, 128992, 106894, 147073, 155313, 224976, 77569, 290962, 237072, 146059, 294666, 271104, 322502, 78459, 195807, 210571, 314123, 305686, 75413, 234982, 270657]","[0.5, -0.5, 1.0, -0.5, -0.5, -0.5, 1.0, 0.0, -0.5, -0.5, 0.5, -0.5, 0.5, 0.5, 0.5, 0.5, 0.5, -0.5, 0.5, -0.5, 0.5]","[0.5, -0.5, 1.0, -0.5, -0.5, -0.5, 1.0, 0.0, -0.5, -0.5, 0.5, -0.5, 0.5, 0.5, 0.5, 0.5, 0.5, -0.5, 0.5, -0.5, 0.5]","{228943: (0.5, 0.5), 128992: (-0.5, -0.5), 106894: (1.0, 1.0), 147073: (-0.5, -0.5), 155313: (-0.5, -0.5), 224976: (-0.5, -0.5), 77569: (1.0, 1.0), 290962: (0.0, 0.0), 237072: (-0.5, -0.5), 146059: (-0.5, -0.5), 294666: (0.5, 0.5), 271104: (-0.5, -0.5), 322502: (0.5, 0.5), 78459: (0.5, 0.5), 195807: (0.5, 0.5), 210571: (0.5, 0.5), 314123: (0.5, 0.5), 305686: (-0.5, -0.5), 75413: (0.5, 0.5), 234982: (-0.5, -0.5), 270657: (0.5, 0.5)}",{'dummy': 0.02456836761530745},"[(0.5, 1.0)]",[],"[{'dummy': 0.7142800075160519}, {'dummy': 0.6635644449317715}, {'dummy': 0.2399327513703341}, {'dummy': 0.12208697924161804}, {'dummy': 0.4821891980638082}, {'dummy': 0.41029065255901487}, {'dummy': 0.9712504895337672}, {'dummy': 0.4869974108971312}, {'dummy': 0.5108684562687307}, {'dummy': 0.16004922747604666}, {'dummy': 0.41226125011849735}, {'dummy': 0.34762120147883613}, {'dummy': 0.9732073734412714}, {'dummy': 0.3543694648818314}, {'dummy': 0.6763315204438999}, {'dummy': 0.7197694914410254}, {'dummy': 0.23967290108628325}, {'dummy': 0.9128438798696841}, {'dummy': 0.02735092163583408}, {'dummy': 0.24297909160364684}]"
