impression,user_id,app_version,model_version,mturk_id,status,NUM_INITIAL_RATINGS,NUM_REFINE_RATINGS,TOTAL_TRAINING_RATINGS,NUM_TEST_RATINGS,TIME_INITIAL,TIME_REFINE,TIME_TEST,random_test_predictions_ratings,good_test_predictions_ratings,hypers,redisplay_check,arbitrary_check
0,a390b0b6-4ca4-408f-b8fe-1c06cc809854,6.2-knn-mpc-dresses10,1.2,A9LYIVFG3ZU4Z,Completed,1,30,31,15,17.14125657081604,283.75828647613525,100.52634382247925,"{192817: (0.1337992325361762, 1.0), 325938: (0.42281232925558704, 1.0), 262098: (-0.2997292667064963, 0.0), 260778: (-0.2948820275403512, 0.0), 2561: (0.3255708545956229, -1.0), 56667: (0.2907624299322047, -1.0), 314364: (1.0000000000000002, 1.0), 265252: (-0.34979783237567824, -1.0), 119451: (0.2637006623123563, 1.0), 265052: (0.4052057067393224, -1.0)}","{320625: (1.0000000000000004, -1.0), 165557: (1.0000000000000004, 0.0), 270067: (1.0000000000000004, 1.0), 148886: (1.0000000000000002, 1.0), 219298: (1.0000000000000002, -1.0)}",{'dummy': 0.4130985871396977},"[(1.0, 0.0)]",[]
