impression,user_id,app_version,model_version,mturk_id,status,NUM_INITIAL_RATINGS,NUM_REFINE_RATINGS,TOTAL_TRAINING_RATINGS,NUM_TEST_RATINGS,TIME_INITIAL,TIME_REFINE,TIME_TEST,random_test_predictions_ratings,good_test_predictions_ratings,hypers,redisplay_check,arbitrary_check
0,0d36f212-1691-446f-b8c9-0f345481fb29,6.2-knn-mpc-dresses10,1.2,A2ALYW6W16PUYQ,Completed,1,30,31,15,8.159973859786987,180.2543957233429,78.67080521583557,"{85022: (0.19876130153672628, 0.0), 264463: (0.5762547595645002, 1.0), 130170: (0.3645288911840014, 0.0), 165659: (0.0009809774837805103, 1.0), 265101: (0.6480864699281607, 1.0), 13574: (0.32802098297446863, -1.0), 73540: (0.646003935449715, 0.0), 104804: (0.0, 0.0), 116342: (0.0, 0.0), 33950: (-0.3257345092626056, 0.0)}","{259980: (1.0000000000000002, 0.0), 119722: (1.0000000000000002, 0.0), 34524: (1.0000000000000002, 1.0), 34522: (1.0000000000000002, 1.0), 260678: (1.0000000000000002, 1.0)}",{'dummy': 0.08691374383560235},"[(1.0, 0.0)]",[]
