impression,user_id,app_version,model_version,mturk_id,status,NUM_INITIAL_RATINGS,NUM_REFINE_RATINGS,TOTAL_TRAINING_RATINGS,NUM_TEST_RATINGS,TIME_INITIAL,TIME_REFINE,TIME_TEST,random_test_predictions_ratings,good_test_predictions_ratings,hypers,redisplay_check,arbitrary_check
0,9ff6be73-8990-40d8-a174-07e320cbf87a,6.2-knn-mpc-dresses10,1.2,A3KYW63NPGY1V5,Completed,1,30,31,15,8.206966876983643,115.06996369361877,51.583154916763306,"{109156: (0.5, 0.5), 241620: (0.4999999999999999, 0.5), 32839: (0.33240164504208336, 0.5), 249382: (0.335460122604262, 0.5), 46874: (0.3340566342619436, 0.5), 33669: (0.8443478921717199, 0.0), 51721: (0.49426819275727174, 0.5), 140972: (0.16601197444451082, 0.0), 216618: (0.6915150604426841, 0.5), 76033: (0.4930120609871758, 0.0)}","{64191: (1.0, 0.5), 221658: (1.0, 0.5), 326420: (1.0, 0.5), 330860: (1.0, 0.5), 296837: (1.0, 0.5)}",{'dummy': 0.5952185465298928},"[(0.0, 0.5)]",[]
