impression,user_id,app_version,model_version,mturk_id,status,NUM_INITIAL_RATINGS,NUM_REFINE_RATINGS,TOTAL_TRAINING_RATINGS,NUM_TEST_RATINGS,TIME_INITIAL,TIME_REFINE,TIME_TEST,random_test_predictions_ratings,good_test_predictions_ratings,hypers,redisplay_check,arbitrary_check
0,5f74a46d-1b40-4474-a3aa-a5a184596a55,6.2-knn-mpc-dresses10,1.2,A1XBWSV6TWJUU8,Completed,1,30,31,15,186.04478192329407,556.5008549690247,121.25838422775269,"{303526: (0.49999999999999994, 0.0), 267633: (-0.1665667901811972, 0.0), 128252: (-0.05417873247289943, 0.0), 93482: (-0.496077156057422, -1.0), 278603: (-0.06763800916917141, 0.0), 119945: (0.6805492962094131, 1.0), 284165: (0.5499092212375194, 0.0), 92733: (-0.1776910914017927, 1.0), 128954: (-0.5942425675370998, -1.0), 289075: (0.7336255926153035, 0.5)}","{120689: (1.0000000000000004, 1.0), 220040: (1.0000000000000004, 1.0), 129487: (1.0000000000000004, 0.0), 104503: (1.0000000000000004, 0.0), 228743: (1.0000000000000004, 0.5)}",{'dummy': 0.14023039361880107},"[(-1.0, -1.0)]",[]
