impression,user_id,app_version,model_version,mturk_id,status,NUM_INITIAL_RATINGS,NUM_REFINE_RATINGS,TOTAL_TRAINING_RATINGS,NUM_TEST_RATINGS,TIME_INITIAL,TIME_REFINE,TIME_TEST,random_test_predictions_ratings,good_test_predictions_ratings,hypers,redisplay_check,arbitrary_check
0,06d114b4-1b3c-43e1-a05a-2ad9ab53bb44,6.2-knn-mpc-dresses10,1.2,A23WTODPHXZ68Y,Completed,1,50,51,15,16.084755897521973,468.8092017173767,153.51461124420166,"{87184: (0.1602713707643111, 0.0), 144769: (-0.35457477930193987, -0.5), 130531: (-0.310407678192091, 1.0), 273540: (-0.680204215480823, 0.5), 74587: (-0.1554982668820603, 0.5), 20253: (0.37888310404727693, 0.5), 244536: (-0.16408293974106994, 0.0), 86728: (-0.2972872300105577, 1.0), 266039: (-0.17794808934854425, 1.0), 219393: (0.6879587582185411, 0.5)}","{179337: (1.0000000000000002, 1.0), 283665: (1.0000000000000002, 0.0), 318956: (1.0000000000000002, 0.5), 75847: (1.0000000000000002, 1.0), 263841: (1.0000000000000002, 1.0)}",{'dummy': 0.9718176500487967},"[(1.0, 1.0)]",[]
