impression,user_id,app_version,model_version,mturk_id,status,NUM_INITIAL_RATINGS,NUM_REFINE_RATINGS,TOTAL_TRAINING_RATINGS,NUM_TEST_RATINGS,TIME_INITIAL,TIME_REFINE,TIME_TEST,random_test_predictions_ratings,good_test_predictions_ratings,hypers,redisplay_check,arbitrary_check
0,3003c12b-0e26-40e8-bc3b-ea84ffda98a7,6.2-knn-mpc-dresses10,1.2,A1XQNSBDAOF66C,Completed,1,40,41,15,6.002886056900024,191.17807531356812,68.67798042297363,"{273003: (-0.16210787150492767, -0.5), 39886: (0.14687541382632677, 0.5), 25589: (0.16047186404385244, 0.0), 305605: (-0.15726774316425296, -1.0), 325500: (0.15913002407912738, 0.5), 195418: (-0.33493309649029085, -1.0), 56400: (-0.15628584563565837, -0.5), 116255: (0.3220393500017969, -0.5), 187158: (-0.002305752872959938, 0.0), 148997: (-0.33864072987604765, 0.0)}","{304606: (0.7314934246631846, 0.5), 239491: (0.7247141327575435, 0.0), 57983: (0.7241546515554227, 0.5), 33565: (0.7187320180650996, 0.0), 15463: (0.7148989902636815, 0.0)}",{'dummy': 0.7802696636284195},"[(-0.5, -0.5)]",[]
