impression,user_id,app_version,model_version,mturk_id,status,NUM_INITIAL_RATINGS,NUM_REFINE_RATINGS,TOTAL_TRAINING_RATINGS,NUM_TEST_RATINGS,TIME_INITIAL,TIME_REFINE,TIME_TEST,random_test_predictions_ratings,good_test_predictions_ratings,hypers,redisplay_check,arbitrary_check
0,90d5c6c8-bd65-40a6-a1d3-9c0c14dd8293,6.2-knn-mpc-dresses10,1.2,A1PWFA8HAM4Q2D,Completed,1,40,41,15,8.96018934249878,214.51984453201294,74.2817440032959,"{280554: (0.5, -1.0), 161105: (0.5096020736951998, 1.0), 3768: (0.5289031247724072, -1.0), 142920: (0.32769781032138845, 1.0), 48268: (-0.1428650631405196, 0.0), 2647: (-0.30262088267520937, -1.0), 46366: (0.6414569939716797, -0.5), 192489: (0.45590439034290714, 0.0), 271520: (0.1665189437117911, 0.0), 310021: (0.08321211232342986, 1.0)}","{120834: (1.0000000000000002, 1.0), 138840: (1.0, -1.0), 209672: (1.0, -1.0), 128221: (1.0, 0.0), 60951: (1.0, -1.0)}",{'dummy': 0.46070090784548956},"[(0.0, 0.0)]",[]
