impression,user_id,app_version,model_version,mturk_id,status,NUM_INITIAL_RATINGS,NUM_REFINE_RATINGS,TOTAL_TRAINING_RATINGS,NUM_TEST_RATINGS,TIME_INITIAL,TIME_REFINE,TIME_TEST,random_test_predictions_ratings,good_test_predictions_ratings,hypers,redisplay_check,arbitrary_check
0,d41d8333-fa29-4b9d-b784-f2b4c2409299,6.2-knn-mpc-dresses10,1.2,A1ZPIPHM272LO8,Completed,1,40,41,15,11.611656904220581,268.72690176963806,74.29627394676208,"{209861: (0.22094708388686096, 1.0), 290221: (-0.44071506785207715, 0.0), 158164: (0.24790525810763944, 0.0), 220641: (0.07411826737101708, 0.5), 179181: (0.4611362028175219, 1.0), 310212: (-0.38621358447639864, -0.5), 50857: (-0.2956018953536069, 1.0), 7665: (-0.6441713070061765, -1.0), 222022: (0.18607483950967588, 0.0), 15824: (0.3406921686133685, 1.0)}","{64736: (1.0, 1.0), 61598: (1.0, 1.0), 216174: (1.0, 1.0), 61730: (1.0, 1.0), 233590: (1.0, 1.0)}",{'dummy': 0.20188412776945752},"[(1.0, 1.0)]",[]
