impression,user_id,app_version,model_version,status,NUM_INITIAL_RATINGS,NUM_REFINE_RATINGS,TOTAL_TRAINING_RATINGS,NUM_TEST_RATINGS,items_shown,ratings,model_fit,history_dict,hypers,redisplay_check,arbitrary_check,hyper_history
0,1b157a25-62ba-45db-a9c7-f21538f048ea,6.2-knn-mpc-dresses10,1.2,Started,1,20,21,15,"[200862, 144601, 206831, 219287, 145783, 190548, 12686, 60815, 218372, 1486, 215237, 26679, 14885, 27109, 81720, 242640, 179645, 61619, 302531, 175649, 65045]","[-0.5, -1.0, -0.5, 0.0, -0.5, 0.0, 0.5, -1.0, 1.0, -1.0, -0.5, 1.0, 0.0, 0.5, 1.0, 0.5, -1.0, 0.0, 0.5, 0.5, -1.0]","[-0.5, -1.0, -0.5, 0.0, -0.5, 0.0, 0.5, -1.0, 1.0, -1.0, -0.5, 1.0, 0.0, 0.5, 1.0, 0.5, -1.0, 0.0, 0.5, 0.5, -1.0]","{200862: (-0.5, -0.5), 144601: (-1.0, -1.0), 206831: (-0.5, -0.5), 219287: (0.0, 0.0), 145783: (-0.5, -0.5), 190548: (0.0, 0.0), 12686: (0.5, 0.5), 60815: (-1.0, -1.0), 218372: (1.0, 1.0), 1486: (-1.0, -1.0), 215237: (-0.5, -0.5), 26679: (1.0, 1.0), 14885: (0.0, 0.0), 27109: (0.5, 0.5), 81720: (1.0, 1.0), 242640: (0.5, 0.5), 179645: (-1.0, -1.0), 61619: (0.0, 0.0), 302531: (0.5, 0.5), 175649: (0.5, 0.5), 65045: (-1.0, -1.0)}",{'dummy': 0.362811920342313},"[(-1.0, -0.5)]",[],"[{'dummy': 0.8227614873201727}, {'dummy': 0.8061637407175126}, {'dummy': 0.20250052617170167}, {'dummy': 0.8574653127300754}, {'dummy': 0.7071998740518947}, {'dummy': 0.8880870995702121}, {'dummy': 0.7723734281487006}, {'dummy': 0.30334258958218474}, {'dummy': 0.030544211855465853}, {'dummy': 0.2469351217496899}, {'dummy': 0.056153386165584074}, {'dummy': 0.2715047994252373}, {'dummy': 0.21756588909255725}, {'dummy': 0.26684815149187036}, {'dummy': 0.6231344832075484}, {'dummy': 0.5350007716236276}, {'dummy': 0.7204607101634873}, {'dummy': 0.6810635627206794}, {'dummy': 0.22907887540148675}, {'dummy': 0.15047410322427024}]"
