impression,user_id,app_version,model_version,status,NUM_INITIAL_RATINGS,NUM_REFINE_RATINGS,TOTAL_TRAINING_RATINGS,NUM_TEST_RATINGS,items_shown,ratings,model_fit,history_dict,hypers,redisplay_check,arbitrary_check,hyper_history
0,59e6191c-9eb5-44d8-9e27-8c21f22b4bae,6.2-knn-mpc-dresses10,1.2,Started,1,20,21,15,"[3422, 88489, 179942, 258458, 101861, 297528, 180778, 284459, 106447, 254511, 29191, 238300, 155679, 64036, 284477, 318660, 21385, 8738, 79053, 161632, 54556]","[1.0, 0.0, 1.0, 0.5, 1.0, 0.5, 1.0, 0.5, -0.5, 0.5, 1.0, -1.0, 0.5, 0.5, 0.5, -1.0, 0.5, 0.0, -0.5, 0.5, 0.5]","[1.0, 0.0, 1.0, 0.49999999999999994, 1.0, 0.49999999999999994, 1.0, 0.49999999999999994, -0.5, 0.49999999999999994, 1.0, -1.0, 0.49999999999999994, 0.49999999999999994, 0.49999999999999994, -1.0, 0.49999999999999994, 0.0, -0.5, 0.49999999999999994, 0.49999999999999994]","{3422: (1.0, 1.0), 88489: (0.0, 0.0), 179942: (1.0, 1.0), 258458: (0.49999999999999994, 0.5), 101861: (1.0, 1.0), 297528: (0.49999999999999994, 0.5), 180778: (1.0, 1.0), 284459: (0.49999999999999994, 0.5), 106447: (-0.5, -0.5), 254511: (0.49999999999999994, 0.5), 29191: (1.0, 1.0), 238300: (-1.0, -1.0), 155679: (0.49999999999999994, 0.5), 64036: (0.49999999999999994, 0.5), 284477: (0.49999999999999994, 0.5), 318660: (-1.0, -1.0), 21385: (0.49999999999999994, 0.5), 8738: (0.0, 0.0), 79053: (-0.5, -0.5), 161632: (0.49999999999999994, 0.5), 54556: (0.49999999999999994, 0.5)}",{'dummy': 0.486845951606519},"[(1.0, 1.0)]",[],"[{'dummy': 0.6504950720286501}, {'dummy': 0.8564736029088376}, {'dummy': 0.8676821844662276}, {'dummy': 0.14258583514040113}, {'dummy': 0.6330180914731486}, {'dummy': 0.2962157427295602}, {'dummy': 0.6525071033929395}, {'dummy': 0.07620536942531575}, {'dummy': 0.31960884854919}, {'dummy': 0.822500098568491}, {'dummy': 0.47285782485795236}, {'dummy': 0.5912240891254296}, {'dummy': 0.9418039229766252}, {'dummy': 0.37187273807799626}, {'dummy': 0.8199417622638783}, {'dummy': 0.9546490061230373}, {'dummy': 0.547387972415716}, {'dummy': 0.18257805781311898}, {'dummy': 0.47695438750731234}, {'dummy': 0.39590479825175395}]"
