impression,user_id,app_version,model_version,mturk_id,status,NUM_INITIAL_RATINGS,NUM_REFINE_RATINGS,TOTAL_TRAINING_RATINGS,NUM_TEST_RATINGS,TIME_INITIAL,TIME_REFINE,TIME_TEST,random_test_predictions_ratings,good_test_predictions_ratings,hypers,redisplay_check,arbitrary_check
0,08abb2f0-ff34-4174-99c5-cc7c6e4b2ca7,6.2-knn-mpc-dresses10,1.2,A2JXWOD8NF9UU4,Completed,1,30,31,15,8.915783882141113,162.77805876731873,72.86667728424072,"{129025: (-0.2793284211550124, -1.0), 48410: (0.31608138971672556, -1.0), 134378: (-1.0, 1.0), 242470: (-0.35384754238940463, -1.0), 1680: (1.0, 1.0), 171108: (-0.3408296534862654, -1.0), 287690: (0.3806595900498604, 1.0), 261805: (-0.4517349296291806, -1.0), 106951: (0.27897940251235986, 1.0), 209444: (-1.0, -1.0)}","{34612: (1.0000000000000002, -1.0), 70651: (1.0000000000000002, 1.0), 145329: (1.0000000000000002, -1.0), 24651: (1.0000000000000002, 1.0), 292447: (1.0000000000000002, 1.0)}",{'dummy': 0.2394940150930095},"[(1.0, 1.0)]",[]
