impression,user_id,app_version,model_version,mturk_id,status,NUM_INITIAL_RATINGS,NUM_REFINE_RATINGS,TOTAL_TRAINING_RATINGS,NUM_TEST_RATINGS,TIME_INITIAL,TIME_REFINE,TIME_TEST,random_test_predictions_ratings,good_test_predictions_ratings,hypers,redisplay_check,arbitrary_check
0,260d000a-6f52-4064-ac11-aca3c3d7beb4,6.2-knn-mpc-dresses10,1.2,A16P36CLAPBCSI,Completed,1,30,31,15,8.240118741989136,210.4456684589386,110.8084306716919,"{330434: (-0.5043929226700972, 0.0), 286275: (-0.21988317720552875, 0.0), 230522: (-0.3420791354540352, -0.5), 330429: (0.41480696941002904, 0.5), 8862: (-0.14809531596406028, -0.5), 273016: (0.0, 0.5), 2459: (0.21406539894239623, -0.5), 116693: (-0.5013336744501921, -1.0), 92062: (-0.5156660493011559, 0.0), 160588: (0.15783101939869584, 0.0)}","{320358: (1.0000000000000002, 0.0), 2385: (0.9999999999999999, 0.0), 262419: (0.9999999999999999, 0.5), 196684: (0.9999999999999999, 1.0), 152892: (0.9999999999999999, 0.0)}",{'dummy': 0.672428300913809},"[(-0.5, -0.5)]",[]
