impression,user_id,app_version,model_version,mturk_id,status,NUM_INITIAL_RATINGS,NUM_REFINE_RATINGS,TOTAL_TRAINING_RATINGS,NUM_TEST_RATINGS,TIME_INITIAL,TIME_REFINE,TIME_TEST,random_test_predictions_ratings,good_test_predictions_ratings,hypers,redisplay_check,arbitrary_check
0,c82007e3-5de9-4343-90e0-c1e952a8add1,6.2-knn-mpc-dresses10,1.2,AKMOBFEEKW378,Completed,1,30,31,15,14.41025424003601,311.2632460594177,57.48328137397766,"{196710: (-0.12962508743627207, -0.5), 139921: (-0.03349232549762322, -0.5), 200798: (-0.32762268329979455, -0.5), 193509: (-0.8453359050232592, -1.0), 159633: (-0.2501243843441803, -0.5), 307699: (0.14568710424081424, 0.0), 18674: (0.1218097680256182, 0.0), 258973: (0.4954085018269606, 1.0), 24924: (-0.35150171356868987, 1.0), 55568: (0.1758901648364827, -0.5)}","{128799: (1.0000000000000002, -0.5), 210922: (1.0000000000000002, -0.5), 253793: (1.0000000000000002, 0.5), 66123: (1.0000000000000002, 0.5), 221156: (1.0000000000000002, 1.0)}",{'dummy': 0.8755644667824144},"[(-0.5, 0.0)]",[]
