impression,user_id,app_version,model_version,mturk_id,status,NUM_INITIAL_RATINGS,NUM_REFINE_RATINGS,TOTAL_TRAINING_RATINGS,NUM_TEST_RATINGS,TIME_INITIAL,TIME_REFINE,TIME_TEST,random_test_predictions_ratings,good_test_predictions_ratings,hypers,redisplay_check,arbitrary_check
0,e8ee0c74-79f9-49b2-b5f0-0918ff7908b4,6.2-knn-mpc-dresses10,1.2,A30E0V4IZ1TDBA,Completed,1,40,41,15,22.580815315246582,242.12136507034302,73.7946789264679,"{12262: (0.33703106572331964, -0.5), 296246: (-0.4999999999999999, 0.5), 18339: (-0.4999999999999999, -0.5), 135359: (0.18316340569053818, 0.5), 317970: (0.13355342129640316, -0.5), 38194: (-0.040147604478687274, -0.5), 235730: (-0.4999999999999999, 0.5), 322560: (-0.5, 0.5), 182495: (0.1653677462705428, 0.5), 250509: (-0.22529595723649118, -0.5)}","{10433: (0.5000000000000002, 0.5), 12822: (0.5000000000000002, 0.5), 317347: (0.5000000000000002, -0.5), 240197: (0.5000000000000001, -0.5), 107304: (0.5000000000000001, -0.5)}",{'dummy': 0.5136222996741365},"[(0.5, 0.5)]",[]
