impression,user_id,app_version,model_version,mturk_id,status,NUM_INITIAL_RATINGS,NUM_REFINE_RATINGS,TOTAL_TRAINING_RATINGS,NUM_TEST_RATINGS,TIME_INITIAL,TIME_REFINE,TIME_TEST,random_test_predictions_ratings,good_test_predictions_ratings,hypers,redisplay_check,arbitrary_check
0,55acf420-e6d0-4039-b538-25851d985bf2,6.2-knn-mpc-dresses10,1.2,A38AQF5BPHJS4C,Completed,1,30,31,15,4.202503442764282,116.49659299850464,61.23745322227478,"{110572: (-0.3683769386849379, 0.5), 55623: (0.4894704708892787, 0.0), 226385: (-0.09413467113522048, 0.5), 262049: (-0.3441099923692552, 0.0), 274092: (-0.1282245344501284, 0.5), 117541: (-0.1718914439915886, -1.0), 40812: (-0.021415887268015785, 0.0), 189543: (-0.027934985383161783, 0.0), 12938: (-0.19788530482927766, -1.0), 155657: (0.3276009870850986, -1.0)}","{154923: (1.0000000000000004, -1.0), 216198: (1.0000000000000004, 1.0), 267995: (1.0000000000000004, 1.0), 315710: (1.0000000000000004, 0.0), 32656: (1.0000000000000004, 0.5)}",{'dummy': 0.8691527484778397},"[(0.0, 0.0)]",[]
