impression,user_id,app_version,model_version,mturk_id,status,NUM_INITIAL_RATINGS,NUM_REFINE_RATINGS,TOTAL_TRAINING_RATINGS,NUM_TEST_RATINGS,TIME_INITIAL,TIME_REFINE,TIME_TEST,random_test_predictions_ratings,good_test_predictions_ratings,hypers,redisplay_check,arbitrary_check
0,92d75c85-f98a-4e7e-8375-40e91440dc06,6.2-knn-mpc-dresses10,1.2,A2137K4XEU12TI,Completed,1,20,21,15,19.18834090232849,119.45083951950073,68.37551522254944,"{289368: (-0.2228766238069166, 1.0), 195919: (0.11220378159582513, 1.0), 329961: (-0.4999999999999999, 1.0), 121348: (0.02838287191197106, 1.0), 306306: (-0.5000000000000001, -1.0), 46835: (-0.05204212472002347, -1.0), 71015: (-0.8173226006427512, -1.0), 19105: (-1.0, -0.5), 298706: (-0.6672901418520086, -0.5), 17350: (-0.5, -1.0)}","{34823: (1.0000000000000002, 1.0), 80096: (1.0, 0.5), 282084: (0.8939788037768966, 1.0), 203790: (0.8869254302509089, 1.0), 203635: (0.8858671009603304, 1.0)}",{'dummy': 0.15524788067942086},"[(1.0, 1.0)]",[]
