impression,user_id,app_version,model_version,status,NUM_INITIAL_RATINGS,NUM_REFINE_RATINGS,TOTAL_TRAINING_RATINGS,NUM_TEST_RATINGS,items_shown,ratings,model_fit,history_dict,hypers,redisplay_check,arbitrary_check,hyper_history
0,f9ee0c86-f7f1-40da-a146-460f3ab39983,6.2-knn-mpc-dresses10,1.2,Started,1,20,21,15,"[90570, 316227, 95455, 111765, 146933, 93807, 233351, 74620, 159470, 62548, 71830, 26286, 234365, 271499, 99948, 117593, 312806, 89891, 225230, 160179, 124621]","[1.0, 1.0, 0.5, -0.5, -0.5, -0.5, 1.0, 1.0, -1.0, -1.0, -1.0, 1.0, 1.0, 1.0, 1.0, 1.0, 1.0, -1.0, 1.0, 1.0, -1.0]","[1.0, 1.0, 0.5, -0.5, -0.5, -0.5, 1.0, 1.0, -1.0, -1.0, -1.0, 1.0, 1.0, 1.0, 1.0, 1.0, 1.0, -1.0, 1.0, 1.0, -1.0]","{90570: (1.0, 1.0), 316227: (1.0, 1.0), 95455: (0.5, 0.5), 111765: (-0.5, -0.5), 146933: (-0.5, -0.5), 93807: (-0.5, -0.5), 233351: (1.0, 1.0), 74620: (1.0, 1.0), 159470: (-1.0, -1.0), 62548: (-1.0, -1.0), 71830: (-1.0, -1.0), 26286: (1.0, 1.0), 234365: (1.0, 1.0), 271499: (1.0, 1.0), 99948: (1.0, 1.0), 117593: (1.0, 1.0), 312806: (1.0, 1.0), 89891: (-1.0, -1.0), 225230: (1.0, 1.0), 160179: (1.0, 1.0), 124621: (-1.0, -1.0)}",{'dummy': 0.10606461288837621},"[(-1.0, 0.5)]",[],"[{'dummy': 0.9426581543446801}, {'dummy': 0.9404872627270139}, {'dummy': 0.9706152167986906}, {'dummy': 0.5548796460585301}, {'dummy': 0.7971319887679822}, {'dummy': 0.19190542110563436}, {'dummy': 0.11550005730640611}, {'dummy': 0.9099172118318644}, {'dummy': 0.5491395830855726}, {'dummy': 0.4415773466197964}, {'dummy': 0.06661495169336784}, {'dummy': 0.8039611930046912}, {'dummy': 0.2710531379330815}, {'dummy': 0.9029624853666315}, {'dummy': 0.4092832678880326}, {'dummy': 0.6558077506889886}, {'dummy': 0.015673780602925347}, {'dummy': 0.9909990963474085}, {'dummy': 0.14451710628120784}, {'dummy': 0.5819511494390579}]"
