impression,user_id,app_version,model_version,mturk_id,status,NUM_INITIAL_RATINGS,NUM_REFINE_RATINGS,TOTAL_TRAINING_RATINGS,NUM_TEST_RATINGS,TIME_INITIAL,TIME_REFINE,TIME_TEST,random_test_predictions_ratings,good_test_predictions_ratings,hypers,redisplay_check,arbitrary_check
0,62e25b21-b857-45db-9f59-775338ae0029,6.2-knn-mpc-dresses10,1.2,AB8XECKH1JO8P,Completed,1,50,51,15,6.829110860824585,276.34442114830017,58.238196849823,"{275529: (1.0000000000000002, 1.0), 255198: (0.3907273442953233, 0.0), 289452: (-0.6963624905155843, 0.0), 3386: (-0.43718441736255337, 0.0), 80153: (-0.32327892348584264, -1.0), 329032: (-1.734723475976807e-18, 0.0), 248672: (-0.034040249137431144, 1.0), 17270: (0.4108727332358863, 0.0), 235478: (-0.04065662831878954, 0.0), 258570: (-0.3503445834178885, 0.0)}","{298165: (1.0000000000000002, -1.0), 141385: (1.0000000000000002, 0.0), 135172: (1.0000000000000002, 1.0), 319691: (1.0000000000000002, -0.5), 18264: (1.0000000000000002, 0.0)}",{'dummy': 0.728071598176815},"[(1.0, 1.0)]",[]
