impression,user_id,app_version,model_version,mturk_id,status,NUM_INITIAL_RATINGS,NUM_REFINE_RATINGS,TOTAL_TRAINING_RATINGS,NUM_TEST_RATINGS,TIME_INITIAL,TIME_REFINE,TIME_TEST,random_test_predictions_ratings,good_test_predictions_ratings,hypers,redisplay_check,arbitrary_check
0,3cb3b2f6-f3d0-42af-85d1-22f3591d63d4,6.2-knn-mpc-dresses10,1.2,A1PUYLIDAH0PDD,Completed,1,30,31,15,10.669152736663818,243.75957369804382,130.131596326828,"{195704: (0.5081402130912548, 0.5), 263148: (0.15601062369399446, -0.5), 187796: (0.14103742080647305, 0.0), 37278: (0.1102199696101817, -0.5), 165607: (-0.009213794525659298, 0.0), 9068: (-0.17510226194793652, -0.5), 270626: (0.008823482874250804, 0.0), 212177: (-0.1838220977188847, 0.0), 81368: (-0.14584763732071274, 0.5), 189696: (0.2983452220438213, 0.5)}","{196920: (1.0000000000000002, 1.0), 216063: (1.0000000000000002, 0.5), 196747: (1.0000000000000002, -0.5), 12725: (1.0000000000000002, 0.5), 193658: (1.0000000000000002, 0.5)}",{'dummy': 0.9278193089195411},"[(0.5, 0.5)]",[]
