impression,user_id,app_version,model_version,status,NUM_INITIAL_RATINGS,NUM_REFINE_RATINGS,TOTAL_TRAINING_RATINGS,NUM_TEST_RATINGS,items_shown,ratings,model_fit,history_dict,hypers,redisplay_check,arbitrary_check,hyper_history
0,64e5d5ef-eef5-47ae-9d60-0261cca561d0,6.2-knn-mpc-dresses10,1.2,Started,1,30,31,15,"[91734, 231562, 281509, 35710, 304364, 238028, 3406, 195866, 99749, 44825, 62958, 321172, 318679, 10723, 60218, 306941, 164861, 5248, 205145, 124998, 114304, 138716, 133794, 119382, 94366, 146602, 45061, 312930, 62832, 57609, 42921]","[1.0, 1.0, 1.0, -1.0, 1.0, -1.0, -1.0, 0.0, -1.0, 1.0, 1.0, -1.0, 1.0, 0.0, 1.0, -1.0, 0.0, -1.0, 0.0, 0.0, 1.0, -1.0, 0.0, 0.0, 1.0, 1.0, 0.0, -1.0, 0.0, -1.0, 0.0]","[1.0, 1.0, 1.0, -1.0, 1.0, -1.0, -1.0, 0.0, -1.0, 1.0, 1.0, -1.0, 1.0, 0.0, 1.0, -1.0, 0.0, -1.0, 0.0, 0.0, 1.0, -1.0, 0.0, 0.0, 1.0, 1.0, 0.0, -1.0, 0.0, -1.0, 0.0]","{91734: (1.0, 1.0), 231562: (1.0, 1.0), 281509: (1.0, 1.0), 35710: (-1.0, -1.0), 304364: (1.0, 1.0), 238028: (-1.0, -1.0), 3406: (-1.0, -1.0), 195866: (0.0, 0.0), 99749: (-1.0, -1.0), 44825: (1.0, 1.0), 62958: (1.0, 1.0), 321172: (-1.0, -1.0), 318679: (1.0, 1.0), 10723: (0.0, 0.0), 60218: (1.0, 1.0), 306941: (-1.0, -1.0), 164861: (0.0, 0.0), 5248: (-1.0, -1.0), 205145: (0.0, 0.0), 124998: (0.0, 0.0), 114304: (1.0, 1.0), 138716: (-1.0, -1.0), 133794: (0.0, 0.0), 119382: (0.0, 0.0), 94366: (1.0, 1.0), 146602: (1.0, 1.0), 45061: (0.0, 0.0), 312930: (-1.0, -1.0), 62832: (0.0, 0.0), 57609: (-1.0, -1.0), 42921: (0.0, 0.0)}",{'dummy': 0.5731512200795923},"[(1.0, 1.0)]",[],"[{'dummy': 0.38852089968357617}, {'dummy': 0.36740447088070927}, {'dummy': 0.6935788623523955}, {'dummy': 0.492302452304777}, {'dummy': 0.027335571338439113}, {'dummy': 0.6088445217984857}, {'dummy': 0.8996246659034365}, {'dummy': 0.8269628528307159}, {'dummy': 0.7915446343454816}, {'dummy': 0.8929327914861475}, {'dummy': 0.8939764185966721}, {'dummy': 0.3130393406616392}, {'dummy': 0.7680507477239605}, {'dummy': 0.7776897091670001}, {'dummy': 0.29877867918334233}, {'dummy': 0.6097910414665417}, {'dummy': 0.05176233349021164}, {'dummy': 0.5544405462891137}, {'dummy': 0.7131420510740538}, {'dummy': 0.8817233533299964}, {'dummy': 0.43104133071754824}, {'dummy': 0.4864933686966413}, {'dummy': 0.322249694059733}, {'dummy': 0.39108707360542816}, {'dummy': 0.4032114341239478}, {'dummy': 0.2884422433835834}, {'dummy': 0.45938536373981054}, {'dummy': 0.7054879637956952}, {'dummy': 0.007422809457882873}, {'dummy': 0.17828568016953938}]"
