impression,user_id,app_version,model_version,mturk_id,status,NUM_INITIAL_RATINGS,NUM_REFINE_RATINGS,TOTAL_TRAINING_RATINGS,NUM_TEST_RATINGS,TIME_INITIAL,TIME_REFINE,TIME_TEST,random_test_predictions_ratings,good_test_predictions_ratings,hypers,redisplay_check,arbitrary_check
0,20a5f157-659e-483f-b6a1-aff0dbe4f25d,6.2-knn-mpc-dresses10,1.2,A28DN08H4WQPTH,Completed,1,20,21,15,13.765324354171753,132.3820617198944,78.56470608711243,"{86827: (-0.4951784217370627, 0.0), 70388: (-0.5446598272481162, 0.5), 2420: (-0.12621391732772963, -0.5), 131674: (0.6415050118062703, 0.5), 5265: (-0.35158538405499834, 0.5), 5109: (-0.3829272676431609, 0.5), 8092: (0.6986836108912348, 0.5), 182148: (-0.15461352328411598, 0.5), 272522: (0.16456774746193403, 0.5), 311507: (-0.659039710415611, -0.5)}","{185004: (0.8593883108408013, 1.0), 135964: (0.8589452658670444, 0.5), 58159: (0.8569269768881367, 0.5), 196189: (0.8563193631451719, 0.5), 232060: (0.8553796102482193, 0.5)}",{'dummy': 0.3427764038245187},"[(0.5, 0.5)]",[]
