impression,user_id,app_version,model_version,mturk_id,status,NUM_INITIAL_RATINGS,NUM_REFINE_RATINGS,TOTAL_TRAINING_RATINGS,NUM_TEST_RATINGS,TIME_INITIAL,TIME_REFINE,TIME_TEST,random_test_predictions_ratings,good_test_predictions_ratings,hypers,redisplay_check,arbitrary_check
0,6cb8e88d-7871-44b3-9cb1-7078ebd876dc,6.2-knn-mpc-dresses10,1.2,AS4NIEQJWCG3M,Completed,1,40,41,15,5.730531215667725,99.56515789031982,35.366069078445435,"{301651: (0.0, 0.0), 155723: (-0.19446763314877433, -0.5), 258346: (-0.12559075640659007, 0.0), 108290: (0.1500009465549765, -0.5), 30404: (-0.009812868075884456, -0.5), 274915: (0.2134900707668989, -0.5), 81932: (0.0, -0.5), 13031: (0.16126493039026538, -0.5), 305051: (0.0, 0.5), 123361: (-0.1475263790745093, 0.0)}","{213808: (0.5000000000000002, 0.0), 148261: (0.5000000000000002, 0.5), 46105: (0.5000000000000002, 0.5), 117791: (0.5000000000000002, -0.5), 16324: (0.5000000000000002, 0.5)}",{'dummy': 0.16774504150080227},"[(0.5, 0.5)]",[]
