impression,user_id,app_version,model_version,mturk_id,status,NUM_INITIAL_RATINGS,NUM_REFINE_RATINGS,TOTAL_TRAINING_RATINGS,NUM_TEST_RATINGS,TIME_INITIAL,TIME_REFINE,TIME_TEST,random_test_predictions_ratings,good_test_predictions_ratings,hypers,redisplay_check,arbitrary_check
0,fef87832-5ed1-49a2-9995-d57dcd14b111,6.2-knn-mpc-dresses10,1.2,AABQWVQL7J3BR,Completed,1,50,51,15,12.54414677619934,475.17529702186584,41.630738973617554,"{117441: (0.2822496000359134, 0.0), 155203: (0.3328100157825666, 1.0), 109529: (0.6753052309729777, 0.0), 174842: (0.6464853477790036, -1.0), 318463: (0.1707309123214565, 0.0), 328368: (0.3199307375666558, 0.0), 314293: (-0.015510178817205225, -1.0), 171353: (-0.1633814005458152, -1.0), 194239: (0.32377863050635514, 0.0), 149793: (0.48709417269672606, 0.0)}","{168565: (1.0000000000000002, -1.0), 33298: (1.0000000000000002, 0.0), 182134: (1.0000000000000002, 1.0), 103556: (1.0000000000000002, 0.0), 168677: (1.0000000000000002, 0.0)}",{'dummy': 0.5119165919420158},"[(1.0, 1.0)]",[]
