impression,user_id,app_version,model_version,status,NUM_INITIAL_RATINGS,NUM_REFINE_RATINGS,TOTAL_TRAINING_RATINGS,NUM_TEST_RATINGS,items_shown,ratings,model_fit,history_dict,hypers,redisplay_check,arbitrary_check,hyper_history
0,9930d53f-4746-45e8-8b65-91223a240ff8,6.2-knn-mpc-dresses10,1.2,Started,1,20,21,15,"[100663, 87879, 293811, 297103, 198971, 104780, 291261, 211229, 32180, 32293, 240478, 111827, 8508, 252433, 64252, 232110, 37295, 326112, 244354, 295374, 231437]","[0.0, 0.5, 1.0, 1.0, 0.5, 1.0, -1.0, -0.5, -1.0, -1.0, -1.0, -0.5, 0.5, -0.5, 0.5, 0.5, -0.5, 0.0, 0.5, 1.0, 0.0]","[0.0, 0.49999999999999994, 0.9999999999999999, 0.9999999999999999, 0.49999999999999994, 0.9999999999999999, -0.9999999999999999, -0.49999999999999994, -0.9999999999999999, -0.9999999999999999, -0.9999999999999999, -0.49999999999999994, 0.49999999999999994, -0.49999999999999994, 0.49999999999999994, 0.49999999999999994, -0.49999999999999994, 0.0, 0.49999999999999994, 0.9999999999999999, 0.0]","{100663: (0.0, 0.0), 87879: (0.49999999999999994, 0.5), 293811: (0.9999999999999999, 1.0), 297103: (0.9999999999999999, 1.0), 198971: (0.49999999999999994, 0.5), 104780: (0.9999999999999999, 1.0), 291261: (-0.9999999999999999, -1.0), 211229: (-0.49999999999999994, -0.5), 32180: (-0.9999999999999999, -1.0), 32293: (-0.9999999999999999, -1.0), 240478: (-0.9999999999999999, -1.0), 111827: (-0.49999999999999994, -0.5), 8508: (0.49999999999999994, 0.5), 252433: (-0.49999999999999994, -0.5), 64252: (0.49999999999999994, 0.5), 232110: (0.49999999999999994, 0.5), 37295: (-0.49999999999999994, -0.5), 326112: (0.0, 0.0), 244354: (0.49999999999999994, 0.5), 295374: (0.9999999999999999, 1.0), 231437: (0.0, 0.0)}",{'dummy': 0.30426705579506874},"[(1.0, 1.0)]",[],"[{'dummy': 0.6996808989887103}, {'dummy': 0.8434181482969717}, {'dummy': 0.23668743226008537}, {'dummy': 0.8992050168156509}, {'dummy': 0.23568746125053675}, {'dummy': 0.42290657438140467}, {'dummy': 0.4159738087246092}, {'dummy': 0.34393684250778045}, {'dummy': 0.07743575188818996}, {'dummy': 0.7781034017516636}, {'dummy': 0.5630989663221044}, {'dummy': 0.3602950314893719}, {'dummy': 0.39203490978414}, {'dummy': 0.5914322755952953}, {'dummy': 0.8568841677784276}, {'dummy': 0.8174700154768347}, {'dummy': 0.8736562419732606}, {'dummy': 0.86001171263965}, {'dummy': 0.9072955823736911}, {'dummy': 0.3642862861142936}]"
