impression,user_id,app_version,model_version,mturk_id,status,NUM_INITIAL_RATINGS,NUM_REFINE_RATINGS,TOTAL_TRAINING_RATINGS,NUM_TEST_RATINGS,TIME_INITIAL,TIME_REFINE,TIME_TEST,random_test_predictions_ratings,good_test_predictions_ratings,hypers,redisplay_check,arbitrary_check
0,9673a8f8-e44d-427d-8b23-42c8060b7b3f,6.2-knn-mpc-dresses10,1.2,A2SUFJ7JYJXJKI,Completed,1,40,41,15,18.364117860794067,371.9001655578613,207.49977445602417,"{91561: (0.17060772608440922, 1.0), 185603: (-0.3141612924014463, 0.5), 216070: (0.5057532966968897, 0.5), 272153: (-0.5, 0.0), 141189: (0.18643165434788003, 0.0), 29155: (-0.19192858953912825, 0.5), 297937: (-0.3388087203233402, -0.5), 42493: (-0.3358793879733677, -0.5), 217740: (0.6766410618208213, 0.5), 174528: (-0.4880456818208623, -0.5)}","{287727: (1.0000000000000002, 0.5), 323777: (1.0, 0.5), 268670: (1.0, 0.5), 300417: (1.0, 0.5), 315747: (1.0, 0.5)}",{'dummy': 0.20027329042890307},"[(-0.5, -0.5)]",[]
