impression,user_id,app_version,model_version,mturk_id,status,NUM_INITIAL_RATINGS,NUM_REFINE_RATINGS,TOTAL_TRAINING_RATINGS,NUM_TEST_RATINGS,TIME_INITIAL,TIME_REFINE,TIME_TEST,random_test_predictions_ratings,good_test_predictions_ratings,hypers,redisplay_check,arbitrary_check
0,2010e726-648d-434b-b625-328393a174d2,6.2-knn-mpc-dresses10,1.2,A3M2YGG9P0D272,Completed,1,50,51,15,12.271255493164062,248.23980498313904,59.02082061767578,"{99795: (-0.15771245801029446, -0.5), 213531: (-0.8328739528967666, 0.0), 107660: (0.15392360772989283, 0.0), 234385: (-0.8284485293292979, -1.0), 193861: (-0.47369268761714994, -1.0), 55802: (0.24308949451555997, 0.5), 320177: (-0.5171124898829231, -1.0), 111793: (-0.16293101142493327, -1.0), 103539: (0.17852353430531892, 0.0), 326139: (-0.6674030512388528, 0.0)}","{64345: (0.5000000000000001, 0.0), 84544: (0.5000000000000001, 0.5), 320834: (0.5000000000000001, 0.0), 205515: (0.5000000000000001, 0.5), 62464: (0.5000000000000001, 0.0)}",{'dummy': 0.8488477584348687},"[(0.5, 0.5)]",[]
