impression,user_id,app_version,model_version,status,NUM_INITIAL_RATINGS,NUM_REFINE_RATINGS,TOTAL_TRAINING_RATINGS,NUM_TEST_RATINGS,items_shown,ratings,model_fit,history_dict,hypers,redisplay_check,arbitrary_check,hyper_history
0,48f998d2-f718-4c5d-9bd3-b0e29abd6121,6.2-knn-mpc-dresses10,1.2,Started,1,20,21,15,"[265646, 303395, 168105, 169174, 12732, 231866, 88514, 158544, 112077, 2797, 112036, 269561, 2238, 81177, 28125, 203417, 299777, 229543, 329027, 25137, 77423]","[0.5, 0.0, -1.0, 0.5, 0.0, 0.0, 0.5, -1.0, -1.0, 0.0, -1.0, 0.5, 0.0, -1.0, -0.5, -0.5, -0.5, 0.0, 0.5, 1.0, 1.0]","[0.5, 0.0, -1.0, 0.5, 0.0, 0.0, 0.5, -1.0, -1.0, 0.0, -1.0, 0.5, 0.0, -1.0, -0.5, -0.5, -0.5, 0.0, 0.5, 1.0, 1.0]","{265646: (0.5, 0.5), 303395: (0.0, 0.0), 168105: (-1.0, -1.0), 169174: (0.5, 0.5), 12732: (0.0, 0.0), 231866: (0.0, 0.0), 88514: (0.5, 0.5), 158544: (-1.0, -1.0), 112077: (-1.0, -1.0), 2797: (0.0, 0.0), 112036: (-1.0, -1.0), 269561: (0.5, 0.5), 2238: (0.0, 0.0), 81177: (-1.0, -1.0), 28125: (-0.5, -0.5), 203417: (-0.5, -0.5), 299777: (-0.5, -0.5), 229543: (0.0, 0.0), 329027: (0.5, 0.5), 25137: (1.0, 1.0), 77423: (1.0, 1.0)}",{'dummy': 0.04992841854817909},"[(-1.0, -1.0)]",[],"[{'dummy': 0.5899410730671921}, {'dummy': 0.7113580608839687}, {'dummy': 0.31589204200374665}, {'dummy': 0.6413012448871883}, {'dummy': 0.8794334294890364}, {'dummy': 0.18974448417114775}, {'dummy': 0.30485508736479394}, {'dummy': 0.09011872384748021}, {'dummy': 0.046992576831752286}, {'dummy': 0.993936758241579}, {'dummy': 0.5045488561120427}, {'dummy': 0.8744475847991218}, {'dummy': 0.2809123858567173}, {'dummy': 0.5042015748633576}, {'dummy': 0.48224497150788836}, {'dummy': 0.14056194734760763}, {'dummy': 0.8605054376510842}, {'dummy': 0.5379126257877395}, {'dummy': 0.9224251273837775}, {'dummy': 0.4054609450458143}]"
