impression,user_id,app_version,model_version,status,NUM_INITIAL_RATINGS,NUM_REFINE_RATINGS,TOTAL_TRAINING_RATINGS,NUM_TEST_RATINGS,items_shown,ratings,model_fit,history_dict,hypers,redisplay_check,arbitrary_check,hyper_history
0,253f2784-ceab-4c03-95de-959095c4a8e6,6.2-knn-mpc-dresses10,1.2,Started,1,20,21,15,"[92089, 68128, 327786, 223637, 118147, 277607, 104245, 70444, 108241, 108750, 254980, 35235, 126263, 17064, 164530, 120481, 135640, 186953, 276343, 77374, 173989]","[0.5, 0.0, -1.0, -0.5, -1.0, 0.5, -0.5, 1.0, 0.0, -1.0, -0.5, 0.5, 0.0, 0.5, -0.5, -0.5, 1.0, 0.5, -1.0, -0.5, -0.5]","[0.5, 0.0, -1.0, -0.5, -1.0, 0.5, -0.5, 1.0, 0.0, -1.0, -0.5, 0.5, 0.0, 0.5, -0.5, -0.5, 1.0, 0.5, -1.0, -0.5, -0.5]","{92089: (0.5, 0.5), 68128: (0.0, 0.0), 327786: (-1.0, -1.0), 223637: (-0.5, -0.5), 118147: (-1.0, -1.0), 277607: (0.5, 0.5), 104245: (-0.5, -0.5), 70444: (1.0, 1.0), 108241: (0.0, 0.0), 108750: (-1.0, -1.0), 254980: (-0.5, -0.5), 35235: (0.5, 0.5), 126263: (0.0, 0.0), 17064: (0.5, 0.5), 164530: (-0.5, -0.5), 120481: (-0.5, -0.5), 135640: (1.0, 1.0), 186953: (0.5, 0.5), 276343: (-1.0, -1.0), 77374: (-0.5, -0.5), 173989: (-0.5, -0.5)}",{'dummy': 0.8866525816604517},"[(-1.0, -1.0)]",[],"[{'dummy': 0.2679076254783651}, {'dummy': 0.45005814130645094}, {'dummy': 0.0935137041062466}, {'dummy': 0.716966359081697}, {'dummy': 0.5224512889462964}, {'dummy': 0.14818200905781442}, {'dummy': 0.9417827837202959}, {'dummy': 0.6843952896034136}, {'dummy': 0.6030844456060397}, {'dummy': 0.9866200996007545}, {'dummy': 0.6337400374624352}, {'dummy': 0.5069222170274797}, {'dummy': 0.886893297560837}, {'dummy': 0.02269592058686909}, {'dummy': 0.8882489277284314}, {'dummy': 0.22008106898837432}, {'dummy': 0.8758707509854605}, {'dummy': 0.5921056002236359}, {'dummy': 0.5417797748860057}, {'dummy': 0.17750108146811783}]"
