impression,user_id,app_version,model_version,mturk_id,status,NUM_INITIAL_RATINGS,NUM_REFINE_RATINGS,TOTAL_TRAINING_RATINGS,NUM_TEST_RATINGS,TIME_INITIAL,TIME_REFINE,TIME_TEST,random_test_predictions_ratings,good_test_predictions_ratings,hypers,redisplay_check,arbitrary_check
0,1d422dc3-d745-411a-8736-d3ed887d32f7,6.2-knn-mpc-dresses10,1.2,A1SMYB7YESWB29,Completed,1,50,51,15,13.00584602355957,238.6486041545868,75.55556440353394,"{19310: (-0.8162788336538545, -0.5), 91463: (-0.3854713147012197, -1.0), 211590: (-0.6835543473030126, 0.0), 232679: (-0.8407828852565283, -1.0), 160004: (-1.0, -1.0), 30030: (0.5390400914688093, 1.0), 218706: (-0.5130387122416966, 1.0), 179550: (0.11786160566514814, -1.0), 116042: (-0.6334336436455029, 0.5), 192223: (-0.46570045955693745, -1.0)}","{149430: (1.0000000000000004, 0.5), 186736: (1.0000000000000004, 0.5), 52593: (1.0000000000000004, 0.5), 144557: (1.0000000000000002, 0.0), 81601: (1.0000000000000002, 0.5)}",{'dummy': 0.15748033021348085},"[(-1.0, -1.0)]",[]
