impression,user_id,app_version,model_version,mturk_id,status,NUM_INITIAL_RATINGS,NUM_REFINE_RATINGS,TOTAL_TRAINING_RATINGS,NUM_TEST_RATINGS,TIME_INITIAL,TIME_REFINE,TIME_TEST,random_test_predictions_ratings,good_test_predictions_ratings,hypers,redisplay_check,arbitrary_check
0,2d4acba4-7f58-4ce3-8d32-7e300b5a6a5f,6.2-knn-mpc-dresses10,1.2,A1X2NKYJNHB1A5,Completed,1,30,31,15,7.2158730030059814,190.04891538619995,91.2151448726654,"{245925: (-0.2069487306424523, 0.5), 243724: (0.37310764543920544, 0.5), 14548: (0.13921976417722076, 0.0), 321738: (0.3375953025950426, 0.0), 96612: (0.5074861560704178, 0.0), 102733: (-0.15861774201163895, -0.5), 236749: (0.29480485339081164, 0.0), 72598: (0.6538925003376961, 0.5), 73215: (0.20603909159274708, -0.5), 132147: (0.0153964429497274, 1.0)}","{241339: (1.0000000000000002, 0.5), 248389: (1.0000000000000002, 0.0), 110476: (1.0000000000000002, 0.5), 208786: (1.0000000000000002, 0.5), 216798: (1.0000000000000002, 0.5)}",{'dummy': 0.19513044133398538},"[(0.5, 0.5)]",[]
