impression,user_id,app_version,model_version,status,NUM_INITIAL_RATINGS,NUM_REFINE_RATINGS,TOTAL_TRAINING_RATINGS,NUM_TEST_RATINGS,items_shown,ratings,model_fit,history_dict,hypers,redisplay_check,arbitrary_check,hyper_history
0,f36a1a60-bfa9-4a36-a9ec-f91812351405,6.2-knn-mpc-dresses10,1.2,Started,1,20,21,15,"[221373, 71718, 192112, 165199, 5354, 69916, 302776, 243200, 46854, 131355, 116185, 99134, 136178, 188711, 53092, 3369, 310807, 147824, 108752, 257248, 196612]","[-1.0, 0.5, 0.0, 0.5, -1.0, -1.0, 1.0, -0.5, -0.5, -0.5, -1.0, 0.5, 0.0, 0.0, 0.0, 0.5, 0.5, -0.5, 0.0, 0.0, -0.5]","[-1.0, 0.5, 0.0, 0.5, -1.0, -1.0, 1.0, -0.5, -0.5, -0.5, -1.0, 0.5, 0.0, 0.0, 0.0, 0.5, 0.5, -0.5, 0.0, 0.0, -0.5]","{221373: (-1.0, -1.0), 71718: (0.5, 0.5), 192112: (0.0, 0.0), 165199: (0.5, 0.5), 5354: (-1.0, -1.0), 69916: (-1.0, -1.0), 302776: (1.0, 1.0), 243200: (-0.5, -0.5), 46854: (-0.5, -0.5), 131355: (-0.5, -0.5), 116185: (-1.0, -1.0), 99134: (0.5, 0.5), 136178: (0.0, 0.0), 188711: (0.0, 0.0), 53092: (0.0, 0.0), 3369: (0.5, 0.5), 310807: (0.5, 0.5), 147824: (-0.5, -0.5), 108752: (0.0, 0.0), 257248: (0.0, 0.0), 196612: (-0.5, -0.5)}",{'dummy': 0.0875423180849384},"[(0.0, 0.0)]",[],"[{'dummy': 0.9316731828321387}, {'dummy': 0.6226698124698327}, {'dummy': 0.5168437644496864}, {'dummy': 0.4156582444895218}, {'dummy': 0.2169385770760126}, {'dummy': 0.8291058677981957}, {'dummy': 0.6141656274989511}, {'dummy': 0.572053843950534}, {'dummy': 0.8838307951244878}, {'dummy': 0.5067011467727708}, {'dummy': 0.7469208239215713}, {'dummy': 0.6330636810436252}, {'dummy': 0.40956425460575185}, {'dummy': 0.9512248599168773}, {'dummy': 0.9798597466291504}, {'dummy': 0.8655576566107512}, {'dummy': 0.3430002705384082}, {'dummy': 0.23014870916208896}, {'dummy': 0.7387229401490779}, {'dummy': 0.8723208740613019}]"
