impression,user_id,app_version,model_version,mturk_id,status,NUM_INITIAL_RATINGS,NUM_REFINE_RATINGS,TOTAL_TRAINING_RATINGS,NUM_TEST_RATINGS,TIME_INITIAL,TIME_REFINE,TIME_TEST,random_test_predictions_ratings,good_test_predictions_ratings,hypers,redisplay_check,arbitrary_check
0,6437466f-ae48-4b96-9671-f5a955722a10,6.2-knn-mpc-dresses10,1.2,A2Z8YDAMGWIOYU,Completed,1,40,41,15,14.333106517791748,228.43249082565308,71.97528433799744,"{112825: (0.5686238459190495, -0.5), 218062: (0.6560695770260974, -0.5), 257732: (-0.33761242984364936, 0.5), 174621: (0.6690475595601924, 0.0), 25054: (0.22616280808627592, 0.0), 171980: (0.15691988279938957, -0.5), 2004: (0.15926675759355288, -1.0), 199056: (-0.1444581690358405, 0.0), 133817: (0.3514099886571661, 0.5), 307116: (0.6633137916285672, 0.5)}","{206325: (1.0, -0.5), 114234: (1.0, 0.0), 128056: (1.0, 0.0), 165048: (1.0, -0.5), 118238: (1.0, 0.5)}",{'dummy': 0.565520592257709},"[(0.0, 0.5)]",[]
