impression,user_id,app_version,model_version,mturk_id,status,NUM_INITIAL_RATINGS,NUM_REFINE_RATINGS,TOTAL_TRAINING_RATINGS,NUM_TEST_RATINGS,TIME_INITIAL,TIME_REFINE,TIME_TEST,random_test_predictions_ratings,good_test_predictions_ratings,hypers,redisplay_check,arbitrary_check
0,8dcf52ba-6c89-4a79-a079-c01a063757b0,6.2-knn-mpc-dresses10,1.2,A360G2OGSCY9ME,Completed,1,40,41,15,7.390835523605347,160.90468955039978,55.01104116439819,"{131619: (0.5, -1.0), 215111: (-0.019586962989229854, -0.5), 199338: (0.16947422473953155, -1.0), 97936: (-0.3605242664019444, -1.0), 242952: (0.2944490971324568, -1.0), 267876: (-0.2391975417457624, 0.5), 58925: (0.6552340468588973, 1.0), 148248: (-0.8435775762227518, 1.0), 189282: (0.15020968520782713, 1.0), 44489: (-0.3454901135120514, -0.5)}","{322411: (0.784587554258499, -1.0), 105765: (0.7807549544472863, -0.5), 85900: (0.7769288668183587, 0.5), 230668: (0.7763351642824277, -1.0), 42556: (0.7718821565409675, 0.5)}",{'dummy': 0.25085133334177},"[(-1.0, 0.5)]",[]
