impression,user_id,app_version,model_version,mturk_id,status,NUM_INITIAL_RATINGS,NUM_REFINE_RATINGS,TOTAL_TRAINING_RATINGS,NUM_TEST_RATINGS,TIME_INITIAL,TIME_REFINE,TIME_TEST,random_test_predictions_ratings,good_test_predictions_ratings,hypers,redisplay_check,arbitrary_check
0,79066b10-619c-41c4-bd86-286def11500b,6.2-knn-mpc-dresses10,1.2,A1T21AFJP4COSR,Completed,1,30,31,15,5.07332968711853,236.44124245643616,173.2222580909729,"{2518: (0.4853997773004214, 1.0), 171874: (-0.6452463219522676, 1.0), 41566: (-0.2413154666851646, 1.0), 268931: (-0.4918463737172196, -1.0), 238516: (-0.5409979489185469, -0.5), 163512: (0.32548654110358094, 1.0), 246586: (-0.5218328927109033, -0.5), 108938: (0.19169181305362834, -1.0), 267495: (-0.36769635414062046, -1.0), 85513: (0.8531861197759018, 0.0)}","{146856: (1.0000000000000002, 1.0), 259564: (1.0000000000000002, -1.0), 16437: (1.0000000000000002, 1.0), 275430: (1.0000000000000002, 1.0), 237694: (1.0000000000000002, 1.0)}",{'dummy': 0.6634771067908702},"[(1.0, 1.0)]",[]
