impression,user_id,app_version,model_version,status,NUM_INITIAL_RATINGS,NUM_REFINE_RATINGS,TOTAL_TRAINING_RATINGS,NUM_TEST_RATINGS,items_shown,ratings,model_fit,history_dict,hypers,redisplay_check,arbitrary_check,hyper_history
0,c07966bc-17fb-44f9-bac3-55e47b4015fa,6.2-knn-mpc-dresses10,1.2,Started,1,20,21,15,"[210211, 261429, 304944, 168742, 25354, 75500, 78745, 159722, 48655, 269948, 264331, 215157, 91177, 188977, 25985, 22933, 295462, 286245, 245300, 136801, 289703]","[1.0, 1.0, 1.0, -1.0, 1.0, 1.0, -1.0, 1.0, 1.0, 1.0, 1.0, -1.0, 1.0, 1.0, -1.0, 1.0, -1.0, -1.0, 1.0, 1.0, -1.0]","[1.0, 1.0, 1.0, -1.0, 1.0, 1.0, -1.0, 1.0, 1.0, 1.0, 1.0, -1.0, 1.0, 1.0, -1.0, 1.0, -1.0, -1.0, 1.0, 1.0, -1.0]","{210211: (1.0, 1.0), 261429: (1.0, 1.0), 304944: (1.0, 1.0), 168742: (-1.0, -1.0), 25354: (1.0, 1.0), 75500: (1.0, 1.0), 78745: (-1.0, -1.0), 159722: (1.0, 1.0), 48655: (1.0, 1.0), 269948: (1.0, 1.0), 264331: (1.0, 1.0), 215157: (-1.0, -1.0), 91177: (1.0, 1.0), 188977: (1.0, 1.0), 25985: (-1.0, -1.0), 22933: (1.0, 1.0), 295462: (-1.0, -1.0), 286245: (-1.0, -1.0), 245300: (1.0, 1.0), 136801: (1.0, 1.0), 289703: (-1.0, -1.0)}",{'dummy': 0.8137928556290375},"[(1.0, 1.0)]",[],"[{'dummy': 0.14773634189686724}, {'dummy': 0.8099868175143308}, {'dummy': 0.1930680265006447}, {'dummy': 0.5329571098663654}, {'dummy': 0.28822439507776}, {'dummy': 0.6283265436826592}, {'dummy': 0.5731466464985575}, {'dummy': 0.35709169362279836}, {'dummy': 0.08243863475255242}, {'dummy': 0.30018200304313947}, {'dummy': 0.45856430968967954}, {'dummy': 0.5132729702825171}, {'dummy': 0.5884877842790674}, {'dummy': 0.9796757231873202}, {'dummy': 0.9853124790059935}, {'dummy': 0.6899061581633705}, {'dummy': 0.6933168565190818}, {'dummy': 0.8642824288128083}, {'dummy': 0.6434901180320576}, {'dummy': 0.5399553510547418}]"
