impression,user_id,app_version,model_version,mturk_id,status,NUM_INITIAL_RATINGS,NUM_REFINE_RATINGS,TOTAL_TRAINING_RATINGS,NUM_TEST_RATINGS,TIME_INITIAL,TIME_REFINE,TIME_TEST,random_test_predictions_ratings,good_test_predictions_ratings,hypers,redisplay_check,arbitrary_check
0,e9ce7efa-26a3-4bbf-b784-035289eee2be,6.2-knn-mpc-dresses10,1.2,AUDH0P4ZHJKS2,Completed,1,40,41,15,5.126529693603516,164.04768180847168,49.542633295059204,"{133234: (0.1808476334043732, 0.5), 103796: (-0.12802226689142235, -0.5), 279990: (0.3561399887036816, 0.5), 141186: (-0.3520870346096123, 0.0), 237081: (-0.18422195641117217, 1.0), 125281: (-0.3279259085048969, 1.0), 244514: (-0.004569625989967921, 1.0), 246044: (-0.21011443053644122, 0.0), 97396: (0.033799097853874124, 0.5), 127712: (0.029574345198876223, -1.0)}","{311434: (1.0000000000000002, 0.0), 263241: (1.0, -0.5), 219618: (1.0, 0.5), 265738: (1.0, 1.0), 30146: (1.0, 1.0)}",{'dummy': 0.6038513867920365},"[(0.0, 0.0)]",[]
