impression,user_id,app_version,model_version,status,NUM_INITIAL_RATINGS,NUM_REFINE_RATINGS,TOTAL_TRAINING_RATINGS,NUM_TEST_RATINGS,items_shown,ratings,model_fit,history_dict,hypers,redisplay_check,arbitrary_check,hyper_history
0,4133b347-521f-4b6b-bc7a-39a4586bd51b,6.2-knn-mpc-dresses10,1.2,Started,1,20,21,15,"[159550, 154470, 255213, 258445, 127315, 169830, 278033, 290278, 330229, 328813, 152091, 138554, 288815, 21226, 83768, 316377, 149178, 272059, 161834, 261342, 146080]","[0.5, -1.0, 1.0, 1.0, 1.0, -0.5, -1.0, 1.0, -1.0, -1.0, -0.5, 0.0, -1.0, 1.0, 1.0, 0.5, -1.0, 1.0, 0.0, 0.0, 1.0]","[0.5, -1.0, 1.0, 1.0, 1.0, -0.5, -1.0, 1.0, -1.0, -1.0, -0.5, 0.0, -1.0, 1.0, 1.0, 0.5, -1.0, 1.0, 0.0, 0.0, 1.0]","{159550: (0.5, 0.5), 154470: (-1.0, -1.0), 255213: (1.0, 1.0), 258445: (1.0, 1.0), 127315: (1.0, 1.0), 169830: (-0.5, -0.5), 278033: (-1.0, -1.0), 290278: (1.0, 1.0), 330229: (-1.0, -1.0), 328813: (-1.0, -1.0), 152091: (-0.5, -0.5), 138554: (0.0, 0.0), 288815: (-1.0, -1.0), 21226: (1.0, 1.0), 83768: (1.0, 1.0), 316377: (0.5, 0.5), 149178: (-1.0, -1.0), 272059: (1.0, 1.0), 161834: (0.0, 0.0), 261342: (0.0, 0.0), 146080: (1.0, 1.0)}",{'dummy': 0.2065237132070955},"[(1.0, 1.0)]",[],"[{'dummy': 0.8136466090038085}, {'dummy': 0.24592686406828523}, {'dummy': 0.533697665259561}, {'dummy': 0.21667935823559392}, {'dummy': 0.8923112431807952}, {'dummy': 0.32179040583785734}, {'dummy': 0.15393334773503664}, {'dummy': 0.09608838224668592}, {'dummy': 0.25704353536824454}, {'dummy': 0.8449866438761466}, {'dummy': 0.8540778672084041}, {'dummy': 0.8870503967291917}, {'dummy': 0.20584681267846638}, {'dummy': 0.4749235578218055}, {'dummy': 0.10876928857223322}, {'dummy': 0.09465117044448024}, {'dummy': 0.42355661285474444}, {'dummy': 0.8048909850677785}, {'dummy': 0.08230447157401521}, {'dummy': 0.44490496853784167}]"
