impression,user_id,app_version,model_version,mturk_id,status,NUM_INITIAL_RATINGS,NUM_REFINE_RATINGS,TOTAL_TRAINING_RATINGS,NUM_TEST_RATINGS,TIME_INITIAL,TIME_REFINE,TIME_TEST,random_test_predictions_ratings,good_test_predictions_ratings,hypers,redisplay_check,arbitrary_check
0,ad894b50-6a27-4c09-9d82-cf69799e128f,6.2-knn-mpc-dresses10,1.2,A18QKM5Z69TLS,Completed,1,20,21,15,8.183719396591187,105.33201217651367,72.64208388328552,"{58010: (-0.3107013156497993, 0.0), 74697: (0.018250823099863537, 0.0), 31993: (-0.027471936257695624, -0.5), 74529: (0.17590994461476622, 0.5), 105908: (0.02163487773899447, 0.0), 171558: (0.1902185752427032, 0.0), 295564: (-0.010294097521655736, -0.5), 291030: (-0.028173046199316737, 0.0), 245367: (-0.5, 0.0), 180620: (-0.007084555020466692, -0.5)}","{329880: (1.0, -0.5), 277260: (1.0, 0.5), 175796: (1.0, 0.5), 66063: (1.0, 0.5), 43957: (1.0, 0.0)}",{'dummy': 0.8622070033338299},"[(-1.0, -0.5)]",[]
