impression,user_id,app_version,model_version,status,NUM_INITIAL_RATINGS,NUM_REFINE_RATINGS,TOTAL_TRAINING_RATINGS,NUM_TEST_RATINGS,items_shown,ratings,model_fit,history_dict,hypers,redisplay_check,arbitrary_check,hyper_history
0,580b71ec-b8da-43de-9df0-6914a0987ffa,6.2-knn-mpc-dresses10,1.2,Started,1,20,21,15,"[165892, 82666, 75398, 324759, 279575, 70871, 103686, 103463, 107931, 66301, 86505, 74968, 261935, 173717, 311282, 212297, 179569, 1647, 6486, 95715, 9560]","[1.0, -1.0, 0.5, 1.0, 0.5, -0.5, 0.0, -0.5, -1.0, 0.5, 0.5, 0.0, -0.5, 0.0, -0.5, -0.5, -1.0, -1.0, 0.5, -0.5, 0.5]","[1.0, -1.0, 0.5, 1.0, 0.5, -0.5, 3.469446951953614e-18, -0.5, -1.0, 0.5, 0.5, 3.469446951953614e-18, -0.5, 3.469446951953614e-18, -0.5, -0.5, -1.0, -1.0, 0.5, -0.5, 0.5]","{165892: (1.0, 1.0), 82666: (-1.0, -1.0), 75398: (0.5, 0.5), 324759: (1.0, 1.0), 279575: (0.5, 0.5), 70871: (-0.5, -0.5), 103686: (3.469446951953614e-18, 0.0), 103463: (-0.5, -0.5), 107931: (-1.0, -1.0), 66301: (0.5, 0.5), 86505: (0.5, 0.5), 74968: (3.469446951953614e-18, 0.0), 261935: (-0.5, -0.5), 173717: (3.469446951953614e-18, 0.0), 311282: (-0.5, -0.5), 212297: (-0.5, -0.5), 179569: (-1.0, -1.0), 1647: (-1.0, -1.0), 6486: (0.5, 0.5), 95715: (-0.5, -0.5), 9560: (0.5, 0.5)}",{'dummy': 0.09636810868452983},"[(0.5, 0.5)]",[],"[{'dummy': 0.7298646650469909}, {'dummy': 0.2048261646780012}, {'dummy': 0.5317761062847142}, {'dummy': 0.659959228896161}, {'dummy': 0.7190398711042327}, {'dummy': 0.8298036345126731}, {'dummy': 0.9950744439480232}, {'dummy': 0.21939375484872425}, {'dummy': 0.08384147726132041}, {'dummy': 0.23259873372751405}, {'dummy': 0.08401748742964965}, {'dummy': 0.1695850844125476}, {'dummy': 0.4097760754935891}, {'dummy': 0.08981471460572477}, {'dummy': 0.15416852292654348}, {'dummy': 0.1713430441931756}, {'dummy': 0.9708991548788097}, {'dummy': 0.16366982399787378}, {'dummy': 0.5104834326507549}, {'dummy': 0.8048710477652955}]"
