impression,user_id,app_version,model_version,mturk_id,status,NUM_INITIAL_RATINGS,NUM_REFINE_RATINGS,TOTAL_TRAINING_RATINGS,NUM_TEST_RATINGS,TIME_INITIAL,TIME_REFINE,TIME_TEST,random_test_predictions_ratings,good_test_predictions_ratings,hypers,redisplay_check,arbitrary_check
0,a00be965-5945-4b28-828d-6a970866adc0,6.2-knn-mpc-dresses10,1.2,AZ4OS53UFG7V0,Completed,1,40,41,15,7.944034576416016,285.86684370040894,63.86074256896973,"{163139: (-0.3484578424182452, -0.5), 109186: (-0.8361979183269102, -1.0), 273060: (0.15871087558989322, 1.0), 256658: (-0.19296744461566623, -0.5), 149985: (0.6748177932861701, 1.0), 184134: (-0.335066052939307, 0.0), 69993: (0.34779362596192237, 1.0), 260963: (-0.4004822252889995, 0.0), 193955: (-1.0, -1.0), 82095: (0.3282407334034205, 1.0)}","{173044: (1.0000000000000002, 1.0), 202632: (1.0000000000000002, 1.0), 278189: (1.0000000000000002, 1.0), 171370: (1.0000000000000002, 1.0), 171187: (1.0000000000000002, 1.0)}",{'dummy': 0.4705770982374562},"[(1.0, 1.0)]",[]
