impression,user_id,app_version,model_version,mturk_id,status,NUM_INITIAL_RATINGS,NUM_REFINE_RATINGS,TOTAL_TRAINING_RATINGS,NUM_TEST_RATINGS,TIME_INITIAL,TIME_REFINE,TIME_TEST,random_test_predictions_ratings,good_test_predictions_ratings,hypers,redisplay_check,arbitrary_check
0,2b18210a-1e00-498e-be52-a949dee4a772,6.2-knn-mpc-dresses10,1.2,AXG9QE79X4N1M,Completed,1,50,51,15,14.365623474121094,389.1439914703369,83.03729462623596,"{104092: (0.06311274723448553, 0.5), 77896: (0.5, 0.5), 234506: (-0.33333918437368554, 0.5), 16235: (0.35536982428960473, -0.5), 11549: (0.014426889281974938, -0.5), 168537: (0.11783279940928676, 0.5), 142319: (0.44601915163433486, -0.5), 35191: (-0.1708936328865961, -0.5), 276906: (0.1887099681344848, 1.0), 251194: (-0.09750709594595512, -0.5)}","{284658: (1.0000000000000002, 1.0), 268466: (1.0, 0.5), 317087: (1.0, 0.5), 142238: (1.0, 0.5), 89745: (1.0, -0.5)}",{'dummy': 0.6910128188832784},"[(0.5, 0.5)]",[]
