impression,user_id,app_version,model_version,mturk_id,status,NUM_INITIAL_RATINGS,NUM_REFINE_RATINGS,TOTAL_TRAINING_RATINGS,NUM_TEST_RATINGS,TIME_INITIAL,TIME_REFINE,TIME_TEST,random_test_predictions_ratings,good_test_predictions_ratings,hypers,redisplay_check,arbitrary_check
0,85e95731-19bc-458f-85a3-d39a8a5c7d75,6.2-knn-mpc-dresses10,1.2,A3RLTR7EOLQ8NL,Completed,1,20,21,15,52.16510319709778,168.5469422340393,125.84694862365723,"{115492: (0.009350681524326849, 0.0), 112547: (0.5098035557951133, 0.0), 68427: (-0.021265363213848438, -0.5), 160080: (-0.2195370682345556, 0.5), 135164: (0.653788583270581, 1.0), 121274: (0.3419539546598932, -0.5), 329247: (-0.11434724260873817, 0.0), 186674: (0.006550073106702525, 0.5), 298563: (-0.31882721333291886, 0.0), 260972: (0.5009595903853089, 0.5)}","{65342: (1.0000000000000002, 1.0), 296343: (1.0000000000000002, 1.0), 221866: (1.0000000000000002, 0.0), 326555: (1.0000000000000002, -0.5), 278169: (1.0000000000000002, 0.0)}",{'dummy': 0.9720942399702217},"[(0.0, 0.0)]",[]
