impression,user_id,app_version,model_version,mturk_id,status,NUM_INITIAL_RATINGS,NUM_REFINE_RATINGS,TOTAL_TRAINING_RATINGS,NUM_TEST_RATINGS,TIME_INITIAL,TIME_REFINE,TIME_TEST,random_test_predictions_ratings,good_test_predictions_ratings,hypers,redisplay_check,arbitrary_check
0,cbe906cb-5e56-46d6-b8d5-f793a15f1558,6.2-knn-mpc-dresses10,1.2,AP9WG59CS7SFW,Completed,1,50,51,15,5.623418807983398,196.34767031669617,51.992676734924316,"{57296: (0.6805561003523043, 1.0), 136126: (0.1685949076509937, 0.0), 69175: (0.21404834574006867, 0.0), 301861: (0.15442325320091502, 0.0), 12835: (0.6364210439404628, 1.0), 291921: (1.0, 1.0), 265113: (0.3603333348317798, -0.5), 68045: (0.5, -0.5), 128711: (-0.5, -1.0), 40377: (-0.33553971137558664, -0.5)}","{60112: (1.0000000000000002, 1.0), 10761: (1.0000000000000002, 1.0), 232820: (1.0000000000000002, 1.0), 11219: (1.0000000000000002, 1.0), 58830: (1.0000000000000002, 0.5)}",{'dummy': 0.9698933309928461},"[(1.0, 1.0)]",[]
