impression,user_id,app_version,model_version,mturk_id,status,NUM_INITIAL_RATINGS,NUM_REFINE_RATINGS,TOTAL_TRAINING_RATINGS,NUM_TEST_RATINGS,TIME_INITIAL,TIME_REFINE,TIME_TEST,random_test_predictions_ratings,good_test_predictions_ratings,hypers,redisplay_check,arbitrary_check
0,46bb950d-3013-4425-9925-57e3c5a58e7e,6.2-knn-mpc-dresses10,1.2,AIIRH4RUPSAJF,Completed,1,30,31,15,4.913782835006714,111.38137578964233,50.8775110244751,"{59463: (0.1808879751275946, 0.5), 54663: (0.3591990321865121, -0.5), 251309: (-0.18602288803946523, -0.5), 95742: (-0.34677461957793826, 0.0), 192770: (0.38233565296011507, 0.5), 255844: (-0.33528386173143093, 0.0), 184414: (0.5000000000000001, 0.5), 191685: (-0.15767416492625502, 0.0), 35575: (-0.3409539457675426, 0.0), 300787: (0.1626248035011305, -0.5)}","{206175: (0.8847010908515628, 1.0), 206586: (0.8830369170424317, -0.5), 297334: (0.8807080788787395, -0.5), 206266: (0.8800027906166008, 0.0), 297303: (0.877055129679466, -0.5)}",{'dummy': 0.2923568359526695},"[(0.5, -0.5)]",[]
