impression,user_id,app_version,model_version,mturk_id,status,NUM_INITIAL_RATINGS,NUM_REFINE_RATINGS,TOTAL_TRAINING_RATINGS,NUM_TEST_RATINGS,TIME_INITIAL,TIME_REFINE,TIME_TEST,random_test_predictions_ratings,good_test_predictions_ratings,hypers,redisplay_check,arbitrary_check
0,b6ab3028-707b-4103-bcbd-aeb151393fbe,6.2-knn-mpc-dresses10,1.2,A14GRG5UAY6Z41,Completed,1,30,31,15,12.124370574951172,318.23435282707214,218.30356812477112,"{207897: (-0.3193961111620535, -0.5), 59481: (-0.23993082003883814, -0.5), 152847: (-0.1630657002530417, 0.0), 31437: (0.5188997272608933, 1.0), 44076: (-0.33672998527165904, -1.0), 219466: (-0.17044379052269643, 0.5), 70539: (-0.7071365137819319, -0.5), 252417: (0.32077135270154766, -0.5), 76188: (-0.6671697687030438, 0.0), 266448: (-0.4879216469181208, -1.0)}","{154373: (0.8683979243358473, 1.0), 232591: (0.857316708918576, 1.0), 81195: (0.854842086429532, 1.0), 3966: (0.8540339995851106, 0.5), 68669: (0.8525394914782003, 1.0)}",{'dummy': 0.44946990043295565},"[(1.0, 1.0)]",[]
