impression,user_id,app_version,model_version,mturk_id,status,NUM_INITIAL_RATINGS,NUM_REFINE_RATINGS,TOTAL_TRAINING_RATINGS,NUM_TEST_RATINGS,TIME_INITIAL,TIME_REFINE,TIME_TEST,random_test_predictions_ratings,good_test_predictions_ratings,hypers,redisplay_check,arbitrary_check
0,118fcacd-64b2-4368-8f83-3b879eb1c0ca,6.2-knn-mpc-dresses10,1.2,A2K0L9M1ZZO5C9,Completed,1,40,41,15,6.674790382385254,174.7884874343872,62.725502014160156,"{59349: (-0.14221110806306736, 0.0), 132911: (0.1472280070991869, 0.0), 298705: (0.19867070675966556, 0.5), 304827: (0.0, 0.0), 77811: (-0.18239994652124591, 0.0), 259175: (-0.06377368664537535, 0.0), 232196: (-0.3237542392127233, 0.0), 181602: (-0.3277350951071517, 0.0), 98023: (0.16027303090579612, 0.0), 241020: (-0.1753707870967598, 0.0)}","{312608: (0.5, 0.0), 324383: (0.5, 0.0), 314218: (0.5, 0.0), 97837: (0.5, 0.0), 309432: (0.5, 0.0)}",{'dummy': 0.42415654210968934},"[(0.5, 0.5)]",[]
