impression,user_id,app_version,model_version,status,NUM_INITIAL_RATINGS,NUM_REFINE_RATINGS,TOTAL_TRAINING_RATINGS,NUM_TEST_RATINGS,items_shown,ratings,model_fit,history_dict,hypers,redisplay_check,arbitrary_check,hyper_history
0,58b2c97c-0874-469c-bdfe-1f21b90bc58d,6.2-knn-mpc-dresses10,1.2,Started,1,20,21,15,"[259552, 302528, 230551, 326132, 316009, 75492, 261850, 170273, 237810, 330592, 144631, 181976, 129793, 229589, 136986, 193317, 229093, 321189, 322223, 191605, 191489]","[1.0, 0.0, -1.0, 1.0, 0.5, 0.0, 1.0, 0.0, 0.0, 1.0, 0.0, 1.0, 0.5, 0.0, -1.0, -0.5, 0.0, 0.0, -0.5, 1.0, 0.5]","[0.9999999999999999, 0.0, -1.0, 0.9999999999999999, 0.49999999999999994, 0.0, 0.9999999999999999, 0.0, 0.0, 0.9999999999999999, 0.0, 0.9999999999999999, 0.49999999999999994, 0.0, -1.0, -0.5, 0.0, 0.0, -0.5, 0.9999999999999999, 0.49999999999999994]","{259552: (0.9999999999999999, 1.0), 302528: (0.0, 0.0), 230551: (-1.0, -1.0), 326132: (0.9999999999999999, 1.0), 316009: (0.49999999999999994, 0.5), 75492: (0.0, 0.0), 261850: (0.9999999999999999, 1.0), 170273: (0.0, 0.0), 237810: (0.0, 0.0), 330592: (0.9999999999999999, 1.0), 144631: (0.0, 0.0), 181976: (0.9999999999999999, 1.0), 129793: (0.49999999999999994, 0.5), 229589: (0.0, 0.0), 136986: (-1.0, -1.0), 193317: (-0.5, -0.5), 229093: (0.0, 0.0), 321189: (0.0, 0.0), 322223: (-0.5, -0.5), 191605: (0.9999999999999999, 1.0), 191489: (0.49999999999999994, 0.5)}",{'dummy': 0.7482301246271085},"[(-1.0, -1.0)]",[],"[{'dummy': 0.13499268292263333}, {'dummy': 0.5044137406807153}, {'dummy': 0.6785318241775765}, {'dummy': 0.8529800581369924}, {'dummy': 0.8620175414084131}, {'dummy': 0.8024607282217042}, {'dummy': 0.46751010435846707}, {'dummy': 0.1129513901097895}, {'dummy': 0.20950650837877882}, {'dummy': 0.6009537607166242}, {'dummy': 0.33458377283158736}, {'dummy': 0.7881849067853646}, {'dummy': 0.11445248356506899}, {'dummy': 0.42482524396131016}, {'dummy': 0.2634093366336473}, {'dummy': 0.9968000869009853}, {'dummy': 0.14823681046202264}, {'dummy': 0.30378287067460197}, {'dummy': 0.12600124639970056}, {'dummy': 0.43323596315419133}]"
