impression,user_id,app_version,model_version,status,NUM_INITIAL_RATINGS,NUM_REFINE_RATINGS,TOTAL_TRAINING_RATINGS,NUM_TEST_RATINGS,items_shown,ratings,model_fit,history_dict,hypers,redisplay_check,arbitrary_check,hyper_history
0,d8b39daf-298d-475a-9cf8-d3c78449bbc3,6.2-knn-mpc-dresses10,1.2,Started,1,20,21,15,"[163758, 192893, 186614, 159024, 20605, 180451, 164560, 283360, 217376, 310788, 233799, 40690, 3912, 146435, 184201, 56274, 39460, 152721, 24106, 325913, 121947]","[-0.5, -1.0, 1.0, -0.5, 0.5, -0.5, -0.5, -1.0, 1.0, 0.5, 0.5, -0.5, 0.5, -0.5, 0.5, -1.0, 1.0, 0.5, -0.5, -0.5, 1.0]","[-0.5, -0.9999999999999999, 1.0, -0.5, 0.5, -0.5, -0.5, -0.9999999999999999, 1.0, 0.5, 0.5, -0.5, 0.5, -0.5, 0.5, -0.9999999999999999, 1.0, 0.5, -0.5, -0.5, 1.0]","{163758: (-0.5, -0.5), 192893: (-0.9999999999999999, -1.0), 186614: (1.0, 1.0), 159024: (-0.5, -0.5), 20605: (0.5, 0.5), 180451: (-0.5, -0.5), 164560: (-0.5, -0.5), 283360: (-0.9999999999999999, -1.0), 217376: (1.0, 1.0), 310788: (0.5, 0.5), 233799: (0.5, 0.5), 40690: (-0.5, -0.5), 3912: (0.5, 0.5), 146435: (-0.5, -0.5), 184201: (0.5, 0.5), 56274: (-0.9999999999999999, -1.0), 39460: (1.0, 1.0), 152721: (0.5, 0.5), 24106: (-0.5, -0.5), 325913: (-0.5, -0.5), 121947: (1.0, 1.0)}",{'dummy': 0.43289791665556776},"[(1.0, 1.0)]",[],"[{'dummy': 0.49982410368371744}, {'dummy': 0.2138891254287829}, {'dummy': 0.4623631569410308}, {'dummy': 0.8739909443782219}, {'dummy': 0.7951179663454069}, {'dummy': 0.7738757510055023}, {'dummy': 0.19405950985448672}, {'dummy': 0.5450688389357167}, {'dummy': 0.9452380873249152}, {'dummy': 0.3002327985857971}, {'dummy': 0.1416561939429427}, {'dummy': 0.6316993282676852}, {'dummy': 0.218651003581404}, {'dummy': 0.4744224679367145}, {'dummy': 0.48899171284510434}, {'dummy': 0.30087958318475505}, {'dummy': 0.36434034915355396}, {'dummy': 0.7920374082545203}, {'dummy': 0.6448002169013224}, {'dummy': 0.7480285948873484}]"
