impression,user_id,app_version,model_version,mturk_id,status,NUM_INITIAL_RATINGS,NUM_REFINE_RATINGS,TOTAL_TRAINING_RATINGS,NUM_TEST_RATINGS,TIME_INITIAL,TIME_REFINE,TIME_TEST,random_test_predictions_ratings,good_test_predictions_ratings,hypers,redisplay_check,arbitrary_check
0,1d4744d4-2928-4f75-a677-cf452cc4c964,6.2-knn-mpc-dresses10,1.2,A2RMZBVKX3GQCY,Completed,1,40,41,15,9.2230863571167,284.1781196594238,95.55606603622437,"{128004: (-0.6746338723588123, -0.5), 211064: (-0.2730433311287261, 0.5), 125559: (-0.6826508838631964, -1.0), 206119: (-0.8352991128605987, -0.5), 195676: (0.710215490596483, 0.5), 219067: (-0.13125835717184675, 1.0), 145608: (0.33526758820112335, 1.0), 329084: (-0.7951147123584734, 0.0), 240447: (-0.318856459177118, -0.5), 68579: (-0.5232851906317415, 0.0)}","{319042: (1.0000000000000002, 1.0), 65530: (1.0000000000000002, 0.0), 76051: (1.0000000000000002, 1.0), 40727: (1.0000000000000002, 1.0), 225221: (1.0000000000000002, 1.0)}",{'dummy': 0.2117979106987794},"[(-0.5, -1.0)]",[]
