impression,user_id,app_version,model_version,mturk_id,status,NUM_INITIAL_RATINGS,NUM_REFINE_RATINGS,TOTAL_TRAINING_RATINGS,NUM_TEST_RATINGS,TIME_INITIAL,TIME_REFINE,TIME_TEST,random_test_predictions_ratings,good_test_predictions_ratings,hypers,redisplay_check,arbitrary_check
0,49d51f00-683e-4c52-a00b-8173e58a211f,6.2-knn-mpc-dresses10,1.2,A20YGFCRNDTD6,Completed,1,20,21,15,5.537932634353638,115.40707921981812,99.56122660636902,"{111038: (-0.08205468553798967, -1.0), 243621: (0.3362898272576729, 1.0), 38717: (-0.17752776236904447, -1.0), 214481: (0.009821570716861797, -0.5), 71879: (-0.642469456320751, -0.5), 179209: (-0.446848592177534, -0.5), 173796: (-0.5, -0.5), 183887: (-0.30731582696724485, -0.5), 57566: (0.5783590650808241, 0.5), 68016: (-0.6968596832647322, -1.0)}","{214594: (1.0000000000000002, -1.0), 56950: (1.0000000000000002, 1.0), 85698: (1.0000000000000002, 0.5), 85594: (1.0000000000000002, -0.5), 30387: (1.0000000000000002, 1.0)}",{'dummy': 0.024438850411016122},"[(1.0, -1.0)]",[]
