impression,user_id,app_version,model_version,mturk_id,status,NUM_INITIAL_RATINGS,NUM_REFINE_RATINGS,TOTAL_TRAINING_RATINGS,NUM_TEST_RATINGS,TIME_INITIAL,TIME_REFINE,TIME_TEST,random_test_predictions_ratings,good_test_predictions_ratings,hypers,redisplay_check,arbitrary_check
0,07a9579b-ac72-4b86-b755-f6fb00bfbb14,6.2-knn-mpc-dresses10,1.2,A13ZQSOMIZAN4Y,Completed,1,30,31,15,11.640489101409912,179.94514155387878,73.18362927436829,"{302626: (0.322925935458774, 0.5), 228303: (0.4999999999999999, 0.5), 39509: (-0.03463049603447712, 0.5), 166852: (0.18148083691826072, 1.0), 3060: (0.3937879652111496, -1.0), 268014: (0.8346870717311453, 0.5), 183012: (0.34539391872673686, -0.5), 229959: (0.8395252687163118, -1.0), 155502: (-0.49467853421054797, 0.5), 329348: (0.0013688066640005925, 0.5)}","{51675: (1.0000000000000002, -0.5), 82765: (1.0000000000000002, 0.5), 149041: (1.0000000000000002, 0.0), 240309: (1.0000000000000002, -0.5), 36895: (1.0000000000000002, 0.0)}",{'dummy': 0.00307317111107841},"[(-1.0, -1.0)]",[]
