impression,user_id,app_version,model_version,mturk_id,status,NUM_INITIAL_RATINGS,NUM_REFINE_RATINGS,TOTAL_TRAINING_RATINGS,NUM_TEST_RATINGS,TIME_INITIAL,TIME_REFINE,TIME_TEST,random_test_predictions_ratings,good_test_predictions_ratings,hypers,redisplay_check,arbitrary_check
0,3b4ece14-f2d6-4b7a-9d1b-6ced0836b258,6.2-knn-mpc-dresses10,1.2,AL7M7T6WKQPIV,Completed,1,30,31,15,4.882852792739868,178.75311827659607,72.23563003540039,"{130320: (0.018657709314500018, -0.5), 2670: (-0.5159530799450541, -0.5), 191684: (0.1388414934224583, 0.5), 103747: (0.00631422655931037, 0.0), 242251: (0.003311768319194084, 0.5), 23629: (0.6548367565200033, -0.5), 313122: (-0.021095333054224556, -0.5), 58184: (0.30829583379446135, 0.0), 188343: (-0.14111184598560736, 0.0), 24823: (0.2622267062600069, 0.0)}","{10801: (0.8940852672762315, 0.5), 279657: (0.8902622892119357, 0.5), 225276: (0.8901238648937358, 1.0), 204001: (0.8878439316829395, 0.5), 296916: (0.886630216566843, -0.5)}",{'dummy': 0.16996759696187314},"[(-0.5, -0.5)]",[]
