impression,user_id,app_version,model_version,status,NUM_INITIAL_RATINGS,NUM_REFINE_RATINGS,TOTAL_TRAINING_RATINGS,NUM_TEST_RATINGS,items_shown,ratings,model_fit,history_dict,hypers,redisplay_check,arbitrary_check,hyper_history
0,bb33b038-13e5-4f4d-ba36-2427ce309b19,6.2-knn-mpc-dresses10,1.2,Started,1,20,21,15,"[117810, 226987, 121069, 158292, 257484, 281296, 221939, 268952, 303955, 43064, 246852, 130223, 314033, 72066, 216078, 329742, 122338, 298507, 123061, 269339, 21719]","[-1.0, -0.5, 0.5, 1.0, 0.0, -1.0, 0.5, -0.5, -0.5, 1.0, -0.5, 0.5, -0.5, -0.5, -1.0, 0.5, -0.5, -1.0, -0.5, -0.5, 0.5]","[-1.0, -0.5, 0.5, 1.0, 0.0, -1.0, 0.5, -0.5, -0.5, 1.0, -0.5, 0.5, -0.5, -0.5, -1.0, 0.5, -0.5, -1.0, -0.5, -0.5, 0.5]","{117810: (-1.0, -1.0), 226987: (-0.5, -0.5), 121069: (0.5, 0.5), 158292: (1.0, 1.0), 257484: (0.0, 0.0), 281296: (-1.0, -1.0), 221939: (0.5, 0.5), 268952: (-0.5, -0.5), 303955: (-0.5, -0.5), 43064: (1.0, 1.0), 246852: (-0.5, -0.5), 130223: (0.5, 0.5), 314033: (-0.5, -0.5), 72066: (-0.5, -0.5), 216078: (-1.0, -1.0), 329742: (0.5, 0.5), 122338: (-0.5, -0.5), 298507: (-1.0, -1.0), 123061: (-0.5, -0.5), 269339: (-0.5, -0.5), 21719: (0.5, 0.5)}",{'dummy': 0.5936272279218887},"[(0.5, 0.5)]",[],"[{'dummy': 0.5552705729200731}, {'dummy': 0.12457294482659353}, {'dummy': 0.016495436590408752}, {'dummy': 0.6512457535788225}, {'dummy': 0.003589314849079095}, {'dummy': 0.4936774345596433}, {'dummy': 0.6913432911306743}, {'dummy': 0.4748937828695716}, {'dummy': 0.9930694074208928}, {'dummy': 0.23998044359602566}, {'dummy': 0.08590397404600403}, {'dummy': 0.08716583430690361}, {'dummy': 0.814416191115426}, {'dummy': 0.8091776434817425}, {'dummy': 0.027764542112600377}, {'dummy': 0.2299257772473169}, {'dummy': 0.5938382271091663}, {'dummy': 0.2771579335832275}, {'dummy': 0.6179858619768139}, {'dummy': 0.006985720138959928}]"
