impression,user_id,app_version,model_version,status,NUM_INITIAL_RATINGS,NUM_REFINE_RATINGS,TOTAL_TRAINING_RATINGS,NUM_TEST_RATINGS,items_shown,ratings,model_fit,history_dict,hypers,redisplay_check,arbitrary_check,hyper_history
0,51d1d0b6-0f03-4302-a16d-d1285741205e,6.2-knn-mpc-dresses10,1.2,Started,1,20,21,15,"[131747, 157175, 102168, 101863, 165601, 131410, 18208, 132908, 170230, 116121, 115395, 47457, 136237, 84997, 82528, 76423, 232024, 71140, 269254, 256346, 180711]","[-0.5, 1.0, 0.5, 0.5, 0.0, 1.0, -0.5, 1.0, 0.0, -1.0, 0.5, -1.0, -1.0, 1.0, -1.0, 0.5, 1.0, 0.5, -1.0, 0.0, 0.5]","[-0.5, 1.0, 0.5, 0.5, -1.734723475976807e-18, 1.0, -0.5, 1.0, -1.734723475976807e-18, -1.0, 0.5, -1.0, -1.0, 1.0, -1.0, 0.5, 1.0, 0.5, -1.0, -1.734723475976807e-18, 0.5]","{131747: (-0.5, -0.5), 157175: (1.0, 1.0), 102168: (0.5, 0.5), 101863: (0.5, 0.5), 165601: (-1.734723475976807e-18, 0.0), 131410: (1.0, 1.0), 18208: (-0.5, -0.5), 132908: (1.0, 1.0), 170230: (-1.734723475976807e-18, 0.0), 116121: (-1.0, -1.0), 115395: (0.5, 0.5), 47457: (-1.0, -1.0), 136237: (-1.0, -1.0), 84997: (1.0, 1.0), 82528: (-1.0, -1.0), 76423: (0.5, 0.5), 232024: (1.0, 1.0), 71140: (0.5, 0.5), 269254: (-1.0, -1.0), 256346: (-1.734723475976807e-18, 0.0), 180711: (0.5, 0.5)}",{'dummy': 0.00329195892853984},"[(0.5, 0.5)]",[],"[{'dummy': 0.7841452092056611}, {'dummy': 0.3480814805498247}, {'dummy': 0.6692316625661733}, {'dummy': 0.7826195176577299}, {'dummy': 0.5155450224253924}, {'dummy': 0.4614050386311286}, {'dummy': 0.5348312015076122}, {'dummy': 0.5851981402550984}, {'dummy': 0.7398879533952515}, {'dummy': 0.469363935771129}, {'dummy': 0.8409270768430899}, {'dummy': 0.6442781798440386}, {'dummy': 0.14575515963667862}, {'dummy': 0.5410525192167696}, {'dummy': 0.7391137405648897}, {'dummy': 0.7037859558426186}, {'dummy': 0.4318543307768634}, {'dummy': 0.9354489167024032}, {'dummy': 0.6667928383015616}, {'dummy': 0.9760719834742314}]"
