impression,user_id,app_version,model_version,status,NUM_INITIAL_RATINGS,NUM_REFINE_RATINGS,TOTAL_TRAINING_RATINGS,NUM_TEST_RATINGS,items_shown,ratings,model_fit,history_dict,hypers,redisplay_check,arbitrary_check,hyper_history
0,9969aa72-984c-493e-b3fe-094458997ad6,6.2-knn-mpc-dresses10,1.2,Started,1,20,21,15,"[5528, 261906, 279378, 121692, 224854, 117476, 212207, 234850, 108396, 267266, 108793, 218342, 189462, 40875, 147845, 219019, 206800, 316712, 150486, 217872, 221006]","[1.0, -1.0, -1.0, 1.0, 0.0, 0.0, 1.0, -1.0, -1.0, 1.0, -1.0, 1.0, -1.0, -1.0, 0.5, 0.5, -0.5, 0.0, -1.0, -0.5, 0.0]","[1.0, -1.0, -1.0, 1.0, 0.0, 0.0, 1.0, -1.0, -1.0, 1.0, -1.0, 1.0, -1.0, -1.0, 0.49999999999999994, 0.49999999999999994, -0.5, 0.0, -1.0, -0.5, 0.0]","{5528: (1.0, 1.0), 261906: (-1.0, -1.0), 279378: (-1.0, -1.0), 121692: (1.0, 1.0), 224854: (0.0, 0.0), 117476: (0.0, 0.0), 212207: (1.0, 1.0), 234850: (-1.0, -1.0), 108396: (-1.0, -1.0), 267266: (1.0, 1.0), 108793: (-1.0, -1.0), 218342: (1.0, 1.0), 189462: (-1.0, -1.0), 40875: (-1.0, -1.0), 147845: (0.49999999999999994, 0.5), 219019: (0.49999999999999994, 0.5), 206800: (-0.5, -0.5), 316712: (0.0, 0.0), 150486: (-1.0, -1.0), 217872: (-0.5, -0.5), 221006: (0.0, 0.0)}",{'dummy': 0.10849412233995537},"[(-1.0, -1.0)]",[],"[{'dummy': 0.6966434417988746}, {'dummy': 0.7523075283171181}, {'dummy': 0.488129117216227}, {'dummy': 0.3012375937601699}, {'dummy': 0.8078395249271536}, {'dummy': 0.9875322624332921}, {'dummy': 0.2740863578051238}, {'dummy': 0.5252402786002143}, {'dummy': 0.07861969904306154}, {'dummy': 0.41142771486862384}, {'dummy': 0.9084752116218339}, {'dummy': 0.9539877871731097}, {'dummy': 0.7571288166914886}, {'dummy': 0.6867890445293163}, {'dummy': 0.33059151101907225}, {'dummy': 0.841634934534036}, {'dummy': 0.5334582241335191}, {'dummy': 0.43556646731810655}, {'dummy': 0.438373760750673}, {'dummy': 0.4660158558851859}]"
