impression,user_id,app_version,model_version,mturk_id,status,NUM_INITIAL_RATINGS,NUM_REFINE_RATINGS,TOTAL_TRAINING_RATINGS,NUM_TEST_RATINGS,TIME_INITIAL,TIME_REFINE,TIME_TEST,random_test_predictions_ratings,good_test_predictions_ratings,hypers,redisplay_check,arbitrary_check
0,2ebf9d76-d15a-43ea-97ae-5cf4c414f055,6.2-knn-mpc-dresses10,1.2,AXIH9BMJRJ70N,Completed,1,40,41,15,5.684873104095459,217.3688724040985,78.86722016334534,"{281292: (0.3482526888506655, 0.5), 86162: (-0.06596696356852562, -0.5), 253720: (-0.15373747356449516, -0.5), 287561: (0.18270797332567645, 0.0), 43613: (0.4265131712317342, 0.5), 157125: (0.1741795941093973, -0.5), 8979: (-0.3183150994567327, 1.0), 158003: (0.6642814493566327, -1.0), 18632: (-7.651278738249681e-05, 0.5), 176655: (-0.034332831105666456, 0.5)}","{157239: (0.8558512974774386, 0.0), 54774: (0.8525959824907339, 0.5), 233074: (0.8503725870242891, 0.0), 238471: (0.8496041870252236, 0.5), 100727: (0.849284208625783, 0.5)}",{'dummy': 0.20377521128142706},"[(-0.5, -0.5)]",[]
