impression,user_id,app_version,model_version,mturk_id,status,NUM_INITIAL_RATINGS,NUM_REFINE_RATINGS,TOTAL_TRAINING_RATINGS,NUM_TEST_RATINGS,TIME_INITIAL,TIME_REFINE,TIME_TEST,random_test_predictions_ratings,good_test_predictions_ratings,hypers,redisplay_check,arbitrary_check
0,79e4ce54-6557-45a3-9522-d89e522bc56d,6.2-knn-mpc-dresses10,1.2,A2UFHATEG76AO5,Completed,1,40,41,15,12.168478965759277,238.48403120040894,80.25691890716553,"{123615: (-0.029987827738067234, 0.0), 322751: (0.34230576017090086, 0.0), 203330: (0.15647507604108485, -0.5), 2513: (-0.1769640306679831, 0.0), 258485: (0.15717747909746718, 0.0), 202436: (-0.16908064033615544, -1.0), 260868: (-0.001335537778839501, 0.5), 203818: (0.15721923900371715, 0.0), 64277: (-0.3328980188337416, 0.5), 289576: (-0.0282168026579857, 0.0)}","{105931: (0.7101337094837732, 0.0), 270212: (0.6935605821944197, 0.0), 245826: (0.6902526999981027, -0.5), 15055: (0.6825681973636297, -0.5), 14538: (0.6817344544225177, -0.5)}",{'dummy': 0.8069568741036263},"[(-0.5, -0.5)]",[]
