impression,user_id,app_version,model_version,mturk_id,status,NUM_INITIAL_RATINGS,NUM_REFINE_RATINGS,TOTAL_TRAINING_RATINGS,NUM_TEST_RATINGS,TIME_INITIAL,TIME_REFINE,TIME_TEST,random_test_predictions_ratings,good_test_predictions_ratings,hypers,redisplay_check,arbitrary_check
0,667b15c0-e597-4b41-869c-e494a84f2019,6.2-knn-mpc-dresses10,1.2,A1VB2LP675RP8E,Completed,1,50,51,15,4.422940492630005,200.4870388507843,52.440234899520874,"{85263: (-0.6593984854434156, 0.0), 278443: (-0.5159360132918642, 0.0), 124858: (0.3439334676587535, 0.0), 245908: (0.0, 1.0), 55964: (0.3129282386179423, 0.0), 291508: (-0.2810497868261297, 0.0), 61379: (-0.15945287717683984, 0.0), 3048: (-0.24897394350183571, 0.0), 180869: (-0.09090352970170357, 0.0), 98156: (-0.3142821781652425, 0.0)}","{134719: (1.0000000000000002, 0.5), 141654: (1.0000000000000002, 0.0), 206554: (1.0000000000000002, 1.0), 248: (1.0000000000000002, 1.0), 42395: (1.0000000000000002, 0.0)}",{'dummy': 0.3299035103698541},"[(1.0, 0.0)]",[]
