impression,user_id,app_version,model_version,mturk_id,status,NUM_INITIAL_RATINGS,NUM_REFINE_RATINGS,TOTAL_TRAINING_RATINGS,NUM_TEST_RATINGS,TIME_INITIAL,TIME_REFINE,TIME_TEST,random_test_predictions_ratings,good_test_predictions_ratings,hypers,redisplay_check,arbitrary_check
0,416c8650-338b-48d9-802f-f3272887f77a,6.2-knn-mpc-dresses10,1.2,A2LW7MR7OP748L,Completed,1,50,51,15,6.1619720458984375,145.6036193370819,51.50298285484314,"{159168: (0.16661607800493097, 0.0), 8447: (0.2274631174238815, 0.5), 317867: (-0.21731714570030455, -0.5), 199162: (0.6785360999120348, -0.5), 270917: (-0.056629992875014766, 0.5), 212892: (-0.21937177684493725, -0.5), 98282: (0.008224863585844847, -0.5), 102504: (-0.037903470952783624, 0.5), 170975: (-0.1806403653530078, -0.5), 138394: (0.4999999999999999, 0.5)}","{240302: (0.8834272892840311, -0.5), 311684: (0.8800175567295565, 0.5), 269503: (0.878044908662101, 0.5), 214777: (0.8749204982334222, -0.5), 132029: (0.8697370603918791, -0.5)}",{'dummy': 0.2888386357366195},"[(0.0, 0.5)]",[]
