impression,user_id,app_version,model_version,status,NUM_INITIAL_RATINGS,NUM_REFINE_RATINGS,TOTAL_TRAINING_RATINGS,NUM_TEST_RATINGS,items_shown,ratings,model_fit,history_dict,hypers,redisplay_check,arbitrary_check,hyper_history
0,310b84a6-0aa8-4a6c-a281-ca58d5ea0ec6,6.2-knn-mpc-dresses10,1.2,Started,1,30,31,15,"[265493, 179310, 32991, 196868, 134307, 322063, 233830, 85326, 43632, 4084, 311569, 222844, 200640, 158845, 23290, 122722, 36218, 93872, 47588, 108612, 114158, 67716, 53313, 266255, 46167, 88917, 46699, 193535, 156658, 222705, 39117]","[0.0, 0.0, -0.5, 0.0, 0.5, -0.5, 0.5, 0.0, 0.0, 0.0, -0.5, 0.0, 0.0, -0.5, 0.5, 0.5, -0.5, 0.5, 0.0, 0.5, 0.5, 0.0, -0.5, 0.0, -0.5, 0.0, 0.0, 0.0, 0.0, -0.5, -0.5]","[0.0, 0.0, -0.5, 0.0, 0.5, -0.5, 0.5, 0.0, 0.0, 0.0, -0.5, 0.0, 0.0, -0.5, 0.5, 0.5, -0.5, 0.5, 0.0, 0.5, 0.5, 0.0, -0.5, 0.0, -0.5, 0.0, 0.0, 0.0, 0.0, -0.5, -0.5]","{265493: (0.0, 0.0), 179310: (0.0, 0.0), 32991: (-0.5, -0.5), 196868: (0.0, 0.0), 134307: (0.5, 0.5), 322063: (-0.5, -0.5), 233830: (0.5, 0.5), 85326: (0.0, 0.0), 43632: (0.0, 0.0), 4084: (0.0, 0.0), 311569: (-0.5, -0.5), 222844: (0.0, 0.0), 200640: (0.0, 0.0), 158845: (-0.5, -0.5), 23290: (0.5, 0.5), 122722: (0.5, 0.5), 36218: (-0.5, -0.5), 93872: (0.5, 0.5), 47588: (0.0, 0.0), 108612: (0.5, 0.5), 114158: (0.5, 0.5), 67716: (0.0, 0.0), 53313: (-0.5, -0.5), 266255: (0.0, 0.0), 46167: (-0.5, -0.5), 88917: (0.0, 0.0), 46699: (0.0, 0.0), 193535: (0.0, 0.0), 156658: (0.0, 0.0), 222705: (-0.5, -0.5), 39117: (-0.5, -0.5)}",{'dummy': 0.6879902137728847},"[(-0.5, -0.5)]",[],"[{'dummy': 0.25018281595797887}, {'dummy': 0.09481453676543261}, {'dummy': 0.5605705770392351}, {'dummy': 0.8030221553995142}, {'dummy': 0.36723234844039887}, {'dummy': 0.39216352206649097}, {'dummy': 0.7178966624439331}, {'dummy': 0.6396531731828351}, {'dummy': 0.48464624610139073}, {'dummy': 0.38998360726327685}, {'dummy': 0.1616146096683322}, {'dummy': 0.3429978062424869}, {'dummy': 0.2761389557721994}, {'dummy': 0.07474598513386799}, {'dummy': 0.8449412990888993}, {'dummy': 0.6475333295950262}, {'dummy': 0.8340702550475294}, {'dummy': 0.5685456453303003}, {'dummy': 0.5628228790654246}, {'dummy': 0.502028729684765}, {'dummy': 0.33425470438877136}, {'dummy': 0.9355856161227071}, {'dummy': 0.2689386306114585}, {'dummy': 0.1988054374295013}, {'dummy': 0.5257890774901381}, {'dummy': 0.6214297915799571}, {'dummy': 0.03980413051934417}, {'dummy': 0.39888940269184114}, {'dummy': 0.9856106717366256}, {'dummy': 0.2804570174170936}]"
