impression,user_id,app_version,model_version,mturk_id,status,NUM_INITIAL_RATINGS,NUM_REFINE_RATINGS,TOTAL_TRAINING_RATINGS,NUM_TEST_RATINGS,TIME_INITIAL,TIME_REFINE,TIME_TEST,random_test_predictions_ratings,good_test_predictions_ratings,hypers,redisplay_check,arbitrary_check
0,1d67fed6-bfe5-4066-9f2b-69295b06a436,6.2-knn-mpc-dresses10,1.2,A3W4YK7W94UIP5,Completed,1,50,51,15,8.84818434715271,150.66415333747864,38.39921498298645,"{8804: (0.9999999999999999, 1.0), 319989: (1.0, 1.0), 111669: (-0.3242748193906716, 1.0), 191887: (1.0, 1.0), 184764: (1.0, 1.0), 128829: (0.35401025241755096, 1.0), 274082: (0.9999999999999999, 1.0), 122209: (0.9999999999999999, 1.0), 298773: (1.0, 1.0), 82553: (-0.3986302180322625, 1.0)}","{211268: (1.0000000000000002, 1.0), 82763: (1.0000000000000002, 1.0), 139336: (1.0000000000000002, 1.0), 105047: (1.0000000000000002, 1.0), 74288: (1.0000000000000002, 1.0)}",{'dummy': 0.4048500800053624},"[(1.0, 1.0)]",[]
