impression,user_id,app_version,model_version,status,NUM_INITIAL_RATINGS,NUM_REFINE_RATINGS,TOTAL_TRAINING_RATINGS,NUM_TEST_RATINGS,items_shown,ratings,model_fit,history_dict,hypers,redisplay_check,arbitrary_check,hyper_history
0,1b27d5d6-aa8b-4bbc-93a6-3005462f40fb,6.2-knn-mpc-dresses10,1.2,Started,1,20,21,15,"[264018, 95472, 273159, 197615, 33777, 255941, 90574, 147825, 143803, 114282, 273415, 168585, 208509, 149958, 128495, 263197, 171751, 173186, 57177, 24452, 118769]","[0.0, 0.0, -0.5, -1.0, 0.0, -0.5, 0.0, 0.0, 0.0, 0.5, -0.5, -0.5, -0.5, 1.0, -1.0, 0.5, 1.0, -0.5, -0.5, -0.5, 0.0]","[0.0, 0.0, -0.5, -1.0, 0.0, -0.5, 0.0, 0.0, 0.0, 0.5, -0.5, -0.5, -0.5, 1.0, -1.0, 0.5, 1.0, -0.5, -0.5, -0.5, 0.0]","{264018: (0.0, 0.0), 95472: (0.0, 0.0), 273159: (-0.5, -0.5), 197615: (-1.0, -1.0), 33777: (0.0, 0.0), 255941: (-0.5, -0.5), 90574: (0.0, 0.0), 147825: (0.0, 0.0), 143803: (0.0, 0.0), 114282: (0.5, 0.5), 273415: (-0.5, -0.5), 168585: (-0.5, -0.5), 208509: (-0.5, -0.5), 149958: (1.0, 1.0), 128495: (-1.0, -1.0), 263197: (0.5, 0.5), 171751: (1.0, 1.0), 173186: (-0.5, -0.5), 57177: (-0.5, -0.5), 24452: (-0.5, -0.5), 118769: (0.0, 0.0)}",{'dummy': 0.018230901950334166},"[(-0.5, -0.5)]",[],"[{'dummy': 0.8703199049981856}, {'dummy': 0.062270755787868115}, {'dummy': 0.6541482166975415}, {'dummy': 0.6028054052632896}, {'dummy': 0.5577438471901397}, {'dummy': 0.23400054978953566}, {'dummy': 0.80031778723075}, {'dummy': 0.8986507668590559}, {'dummy': 0.33455088970465485}, {'dummy': 0.4486256034920991}, {'dummy': 0.4600275097505099}, {'dummy': 0.7504040222053427}, {'dummy': 0.0793824823638819}, {'dummy': 0.5156827199296269}, {'dummy': 0.7096574729354285}, {'dummy': 0.6596224589048216}, {'dummy': 0.9998003826855416}, {'dummy': 0.982112031756037}, {'dummy': 0.751792684419268}, {'dummy': 0.9478649935261492}]"
