impression,user_id,app_version,model_version,status,NUM_INITIAL_RATINGS,NUM_REFINE_RATINGS,TOTAL_TRAINING_RATINGS,NUM_TEST_RATINGS,items_shown,ratings,model_fit,history_dict,hypers,redisplay_check,arbitrary_check,hyper_history
0,ae7bf688-838e-4b7c-8640-016baa8364da,6.2-knn-mpc-dresses10,1.2,Started,1,30,31,15,"[68398, 298255, 168626, 128874, 147878, 66696, 80168, 94032, 27764, 250157, 23336, 12233, 326658, 12750, 86830, 241029, 202834, 224375, 42448, 193942, 135567, 147453, 165691, 127238, 19196, 79511, 28985, 88791, 76027, 309071, 201621]","[-1.0, 0.5, -0.5, 0.5, 0.0, 0.0, 0.5, -0.5, 0.0, 0.0, 0.5, 0.0, 1.0, -0.5, -0.5, -0.5, 1.0, 0.5, 0.0, 0.0, 0.0, -0.5, -1.0, 0.5, -0.5, 0.5, 0.0, 0.5, 0.5, 0.5, 1.0]","[-1.0, 0.5, -0.5, 0.5, 0.0, 0.0, 0.5, -0.5, 0.0, 0.0, 0.5, 0.0, 1.0, -0.5, -0.5, -0.5, 1.0, 0.5, 0.0, 0.0, 0.0, -0.5, -1.0, 0.5, -0.5, 0.5, 0.0, 0.5, 0.5, 0.5, 1.0]","{68398: (-1.0, -1.0), 298255: (0.5, 0.5), 168626: (-0.5, -0.5), 128874: (0.5, 0.5), 147878: (0.0, 0.0), 66696: (0.0, 0.0), 80168: (0.5, 0.5), 94032: (-0.5, -0.5), 27764: (0.0, 0.0), 250157: (0.0, 0.0), 23336: (0.5, 0.5), 12233: (0.0, 0.0), 326658: (1.0, 1.0), 12750: (-0.5, -0.5), 86830: (-0.5, -0.5), 241029: (-0.5, -0.5), 202834: (1.0, 1.0), 224375: (0.5, 0.5), 42448: (0.0, 0.0), 193942: (0.0, 0.0), 135567: (0.0, 0.0), 147453: (-0.5, -0.5), 165691: (-1.0, -1.0), 127238: (0.5, 0.5), 19196: (-0.5, -0.5), 79511: (0.5, 0.5), 28985: (0.0, 0.0), 88791: (0.5, 0.5), 76027: (0.5, 0.5), 309071: (0.5, 0.5), 201621: (1.0, 1.0)}",{'dummy': 0.2704986777188896},"[(-0.5, -0.5)]",[],"[{'dummy': 0.9343719053769517}, {'dummy': 0.23021556979644087}, {'dummy': 0.49588657429622907}, {'dummy': 0.667607552376476}, {'dummy': 0.18603689329641848}, {'dummy': 0.7715450994775733}, {'dummy': 0.916094298044641}, {'dummy': 0.9032093550710405}, {'dummy': 0.37670451785939796}, {'dummy': 0.5671634098864275}, {'dummy': 0.8576539157602594}, {'dummy': 0.4742011372546493}, {'dummy': 0.6946581365410401}, {'dummy': 0.24798697246493828}, {'dummy': 0.6144401442366271}, {'dummy': 0.682338404093431}, {'dummy': 0.5668430081726519}, {'dummy': 0.080056271707864}, {'dummy': 0.5094571363361242}, {'dummy': 0.8310718551583857}, {'dummy': 0.0005697375519647663}, {'dummy': 0.06467628925089186}, {'dummy': 0.5584509384825471}, {'dummy': 0.1590361359982958}, {'dummy': 0.8657132859300132}, {'dummy': 0.5272238509409942}, {'dummy': 0.056409295296835804}, {'dummy': 0.9089461004520327}, {'dummy': 0.3564707571274862}, {'dummy': 0.3511565006604622}]"
