impression,user_id,app_version,model_version,mturk_id,status,NUM_INITIAL_RATINGS,NUM_REFINE_RATINGS,TOTAL_TRAINING_RATINGS,NUM_TEST_RATINGS,TIME_INITIAL,TIME_REFINE,TIME_TEST,random_test_predictions_ratings,good_test_predictions_ratings,hypers,redisplay_check,arbitrary_check
0,d33425d5-7c2f-4c69-bfd6-8240d0338d1c,6.2-knn-mpc-dresses10,1.2,AHVM9ORYY3F5J,Completed,1,30,31,15,6.349135160446167,129.6313591003418,47.76089096069336,"{261807: (-0.5085520670464081, -0.5), 279872: (-1.0000000000000002, -1.0), 190062: (0.19343654848825678, -0.5), 136262: (-0.28223046954511877, 0.5), 326024: (0.3400273206185193, 0.0), 6366: (0.5108528439100778, -0.5), 250788: (-0.9999999999999999, -0.5), 76193: (-0.3123709037482776, 0.5), 12657: (-0.8206686558701461, 0.5), 17232: (-0.3291368506416638, -0.5)}","{94544: (0.8638162088884777, -0.5), 56417: (0.8600546233731325, 0.5), 120068: (0.8599077266155591, 0.5), 305816: (0.8580059475524838, 0.5), 303259: (0.8565482337896945, 0.5)}",{'dummy': 0.5556600910187333},"[(0.0, -0.5)]",[]
