impression,user_id,app_version,model_version,mturk_id,status,NUM_INITIAL_RATINGS,NUM_REFINE_RATINGS,TOTAL_TRAINING_RATINGS,NUM_TEST_RATINGS,TIME_INITIAL,TIME_REFINE,TIME_TEST,random_test_predictions_ratings,good_test_predictions_ratings,hypers,redisplay_check,arbitrary_check
0,b2d1a261-1873-44d4-a51c-dd30b0155fe5,6.2-knn-mpc-dresses10,1.2,AMFT78BSZA5MV,Completed,1,30,31,15,8.57539176940918,231.66724014282227,104.43043112754822,"{266173: (0.32681346218343077, 0.5), 250151: (0.005510345470089238, -0.5), 120031: (-0.0008371156065926358, -0.5), 16296: (0.03281536622929189, 0.0), 83124: (-0.13777792314178045, 0.5), 12027: (0.08506391085660939, 0.0), 330058: (0.08885291159036382, -1.0), 149546: (0.8460654877218816, 1.0), 50580: (0.014807244865161938, -1.0), 261943: (-0.33815256475391364, -0.5)}","{219441: (1.0000000000000002, 1.0), 221922: (1.0000000000000002, 0.5), 44172: (1.0000000000000002, 1.0), 50843: (1.0000000000000002, 1.0), 239407: (1.0000000000000002, 1.0)}",{'dummy': 0.8269741035736323},"[(1.0, 0.5)]",[]
