impression,user_id,app_version,model_version,mturk_id,status,NUM_INITIAL_RATINGS,NUM_REFINE_RATINGS,TOTAL_TRAINING_RATINGS,NUM_TEST_RATINGS,TIME_INITIAL,TIME_REFINE,TIME_TEST,random_test_predictions_ratings,good_test_predictions_ratings,hypers,redisplay_check,arbitrary_check
0,f3145ff9-5e2b-40a9-bb1d-31cbfddcae3d,6.2-knn-mpc-dresses10,1.2,A3TDPXTB6Y6H1I,Completed,1,20,21,15,10.917669534683228,84.51558804512024,54.582589626312256,"{170341: (-0.6637976761774184, -1.0), 209003: (-0.43960532789222845, 0.0), 269776: (-0.8192372566325627, 0.0), 73261: (0.30390898494496793, 1.0), 71932: (-0.9999999999999999, -1.0), 260122: (0.33703707669163824, 0.5), 258643: (0.2685339481645281, 1.0), 301419: (-0.9999999999999998, -0.5), 70373: (-0.6717077472478181, 1.0), 249716: (-0.8407566073112507, -1.0)}","{322886: (1.0000000000000002, 1.0), 263887: (1.0000000000000002, 1.0), 85225: (1.0000000000000002, 0.0), 90317: (1.0000000000000002, 1.0), 286535: (1.0000000000000002, 1.0)}",{'dummy': 0.18498380336012765},"[(1.0, 1.0)]",[]
