impression,user_id,app_version,model_version,mturk_id,status,NUM_INITIAL_RATINGS,NUM_REFINE_RATINGS,TOTAL_TRAINING_RATINGS,NUM_TEST_RATINGS,TIME_INITIAL,TIME_REFINE,TIME_TEST,random_test_predictions_ratings,good_test_predictions_ratings,hypers,redisplay_check,arbitrary_check
0,245ac9ed-4ba0-4a8d-a3e7-9b0bcf6882d9,6.2-knn-mpc-dresses10,1.2,A1SD7GQWOE8KDD,Completed,1,50,51,15,12.086381196975708,541.1479642391205,130.1708950996399,"{289573: (0.5103630595713327, 0.5), 44840: (-0.8362563791858998, -0.5), 152132: (0.28278708750086196, -1.0), 211974: (0.17472254679535548, 0.5), 137038: (-0.8529195501500828, 0.5), 72927: (-0.662460578597505, 0.5), 315073: (-0.6541068418646632, -0.5), 4404: (0.5, 0.5), 142419: (-0.009517248363355164, 0.0), 133179: (-0.0030272525747630902, 0.0)}","{221354: (1.0000000000000002, 0.5), 26957: (1.0, 1.0), 98360: (1.0, 1.0), 278629: (1.0, 0.5), 7934: (1.0, 0.5)}",{'dummy': 0.2020594804170145},"[(0.0, 0.5)]",[]
