impression,user_id,app_version,model_version,status,NUM_INITIAL_RATINGS,NUM_REFINE_RATINGS,TOTAL_TRAINING_RATINGS,NUM_TEST_RATINGS,items_shown,ratings,model_fit,history_dict,hypers,redisplay_check,arbitrary_check,hyper_history
0,979ebbf4-f3d7-4d14-9031-bd09dddd6fc6,6.2-knn-mpc-dresses10,1.2,Started,1,20,21,15,"[218921, 326529, 33043, 254754, 218924, 246130, 16660, 328546, 249504, 138374, 122972, 97178, 14709, 178411, 227515, 192767, 283988, 269122, 94597, 322227, 138691]","[0.5, 1.0, 0.5, -0.5, 0.5, -1.0, 0.0, 0.5, -0.5, 0.5, 0.0, -1.0, -0.5, 0.5, -1.0, 0.5, 1.0, 0.0, 0.5, -0.5, 0.0]","[0.5, 1.0, 0.5, -0.5, 0.5, -1.0, 1.734723475976807e-18, 0.5, -0.5, 0.5, 1.734723475976807e-18, -1.0, -0.5, 0.5, -1.0, 0.5, 1.0, 1.734723475976807e-18, 0.5, -0.5, 1.734723475976807e-18]","{218921: (0.5, 0.5), 326529: (1.0, 1.0), 33043: (0.5, 0.5), 254754: (-0.5, -0.5), 218924: (0.5, 0.5), 246130: (-1.0, -1.0), 16660: (1.734723475976807e-18, 0.0), 328546: (0.5, 0.5), 249504: (-0.5, -0.5), 138374: (0.5, 0.5), 122972: (1.734723475976807e-18, 0.0), 97178: (-1.0, -1.0), 14709: (-0.5, -0.5), 178411: (0.5, 0.5), 227515: (-1.0, -1.0), 192767: (0.5, 0.5), 283988: (1.0, 1.0), 269122: (1.734723475976807e-18, 0.0), 94597: (0.5, 0.5), 322227: (-0.5, -0.5), 138691: (1.734723475976807e-18, 0.0)}",{'dummy': 0.017873944482694415},"[(0.5, 0.5)]",[],"[{'dummy': 0.6946238631492135}, {'dummy': 0.9811158343780735}, {'dummy': 0.5769409952969717}, {'dummy': 0.19893432930012234}, {'dummy': 0.4138635400345647}, {'dummy': 0.00972690998073067}, {'dummy': 0.4574028552308016}, {'dummy': 0.7753397449557506}, {'dummy': 0.5559763684397669}, {'dummy': 0.7275402286070002}, {'dummy': 0.10340639972142862}, {'dummy': 0.6084010311411319}, {'dummy': 0.5606309709707237}, {'dummy': 0.0807203603876796}, {'dummy': 0.30534765691444266}, {'dummy': 0.6553237240233596}, {'dummy': 0.10424355151681453}, {'dummy': 0.694909536992657}, {'dummy': 0.17668755451190976}, {'dummy': 0.5436496913586755}]"
