impression,user_id,app_version,model_version,mturk_id,status,NUM_INITIAL_RATINGS,NUM_REFINE_RATINGS,TOTAL_TRAINING_RATINGS,NUM_TEST_RATINGS,TIME_INITIAL,TIME_REFINE,TIME_TEST,random_test_predictions_ratings,good_test_predictions_ratings,hypers,redisplay_check,arbitrary_check
0,aebb9504-a02e-47e8-8145-935a0c439988,6.2-knn-mpc-dresses10,1.2,A1NVF1YLDLF563,Completed,1,40,41,15,8.34184718132019,244.0668523311615,100.46429443359375,"{156661: (-0.6652015833748985, 0.0), 232384: (0.502599344143696, 0.5), 210077: (0.178648687590695, 0.5), 243895: (0.27953959819030055, 0.0), 326600: (0.5210048202594717, 0.0), 299887: (-0.30082436622354547, -1.0), 19395: (0.03910667992333828, -0.5), 264769: (0.33955535863819275, 0.0), 138590: (-0.3198855972572172, -0.5), 111110: (-0.6809376123418587, 0.5)}","{269239: (1.0000000000000002, 1.0), 198055: (1.0000000000000002, 0.0), 247110: (1.0000000000000002, 0.0), 236536: (1.0000000000000002, 1.0), 196414: (1.0000000000000002, 0.5)}",{'dummy': 0.7799085800415592},"[(0.5, 0.5)]",[]
