impression,user_id,app_version,model_version,mturk_id,status,NUM_INITIAL_RATINGS,NUM_REFINE_RATINGS,TOTAL_TRAINING_RATINGS,NUM_TEST_RATINGS,TIME_INITIAL,TIME_REFINE,TIME_TEST,random_test_predictions_ratings,good_test_predictions_ratings,hypers,redisplay_check,arbitrary_check
0,24320b76-ee19-4aca-b5e7-4092d6b939b7,6.2-knn-mpc-dresses10,1.2,A3IMM3YOEK9D3H,Completed,1,40,41,15,9.230749368667603,314.08967185020447,199.2307107448578,"{174152: (-1.0, 1.0), 109791: (-0.36413178345892494, -1.0), 146047: (1.0, 1.0), 314270: (0.4023685984495302, 1.0), 142646: (0.35567976557519987, 1.0), 13084: (1.0000000000000002, 1.0), 254494: (-0.6592676076733728, 1.0), 87798: (-1.0, 1.0), 279310: (-0.2760612078711589, -1.0), 206734: (1.0000000000000002, 1.0)}","{146743: (1.0000000000000004, 1.0), 232090: (1.0000000000000004, 1.0), 109780: (1.0000000000000004, 1.0), 251988: (1.0000000000000004, -1.0), 285354: (1.0000000000000004, 1.0)}",{'dummy': 0.09076935788662877},"[(1.0, 1.0)]",[]
