impression,user_id,app_version,model_version,status,NUM_INITIAL_RATINGS,NUM_REFINE_RATINGS,TOTAL_TRAINING_RATINGS,NUM_TEST_RATINGS,items_shown,ratings,model_fit,history_dict,hypers,redisplay_check,arbitrary_check,hyper_history
0,20a5f157-659e-483f-b6a1-aff0dbe4f25d,6.2-knn-mpc-dresses10,1.2,Started,1,20,21,15,"[95660, 250555, 245351, 106022, 136059, 114679, 267694, 81180, 317867, 99171, 253446, 251699, 44561, 308387, 305759, 195183, 225828, 329039, 249765, 155542, 222447]","[-1.0, 0.5, 0.5, -0.5, 1.0, -0.5, -1.0, 0.0, -1.0, 0.5, 0.0, 0.5, -0.5, 0.0, -1.0, -1.0, -0.5, 1.0, -0.5, 0.5, -0.5]","[-1.0, 0.5, 0.5, -0.5, 1.0, -0.5, -1.0, 0.0, -1.0, 0.5, 0.0, 0.5, -0.5, 0.0, -1.0, -1.0, -0.5, 1.0, -0.5, 0.5, -0.5]","{95660: (-1.0, -1.0), 250555: (0.5, 0.5), 245351: (0.5, 0.5), 106022: (-0.5, -0.5), 136059: (1.0, 1.0), 114679: (-0.5, -0.5), 267694: (-1.0, -1.0), 81180: (0.0, 0.0), 317867: (-1.0, -1.0), 99171: (0.5, 0.5), 253446: (0.0, 0.0), 251699: (0.5, 0.5), 44561: (-0.5, -0.5), 308387: (0.0, 0.0), 305759: (-1.0, -1.0), 195183: (-1.0, -1.0), 225828: (-0.5, -0.5), 329039: (1.0, 1.0), 249765: (-0.5, -0.5), 155542: (0.5, 0.5), 222447: (-0.5, -0.5)}",{'dummy': 0.7571453830498007},"[(0.0, 0.5)]",[],"[{'dummy': 0.9371966567043472}, {'dummy': 0.3064113088249958}, {'dummy': 0.3507278220711063}, {'dummy': 0.36220277690794467}, {'dummy': 0.3545133110303599}, {'dummy': 0.9025433606531015}, {'dummy': 0.568211816807205}, {'dummy': 0.17304218958513196}, {'dummy': 0.19246471626093198}, {'dummy': 0.19175960869466113}, {'dummy': 0.1382157630280585}, {'dummy': 0.10267546738134281}, {'dummy': 0.39511105090145193}, {'dummy': 0.18120536042782198}, {'dummy': 0.4505958964247646}, {'dummy': 0.021772973112481053}, {'dummy': 0.7682877378843439}, {'dummy': 0.6775692943521977}, {'dummy': 0.31795454367643794}, {'dummy': 0.5511626129903354}]"
