impression,user_id,app_version,model_version,status,NUM_INITIAL_RATINGS,NUM_REFINE_RATINGS,TOTAL_TRAINING_RATINGS,NUM_TEST_RATINGS,items_shown,ratings,model_fit,history_dict,hypers,redisplay_check,arbitrary_check,hyper_history
0,8d79ba42-8f75-413e-8fa3-b6b1ec1e3a91,6.2-knn-mpc-dresses10,1.2,Started,1,20,21,15,"[250387, 30675, 26413, 298742, 207938, 250703, 175974, 125548, 88123, 318379, 134208, 86930, 124333, 88466, 82750, 173454, 253571, 5368, 176449, 62593, 190792]","[-0.5, 0.5, 0.0, 1.0, 0.5, 0.5, 0.5, 1.0, 0.0, 0.5, 0.5, 0.5, 0.0, 0.5, -1.0, -0.5, 0.5, 0.0, 0.0, 0.5, 0.5]","[-0.5, 0.5, 0.0, 1.0, 0.5, 0.5, 0.5, 1.0, 0.0, 0.5, 0.5, 0.5, 0.0, 0.5, -1.0, -0.5, 0.5, 0.0, 0.0, 0.5, 0.5]","{250387: (-0.5, -0.5), 30675: (0.5, 0.5), 26413: (0.0, 0.0), 298742: (1.0, 1.0), 207938: (0.5, 0.5), 250703: (0.5, 0.5), 175974: (0.5, 0.5), 125548: (1.0, 1.0), 88123: (0.0, 0.0), 318379: (0.5, 0.5), 134208: (0.5, 0.5), 86930: (0.5, 0.5), 124333: (0.0, 0.0), 88466: (0.5, 0.5), 82750: (-1.0, -1.0), 173454: (-0.5, -0.5), 253571: (0.5, 0.5), 5368: (0.0, 0.0), 176449: (0.0, 0.0), 62593: (0.5, 0.5), 190792: (0.5, 0.5)}",{'dummy': 0.8487679798326834},"[(0.0, 0.0)]",[],"[{'dummy': 0.34372491647089165}, {'dummy': 0.33949931562123303}, {'dummy': 0.1962424975469741}, {'dummy': 0.9549000453421747}, {'dummy': 0.4363964615820458}, {'dummy': 0.5909355676600814}, {'dummy': 0.7648337007498982}, {'dummy': 0.26862593127866663}, {'dummy': 0.6124268265355421}, {'dummy': 0.5947516821834204}, {'dummy': 0.27415676178348225}, {'dummy': 0.9108368525277063}, {'dummy': 0.16824457016789252}, {'dummy': 0.5959146374617647}, {'dummy': 0.4086721301000399}, {'dummy': 0.5977030620208209}, {'dummy': 0.9950461819362004}, {'dummy': 0.6886016396419276}, {'dummy': 0.8313303843445751}, {'dummy': 0.09422941061819312}]"
