impression,user_id,app_version,model_version,status,NUM_INITIAL_RATINGS,NUM_REFINE_RATINGS,TOTAL_TRAINING_RATINGS,NUM_TEST_RATINGS,items_shown,ratings,model_fit,history_dict,hypers,redisplay_check,arbitrary_check,hyper_history
0,12c5dad8-f97c-49ed-a592-c68f58c85137,6.2-knn-mpc-dresses10,1.2,Started,1,20,21,15,"[49908, 177127, 303762, 315113, 69001, 99183, 141887, 153546, 253205, 149254, 163825, 122964, 207787, 67763, 68189, 304768, 8288, 28183, 315111, 236246, 177622]","[-0.5, -1.0, 1.0, -1.0, -1.0, -0.5, 0.0, 0.5, 1.0, 0.5, 1.0, 0.5, 0.5, -1.0, -1.0, -0.5, 1.0, -1.0, -0.5, 0.0, -0.5]","[-0.5, -1.0, 1.0, -1.0, -1.0, -0.5, 0.0, 0.5, 1.0, 0.5, 1.0, 0.5, 0.5, -1.0, -1.0, -0.5, 1.0, -1.0, -0.5, 0.0, -0.5]","{49908: (-0.5, -0.5), 177127: (-1.0, -1.0), 303762: (1.0, 1.0), 315113: (-1.0, -1.0), 69001: (-1.0, -1.0), 99183: (-0.5, -0.5), 141887: (0.0, 0.0), 153546: (0.5, 0.5), 253205: (1.0, 1.0), 149254: (0.5, 0.5), 163825: (1.0, 1.0), 122964: (0.5, 0.5), 207787: (0.5, 0.5), 67763: (-1.0, -1.0), 68189: (-1.0, -1.0), 304768: (-0.5, -0.5), 8288: (1.0, 1.0), 28183: (-1.0, -1.0), 315111: (-0.5, -0.5), 236246: (0.0, 0.0), 177622: (-0.5, -0.5)}",{'dummy': 0.35961177260703714},"[(1.0, 1.0)]",[],"[{'dummy': 0.02615449342534215}, {'dummy': 0.07520662780801213}, {'dummy': 0.4223922471084651}, {'dummy': 0.9483654306782432}, {'dummy': 0.10830856076539264}, {'dummy': 0.3430999126998552}, {'dummy': 0.27446258132449797}, {'dummy': 0.3226907141769586}, {'dummy': 0.15565543309329022}, {'dummy': 0.4566072432732484}, {'dummy': 0.7444204565002562}, {'dummy': 0.017096073223538788}, {'dummy': 0.37406527740735496}, {'dummy': 0.286231175423749}, {'dummy': 0.6673461965075637}, {'dummy': 0.20616730247215198}, {'dummy': 0.06616133979735606}, {'dummy': 0.5979314594602252}, {'dummy': 0.9409457879309086}, {'dummy': 0.12097014071977896}]"
