impression,user_id,app_version,model_version,mturk_id,status,NUM_INITIAL_RATINGS,NUM_REFINE_RATINGS,TOTAL_TRAINING_RATINGS,NUM_TEST_RATINGS,TIME_INITIAL,TIME_REFINE,TIME_TEST,random_test_predictions_ratings,good_test_predictions_ratings,hypers,redisplay_check,arbitrary_check
0,0404a951-2c96-489b-939c-035662c21142,6.2-knn-mpc-dresses10,1.2,A3ADQ2RLQNJQDU,Completed,1,40,41,15,6.413378477096558,251.64704871177673,81.61921048164368,"{74555: (-0.004286340573546359, 0.5), 250314: (-0.03873556123269447, 0.0), 135818: (1.0000000000000002, 1.0), 72865: (0.29988321443990623, 0.5), 11120: (1.0, 0.0), 83877: (-0.31690084637126426, 0.0), 124285: (0.8434394496963826, 1.0), 189142: (0.7067837903563206, 0.0), 55858: (0.7233650444986759, 1.0), 10563: (0.31617102279646225, 1.0)}","{202197: (1.0000000000000004, 1.0), 48936: (1.0000000000000004, 1.0), 311753: (1.0000000000000004, 0.0), 311685: (1.0000000000000004, -0.5), 238963: (1.0000000000000004, 1.0)}",{'dummy': 0.16353966285096322},"[(0.5, 0.0)]",[]
