impression,user_id,app_version,model_version,mturk_id,status,NUM_INITIAL_RATINGS,NUM_REFINE_RATINGS,TOTAL_TRAINING_RATINGS,NUM_TEST_RATINGS,TIME_INITIAL,TIME_REFINE,TIME_TEST,random_test_predictions_ratings,good_test_predictions_ratings,hypers,redisplay_check,arbitrary_check
0,408c6533-86fe-4de3-ba80-7e804bfdcc57,6.2-knn-mpc-dresses10,1.2,A1B1QLHLKP7JXB,Completed,1,50,51,15,6.918294906616211,309.42292523384094,75.5029525756836,"{274936: (0.8356469444706864, 0.5), 289848: (-0.35383077238847066, -0.5), 149452: (0.3257562498708047, -0.5), 12420: (0.0595477191052639, 0.5), 304017: (-0.5, -1.0), 62136: (0.14659286465227375, -0.5), 113525: (-0.1517012404523435, -0.5), 106906: (0.34052104881504297, 0.5), 272023: (-0.15135455975057763, 1.0), 293279: (-0.04336055211720516, -1.0)}","{94244: (1.0000000000000004, 1.0), 214426: (1.0000000000000004, -1.0), 116009: (1.0000000000000004, 1.0), 266037: (1.0000000000000004, 0.5), 143447: (1.0000000000000004, 0.0)}",{'dummy': 0.5197886099674951},"[(-1.0, -1.0)]",[]
