impression,user_id,app_version,model_version,mturk_id,status,NUM_INITIAL_RATINGS,NUM_REFINE_RATINGS,TOTAL_TRAINING_RATINGS,NUM_TEST_RATINGS,TIME_INITIAL,TIME_REFINE,TIME_TEST,random_test_predictions_ratings,good_test_predictions_ratings,hypers,redisplay_check,arbitrary_check
0,26170824-1f13-488b-a863-1acd627f574e,6.2-knn-mpc-dresses10,1.2,A2E9M97EHQ8KS3,Completed,1,20,21,15,10.14920163154602,109.96852970123291,64.31315302848816,"{213810: (-0.2640668677184749, -0.5), 167126: (-0.308656089616273, -0.5), 276000: (0.15868691896235493, 0.5), 326215: (0.5330806761123572, 0.0), 232925: (0.8316570662068659, 0.0), 216280: (-0.34805199969174755, 0.0), 29794: (0.6573545766530319, 1.0), 292026: (0.6376325505383401, 0.0), 225245: (-0.4066151465859595, 0.0), 233204: (0.04799861427907103, 0.0)}","{60146: (1.0000000000000002, 0.0), 10559: (1.0000000000000002, 0.5), 318266: (1.0000000000000002, 1.0), 121219: (1.0000000000000002, 0.0), 150618: (1.0000000000000002, 0.5)}",{'dummy': 0.21684837271094837},"[(0.0, 0.0)]",[]
