impression,user_id,app_version,model_version,mturk_id,status,NUM_INITIAL_RATINGS,NUM_REFINE_RATINGS,TOTAL_TRAINING_RATINGS,NUM_TEST_RATINGS,TIME_INITIAL,TIME_REFINE,TIME_TEST,random_test_predictions_ratings,good_test_predictions_ratings,hypers,redisplay_check,arbitrary_check
0,e5eb25e1-0d0e-4b6d-b2e0-547ede4675e7,6.2-knn-mpc-dresses10,1.2,A1Z5NE2EYZ6QOT,Completed,1,40,41,15,4.428835153579712,119.8075156211853,42.783509731292725,"{161319: (0.3206963028839901, 0.5), 314239: (0.35057649505936983, -0.5), 140218: (0.3269533046082419, 0.5), 216053: (0.33522723014304634, 0.5), 282834: (0.5, 0.5), 324291: (0.6371597312532064, -0.5), 239460: (-0.18340331820843742, 0.5), 257905: (0.48319641373089905, 0.0), 158711: (0.16140623646130234, 0.0), 216391: (0.5, 0.0)}","{243824: (0.8738004413175611, -0.5), 236918: (0.8656485672726918, 0.5), 83871: (0.8619010719046544, 1.0), 299707: (0.8599753670116379, 0.5), 165327: (0.8593932597767651, 0.5)}",{'dummy': 0.5494502453006865},"[(-0.5, -0.5)]",[]
