impression,user_id,app_version,model_version,mturk_id,status,NUM_INITIAL_RATINGS,NUM_REFINE_RATINGS,TOTAL_TRAINING_RATINGS,NUM_TEST_RATINGS,TIME_INITIAL,TIME_REFINE,TIME_TEST,random_test_predictions_ratings,good_test_predictions_ratings,hypers,redisplay_check,arbitrary_check
0,2e71f47f-f5fb-464e-97d6-52b4ee2c97c9,6.2-knn-mpc-dresses10,1.2,A2S9O0W8SRVAH8,Completed,1,20,21,15,109.83305549621582,110.351735830307,58.109790325164795,"{317070: (-0.18448924215195972, 0.5), 8003: (-0.00400503773542495, 0.5), 216279: (0.1257391159237096, -0.5), 326905: (0.39557966322335236, 1.0), 113587: (-0.5, -0.5), 193915: (0.6609006562930407, 0.0), 277299: (-0.049349925787066304, 0.5), 8746: (-0.0015627086634368396, 0.5), 31647: (-0.05253469262561447, 0.0), 139747: (-0.34688247857840854, -0.5)}","{135253: (0.8778523345237602, 0.5), 307283: (0.8734884902860335, 0.0), 120026: (0.8733341952694699, 0.0), 18279: (0.8728122740481498, 0.5), 14986: (0.8712150832853678, -0.5)}",{'dummy': 0.9925395367101738},"[(1.0, 0.5)]",[]
