impression,user_id,app_version,model_version,mturk_id,status,NUM_INITIAL_RATINGS,NUM_REFINE_RATINGS,TOTAL_TRAINING_RATINGS,NUM_TEST_RATINGS,TIME_INITIAL,TIME_REFINE,TIME_TEST,random_test_predictions_ratings,good_test_predictions_ratings,hypers,redisplay_check,arbitrary_check
0,c07966bc-17fb-44f9-bac3-55e47b4015fa,6.2-knn-mpc-dresses10,1.2,A2HOEI5M6G883O,Completed,1,20,21,15,6.3898632526397705,103.0068211555481,75.05608677864075,"{3660: (1.0, -1.0), 42108: (0.33323823119685575, 1.0), 19088: (0.27935198717071885, -1.0), 165410: (0.3545032548322669, 1.0), 123607: (0.05012019098007481, 1.0), 41667: (1.0, 1.0), 300389: (-0.16580167871616272, 1.0), 274378: (0.3600661833878672, -1.0), 52183: (0.9999999999999999, -1.0), 90107: (-0.2744825697114764, 1.0)}","{140487: (1.0000000000000002, 1.0), 194316: (1.0000000000000002, 1.0), 246874: (1.0000000000000002, 1.0), 198752: (1.0000000000000002, 1.0), 130004: (1.0000000000000002, 1.0)}",{'dummy': 0.8991005752096842},"[(1.0, 1.0)]",[]
