impression,user_id,app_version,model_version,status,NUM_INITIAL_RATINGS,NUM_REFINE_RATINGS,TOTAL_TRAINING_RATINGS,NUM_TEST_RATINGS,items_shown,ratings,model_fit,history_dict,hypers,redisplay_check,arbitrary_check,hyper_history
0,d8f08215-aeb8-4091-b595-4e9a94355d1e,6.2-knn-mpc-dresses10,1.2,Started,1,20,21,15,"[40891, 2838, 311395, 72577, 25758, 265019, 167481, 59181, 4139, 229765, 48688, 77302, 213532, 275305, 1278, 325361, 311201, 216144, 9779, 175249, 251733]","[-1.0, -1.0, 1.0, 1.0, -1.0, 0.5, 0.0, 0.5, -0.5, 1.0, -1.0, 0.0, 0.0, 0.0, 1.0, -1.0, -1.0, 0.0, -1.0, -1.0, 0.0]","[-0.9999999999999999, -0.9999999999999999, 1.0, 1.0, -0.9999999999999999, 0.5, 0.0, 0.5, -0.5, 1.0, -0.9999999999999999, 0.0, 0.0, 0.0, 1.0, -0.9999999999999999, -0.9999999999999999, 0.0, -0.9999999999999999, -0.9999999999999999, 0.0]","{40891: (-0.9999999999999999, -1.0), 2838: (-0.9999999999999999, -1.0), 311395: (1.0, 1.0), 72577: (1.0, 1.0), 25758: (-0.9999999999999999, -1.0), 265019: (0.5, 0.5), 167481: (0.0, 0.0), 59181: (0.5, 0.5), 4139: (-0.5, -0.5), 229765: (1.0, 1.0), 48688: (-0.9999999999999999, -1.0), 77302: (0.0, 0.0), 213532: (0.0, 0.0), 275305: (0.0, 0.0), 1278: (1.0, 1.0), 325361: (-0.9999999999999999, -1.0), 311201: (-0.9999999999999999, -1.0), 216144: (0.0, 0.0), 9779: (-0.9999999999999999, -1.0), 175249: (-0.9999999999999999, -1.0), 251733: (0.0, 0.0)}",{'dummy': 0.9746100824967056},"[(1.0, 1.0)]",[],"[{'dummy': 0.36160286268837616}, {'dummy': 0.6221558101003323}, {'dummy': 0.012894411466098044}, {'dummy': 0.5238778489838477}, {'dummy': 0.24018031557572517}, {'dummy': 0.2469728740118865}, {'dummy': 0.6384498779231408}, {'dummy': 0.45920920098829543}, {'dummy': 0.565807923148163}, {'dummy': 0.2149400094911973}, {'dummy': 0.7833089591938159}, {'dummy': 0.6690987608719944}, {'dummy': 0.17835320141163657}, {'dummy': 0.4683148424293473}, {'dummy': 0.17417377103780274}, {'dummy': 0.5856946052820543}, {'dummy': 0.44354063748570327}, {'dummy': 0.7862000990431414}, {'dummy': 0.9224612701254106}, {'dummy': 0.7337043522846318}]"
