impression,user_id,app_version,model_version,status,NUM_INITIAL_RATINGS,NUM_REFINE_RATINGS,TOTAL_TRAINING_RATINGS,NUM_TEST_RATINGS,items_shown,ratings,model_fit,history_dict,hypers,redisplay_check,arbitrary_check,hyper_history
0,3c6ba22e-56c8-42c9-b4a2-33b49c8c286e,6.2-knn-mpc-dresses10,1.2,Started,1,20,21,15,"[269356, 318788, 53854, 229948, 224691, 69947, 166353, 117921, 188464, 288196, 46550, 300238, 100925, 175373, 3036, 13113, 230639, 109037, 316159, 269456, 28965]","[-0.5, -0.5, 0.5, 0.5, 1.0, 0.5, 0.5, 0.5, 0.0, -1.0, -0.5, -0.5, -0.5, -0.5, 0.0, -0.5, 0.0, 0.5, -0.5, 0.0, -0.5]","[-0.5, -0.5, 0.5, 0.5, 1.0, 0.5, 0.5, 0.5, 0.0, -1.0, -0.5, -0.5, -0.5, -0.5, 0.0, -0.5, 0.0, 0.5, -0.5, 0.0, -0.5]","{269356: (-0.5, -0.5), 318788: (-0.5, -0.5), 53854: (0.5, 0.5), 229948: (0.5, 0.5), 224691: (1.0, 1.0), 69947: (0.5, 0.5), 166353: (0.5, 0.5), 117921: (0.5, 0.5), 188464: (0.0, 0.0), 288196: (-1.0, -1.0), 46550: (-0.5, -0.5), 300238: (-0.5, -0.5), 100925: (-0.5, -0.5), 175373: (-0.5, -0.5), 3036: (0.0, 0.0), 13113: (-0.5, -0.5), 230639: (0.0, 0.0), 109037: (0.5, 0.5), 316159: (-0.5, -0.5), 269456: (0.0, 0.0), 28965: (-0.5, -0.5)}",{'dummy': 0.9202974747162568},"[(0.5, 0.5)]",[],"[{'dummy': 0.25019956743553295}, {'dummy': 0.5512476819277674}, {'dummy': 0.09936902774264555}, {'dummy': 0.36139167464499455}, {'dummy': 0.2727637654244879}, {'dummy': 0.013246089706124065}, {'dummy': 0.17238040083512052}, {'dummy': 0.7194391146461148}, {'dummy': 0.7628933630759767}, {'dummy': 0.8248304478373445}, {'dummy': 0.17687655393252022}, {'dummy': 0.9037545083328932}, {'dummy': 0.23493576021870455}, {'dummy': 0.8121778613260596}, {'dummy': 0.4264159239520664}, {'dummy': 0.03878431184110109}, {'dummy': 0.08139529558797653}, {'dummy': 0.9578298927203028}, {'dummy': 0.056488410779852005}, {'dummy': 0.043729146626507065}]"
