impression,user_id,app_version,model_version,mturk_id,status,NUM_INITIAL_RATINGS,NUM_REFINE_RATINGS,TOTAL_TRAINING_RATINGS,NUM_TEST_RATINGS,TIME_INITIAL,TIME_REFINE,TIME_TEST,random_test_predictions_ratings,good_test_predictions_ratings,hypers,redisplay_check,arbitrary_check
0,8a1e822c-e26c-436c-8297-3dfb1dc7e063,6.2-knn-mpc-dresses10,1.2,A1DS7QIZHY9M6A,Completed,1,30,31,15,10.493947982788086,234.88192892074585,101.75992465019226,"{255420: (-0.34534941802691127, 0.0), 148900: (-0.42696778408970504, -0.5), 147184: (0.007738604732136386, -1.0), 50015: (-0.34524997594644014, 0.0), 249340: (-0.35153699461329163, 0.0), 208353: (-0.3550026307467503, -1.0), 189173: (-0.5596760920230274, -1.0), 100984: (-0.19232172145346688, 0.0), 222067: (-0.1945600398960981, -0.5), 28085: (0.22249065459807502, -0.5)}","{82900: (1.0, 1.0), 83362: (1.0, 1.0), 307074: (1.0, 1.0), 266361: (1.0, 0.5), 296448: (1.0, 0.5)}",{'dummy': 0.7569612090116885},"[(-0.5, -0.5)]",[]
