impression,user_id,app_version,model_version,mturk_id,status,NUM_INITIAL_RATINGS,NUM_REFINE_RATINGS,TOTAL_TRAINING_RATINGS,NUM_TEST_RATINGS,TIME_INITIAL,TIME_REFINE,TIME_TEST,random_test_predictions_ratings,good_test_predictions_ratings,hypers,redisplay_check,arbitrary_check
0,875a9943-2b64-473f-aedd-3568e34fa154,6.2-knn-mpc-dresses10,1.2,A1CYKXYCXOL4W2,Completed,1,20,21,15,6.16418719291687,131.22451210021973,74.12373995780945,"{254614: (0.6647737538579446, 0.5), 248588: (-0.32900779458099255, 0.5), 95157: (-0.5, -0.5), 185884: (-0.34021162706586267, -0.5), 231539: (0.09317927225888084, 0.0), 146550: (-0.387754491299165, -0.5), 224330: (0.8390547674457288, 0.5), 132672: (-0.3674481112346757, 0.0), 38986: (-0.32686583394355057, 1.0), 5620: (0.31910248173632494, 0.0)}","{97532: (1.0000000000000002, 1.0), 264687: (1.0000000000000002, 0.5), 319531: (1.0000000000000002, 1.0), 152321: (1.0000000000000002, 0.0), 221581: (1.0000000000000002, 0.5)}",{'dummy': 0.50979505850473},"[(1.0, 1.0)]",[]
