impression,user_id,app_version,model_version,mturk_id,status,NUM_INITIAL_RATINGS,NUM_REFINE_RATINGS,TOTAL_TRAINING_RATINGS,NUM_TEST_RATINGS,TIME_INITIAL,TIME_REFINE,TIME_TEST,random_test_predictions_ratings,good_test_predictions_ratings,hypers,redisplay_check,arbitrary_check
0,a71887fe-7ed0-4fb0-b776-d0cce210e943,6.2-knn-mpc-dresses10,1.2,A1G4TNAHW7SY90,Completed,1,30,31,15,13.514050006866455,231.61076068878174,96.87844896316528,"{95859: (-0.6601465689146749, -0.5), 197365: (-0.8289202948048181, 0.0), 52020: (0.36429763237242163, -0.5), 158691: (0.0010380454447408496, -0.5), 184591: (-0.024296238721524796, -0.5), 3846: (-0.5254578247154795, -0.5), 88463: (-0.14731402994951476, 1.0), 282491: (-0.46400535765935014, -1.0), 205919: (0.19624260177046357, 0.0), 266590: (0.007696762998318996, 0.0)}","{158003: (0.9305192783465663, 0.0), 166289: (0.9194867749468646, 1.0), 27078: (0.9137079361626012, 1.0), 23952: (0.9106922400011264, 1.0), 277027: (0.9098164477148148, 1.0)}",{'dummy': 0.6102403358003499},"[(-0.5, -0.5)]",[]
