impression,user_id,app_version,model_version,mturk_id,status,NUM_INITIAL_RATINGS,NUM_REFINE_RATINGS,TOTAL_TRAINING_RATINGS,NUM_TEST_RATINGS,TIME_INITIAL,TIME_REFINE,TIME_TEST,random_test_predictions_ratings,good_test_predictions_ratings,hypers,redisplay_check,arbitrary_check
0,cdf2fb65-71a0-41ed-b36e-4eb6e40f435c,6.2-knn-mpc-dresses10,1.2,A2B9OD2O9CJNC0,Completed,1,20,21,15,7.584423542022705,323.88136887550354,141.7613971233368,"{18584: (0.4723913541636684, -0.5), 55943: (0.5, 0.5), 105549: (-0.083656342965323, 0.5), 109148: (0.32091805217619035, -0.5), 173350: (0.3344808982404323, -0.5), 176491: (-0.16218266516715482, -0.5), 177807: (0.37742775069677525, -0.5), 197775: (0.03955123504024778, 0.5), 182103: (-0.14103671229762474, 0.5), 169035: (-0.32537629164175247, -1.0)}","{2779: (1.0000000000000002, -0.5), 190796: (1.0, 0.5), 178938: (1.0, 0.0), 293119: (1.0, -1.0), 12400: (1.0, 0.5)}",{'dummy': 0.26314333593154116},"[(0.5, 0.5)]",[]
