impression,user_id,app_version,model_version,mturk_id,status,NUM_INITIAL_RATINGS,NUM_REFINE_RATINGS,TOTAL_TRAINING_RATINGS,NUM_TEST_RATINGS,TIME_INITIAL,TIME_REFINE,TIME_TEST,random_test_predictions_ratings,good_test_predictions_ratings,hypers,redisplay_check,arbitrary_check
0,304d4fa2-1d65-4d08-bf06-0903f59d852e,6.2-knn-mpc-dresses10,1.2,A2HUAHAD7YHPZV,Completed,1,20,21,15,8.74724268913269,94.45105624198914,64.45564603805542,"{325236: (-0.17658308058478983, 1.0), 186361: (0.004701402782259723, 1.0), 117079: (-0.35067426721792444, 1.0), 206954: (0.3943801660452667, -1.0), 135901: (-0.8322992514961748, 0.5), 155605: (-0.08432257470704721, -1.0), 192045: (-0.011667740651154015, -1.0), 242166: (0.07610354521298113, 1.0), 225120: (0.19712718272140886, 0.0), 168409: (-0.2683822560665541, -1.0)}","{123683: (1.0000000000000002, 1.0), 90713: (1.0000000000000002, -1.0), 39922: (1.0000000000000002, 0.5), 4611: (1.0000000000000002, 0.5), 123694: (1.0000000000000002, 0.5)}",{'dummy': 0.16477543389244464},"[(-1.0, -1.0)]",[]
