impression,user_id,app_version,model_version,mturk_id,status,NUM_INITIAL_RATINGS,NUM_REFINE_RATINGS,TOTAL_TRAINING_RATINGS,NUM_TEST_RATINGS,TIME_INITIAL,TIME_REFINE,TIME_TEST,random_test_predictions_ratings,good_test_predictions_ratings,hypers,redisplay_check,arbitrary_check
0,e989a960-e89d-45b1-85cc-61f2d2212282,6.2-knn-mpc-dresses10,1.2,A1FHMHJ3MB3QTS,Completed,1,20,21,15,9.282822847366333,88.85382390022278,66.46258807182312,"{29897: (-0.014860543850843778, 0.0), 67246: (0.5067049448841888, -1.0), 60809: (-0.6759772762025666, 1.0), 323083: (-0.1413702783967772, -1.0), 92582: (-0.03098881273077785, 0.5), 44217: (-0.2252710910925132, -0.5), 178633: (0.537131634710794, -0.5), 276236: (-0.17079521420066604, -0.5), 316659: (-0.22906171624346025, -0.5), 166443: (0.30779757171377725, 1.0)}","{98372: (1.0000000000000004, 0.5), 11693: (1.0000000000000002, 0.5), 330476: (1.0000000000000002, 0.5), 266427: (1.0000000000000002, 0.5), 138992: (1.0000000000000002, 1.0)}",{'dummy': 0.07384320011719026},"[(0.5, 0.5)]",[]
