impression,user_id,app_version,model_version,mturk_id,status,NUM_INITIAL_RATINGS,NUM_REFINE_RATINGS,TOTAL_TRAINING_RATINGS,NUM_TEST_RATINGS,TIME_INITIAL,TIME_REFINE,TIME_TEST,random_test_predictions_ratings,good_test_predictions_ratings,hypers,redisplay_check,arbitrary_check
0,02f9d799-25f3-452c-a2c9-801ff5a66979,6.2-knn-mpc-dresses10,1.2,A18V6RXKP4CQP,Completed,1,40,41,15,5.496165752410889,181.90888476371765,66.43667030334473,"{14753: (0.15961547067761567, 0.0), 111530: (-0.18283151526833855, 0.0), 66305: (-0.17007993663941848, -0.5), 100767: (-0.16911165196913736, 0.0), 176335: (8.673617379884035e-19, 0.0), 168602: (0.16054867064744943, -1.0), 265622: (0.15843460187700756, 0.0), 42084: (0.17033349551096658, 0.0), 210582: (0.3447478743645598, 0.5), 109318: (0.11390404939435711, 0.0)}","{124956: (0.7040581507576881, -0.5), 219266: (0.6954939475849041, 0.0), 125059: (0.6874552314799346, 0.0), 228442: (0.6867352555852451, 0.5), 228339: (0.6860483548302859, 0.0)}",{'dummy': 0.14740325610658767},"[(0.5, 0.0)]",[]
