impression,user_id,app_version,model_version,status,NUM_INITIAL_RATINGS,NUM_REFINE_RATINGS,TOTAL_TRAINING_RATINGS,NUM_TEST_RATINGS,items_shown,ratings,model_fit,history_dict,hypers,redisplay_check,arbitrary_check,hyper_history
0,55a9b669-6381-4132-b7e4-b7deee34ad26,6.2-knn-mpc-dresses10,1.2,Started,1,20,21,15,"[76878, 253884, 73361, 327766, 234837, 200734, 72095, 131749, 276153, 41070, 60551, 48788, 173515, 207718, 67151, 314693, 312293, 64027, 131678, 307477, 156825]","[1.0, 1.0, 1.0, -1.0, -1.0, 1.0, 1.0, 1.0, -1.0, -1.0, -1.0, 1.0, 1.0, -1.0, 1.0, 1.0, -1.0, -1.0, -1.0, -1.0, -1.0]","[1.0, 1.0, 1.0, -1.0, -1.0, 1.0, 1.0, 1.0, -1.0, -1.0, -1.0, 1.0, 1.0, -1.0, 1.0, 1.0, -1.0, -1.0, -1.0, -1.0, -1.0]","{76878: (1.0, 1.0), 253884: (1.0, 1.0), 73361: (1.0, 1.0), 327766: (-1.0, -1.0), 234837: (-1.0, -1.0), 200734: (1.0, 1.0), 72095: (1.0, 1.0), 131749: (1.0, 1.0), 276153: (-1.0, -1.0), 41070: (-1.0, -1.0), 60551: (-1.0, -1.0), 48788: (1.0, 1.0), 173515: (1.0, 1.0), 207718: (-1.0, -1.0), 67151: (1.0, 1.0), 314693: (1.0, 1.0), 312293: (-1.0, -1.0), 64027: (-1.0, -1.0), 131678: (-1.0, -1.0), 307477: (-1.0, -1.0), 156825: (-1.0, -1.0)}",{'dummy': 0.9199693471104547},"[(1.0, 1.0)]",[],"[{'dummy': 0.7600954748844246}, {'dummy': 0.752174991958005}, {'dummy': 0.14509674190879507}, {'dummy': 0.5818240012857938}, {'dummy': 0.4645232880839508}, {'dummy': 0.8543059225539609}, {'dummy': 0.8064977430075315}, {'dummy': 0.9821364842162826}, {'dummy': 0.9206133605512679}, {'dummy': 0.4642176448085761}, {'dummy': 0.46540289451641437}, {'dummy': 0.3965969953528795}, {'dummy': 0.2629809612027332}, {'dummy': 0.5055645332307989}, {'dummy': 0.7114065958912972}, {'dummy': 0.008191982944397491}, {'dummy': 0.6835078130038621}, {'dummy': 0.5023423446044573}, {'dummy': 0.22340657112188222}, {'dummy': 0.6340768072019076}]"
