impression,user_id,app_version,model_version,mturk_id,status,NUM_INITIAL_RATINGS,NUM_REFINE_RATINGS,TOTAL_TRAINING_RATINGS,NUM_TEST_RATINGS,TIME_INITIAL,TIME_REFINE,TIME_TEST,random_test_predictions_ratings,good_test_predictions_ratings,hypers,redisplay_check,arbitrary_check
0,26bd4264-cfd4-460c-80e7-a9df1c6cc2dc,6.2-knn-mpc-dresses10,1.2,A1CZ2GB5LZ9O5H,Completed,1,30,31,15,10.628464698791504,155.45304679870605,82.86497282981873,"{83702: (0.05029225418765294, 1.0), 221045: (0.346556302998595, 1.0), 95476: (-0.1913520195527903, 0.5), 303360: (-0.6908359846571194, -1.0), 93361: (-0.3337327033107473, 1.0), 285720: (0.8367366589775539, 0.5), 76241: (0.3309713320297093, 1.0), 3230: (-0.2350625440923909, 1.0), 52080: (0.09444680040795467, -1.0), 6595: (-0.5, 0.0)}","{3005: (1.0000000000000004, 0.5), 85287: (1.0000000000000004, 0.5), 187059: (1.0000000000000004, 1.0), 300214: (1.0000000000000004, 1.0), 43772: (1.0000000000000004, 0.0)}",{'dummy': 0.2537042326838981},"[(1.0, 1.0)]",[]
