impression,user_id,app_version,model_version,mturk_id,status,NUM_INITIAL_RATINGS,NUM_REFINE_RATINGS,TOTAL_TRAINING_RATINGS,NUM_TEST_RATINGS,TIME_INITIAL,TIME_REFINE,TIME_TEST,random_test_predictions_ratings,good_test_predictions_ratings,hypers,redisplay_check,arbitrary_check
0,3d6fafc6-e02c-48a8-89f6-db31ed4b6db8,6.2-knn-mpc-dresses10,1.2,AUJCHA8ZEYS0V,Completed,1,20,21,15,3.6846868991851807,130.77359294891357,85.20819735527039,"{81294: (0.18413757069854741, 0.0), 25006: (-0.00606624069895979, 0.0), 315830: (-0.14257943191158817, -0.5), 12947: (-0.6792121210763346, 0.0), 111943: (-0.3484189986058872, 0.0), 298675: (-0.6605160695667317, 0.5), 288823: (-0.5063954836244354, 0.0), 158582: (-0.5, 0.0), 79630: (-0.3353265741317424, -0.5), 320093: (-0.5379640144799971, -0.5)}","{175857: (0.8668141263675833, 0.5), 85366: (0.8639896268590623, -0.5), 175539: (0.8622170232866736, 1.0), 175867: (0.861613466811848, 0.5), 278863: (0.8613038542444753, 0.5)}",{'dummy': 0.2971284305334131},"[(0.0, -0.5)]",[]
