impression,user_id,app_version,model_version,mturk_id,status,NUM_INITIAL_RATINGS,NUM_REFINE_RATINGS,TOTAL_TRAINING_RATINGS,NUM_TEST_RATINGS,TIME_INITIAL,TIME_REFINE,TIME_TEST,random_test_predictions_ratings,good_test_predictions_ratings,hypers,redisplay_check,arbitrary_check
0,6e63d399-822b-4ce7-9a5d-21d7c1449fd9,6.2-knn-mpc-dresses10,1.2,A2S9RBYB0WN9GL,Completed,1,40,41,15,11.821603536605835,219.81811547279358,75.65360832214355,"{94865: (-0.048777544910261865, 1.0), 24079: (0.02391825227570115, 0.5), 293328: (0.4999999999999999, 1.0), 284564: (0.5, -0.5), 282079: (-0.22314789803369905, 0.5), 255482: (0.19098559007354465, -0.5), 262034: (-0.1742817237956719, -0.5), 116449: (0.18275125190121994, -1.0), 17900: (-0.15889461215587095, -1.0), 319775: (-0.03930587210213186, -0.5)}","{112181: (0.9211894692899748, 1.0), 43879: (0.8929674025847063, 0.5), 43943: (0.8904324448336407, 1.0), 112716: (0.8903855788117027, 1.0), 112652: (0.8833782390585823, 1.0)}",{'dummy': 0.5551917320605915},"[(-1.0, -1.0)]",[]
