impression,user_id,app_version,model_version,mturk_id,status,NUM_INITIAL_RATINGS,NUM_REFINE_RATINGS,TOTAL_TRAINING_RATINGS,NUM_TEST_RATINGS,TIME_INITIAL,TIME_REFINE,TIME_TEST,random_test_predictions_ratings,good_test_predictions_ratings,hypers,redisplay_check,arbitrary_check
0,253f2784-ceab-4c03-95de-959095c4a8e6,6.2-knn-mpc-dresses10,1.2,A8PCS6BP2H08B,Completed,1,20,21,15,9.037043333053589,135.59403657913208,53.052842140197754,"{309569: (-0.034091036760773546, 0.5), 68111: (-0.1606384986542638, -0.5), 102131: (-0.07817644913561346, -1.0), 48933: (-0.32289637396450943, -0.5), 74060: (0.15580468873042444, 0.5), 278433: (0.4908235973024861, 0.5), 185788: (-0.14254255949940656, 0.5), 71506: (-0.21455717958576054, 0.5), 17739: (-0.6237170117580051, -0.5), 78304: (-0.0004920903210815456, 0.0)}","{13931: (0.8877044161703095, 0.5), 116568: (0.8745343387485607, 0.5), 39689: (0.8744229627506687, 0.5), 7947: (0.8741304786471529, 0.5), 27014: (0.8726143850353286, 0.0)}",{'dummy': 0.050346060931704906},"[(0.5, 0.5)]",[]
