impression,user_id,app_version,model_version,mturk_id,status,NUM_INITIAL_RATINGS,NUM_REFINE_RATINGS,TOTAL_TRAINING_RATINGS,NUM_TEST_RATINGS,TIME_INITIAL,TIME_REFINE,TIME_TEST,random_test_predictions_ratings,good_test_predictions_ratings,hypers,redisplay_check,arbitrary_check
0,714b871d-c2c3-48a7-a129-d47345a79165,6.2-knn-mpc-dresses10,1.2,A3QOE1Q4ODY8V3,Completed,1,30,31,15,14.953744888305664,239.3561191558838,131.46277952194214,"{143912: (-0.4757812274869234, -1.0), 46655: (0.3356126395974621, 0.5), 138174: (-0.49929274827027725, 0.0), 226649: (0.5, 1.0), 40038: (-0.19887514209162382, -1.0), 238877: (-0.5068191994710538, -1.0), 295513: (0.30032341590622796, 1.0), 190822: (0.8236334863623075, 0.5), 72127: (0.22221037311915884, -1.0), 154262: (-0.4895618557183019, -1.0)}","{88086: (1.0000000000000002, 0.5), 81630: (1.0000000000000002, 1.0), 326698: (1.0000000000000002, 1.0), 87675: (1.0000000000000002, 1.0), 157178: (1.0000000000000002, 0.0)}",{'dummy': 0.11409220655567132},"[(-0.5, -1.0)]",[]
