impression,user_id,app_version,model_version,status,NUM_INITIAL_RATINGS,NUM_REFINE_RATINGS,TOTAL_TRAINING_RATINGS,NUM_TEST_RATINGS,items_shown,ratings,model_fit,history_dict,hypers,redisplay_check,arbitrary_check,hyper_history
0,76e1b708-3248-4870-b4ee-ddbe5dfc610a,6.2-knn-mpc-dresses10,1.2,Started,1,20,21,15,"[178929, 120656, 100363, 218291, 218309, 149592, 296329, 246481, 205887, 81187, 199943, 143653, 18794, 38590, 155806, 164869, 58676, 100215, 26523, 12505, 98607]","[0.5, 0.5, 1.0, -0.5, -0.5, -0.5, 0.5, -0.5, -0.5, 0.0, 0.0, 0.5, 0.0, 0.0, 0.5, 0.0, -0.5, 0.5, 0.5, 0.0, 0.0]","[0.49999999999999994, 0.49999999999999994, 0.9999999999999999, -0.5, -0.5, -0.5, 0.49999999999999994, -0.5, -0.5, 0.0, 0.0, 0.49999999999999994, 0.0, 0.0, 0.49999999999999994, 0.0, -0.5, 0.49999999999999994, 0.49999999999999994, 0.0, 0.0]","{178929: (0.49999999999999994, 0.5), 120656: (0.49999999999999994, 0.5), 100363: (0.9999999999999999, 1.0), 218291: (-0.5, -0.5), 218309: (-0.5, -0.5), 149592: (-0.5, -0.5), 296329: (0.49999999999999994, 0.5), 246481: (-0.5, -0.5), 205887: (-0.5, -0.5), 81187: (0.0, 0.0), 199943: (0.0, 0.0), 143653: (0.49999999999999994, 0.5), 18794: (0.0, 0.0), 38590: (0.0, 0.0), 155806: (0.49999999999999994, 0.5), 164869: (0.0, 0.0), 58676: (-0.5, -0.5), 100215: (0.49999999999999994, 0.5), 26523: (0.49999999999999994, 0.5), 12505: (0.0, 0.0), 98607: (0.0, 0.0)}",{'dummy': 0.6509039790813018},"[(0.5, 1.0)]",[],"[{'dummy': 0.9208010660823457}, {'dummy': 0.8612384202236111}, {'dummy': 0.1233393499016231}, {'dummy': 0.5812375949427515}, {'dummy': 0.12028014915400831}, {'dummy': 0.40716144926645725}, {'dummy': 0.04202766179127648}, {'dummy': 0.19250880327208275}, {'dummy': 0.9684528172813934}, {'dummy': 0.20476974238113366}, {'dummy': 0.5603674378088893}, {'dummy': 0.6889216471949949}, {'dummy': 0.975203294916793}, {'dummy': 0.8588479940965477}, {'dummy': 0.5214401384244254}, {'dummy': 0.34013068171247307}, {'dummy': 0.4525987181764023}, {'dummy': 0.7881146852691}, {'dummy': 0.5076145867266428}, {'dummy': 0.5362840942430112}]"
