impression,user_id,app_version,model_version,status,NUM_INITIAL_RATINGS,NUM_REFINE_RATINGS,TOTAL_TRAINING_RATINGS,NUM_TEST_RATINGS,items_shown,ratings,model_fit,history_dict,hypers,redisplay_check,arbitrary_check,hyper_history
0,67873062-b230-4eb0-976d-f66ac5d62215,6.2-knn-mpc-dresses10,1.2,Started,1,20,21,15,"[118062, 101445, 42893, 238335, 201387, 114278, 154268, 44430, 117807, 151149, 322491, 305010, 76287, 159150, 13245, 158385, 121993, 153134, 308887, 132961, 50149]","[-0.5, 0.5, 1.0, 1.0, 0.0, -0.5, -0.5, -0.5, -1.0, 0.5, -1.0, 0.0, 0.0, -0.5, -1.0, 0.0, 0.0, 0.5, -0.5, -0.5, 0.5]","[-0.5, 0.5, 1.0, 1.0, 0.0, -0.5, -0.5, -0.5, -1.0, 0.5, -1.0, 0.0, 0.0, -0.5, -1.0, 0.0, 0.0, 0.5, -0.5, -0.5, 0.5]","{118062: (-0.5, -0.5), 101445: (0.5, 0.5), 42893: (1.0, 1.0), 238335: (1.0, 1.0), 201387: (0.0, 0.0), 114278: (-0.5, -0.5), 154268: (-0.5, -0.5), 44430: (-0.5, -0.5), 117807: (-1.0, -1.0), 151149: (0.5, 0.5), 322491: (-1.0, -1.0), 305010: (0.0, 0.0), 76287: (0.0, 0.0), 159150: (-0.5, -0.5), 13245: (-1.0, -1.0), 158385: (0.0, 0.0), 121993: (0.0, 0.0), 153134: (0.5, 0.5), 308887: (-0.5, -0.5), 132961: (-0.5, -0.5), 50149: (0.5, 0.5)}",{'dummy': 0.4189188954401857},"[(1.0, 1.0)]",[],"[{'dummy': 0.8269293879512107}, {'dummy': 0.09468461687961327}, {'dummy': 0.6610278438417636}, {'dummy': 0.5317697697411128}, {'dummy': 0.8370194862774307}, {'dummy': 0.46334580484818677}, {'dummy': 0.012492717175193735}, {'dummy': 0.34461979705387946}, {'dummy': 0.07028641256205792}, {'dummy': 0.490897191193962}, {'dummy': 0.9331947622999966}, {'dummy': 0.026748754166838307}, {'dummy': 0.9054636481226935}, {'dummy': 0.5514713582522277}, {'dummy': 0.17346824293777907}, {'dummy': 0.49884422285116725}, {'dummy': 0.734504599362915}, {'dummy': 0.2874759414708541}, {'dummy': 0.5942982964833925}, {'dummy': 0.5167523694775066}]"
