impression,user_id,app_version,model_version,status,NUM_INITIAL_RATINGS,NUM_REFINE_RATINGS,TOTAL_TRAINING_RATINGS,NUM_TEST_RATINGS,items_shown,ratings,model_fit,history_dict,hypers,redisplay_check,arbitrary_check,hyper_history
0,26170824-1f13-488b-a863-1acd627f574e,6.2-knn-mpc-dresses10,1.2,Started,1,20,21,15,"[64003, 130576, 167478, 652, 83512, 44921, 267647, 200693, 216179, 263292, 200052, 227900, 199597, 108095, 298223, 51699, 97742, 155289, 38647, 85960, 84917]","[1.0, 0.0, -0.5, 0.5, -1.0, 1.0, -0.5, 0.0, 0.0, 0.0, 0.0, 0.0, 0.0, -1.0, 1.0, 1.0, -0.5, 1.0, 1.0, 0.5, 0.0]","[0.9999999999999999, 0.0, -0.5, 0.49999999999999994, -1.0, 0.9999999999999999, -0.5, 0.0, 0.0, 0.0, 0.0, 0.0, 0.0, -1.0, 0.9999999999999999, 0.9999999999999999, -0.5, 0.9999999999999999, 0.9999999999999999, 0.49999999999999994, 0.0]","{64003: (0.9999999999999999, 1.0), 130576: (0.0, 0.0), 167478: (-0.5, -0.5), 652: (0.49999999999999994, 0.5), 83512: (-1.0, -1.0), 44921: (0.9999999999999999, 1.0), 267647: (-0.5, -0.5), 200693: (0.0, 0.0), 216179: (0.0, 0.0), 263292: (0.0, 0.0), 200052: (0.0, 0.0), 227900: (0.0, 0.0), 199597: (0.0, 0.0), 108095: (-1.0, -1.0), 298223: (0.9999999999999999, 1.0), 51699: (0.9999999999999999, 1.0), 97742: (-0.5, -0.5), 155289: (0.9999999999999999, 1.0), 38647: (0.9999999999999999, 1.0), 85960: (0.49999999999999994, 0.5), 84917: (0.0, 0.0)}",{'dummy': 0.07102201789537621},"[(-0.5, -0.5)]",[],"[{'dummy': 0.254252711546615}, {'dummy': 0.18628765726617313}, {'dummy': 0.17616282006516926}, {'dummy': 0.4716213909749869}, {'dummy': 0.8614570033032022}, {'dummy': 0.8175665789735082}, {'dummy': 0.004366513718821907}, {'dummy': 0.03399394536111433}, {'dummy': 0.9125612765004671}, {'dummy': 0.6284933964357512}, {'dummy': 0.5893816599015005}, {'dummy': 0.9657694125455544}, {'dummy': 0.0011759877309026612}, {'dummy': 0.7457758059000659}, {'dummy': 0.6556987480170214}, {'dummy': 0.055292903965977525}, {'dummy': 0.6416846774821434}, {'dummy': 0.09670079078621241}, {'dummy': 0.5624986281712833}, {'dummy': 0.9876598511350054}]"
