impression,user_id,app_version,model_version,mturk_id,status,NUM_INITIAL_RATINGS,NUM_REFINE_RATINGS,TOTAL_TRAINING_RATINGS,NUM_TEST_RATINGS,TIME_INITIAL,TIME_REFINE,TIME_TEST,random_test_predictions_ratings,good_test_predictions_ratings,hypers,redisplay_check,arbitrary_check
0,17c97287-9ec4-4fd6-9cc5-1eacc39fec84,6.2-knn-mpc-dresses10,1.2,A204I882AXVXG9,Completed,1,30,31,15,7.985190391540527,126.06038236618042,54.662349700927734,"{264370: (-0.04044429723847916, 0.5), 220826: (-0.17469101548358792, 1.0), 212282: (0.5054812265815966, 1.0), 314835: (0.12040676244890183, 0.0), 181251: (0.10963740261824341, 0.0), 307615: (0.0, 0.5), 198214: (-0.01299395711160026, 0.0), 233283: (0.12932360949914282, 0.0), 162403: (-0.1530822496574963, 0.0), 36014: (0.3271144727668619, 0.0)}","{25943: (1.0000000000000002, -0.5), 204032: (1.0000000000000002, 0.5), 199371: (1.0000000000000002, 0.5), 283368: (1.0000000000000002, 0.0), 59443: (1.0000000000000002, 0.0)}",{'dummy': 0.023945701075675285},"[(0.0, 0.0)]",[]
