impression,user_id,app_version,model_version,mturk_id,status,NUM_INITIAL_RATINGS,NUM_REFINE_RATINGS,TOTAL_TRAINING_RATINGS,NUM_TEST_RATINGS,TIME_INITIAL,TIME_REFINE,TIME_TEST,random_test_predictions_ratings,good_test_predictions_ratings,hypers,redisplay_check,arbitrary_check
0,32d1ec14-5be1-4e8c-8942-c36da878be3e,6.2-knn-mpc-dresses10,1.2,A3GVTW7MWUDHNU,Completed,1,50,51,15,11.685604095458984,208.7450315952301,63.9614622592926,"{277216: (0.3401923027282837, 0.5), 114232: (-0.1623228190138748, 0.0), 192483: (-0.334523251158227, -0.5), 253934: (-0.16032315116122453, 0.0), 91264: (0.013789714356307686, -0.5), 126498: (-0.16024813592115617, -0.5), 291160: (-0.34662838368521953, -0.5), 293858: (8.673617379884035e-19, 0.0), 280386: (0.1553262390632472, -0.5), 46563: (-8.673617379884035e-19, 0.5)}","{108231: (1.0000000000000002, 0.5), 82320: (1.0000000000000002, 0.5), 98985: (1.0000000000000002, 0.0), 263891: (1.0000000000000002, -0.5), 82439: (1.0000000000000002, 0.0)}",{'dummy': 0.49804742867064855},"[(-0.5, -0.5)]",[]
