impression,user_id,app_version,model_version,mturk_id,status,NUM_INITIAL_RATINGS,NUM_REFINE_RATINGS,TOTAL_TRAINING_RATINGS,NUM_TEST_RATINGS,TIME_INITIAL,TIME_REFINE,TIME_TEST,random_test_predictions_ratings,good_test_predictions_ratings,hypers,redisplay_check,arbitrary_check
0,207a62a3-4d47-427e-9b3a-50cfdf687501,6.2-knn-mpc-dresses10,1.2,A1QNC08T9AJTNL,Completed,1,50,51,15,11.027660369873047,370.76929330825806,89.06239652633667,"{171889: (-0.6834114153608065, -1.0), 326795: (-0.5, -1.0), 317938: (-0.15765713921567728, 1.0), 92158: (-0.8212810035419684, 0.0), 203633: (-0.17258052225287826, 0.0), 284356: (0.3486447552650156, -0.5), 19401: (0.857306182166247, 0.5), 260241: (0.8476202210912281, 1.0), 150609: (-0.0427993825359304, 0.5), 266542: (0.3008124277335121, -1.0)}","{320030: (1.0000000000000002, 1.0), 33445: (1.0000000000000002, 0.5), 33403: (1.0000000000000002, 0.5), 33389: (1.0000000000000002, 0.5), 33371: (1.0000000000000002, 1.0)}",{'dummy': 0.2701339439661189},"[(0.5, 0.5)]",[]
