impression,user_id,app_version,model_version,status,NUM_INITIAL_RATINGS,NUM_REFINE_RATINGS,TOTAL_TRAINING_RATINGS,NUM_TEST_RATINGS,items_shown,ratings,model_fit,history_dict,hypers,redisplay_check,arbitrary_check,hyper_history
0,ea6b6a20-1533-4539-92ab-41be3b44f559,6.2-knn-mpc-dresses10,1.2,Started,1,20,21,15,"[268077, 90798, 227527, 139922, 318367, 147964, 313689, 194499, 228157, 303182, 96695, 80719, 236117, 124571, 200701, 221666, 210102, 218373, 213752, 188763, 49153]","[0.5, 1.0, 0.0, 0.0, -1.0, -1.0, 1.0, -1.0, 0.0, -1.0, 0.0, 0.0, -1.0, -0.5, 0.5, 0.0, 0.5, -1.0, -1.0, -1.0, 1.0]","[0.5, 1.0, 1.734723475976807e-18, 1.734723475976807e-18, -1.0, -1.0, 1.0, -1.0, 1.734723475976807e-18, -1.0, 1.734723475976807e-18, 1.734723475976807e-18, -1.0, -0.5, 0.5, 1.734723475976807e-18, 0.5, -1.0, -1.0, -1.0, 1.0]","{268077: (0.5, 0.5), 90798: (1.0, 1.0), 227527: (1.734723475976807e-18, 0.0), 139922: (1.734723475976807e-18, 0.0), 318367: (-1.0, -1.0), 147964: (-1.0, -1.0), 313689: (1.0, 1.0), 194499: (-1.0, -1.0), 228157: (1.734723475976807e-18, 0.0), 303182: (-1.0, -1.0), 96695: (1.734723475976807e-18, 0.0), 80719: (1.734723475976807e-18, 0.0), 236117: (-1.0, -1.0), 124571: (-0.5, -0.5), 200701: (0.5, 0.5), 221666: (1.734723475976807e-18, 0.0), 210102: (0.5, 0.5), 218373: (-1.0, -1.0), 213752: (-1.0, -1.0), 188763: (-1.0, -1.0), 49153: (1.0, 1.0)}",{'dummy': 0.844982451576339},"[(0.0, 0.0)]",[],"[{'dummy': 0.4062407743238904}, {'dummy': 0.6605924831145084}, {'dummy': 0.19711667896460594}, {'dummy': 0.05740933711878671}, {'dummy': 0.03736649088145061}, {'dummy': 0.965285875487641}, {'dummy': 0.024802595215048462}, {'dummy': 0.6803829495599149}, {'dummy': 0.747195447322358}, {'dummy': 0.2903013075145988}, {'dummy': 0.7993370746109815}, {'dummy': 0.8467285235872702}, {'dummy': 0.25312548058686923}, {'dummy': 0.5945627450933547}, {'dummy': 0.3661841731784182}, {'dummy': 0.319111559076691}, {'dummy': 0.44864135336824496}, {'dummy': 0.714551928763401}, {'dummy': 0.5714712652508294}, {'dummy': 0.3490834990357602}]"
