impression,user_id,app_version,model_version,status,NUM_INITIAL_RATINGS,NUM_REFINE_RATINGS,TOTAL_TRAINING_RATINGS,NUM_TEST_RATINGS,items_shown,ratings,model_fit,history_dict,hypers,redisplay_check,arbitrary_check,hyper_history
0,af1b3592-ef7d-4621-b5ca-e56a3cf6635c,6.2-knn-mpc-dresses10,1.2,Started,1,20,21,15,"[29913, 284158, 202348, 3829, 301262, 93149, 149661, 54278, 212513, 329724, 143027, 212687, 125019, 153127, 102800, 257669, 308271, 126541, 303837, 153540, 64124]","[-1.0, 0.0, -0.5, 0.0, 0.0, 0.5, -1.0, 1.0, 0.0, 0.5, 0.0, -1.0, -1.0, 0.5, 0.0, 0.0, 1.0, -0.5, 0.0, 0.0, 0.0]","[-1.0, 0.0, -0.5, 0.0, 0.0, 0.5, -1.0, 1.0, 0.0, 0.5, 0.0, -1.0, -1.0, 0.5, 0.0, 0.0, 1.0, -0.5, 0.0, 0.0, 0.0]","{29913: (-1.0, -1.0), 284158: (0.0, 0.0), 202348: (-0.5, -0.5), 3829: (0.0, 0.0), 301262: (0.0, 0.0), 93149: (0.5, 0.5), 149661: (-1.0, -1.0), 54278: (1.0, 1.0), 212513: (0.0, 0.0), 329724: (0.5, 0.5), 143027: (0.0, 0.0), 212687: (-1.0, -1.0), 125019: (-1.0, -1.0), 153127: (0.5, 0.5), 102800: (0.0, 0.0), 257669: (0.0, 0.0), 308271: (1.0, 1.0), 126541: (-0.5, -0.5), 303837: (0.0, 0.0), 153540: (0.0, 0.0), 64124: (0.0, 0.0)}",{'dummy': 0.6605077243952117},"[(-0.5, -0.5)]",[],"[{'dummy': 0.9087112240381654}, {'dummy': 0.8876208305116733}, {'dummy': 0.14017524559353767}, {'dummy': 0.9362129453441762}, {'dummy': 0.21994871667872884}, {'dummy': 0.5562482334930743}, {'dummy': 0.18057773193206106}, {'dummy': 0.523471596256191}, {'dummy': 0.9827537634829747}, {'dummy': 0.8368301761499365}, {'dummy': 0.005397574366319047}, {'dummy': 0.36567596209275377}, {'dummy': 0.6831168367420498}, {'dummy': 0.26934671443058855}, {'dummy': 0.07061926479312819}, {'dummy': 0.6352803179026573}, {'dummy': 0.38431942730550284}, {'dummy': 0.8869185701015644}, {'dummy': 0.6394242205573365}, {'dummy': 0.46588493027467537}]"
