impression,user_id,app_version,model_version,status,NUM_INITIAL_RATINGS,NUM_REFINE_RATINGS,TOTAL_TRAINING_RATINGS,NUM_TEST_RATINGS,items_shown,ratings,model_fit,history_dict,hypers,redisplay_check,arbitrary_check,hyper_history
0,06daadaa-8867-4de9-ac8a-a012197e30b3,6.2-knn-mpc-dresses10,1.2,Started,1,20,21,15,"[111585, 219824, 214670, 194699, 153954, 75611, 109678, 247573, 119803, 85322, 104453, 32770, 227494, 8916, 292613, 192684, 134211, 294118, 309247, 36641, 38892]","[-1.0, 1.0, -1.0, 1.0, 1.0, -1.0, -1.0, -1.0, 1.0, -1.0, -1.0, -1.0, -1.0, -1.0, -1.0, 1.0, -1.0, -1.0, -1.0, -1.0, -1.0]","[-1.0, 1.0, -1.0, 1.0, 1.0, -1.0, -1.0, -1.0, 1.0, -1.0, -1.0, -1.0, -1.0, -1.0, -1.0, 1.0, -1.0, -1.0, -1.0, -1.0, -1.0]","{111585: (-1.0, -1.0), 219824: (1.0, 1.0), 214670: (-1.0, -1.0), 194699: (1.0, 1.0), 153954: (1.0, 1.0), 75611: (-1.0, -1.0), 109678: (-1.0, -1.0), 247573: (-1.0, -1.0), 119803: (1.0, 1.0), 85322: (-1.0, -1.0), 104453: (-1.0, -1.0), 32770: (-1.0, -1.0), 227494: (-1.0, -1.0), 8916: (-1.0, -1.0), 292613: (-1.0, -1.0), 192684: (1.0, 1.0), 134211: (-1.0, -1.0), 294118: (-1.0, -1.0), 309247: (-1.0, -1.0), 36641: (-1.0, -1.0), 38892: (-1.0, -1.0)}",{'dummy': 0.44689351485768847},"[(-1.0, -1.0)]",[],"[{'dummy': 0.9923539871282072}, {'dummy': 0.21046694919465636}, {'dummy': 0.9116064447557964}, {'dummy': 0.4007052064644433}, {'dummy': 0.9871636490844824}, {'dummy': 0.11507109488331202}, {'dummy': 0.05505937255748705}, {'dummy': 0.3842883114077106}, {'dummy': 0.2817844297986163}, {'dummy': 0.1929723345898614}, {'dummy': 0.15839737096660733}, {'dummy': 0.31604043732058285}, {'dummy': 0.039188165071433745}, {'dummy': 0.2208611077846867}, {'dummy': 0.00035701917808050876}, {'dummy': 0.09129820233231167}, {'dummy': 0.5764898950897562}, {'dummy': 0.9566611119947855}, {'dummy': 0.44284658841938374}, {'dummy': 0.6600241657795334}]"
