impression,user_id,app_version,model_version,status,NUM_INITIAL_RATINGS,NUM_REFINE_RATINGS,TOTAL_TRAINING_RATINGS,NUM_TEST_RATINGS,items_shown,ratings,model_fit,history_dict,hypers,redisplay_check,arbitrary_check,hyper_history
0,5c746c34-8305-471e-8016-13a18f19445b,6.2-knn-mpc-dresses10,1.2,Started,1,20,21,15,"[319802, 99292, 207880, 12602, 130924, 227265, 301771, 270815, 150163, 175017, 280391, 191179, 70044, 303959, 10364, 37290, 231419, 106002, 102108, 26081, 315437]","[-0.5, 0.0, 0.0, 0.0, -0.5, 0.0, 0.0, 0.0, 1.0, 0.5, -0.5, 0.0, 0.0, 0.0, 1.0, 0.5, 0.0, 0.5, 0.5, 0.0, 0.0]","[-0.5, 0.0, 0.0, 0.0, -0.5, 0.0, 0.0, 0.0, 1.0, 0.5, -0.5, 0.0, 0.0, 0.0, 1.0, 0.5, 0.0, 0.5, 0.5, 0.0, 0.0]","{319802: (-0.5, -0.5), 99292: (0.0, 0.0), 207880: (0.0, 0.0), 12602: (0.0, 0.0), 130924: (-0.5, -0.5), 227265: (0.0, 0.0), 301771: (0.0, 0.0), 270815: (0.0, 0.0), 150163: (1.0, 1.0), 175017: (0.5, 0.5), 280391: (-0.5, -0.5), 191179: (0.0, 0.0), 70044: (0.0, 0.0), 303959: (0.0, 0.0), 10364: (1.0, 1.0), 37290: (0.5, 0.5), 231419: (0.0, 0.0), 106002: (0.5, 0.5), 102108: (0.5, 0.5), 26081: (0.0, 0.0), 315437: (0.0, 0.0)}",{'dummy': 0.7145907960590968},"[(0.0, 0.0)]",[],"[{'dummy': 0.1145513894910386}, {'dummy': 0.1942566048334864}, {'dummy': 0.6160085781706404}, {'dummy': 0.46503023851213543}, {'dummy': 0.27695479335237105}, {'dummy': 0.004685196368049649}, {'dummy': 0.7495866068307142}, {'dummy': 0.4951658311893794}, {'dummy': 0.28184661121527244}, {'dummy': 0.43492592101516225}, {'dummy': 0.38158575762613733}, {'dummy': 0.2847722438943975}, {'dummy': 0.5475772146360038}, {'dummy': 0.18937595409297225}, {'dummy': 0.7415858427897828}, {'dummy': 0.2624768284928082}, {'dummy': 0.15058500410620757}, {'dummy': 0.8600430912962542}, {'dummy': 0.9353834430508244}, {'dummy': 0.20125276008608262}]"
