impression,user_id,app_version,model_version,status,NUM_INITIAL_RATINGS,NUM_REFINE_RATINGS,TOTAL_TRAINING_RATINGS,NUM_TEST_RATINGS,items_shown,ratings,model_fit,history_dict,hypers,redisplay_check,arbitrary_check,hyper_history
0,ef3f6676-8c95-4746-8039-6aebd0629dcb,6.2-knn-mpc-dresses10,1.2,Started,1,20,21,15,"[259243, 224463, 235350, 102823, 84796, 7180, 177259, 124925, 294633, 155960, 51506, 266434, 225184, 170050, 52520, 294350, 32005, 141546, 37367, 209342, 278622]","[-1.0, -0.5, 1.0, 0.5, 0.0, -0.5, 0.5, 0.0, 1.0, -1.0, -1.0, 0.5, -0.5, 0.5, 0.0, -0.5, 0.5, 0.5, 0.5, 0.5, -0.5]","[-1.0, -0.5, 1.0, 0.5, 0.0, -0.5, 0.5, 0.0, 1.0, -1.0, -1.0, 0.5, -0.5, 0.5, 0.0, -0.5, 0.5, 0.5, 0.5, 0.5, -0.5]","{259243: (-1.0, -1.0), 224463: (-0.5, -0.5), 235350: (1.0, 1.0), 102823: (0.5, 0.5), 84796: (0.0, 0.0), 7180: (-0.5, -0.5), 177259: (0.5, 0.5), 124925: (0.0, 0.0), 294633: (1.0, 1.0), 155960: (-1.0, -1.0), 51506: (-1.0, -1.0), 266434: (0.5, 0.5), 225184: (-0.5, -0.5), 170050: (0.5, 0.5), 52520: (0.0, 0.0), 294350: (-0.5, -0.5), 32005: (0.5, 0.5), 141546: (0.5, 0.5), 37367: (0.5, 0.5), 209342: (0.5, 0.5), 278622: (-0.5, -0.5)}",{'dummy': 0.8045931316175982},"[(1.0, 1.0)]",[],"[{'dummy': 0.6744827784726077}, {'dummy': 0.06846879151915042}, {'dummy': 0.6952735996781352}, {'dummy': 0.6263142765903144}, {'dummy': 0.17835870922185215}, {'dummy': 0.5696616904934961}, {'dummy': 0.2267440439384616}, {'dummy': 0.43617297992440307}, {'dummy': 0.7075357011092503}, {'dummy': 0.9168166940768189}, {'dummy': 0.5447802713056094}, {'dummy': 0.16577832052287833}, {'dummy': 0.6092740934325381}, {'dummy': 0.07559409218444213}, {'dummy': 0.9036454215464983}, {'dummy': 0.6655317071079175}, {'dummy': 0.16959040726029073}, {'dummy': 0.4848393063084827}, {'dummy': 0.35783900690144443}, {'dummy': 0.0584352656088285}]"
