impression,user_id,app_version,model_version,mturk_id,status,NUM_INITIAL_RATINGS,NUM_REFINE_RATINGS,TOTAL_TRAINING_RATINGS,NUM_TEST_RATINGS,TIME_INITIAL,TIME_REFINE,TIME_TEST,random_test_predictions_ratings,good_test_predictions_ratings,hypers,redisplay_check,arbitrary_check
0,f104d26d-35ce-451c-86bf-ad35b1dd9009,6.2-knn-mpc-dresses10,1.2,A260EJW55KFZX7,Completed,1,30,31,15,15.599984169006348,198.74487471580505,104.53397464752197,"{25249: (1.0000000000000002, 1.0), 325243: (0.1648918859224682, 1.0), 34841: (-0.3323479794642272, 1.0), 55172: (0.10952926292467495, -0.5), 227614: (-0.30559367473576826, 0.0), 215037: (0.21967328769227762, -1.0), 320200: (0.6493737800060712, 1.0), 425: (-0.018900942419684916, -0.5), 88836: (0.5099866643281677, 1.0), 283746: (0.3192560149131663, -0.5)}","{268483: (1.0000000000000002, -0.5), 34622: (1.0000000000000002, 1.0), 195515: (1.0000000000000002, 1.0), 97680: (1.0000000000000002, 1.0), 225052: (1.0000000000000002, 1.0)}",{'dummy': 0.8631753297398206},"[(1.0, 1.0)]",[]
