impression,user_id,app_version,model_version,status,NUM_INITIAL_RATINGS,NUM_REFINE_RATINGS,TOTAL_TRAINING_RATINGS,NUM_TEST_RATINGS,items_shown,ratings,model_fit,history_dict,hypers,redisplay_check,arbitrary_check,hyper_history
0,f3af53ed-d064-4b78-ba60-45b43ae3cc29,6.2-knn-mpc-dresses10,1.2,Started,1,20,21,15,"[318637, 262803, 58272, 80524, 298076, 276729, 275953, 94074, 128708, 206770, 304742, 82851, 283194, 48646, 329100, 52262, 297004, 196245, 214722, 78818, 122331]","[-1.0, 0.0, 1.0, -0.5, 0.0, 0.5, 1.0, -1.0, -1.0, 0.0, 0.0, 0.0, -1.0, -0.5, 1.0, 0.0, 1.0, -0.5, 0.0, -0.5, -0.5]","[-1.0, 0.0, 1.0, -0.49999999999999994, 0.0, 0.5, 1.0, -1.0, -1.0, 0.0, 0.0, 0.0, -1.0, -0.49999999999999994, 1.0, 0.0, 1.0, -0.49999999999999994, 0.0, -0.49999999999999994, -0.49999999999999994]","{318637: (-1.0, -1.0), 262803: (0.0, 0.0), 58272: (1.0, 1.0), 80524: (-0.49999999999999994, -0.5), 298076: (0.0, 0.0), 276729: (0.5, 0.5), 275953: (1.0, 1.0), 94074: (-1.0, -1.0), 128708: (-1.0, -1.0), 206770: (0.0, 0.0), 304742: (0.0, 0.0), 82851: (0.0, 0.0), 283194: (-1.0, -1.0), 48646: (-0.49999999999999994, -0.5), 329100: (1.0, 1.0), 52262: (0.0, 0.0), 297004: (1.0, 1.0), 196245: (-0.49999999999999994, -0.5), 214722: (0.0, 0.0), 78818: (-0.49999999999999994, -0.5), 122331: (-0.49999999999999994, -0.5)}",{'dummy': 0.9149815352400795},"[(1.0, 1.0)]",[],"[{'dummy': 0.7147913589253134}, {'dummy': 0.17202880212774552}, {'dummy': 0.8792538234235591}, {'dummy': 0.4604051037836574}, {'dummy': 0.8750560068114591}, {'dummy': 0.676303486837021}, {'dummy': 0.25274831110754936}, {'dummy': 0.6831653790763287}, {'dummy': 0.7975524829009697}, {'dummy': 0.7405653012875546}, {'dummy': 0.3334003682136967}, {'dummy': 0.41539439295827874}, {'dummy': 0.5530613004328422}, {'dummy': 0.6339683774455539}, {'dummy': 0.7610305683441778}, {'dummy': 0.604715620289157}, {'dummy': 0.9502161200340681}, {'dummy': 0.8133356785668016}, {'dummy': 0.2798087563487216}, {'dummy': 0.9398104916785819}]"
