impression,user_id,app_version,model_version,mturk_id,status,NUM_INITIAL_RATINGS,NUM_REFINE_RATINGS,TOTAL_TRAINING_RATINGS,NUM_TEST_RATINGS,TIME_INITIAL,TIME_REFINE,TIME_TEST,random_test_predictions_ratings,good_test_predictions_ratings,hypers,redisplay_check,arbitrary_check
0,5c5ffbb7-146a-44fb-b7a6-2be94a92c181,6.2-knn-mpc-dresses10,1.2,A1P4RP206OT6XD,Completed,1,20,21,15,13.637429237365723,138.66709518432617,57.855347633361816,"{293026: (-0.8353239368233641, -0.5), 176097: (-0.34289494928127007, -0.5), 250441: (-0.3123561252516717, 0.5), 65647: (-0.3384551135785747, 0.5), 250239: (0.7148450330904358, 0.5), 51825: (0.3581249724924666, 0.5), 105188: (-0.3368042645289184, -0.5), 267242: (-0.031997967879957664, -0.5), 314336: (0.5, 0.5), 240341: (-0.5442028425510181, -0.5)}","{238872: (0.8686064193075562, 1.0), 80920: (0.8685089719206223, 1.0), 121173: (0.8684024819174397, 0.5), 219993: (0.8677172488574201, 1.0), 25331: (0.8668558909223997, 1.0)}",{'dummy': 0.3052016187008807},"[(-0.5, -0.5)]",[]
