impression,user_id,app_version,model_version,mturk_id,status,NUM_INITIAL_RATINGS,NUM_REFINE_RATINGS,TOTAL_TRAINING_RATINGS,NUM_TEST_RATINGS,TIME_INITIAL,TIME_REFINE,TIME_TEST,random_test_predictions_ratings,good_test_predictions_ratings,hypers,redisplay_check,arbitrary_check
0,06623bf2-be7c-4194-b19c-0ca001899a7d,6.2-knn-mpc-dresses10,1.2,A31U7VGTEOY2RG,Completed,1,20,21,15,5.902822494506836,114.69379425048828,77.87099695205688,"{166346: (0.3249775048626817, 1.0), 191330: (0.19230312905211203, 1.0), 133856: (-1.0, 0.0), 189803: (-1.0000000000000002, 1.0), 180397: (-0.5052754235578313, 1.0), 81799: (-1.0, -1.0), 221474: (-0.634400061567637, -1.0), 9047: (-1.0, -0.5), 83134: (0.9999999999999999, 0.0), 276850: (-0.31643028376492893, 0.0)}","{299695: (1.0, 0.0), 141596: (1.0, 1.0), 42067: (1.0, 1.0), 269969: (1.0, 1.0), 164875: (1.0, 1.0)}",{'dummy': 0.9498030301921963},"[(1.0, 1.0)]",[]
