impression,user_id,app_version,model_version,status,NUM_INITIAL_RATINGS,NUM_REFINE_RATINGS,TOTAL_TRAINING_RATINGS,NUM_TEST_RATINGS,items_shown,ratings,model_fit,history_dict,hypers,redisplay_check,arbitrary_check,hyper_history
0,a74cac4e-a987-4dac-b3b5-4410ef87f930,6.2-knn-mpc-dresses10,1.2,Started,1,20,21,15,"[245027, 202457, 94835, 271970, 49627, 26182, 301896, 77881, 150497, 156728, 104213, 174034, 193942, 165804, 219056, 118054, 292888, 175122, 249981, 88491, 104211]","[1.0, 1.0, 0.5, 0.5, -0.5, 0.0, 0.0, 0.0, -0.5, 0.0, -0.5, -0.5, 0.5, -0.5, 0.5, -0.5, 0.0, -1.0, 0.5, 0.5, -0.5]","[1.0, 1.0, 0.5, 0.5, -0.5, 0.0, 0.0, 0.0, -0.5, 0.0, -0.5, -0.5, 0.5, -0.5, 0.5, -0.5, 0.0, -1.0, 0.5, 0.5, -0.5]","{245027: (1.0, 1.0), 202457: (1.0, 1.0), 94835: (0.5, 0.5), 271970: (0.5, 0.5), 49627: (-0.5, -0.5), 26182: (0.0, 0.0), 301896: (0.0, 0.0), 77881: (0.0, 0.0), 150497: (-0.5, -0.5), 156728: (0.0, 0.0), 104213: (-0.5, -0.5), 174034: (-0.5, -0.5), 193942: (0.5, 0.5), 165804: (-0.5, -0.5), 219056: (0.5, 0.5), 118054: (-0.5, -0.5), 292888: (0.0, 0.0), 175122: (-1.0, -1.0), 249981: (0.5, 0.5), 88491: (0.5, 0.5), 104211: (-0.5, -0.5)}",{'dummy': 0.2144550034914292},"[(0.5, 0.5)]",[],"[{'dummy': 0.22533543608654916}, {'dummy': 0.46545934295218394}, {'dummy': 0.017137902991638865}, {'dummy': 0.16991789684358494}, {'dummy': 0.8396290754167433}, {'dummy': 0.35401414815927534}, {'dummy': 0.30456183751887145}, {'dummy': 0.7819224751489333}, {'dummy': 0.7535260859148056}, {'dummy': 0.012834263078912}, {'dummy': 0.9121465466464627}, {'dummy': 0.429762798079109}, {'dummy': 0.555285353049806}, {'dummy': 0.3434520468948524}, {'dummy': 0.018352090056618198}, {'dummy': 0.8318321139429607}, {'dummy': 0.9807767413952122}, {'dummy': 0.49764366245853964}, {'dummy': 0.678211879775976}, {'dummy': 0.7529805439956058}]"
