impression,user_id,app_version,model_version,mturk_id,status,NUM_INITIAL_RATINGS,NUM_REFINE_RATINGS,TOTAL_TRAINING_RATINGS,NUM_TEST_RATINGS,TIME_INITIAL,TIME_REFINE,TIME_TEST,random_test_predictions_ratings,good_test_predictions_ratings,hypers,redisplay_check,arbitrary_check
0,b19a85b2-70e9-4b17-9319-64d732eb59c8,6.2-knn-mpc-dresses10,1.2,A388KGW5CXBH3L,Completed,1,30,31,15,8.154118299484253,142.81862497329712,61.606101751327515,"{295069: (0.5011726963689281, 0.5), 189927: (-0.30998336169945484, 0.0), 223411: (0.25471232729958104, 1.0), 324821: (0.18435714443440526, 0.5), 202244: (-0.1624654797936929, 0.0), 82028: (0.6561626513835971, -1.0), 4323: (0.4678297340406609, -0.5), 25138: (-0.03964995625095873, 0.0), 194327: (0.32574420561771233, -0.5), 245154: (0.2611381019685484, 0.0)}","{237784: (1.0000000000000002, 0.0), 296832: (1.0000000000000002, 0.0), 263544: (1.0000000000000002, -0.5), 261096: (1.0000000000000002, 0.5), 9209: (1.0000000000000002, -0.5)}",{'dummy': 0.902271723606508},"[(0.0, 0.0)]",[]
