impression,user_id,app_version,model_version,status,NUM_INITIAL_RATINGS,NUM_REFINE_RATINGS,TOTAL_TRAINING_RATINGS,NUM_TEST_RATINGS,items_shown,ratings,model_fit,history_dict,hypers,redisplay_check,arbitrary_check,hyper_history
0,dd0ba172-7feb-4668-9f4e-610fcd7da85a,6.2-knn-mpc-dresses10,1.2,Started,1,20,21,15,"[244201, 65016, 159892, 24632, 4573, 212938, 182103, 82877, 108018, 110897, 177075, 205300, 194612, 274004, 18227, 114055, 60066, 276477, 1083, 241313, 328555]","[-0.5, 0.0, 0.0, -1.0, -0.5, 1.0, 1.0, -0.5, 0.5, 1.0, 1.0, 0.5, 1.0, 1.0, -1.0, -1.0, 0.0, 0.0, -1.0, 0.0, -1.0]","[-0.5, 0.0, 0.0, -1.0, -0.5, 1.0, 1.0, -0.5, 0.5, 1.0, 1.0, 0.5, 1.0, 1.0, -1.0, -1.0, 0.0, 0.0, -1.0, 0.0, -1.0]","{244201: (-0.5, -0.5), 65016: (0.0, 0.0), 159892: (0.0, 0.0), 24632: (-1.0, -1.0), 4573: (-0.5, -0.5), 212938: (1.0, 1.0), 182103: (1.0, 1.0), 82877: (-0.5, -0.5), 108018: (0.5, 0.5), 110897: (1.0, 1.0), 177075: (1.0, 1.0), 205300: (0.5, 0.5), 194612: (1.0, 1.0), 274004: (1.0, 1.0), 18227: (-1.0, -1.0), 114055: (-1.0, -1.0), 60066: (0.0, 0.0), 276477: (0.0, 0.0), 1083: (-1.0, -1.0), 241313: (0.0, 0.0), 328555: (-1.0, -1.0)}",{'dummy': 0.4074888677308155},"[(0.5, 0.0)]",[],"[{'dummy': 0.033396141803833546}, {'dummy': 0.8916065621625192}, {'dummy': 0.988226740737646}, {'dummy': 0.17597645774338677}, {'dummy': 0.9189677477932885}, {'dummy': 0.5457989208729859}, {'dummy': 0.8781330010902186}, {'dummy': 0.8375691940792409}, {'dummy': 0.6026424740210172}, {'dummy': 0.7521919999771102}, {'dummy': 0.6577562488637247}, {'dummy': 0.15346394904367933}, {'dummy': 0.9902250507429736}, {'dummy': 0.4101244001142714}, {'dummy': 0.5961891656598005}, {'dummy': 0.08990345063552718}, {'dummy': 0.7081024745001656}, {'dummy': 0.5384380919201202}, {'dummy': 0.6918035952359922}, {'dummy': 0.9876932231767745}]"
