impression,user_id,app_version,model_version,mturk_id,status,NUM_INITIAL_RATINGS,NUM_REFINE_RATINGS,TOTAL_TRAINING_RATINGS,NUM_TEST_RATINGS,TIME_INITIAL,TIME_REFINE,TIME_TEST,random_test_predictions_ratings,good_test_predictions_ratings,hypers,redisplay_check,arbitrary_check
0,875001f1-2859-402e-a4c6-0deefca644a5,6.2-knn-mpc-dresses10,1.2,A3DI3M012XGD,Completed,1,30,31,15,16.625765323638916,298.83215165138245,153.5312294960022,"{286301: (-0.684762311770895, -0.5), 169121: (-0.17712367076620694, 1.0), 259030: (-0.1424775399796361, 0.5), 165905: (-0.6649728666864377, -1.0), 184312: (-0.17211830157939895, -1.0), 137649: (0.14457529363776517, 0.0), 275261: (0.14408187575491976, 0.5), 175834: (-0.6546980982628517, 1.0), 185428: (0.0010585459100547977, -0.5), 116738: (-0.34541450977257887, -1.0)}","{47029: (1.0000000000000004, 0.0), 47108: (1.0000000000000002, 1.0), 228259: (1.0000000000000002, 1.0), 143832: (1.0000000000000002, 1.0), 209359: (1.0000000000000002, -0.5)}",{'dummy': 0.6435320399642579},"[(-0.5, -0.5)]",[]
