impression,user_id,app_version,model_version,mturk_id,status,NUM_INITIAL_RATINGS,NUM_REFINE_RATINGS,TOTAL_TRAINING_RATINGS,NUM_TEST_RATINGS,TIME_INITIAL,TIME_REFINE,TIME_TEST,random_test_predictions_ratings,good_test_predictions_ratings,hypers,redisplay_check,arbitrary_check
0,b294f961-5762-4cb7-b95f-89d6e8ea5332,6.2-knn-mpc-dresses10,1.2,A2HZFB5DO0N5C0,Completed,1,20,21,15,7.432215690612793,128.31616067886353,133.70456838607788,"{212824: (-0.513519983822905, 0.5), 60276: (0.14244822206082708, 0.5), 258839: (0.22022461460283563, 1.0), 121072: (-0.4530888824247756, -0.5), 196961: (-0.3405229111690908, -0.5), 276783: (0.01004136773790136, 0.0), 206721: (0.04187950839772175, 0.5), 101861: (-0.8631534142627141, 0.0), 64365: (0.5, -0.5), 197866: (-0.47559775904898854, -0.5)}","{305741: (0.8590689654325401, 1.0), 16976: (0.8590041865651651, -0.5), 38837: (0.8579450427917408, 1.0), 236386: (0.8571462731377183, 0.0), 258864: (0.8552856818662162, 0.0)}",{'dummy': 0.18439009620586333},"[(0.5, 1.0)]",[]
