impression,user_id,app_version,model_version,mturk_id,status,NUM_INITIAL_RATINGS,NUM_REFINE_RATINGS,TOTAL_TRAINING_RATINGS,NUM_TEST_RATINGS,TIME_INITIAL,TIME_REFINE,TIME_TEST,random_test_predictions_ratings,good_test_predictions_ratings,hypers,redisplay_check,arbitrary_check
0,55f0a502-f690-46c5-bbaa-f9cccb19a009,6.2-knn-mpc-dresses10,1.2,A32UPOIV8K3W0Z,Completed,1,30,31,15,8.7810218334198,94.17146730422974,95.86471462249756,"{162773: (-0.36036897366776155, -1.0), 16084: (0.9999999999999999, 1.0), 235277: (-0.23882849148311844, -1.0), 295025: (1.0, 1.0), 73172: (-1.0, -1.0), 267674: (0.02455439269342568, -1.0), 79285: (0.39483307042035654, 1.0), 144054: (-0.4009284757904045, -1.0), 189651: (1.0, 1.0), 14686: (-1.0, -1.0)}","{104519: (1.0000000000000002, -1.0), 77980: (1.0000000000000002, 1.0), 59357: (1.0000000000000002, 1.0), 42704: (1.0000000000000002, 1.0), 173187: (1.0000000000000002, 1.0)}",{'dummy': 0.3570535089297071},"[(-1.0, -1.0)]",[]
