impression,user_id,app_version,model_version,mturk_id,status,NUM_INITIAL_RATINGS,NUM_REFINE_RATINGS,TOTAL_TRAINING_RATINGS,NUM_TEST_RATINGS,TIME_INITIAL,TIME_REFINE,TIME_TEST,random_test_predictions_ratings,good_test_predictions_ratings,hypers,redisplay_check,arbitrary_check
0,d9a13e26-1063-40fe-adf2-e82456063f11,6.2-knn-mpc-dresses10,1.2,A3LK4TL4G7LT6,Completed,1,40,41,15,6.646314859390259,147.83894205093384,58.23176670074463,"{65915: (0.0, 0.0), 119512: (3.469446951953614e-18, 0.5), 190414: (0.17064791845792648, -1.0), 83803: (-0.3418573777604288, 0.0), 48051: (0.15027005627803136, 0.0), 83061: (-0.17047245348156623, 0.5), 100168: (0.31239899466433857, 0.0), 74186: (0.33805827636534946, 0.0), 1767: (0.32102871760705254, 0.0), 178893: (-0.009212140555383034, 0.0)}","{309071: (0.8041362878182756, 0.5), 86636: (0.783001327501142, -0.5), 234265: (0.7721708810833086, 0.0), 173151: (0.7685693615552955, -0.5), 313253: (0.7667941379489973, 0.0)}",{'dummy': 0.6325376131024117},"[(-0.5, -1.0)]",[]
