impression,user_id,app_version,model_version,mturk_id,status,NUM_INITIAL_RATINGS,NUM_REFINE_RATINGS,TOTAL_TRAINING_RATINGS,NUM_TEST_RATINGS,TIME_INITIAL,TIME_REFINE,TIME_TEST,random_test_predictions_ratings,good_test_predictions_ratings,hypers,redisplay_check,arbitrary_check
0,5394583f-196c-4639-ac95-6034a9f6a21b,6.2-knn-mpc-dresses10,1.2,A1MF859APPYTJV,Completed,1,40,41,15,5.706780672073364,167.8015992641449,56.83070516586304,"{163784: (-0.3055393172138221, -1.0), 243854: (0.6954346365546267, 0.0), 173535: (0.8679221703762567, 1.0), 244820: (0.1158026127852611, -1.0), 22279: (-0.506091991873004, 0.0), 239375: (0.03653432870291707, 0.5), 84322: (1.0, 0.5), 194022: (0.6690814989894847, 0.5), 4155: (0.3339407018341376, -1.0), 62970: (-0.1844367138734919, 0.5)}","{82745: (1.0000000000000004, 0.5), 296617: (1.0000000000000004, 1.0), 261757: (1.0000000000000004, 0.0), 245518: (1.0000000000000004, 0.0), 154527: (1.0000000000000004, 0.5)}",{'dummy': 0.37239174326756264},"[(1.0, 1.0)]",[]
