impression,user_id,app_version,model_version,mturk_id,status,NUM_INITIAL_RATINGS,NUM_REFINE_RATINGS,TOTAL_TRAINING_RATINGS,NUM_TEST_RATINGS,TIME_INITIAL,TIME_REFINE,TIME_TEST,random_test_predictions_ratings,good_test_predictions_ratings,hypers,redisplay_check,arbitrary_check
0,bc3ada6d-132f-4585-8c75-a70454d35f40,6.2-knn-mpc-dresses10,1.2,A30X66H0RILXAH,Completed,1,30,31,15,9.426905155181885,213.62666273117065,93.4973976612091,"{195557: (-0.17388888382759304, 0.5), 14897: (-0.3314320871818736, 0.0), 80711: (-0.3233614206221987, 0.5), 278262: (-0.004587619245358511, -0.5), 44702: (-0.5, -1.0), 106096: (-0.1782047337538484, -0.5), 133805: (-0.15376230363730825, 0.5), 54447: (-0.6580495067818253, -1.0), 326534: (-0.511189788389338, -0.5), 308074: (0.0, 0.5)}","{101320: (0.8921501099773477, 0.5), 208582: (0.8919862177542244, 0.5), 251219: (0.8878840397462667, 0.5), 83883: (0.8870663586342477, -0.5), 252416: (0.885996189031916, 0.5)}",{'dummy': 0.7972698607708012},"[(0.5, 0.5)]",[]
