impression,user_id,app_version,model_version,mturk_id,status,NUM_INITIAL_RATINGS,NUM_REFINE_RATINGS,TOTAL_TRAINING_RATINGS,NUM_TEST_RATINGS,TIME_INITIAL,TIME_REFINE,TIME_TEST,random_test_predictions_ratings,good_test_predictions_ratings,hypers,redisplay_check,arbitrary_check
0,eb163f7f-1b1f-41b2-9f56-7ffe5cc32416,6.2-knn-mpc-dresses10,1.2,A1GTK51EOSCJOV,Completed,1,30,31,15,10.391542434692383,124.60113406181335,64.93249130249023,"{108091: (0.5171060603045792, 0.0), 205967: (0.1511140697149998, -0.5), 102392: (0.6981639345397496, 0.5), 6731: (-0.10702642625127043, 0.0), 113661: (0.0, 0.0), 201598: (0.004135705279315383, -0.5), 148059: (-0.1703037451521335, -0.5), 62448: (0.00021677287957158446, 0.0), 223288: (-0.18005277530719493, -0.5), 76892: (0.16568328933219661, 0.0)}","{234808: (0.863320935807279, 0.5), 261285: (0.8628138227153809, -0.5), 323016: (0.8625218880077462, 0.0), 60766: (0.8619412264037029, 0.5), 45240: (0.8581933436942826, 0.5)}",{'dummy': 0.2692698627592033},"[(0.5, 0.5)]",[]
