impression,user_id,app_version,model_version,mturk_id,status,NUM_INITIAL_RATINGS,NUM_REFINE_RATINGS,TOTAL_TRAINING_RATINGS,NUM_TEST_RATINGS,TIME_INITIAL,TIME_REFINE,TIME_TEST,random_test_predictions_ratings,good_test_predictions_ratings,hypers,redisplay_check,arbitrary_check
0,868f19e2-72bd-4226-9f53-943141f3a500,6.2-knn-mpc-dresses10,1.2,A1IXVPKQT4DXTG,Completed,1,40,41,15,9.988553285598755,256.4912040233612,82.47430682182312,"{281843: (0.6263980572938661, 0.5), 84388: (0.28244856074831054, 0.5), 122568: (-0.606061696511345, 0.5), 126069: (0.4830902369591836, -0.5), 66597: (0.33067046844270215, 0.0), 109233: (-0.06308019156225318, 0.5), 214982: (-0.12781001756063207, 0.0), 39585: (0.004819989814745434, -1.0), 267283: (0.501567260782085, -0.5), 128022: (0.1722533261034498, 0.0)}","{196527: (1.0000000000000004, 0.0), 140940: (1.0000000000000004, 0.0), 155738: (1.0000000000000004, -0.5), 24522: (1.0000000000000004, 0.5), 261974: (1.0000000000000004, 0.5)}",{'dummy': 0.9364914127047},"[(-0.5, -0.5)]",[]
