impression,user_id,app_version,model_version,mturk_id,status,NUM_INITIAL_RATINGS,NUM_REFINE_RATINGS,TOTAL_TRAINING_RATINGS,NUM_TEST_RATINGS,TIME_INITIAL,TIME_REFINE,TIME_TEST,random_test_predictions_ratings,good_test_predictions_ratings,hypers,redisplay_check,arbitrary_check
0,9ca3e133-2615-449e-9ea6-5a045c70aff7,6.2-knn-mpc-dresses10,1.2,A15B8IH0SB9NSZ,Completed,1,30,31,15,6.361788272857666,133.5795178413391,69.05163049697876,"{54881: (-0.415438863146188, 0.5), 279341: (-0.34601142445434585, 0.0), 143829: (0.14519156907498723, 0.0), 222207: (-0.18114752538267656, -0.5), 140189: (-0.6708148565716763, 0.0), 318899: (0.8436371765552656, -0.5), 74387: (0.15412144165236732, 0.5), 165687: (-0.12694768208748988, 0.5), 102302: (0.4975350888404594, 0.5), 203139: (0.18928199964674677, -1.0)}","{246155: (1.0000000000000002, 0.0), 190699: (1.0000000000000002, 0.0), 46398: (1.0000000000000002, 1.0), 26946: (1.0000000000000002, 0.0), 329522: (1.0000000000000002, 0.0)}",{'dummy': 0.8284425679832628},"[(1.0, 1.0)]",[]
