impression,user_id,app_version,model_version,mturk_id,status,NUM_INITIAL_RATINGS,NUM_REFINE_RATINGS,TOTAL_TRAINING_RATINGS,NUM_TEST_RATINGS,TIME_INITIAL,TIME_REFINE,TIME_TEST,random_test_predictions_ratings,good_test_predictions_ratings,hypers,redisplay_check,arbitrary_check
0,bffa0160-840b-4866-af71-88a0a9c6c324,6.2-knn-mpc-dresses10,1.2,A1MV8SI9AF0XZ2,Completed,1,40,41,15,7.966216325759888,489.68294763565063,198.72579669952393,"{223769: (-0.6940926338632754, 0.5), 28664: (-0.6618288228908524, 0.5), 191143: (0.31253624974040095, -0.5), 9370: (-0.011224451768890139, -0.5), 253386: (-0.2686026874911719, 0.5), 93599: (-0.0397655112610389, -0.5), 94993: (0.8384839737766143, 0.5), 103845: (0.635465667018513, 0.5), 18852: (0.3318592629926689, -0.5), 245906: (-0.16971008343204397, -1.0)}","{295534: (1.0000000000000002, 0.5), 206141: (1.0000000000000002, 0.5), 220522: (1.0000000000000002, -0.5), 306696: (1.0000000000000002, 0.5), 32081: (1.0000000000000002, -0.5)}",{'dummy': 0.48806923618729825},"[(0.5, 0.5)]",[]
