impression,user_id,app_version,model_version,mturk_id,status,NUM_INITIAL_RATINGS,NUM_REFINE_RATINGS,TOTAL_TRAINING_RATINGS,NUM_TEST_RATINGS,TIME_INITIAL,TIME_REFINE,TIME_TEST,random_test_predictions_ratings,good_test_predictions_ratings,hypers,redisplay_check,arbitrary_check
0,098ef0aa-1810-478b-a120-77fa3e918112,6.2-knn-mpc-dresses10,1.2,A3PQVDFT21IISU,Completed,1,50,51,15,6.792855978012085,178.82418084144592,46.577083587646484,"{278209: (-0.35182438472001987, 0.5), 216515: (0.2215045502041135, -0.5), 51674: (0.17600602248266903, -0.5), 58870: (0.3839450466363831, 1.0), 173611: (-0.3378445682958234, -0.5), 220276: (0.3858457116636618, 0.5), 199879: (-0.1738467391761236, 0.5), 319979: (0.22545342295488324, 0.5), 35853: (-0.44360540133974896, -0.5), 189623: (0.15406495772751996, 0.5)}","{273837: (1.0000000000000002, 1.0), 195953: (1.0000000000000002, -0.5), 59095: (1.0000000000000002, 0.5), 44475: (1.0000000000000002, 1.0), 316133: (1.0000000000000002, -1.0)}",{'dummy': 0.8060841497409413},"[(0.5, 0.5)]",[]
