impression,user_id,app_version,model_version,mturk_id,status,NUM_INITIAL_RATINGS,NUM_REFINE_RATINGS,TOTAL_TRAINING_RATINGS,NUM_TEST_RATINGS,TIME_INITIAL,TIME_REFINE,TIME_TEST,random_test_predictions_ratings,good_test_predictions_ratings,hypers,redisplay_check,arbitrary_check
0,7766044f-7c6c-4b35-bd92-ec5bb6f65b6b,6.2-knn-mpc-dresses10,1.2,AKJLAFX2M86TP,Completed,1,30,31,15,5.888756513595581,266.42718029022217,58.567378997802734,"{125538: (0.1802936253694432, -0.5), 202645: (0.301277067916187, 0.5), 12947: (-0.15061407819676118, 1.0), 249310: (-0.12975059379358636, 1.0), 117458: (-0.1293574699337343, 0.5), 203563: (0.3038187694995624, 0.5), 166047: (0.19066020892591892, 1.0), 99278: (0.5056770049476751, 0.5), 11196: (-0.1473169757082735, 1.0), 325791: (-0.7165461983381306, 1.0)}","{122900: (1.0000000000000002, 0.5), 286869: (1.0000000000000002, 0.5), 30733: (1.0000000000000002, -0.5), 244556: (1.0000000000000002, 1.0), 290424: (1.0, 0.5)}",{'dummy': 0.13366186337162933},"[(0.5, 0.5)]",[]
