impression,user_id,app_version,model_version,status,NUM_INITIAL_RATINGS,NUM_REFINE_RATINGS,TOTAL_TRAINING_RATINGS,NUM_TEST_RATINGS,items_shown,ratings,model_fit,history_dict,hypers,redisplay_check,arbitrary_check,hyper_history
0,83053eb5-ee4c-4eb5-b271-dcc35bfaa701,6.2-knn-mpc-dresses10,1.2,Started,1,20,21,15,"[168184, 36085, 104302, 48389, 330128, 310285, 261042, 74106, 163392, 104309, 251650, 276969, 249845, 258802, 54501, 307663, 95979, 104267, 93721, 109338, 65336]","[1.0, -0.5, 0.0, 1.0, 0.0, 1.0, -0.5, 0.0, 1.0, 0.0, -0.5, 1.0, 0.5, 0.0, 1.0, -1.0, 1.0, 0.0, 1.0, -1.0, 0.0]","[1.0, -0.5, 0.0, 1.0, 0.0, 1.0, -0.5, 0.0, 1.0, 0.0, -0.5, 1.0, 0.49999999999999994, 0.0, 1.0, -1.0, 1.0, 0.0, 1.0, -1.0, 0.0]","{168184: (1.0, 1.0), 36085: (-0.5, -0.5), 104302: (0.0, 0.0), 48389: (1.0, 1.0), 330128: (0.0, 0.0), 310285: (1.0, 1.0), 261042: (-0.5, -0.5), 74106: (0.0, 0.0), 163392: (1.0, 1.0), 104309: (0.0, 0.0), 251650: (-0.5, -0.5), 276969: (1.0, 1.0), 249845: (0.49999999999999994, 0.5), 258802: (0.0, 0.0), 54501: (1.0, 1.0), 307663: (-1.0, -1.0), 95979: (1.0, 1.0), 104267: (0.0, 0.0), 93721: (1.0, 1.0), 109338: (-1.0, -1.0), 65336: (0.0, 0.0)}",{'dummy': 0.002390934916378873},"[(0.5, 0.0)]",[],"[{'dummy': 0.45430563426548587}, {'dummy': 0.8161279726511166}, {'dummy': 0.8399495393653429}, {'dummy': 0.8231423410232616}, {'dummy': 0.18440760379271648}, {'dummy': 0.7940158680563939}, {'dummy': 0.9303443454042847}, {'dummy': 0.8027634647737019}, {'dummy': 0.39238246999731896}, {'dummy': 0.5938441842372968}, {'dummy': 0.9940000393652495}, {'dummy': 0.4551299657492689}, {'dummy': 0.4560322775565223}, {'dummy': 0.32740772390844763}, {'dummy': 0.9440384380056096}, {'dummy': 0.12386640790813352}, {'dummy': 0.51267872889917}, {'dummy': 0.22874329503519142}, {'dummy': 0.7545147285364543}, {'dummy': 0.8753454939765433}]"
