impression,user_id,app_version,model_version,mturk_id,status,NUM_INITIAL_RATINGS,NUM_REFINE_RATINGS,TOTAL_TRAINING_RATINGS,NUM_TEST_RATINGS,TIME_INITIAL,TIME_REFINE,TIME_TEST,random_test_predictions_ratings,good_test_predictions_ratings,hypers,redisplay_check,arbitrary_check
0,ea6b6a20-1533-4539-92ab-41be3b44f559,6.2-knn-mpc-dresses10,1.2,A1UFEYLBCJ89TQ,Completed,1,20,21,15,16.99497699737549,151.1090760231018,81.91445899009705,"{124421: (0.36165066799435736, 0.0), 238520: (-0.16585509912872148, 1.0), 248874: (-0.4934758850906724, 0.0), 153298: (0.32650690660782233, 0.5), 100871: (-0.5397278416902007, -0.5), 277866: (-1.0, -1.0), 143821: (0.36775931577593945, 1.0), 188783: (-1.0, -1.0), 114448: (0.19134880525175002, 0.0), 83267: (0.47523225737805713, 1.0)}","{235638: (1.0000000000000002, 1.0), 193128: (1.0000000000000002, 1.0), 235712: (1.0000000000000002, 0.5), 315715: (1.0000000000000002, 0.5), 113203: (1.0000000000000002, 1.0)}",{'dummy': 0.8783878127966581},"[(1.0, 0.5)]",[]
