impression,user_id,app_version,model_version,mturk_id,status,NUM_INITIAL_RATINGS,NUM_REFINE_RATINGS,TOTAL_TRAINING_RATINGS,NUM_TEST_RATINGS,TIME_INITIAL,TIME_REFINE,TIME_TEST,random_test_predictions_ratings,good_test_predictions_ratings,hypers,redisplay_check,arbitrary_check
0,dbf56e9a-ec8b-43da-9cdb-ccbf4f1639f7,6.2-knn-mpc-dresses10,1.2,A1UBXBFSS3O8K,Completed,1,50,51,15,9.817073822021484,595.2174315452576,205.3522288799286,"{267252: (-0.8237469547307797, -0.5), 133730: (-0.16996741117847528, -1.0), 133631: (0.009335637558116732, 1.0), 172255: (-0.19801882655583616, 0.5), 24371: (-0.22639101306950662, 0.5), 268946: (-0.32678503191250424, 0.5), 37702: (-0.8503839560233564, -1.0), 142262: (-0.3553062513626891, 0.5), 157636: (-0.3389007008559819, 0.5), 142173: (0.009725632892600906, 0.5)}","{141416: (1.0000000000000004, 0.5), 320432: (1.0000000000000004, 1.0), 97522: (1.0000000000000004, 1.0), 86550: (1.0000000000000004, -1.0), 24869: (1.0000000000000004, 1.0)}",{'dummy': 0.12841502629060186},"[(-1.0, -1.0)]",[]
