impression,user_id,app_version,model_version,mturk_id,status,NUM_INITIAL_RATINGS,NUM_REFINE_RATINGS,TOTAL_TRAINING_RATINGS,NUM_TEST_RATINGS,TIME_INITIAL,TIME_REFINE,TIME_TEST,random_test_predictions_ratings,good_test_predictions_ratings,hypers,redisplay_check,arbitrary_check
0,55a9b669-6381-4132-b7e4-b7deee34ad26,6.2-knn-mpc-dresses10,1.2,A1F66ZMX1AJMOA,Completed,1,20,21,15,9.023627996444702,136.50265049934387,117.68763041496277,"{183329: (-0.486245460048769, 1.0), 170937: (0.2534785859135905, -1.0), 308514: (-0.35115717481330133, -1.0), 44976: (0.32590586969998536, 1.0), 23442: (0.348339596019027, -1.0), 149235: (-1.0, -1.0), 320022: (-0.3204480473052169, -1.0), 46244: (-0.21840683016712203, 1.0), 287473: (0.44271540200625076, 1.0), 162007: (1.0, 1.0)}","{44277: (1.0000000000000002, -1.0), 157426: (1.0000000000000002, -1.0), 135892: (1.0000000000000002, -1.0), 33993: (1.0000000000000002, 1.0), 234169: (1.0000000000000002, 1.0)}",{'dummy': 0.6054480852706836},"[(1.0, 1.0)]",[]
