impression,user_id,app_version,model_version,status,NUM_INITIAL_RATINGS,NUM_REFINE_RATINGS,TOTAL_TRAINING_RATINGS,NUM_TEST_RATINGS,items_shown,ratings,model_fit,history_dict,hypers,redisplay_check,arbitrary_check,hyper_history
0,8a285a09-0cd6-4437-85cd-54e9008edd52,6.2-knn-mpc-dresses10,1.2,Started,1,20,21,15,"[13293, 69128, 162015, 77192, 318484, 225749, 222219, 180836, 119682, 127588, 227850, 210635, 205248, 88557, 93791, 155862, 117560, 212758, 102640, 298972, 181294]","[1.0, -0.5, 0.5, 0.0, 1.0, 1.0, -1.0, 0.5, 0.5, 0.5, 0.5, -0.5, -0.5, 0.5, 1.0, 0.5, -0.5, -0.5, 0.0, 0.5, 0.5]","[1.0, -0.5, 0.5, 0.0, 1.0, 1.0, -1.0, 0.5, 0.5, 0.5, 0.5, -0.5, -0.5, 0.5, 1.0, 0.5, -0.5, -0.5, 0.0, 0.5, 0.5]","{13293: (1.0, 1.0), 69128: (-0.5, -0.5), 162015: (0.5, 0.5), 77192: (0.0, 0.0), 318484: (1.0, 1.0), 225749: (1.0, 1.0), 222219: (-1.0, -1.0), 180836: (0.5, 0.5), 119682: (0.5, 0.5), 127588: (0.5, 0.5), 227850: (0.5, 0.5), 210635: (-0.5, -0.5), 205248: (-0.5, -0.5), 88557: (0.5, 0.5), 93791: (1.0, 1.0), 155862: (0.5, 0.5), 117560: (-0.5, -0.5), 212758: (-0.5, -0.5), 102640: (0.0, 0.0), 298972: (0.5, 0.5), 181294: (0.5, 0.5)}",{'dummy': 0.9032371946212322},"[(0.5, 0.5)]",[],"[{'dummy': 0.93270084544105}, {'dummy': 0.33051250543759114}, {'dummy': 0.5043507857793007}, {'dummy': 0.028408563136086973}, {'dummy': 0.7372035548978821}, {'dummy': 0.04749757121112308}, {'dummy': 0.4893104935153405}, {'dummy': 0.2664644213859457}, {'dummy': 0.9125265274240647}, {'dummy': 0.41333273084145317}, {'dummy': 0.759218785165007}, {'dummy': 0.787259530160592}, {'dummy': 0.5830046608364602}, {'dummy': 0.4636407081987568}, {'dummy': 0.9065958356781848}, {'dummy': 0.9500396142348877}, {'dummy': 0.024095705419252877}, {'dummy': 0.997857263931494}, {'dummy': 0.3861938142024042}, {'dummy': 0.7072366788484672}]"
