impression,user_id,app_version,model_version,mturk_id,status,NUM_INITIAL_RATINGS,NUM_REFINE_RATINGS,TOTAL_TRAINING_RATINGS,NUM_TEST_RATINGS,TIME_INITIAL,TIME_REFINE,TIME_TEST,random_test_predictions_ratings,good_test_predictions_ratings,hypers,redisplay_check,arbitrary_check
0,8a285a09-0cd6-4437-85cd-54e9008edd52,6.2-knn-mpc-dresses10,1.2,A2R1GDWV4RLIUY,Completed,1,20,21,15,7.07523250579834,119.39597058296204,118.2862617969513,"{301005: (0.19721807154020496, -0.5), 242097: (3.767791635909262e-05, -0.5), 133463: (-0.6820074325588561, -1.0), 238670: (-0.5104080603007879, 0.5), 316220: (-0.36985879812324834, 0.5), 119557: (0.646811509485464, 1.0), 172124: (0.10086751072660816, -0.5), 9553: (0.23830282064080788, -0.5), 37795: (0.34290934085430397, 1.0), 232939: (0.6505840295892383, 1.0)}","{292959: (1.0000000000000002, -0.5), 241999: (1.0000000000000002, 0.5), 134216: (1.0, 0.0), 149532: (1.0, 0.5), 293098: (1.0, -0.5)}",{'dummy': 0.5002435190802184},"[(0.5, 0.5)]",[]
