impression,user_id,app_version,model_version,mturk_id,status,NUM_INITIAL_RATINGS,NUM_REFINE_RATINGS,TOTAL_TRAINING_RATINGS,NUM_TEST_RATINGS,TIME_INITIAL,TIME_REFINE,TIME_TEST,random_test_predictions_ratings,good_test_predictions_ratings,hypers,redisplay_check,arbitrary_check
0,5849d26c-f4ae-40c8-84a6-43f54464b16f,6.2-knn-mpc-dresses10,1.2,AJQ71YIGY01HZ,Completed,1,20,21,15,5.07528829574585,53.85654616355896,43.647071838378906,"{206590: (-0.5047979762652646, -0.5), 166512: (-0.0135478716160967, -0.5), 19368: (0.01957716894366309, 0.0), 52101: (0.29409792708882426, 0.5), 220711: (-0.0005531455542934285, -0.5), 318593: (0.13221046584981622, -0.5), 232164: (-0.011905702291643868, -0.5), 203291: (-0.1945557325856061, -0.5), 214566: (-0.5088951541518755, 0.0), 116772: (0.14954801135657012, 0.0)}","{10020: (1.0000000000000002, 0.5), 241358: (1.0000000000000002, 0.5), 199966: (1.0000000000000002, 0.5), 253754: (1.0000000000000002, -1.0), 80327: (1.0000000000000002, 0.5)}",{'dummy': 0.9501396266023848},"[(0.5, 0.5)]",[]
