impression,user_id,app_version,model_version,status,NUM_INITIAL_RATINGS,NUM_REFINE_RATINGS,TOTAL_TRAINING_RATINGS,NUM_TEST_RATINGS,items_shown,ratings,model_fit,history_dict,hypers,redisplay_check,arbitrary_check,hyper_history
0,25469ca2-b551-4876-a76a-7aaef746f077,6.2-knn-mpc-dresses10,1.2,Started,1,20,21,15,"[225018, 188326, 117983, 111481, 22173, 170479, 320011, 207, 272887, 96278, 246364, 206947, 226619, 306964, 53659, 96202, 29103, 217956, 274888, 261460, 299398]","[0.5, 1.0, -0.5, -1.0, -1.0, -0.5, 1.0, 1.0, -1.0, 0.5, 0.5, -0.5, 0.0, -0.5, 1.0, 0.5, -0.5, -0.5, 0.0, -1.0, 1.0]","[0.5, 1.0, -0.5, -1.0, -1.0, -0.5, 1.0, 1.0, -1.0, 0.5, 0.5, -0.5, 0.0, -0.5, 1.0, 0.5, -0.5, -0.5, 0.0, -1.0, 1.0]","{225018: (0.5, 0.5), 188326: (1.0, 1.0), 117983: (-0.5, -0.5), 111481: (-1.0, -1.0), 22173: (-1.0, -1.0), 170479: (-0.5, -0.5), 320011: (1.0, 1.0), 207: (1.0, 1.0), 272887: (-1.0, -1.0), 96278: (0.5, 0.5), 246364: (0.5, 0.5), 206947: (-0.5, -0.5), 226619: (0.0, 0.0), 306964: (-0.5, -0.5), 53659: (1.0, 1.0), 96202: (0.5, 0.5), 29103: (-0.5, -0.5), 217956: (-0.5, -0.5), 274888: (0.0, 0.0), 261460: (-1.0, -1.0), 299398: (1.0, 1.0)}",{'dummy': 0.5548407813336912},"[(-1.0, -0.5)]",[],"[{'dummy': 0.5406181660164011}, {'dummy': 0.8275321730553922}, {'dummy': 0.6911234414051327}, {'dummy': 0.407926428376173}, {'dummy': 0.14691138343812582}, {'dummy': 0.540160294871292}, {'dummy': 0.5680970413914411}, {'dummy': 0.8566914127204959}, {'dummy': 0.8071149419400624}, {'dummy': 0.5281158191195404}, {'dummy': 0.40480239379142535}, {'dummy': 0.7021161000791433}, {'dummy': 0.08871345042722945}, {'dummy': 0.6682070063870196}, {'dummy': 0.005063529386141297}, {'dummy': 0.45001266343516966}, {'dummy': 0.058174224484880854}, {'dummy': 0.7055681995936005}, {'dummy': 0.8317562005662382}, {'dummy': 0.6479656926594665}]"
