impression,user_id,app_version,model_version,mturk_id,status,NUM_INITIAL_RATINGS,NUM_REFINE_RATINGS,TOTAL_TRAINING_RATINGS,NUM_TEST_RATINGS,TIME_INITIAL,TIME_REFINE,TIME_TEST,random_test_predictions_ratings,good_test_predictions_ratings,hypers,redisplay_check,arbitrary_check
0,0cd5c1a7-5834-4e2f-b07c-cb0a438dc680,6.2-knn-mpc-dresses10,1.2,A3OLRWACCCCUTU,Completed,1,50,51,15,6.902687311172485,212.9462869167328,63.91599774360657,"{248488: (0.34524577558167946, -0.5), 310505: (-0.83221405493896, -1.0), 101330: (-0.31283131646339657, -0.5), 56715: (-0.3665030654919598, 0.5), 112898: (0.3995906039493019, 1.0), 49598: (0.4050729769325882, 0.5), 112308: (0.020316011908733344, 0.5), 216833: (-0.8344050806833183, -0.5), 199630: (0.6532264258862188, -1.0), 238386: (-0.3166044933142596, -0.5)}","{124477: (1.0000000000000002, -1.0), 63241: (1.0000000000000002, 1.0), 268031: (1.0000000000000002, 1.0), 63309: (1.0000000000000002, 1.0), 141345: (1.0000000000000002, 1.0)}",{'dummy': 0.6466646570910038},"[(-1.0, -1.0)]",[]
