impression,user_id,app_version,model_version,status,NUM_INITIAL_RATINGS,NUM_REFINE_RATINGS,TOTAL_TRAINING_RATINGS,NUM_TEST_RATINGS,items_shown,ratings,model_fit,history_dict,hypers,redisplay_check,arbitrary_check,hyper_history
0,eb0c71f5-628b-40a8-b091-cecb28a575fa,6.2-knn-mpc-dresses10,1.2,Started,1,20,21,15,"[297896, 122264, 68238, 53684, 65155, 107029, 237547, 291176, 246359, 301613, 234762, 132135, 89408, 327076, 233179, 22457, 27120, 168011, 196774, 142163, 184200]","[-1.0, 1.0, -0.5, 1.0, 0.0, -1.0, 0.5, 0.0, -0.5, -1.0, -0.5, -1.0, 1.0, -1.0, -0.5, 1.0, -0.5, 1.0, -1.0, 0.5, 1.0]","[-1.0, 1.0, -0.5, 1.0, 0.0, -1.0, 0.5, 0.0, -0.5, -1.0, -0.5, -1.0, 1.0, -1.0, -0.5, 1.0, -0.5, 1.0, -1.0, 0.5, 1.0]","{297896: (-1.0, -1.0), 122264: (1.0, 1.0), 68238: (-0.5, -0.5), 53684: (1.0, 1.0), 65155: (0.0, 0.0), 107029: (-1.0, -1.0), 237547: (0.5, 0.5), 291176: (0.0, 0.0), 246359: (-0.5, -0.5), 301613: (-1.0, -1.0), 234762: (-0.5, -0.5), 132135: (-1.0, -1.0), 89408: (1.0, 1.0), 327076: (-1.0, -1.0), 233179: (-0.5, -0.5), 22457: (1.0, 1.0), 27120: (-0.5, -0.5), 168011: (1.0, 1.0), 196774: (-1.0, -1.0), 142163: (0.5, 0.5), 184200: (1.0, 1.0)}",{'dummy': 0.6278665523244218},"[(-0.5, -0.5)]",[],"[{'dummy': 0.23790285322460458}, {'dummy': 0.1882337345987236}, {'dummy': 0.0394343597033997}, {'dummy': 0.08961754822727264}, {'dummy': 0.6218769079604552}, {'dummy': 0.25022100917233703}, {'dummy': 0.34819382643667107}, {'dummy': 0.9112708565368441}, {'dummy': 0.6979995767833431}, {'dummy': 0.034385641896315655}, {'dummy': 0.13598052871088817}, {'dummy': 0.1045042787563234}, {'dummy': 0.4848454814403236}, {'dummy': 0.48904979664540504}, {'dummy': 0.866295608373724}, {'dummy': 0.030928873044999472}, {'dummy': 0.7261894325067874}, {'dummy': 0.5052637724317136}, {'dummy': 0.748936992684009}, {'dummy': 0.1654046780950218}]"
