impression,user_id,app_version,model_version,mturk_id,status,NUM_INITIAL_RATINGS,NUM_REFINE_RATINGS,TOTAL_TRAINING_RATINGS,NUM_TEST_RATINGS,TIME_INITIAL,TIME_REFINE,TIME_TEST,random_test_predictions_ratings,good_test_predictions_ratings,hypers,redisplay_check,arbitrary_check
0,0301539c-07ec-4be2-8084-b370529130c6,6.2-knn-mpc-dresses10,1.2,A1QJ06IZWEZXE3,Completed,1,50,51,15,8.998207330703735,240.98610711097717,65.68387866020203,"{68852: (-0.8459434909547964, 0.0), 252684: (-0.6756192212529266, -0.5), 21158: (0.6642367247199873, 0.0), 61072: (-0.19354486574619503, -1.0), 274544: (-0.48659904788994207, 0.5), 292930: (-0.29910638628139286, -0.5), 1281: (0.16649192843961286, 0.0), 2361: (0.16161096876720366, 0.5), 127047: (0.31415393926059826, 1.0), 305330: (-0.7067587990538751, -0.5)}","{260436: (1.0000000000000002, 0.0), 284068: (1.0000000000000002, 1.0), 82097: (1.0000000000000002, 0.0), 243982: (1.0000000000000002, 1.0), 297040: (1.0000000000000002, 1.0)}",{'dummy': 0.15936948174811483},"[(1.0, 1.0)]",[]
