impression,user_id,app_version,model_version,status,NUM_INITIAL_RATINGS,NUM_REFINE_RATINGS,TOTAL_TRAINING_RATINGS,NUM_TEST_RATINGS,items_shown,ratings,model_fit,history_dict,hypers,redisplay_check,arbitrary_check,hyper_history
0,24ae00a0-edae-4f8e-8a5f-3aaa26b68349,6.2-knn-mpc-dresses10,1.2,Started,1,20,21,15,"[271266, 264078, 47407, 95008, 910, 234946, 23207, 82095, 49004, 118615, 235409, 153379, 171213, 298480, 175853, 118877, 245943, 281110, 181576, 160940, 208034]","[1.0, -0.5, 0.5, 0.5, -0.5, -0.5, -0.5, -1.0, -0.5, 0.0, 1.0, 0.5, -0.5, 0.5, -0.5, -0.5, 0.0, 1.0, 0.5, -0.5, 0.5]","[1.0, -0.5, 0.5, 0.5, -0.5, -0.5, -0.5, -1.0, -0.5, 0.0, 1.0, 0.5, -0.5, 0.5, -0.5, -0.5, 0.0, 1.0, 0.5, -0.5, 0.5]","{271266: (1.0, 1.0), 264078: (-0.5, -0.5), 47407: (0.5, 0.5), 95008: (0.5, 0.5), 910: (-0.5, -0.5), 234946: (-0.5, -0.5), 23207: (-0.5, -0.5), 82095: (-1.0, -1.0), 49004: (-0.5, -0.5), 118615: (0.0, 0.0), 235409: (1.0, 1.0), 153379: (0.5, 0.5), 171213: (-0.5, -0.5), 298480: (0.5, 0.5), 175853: (-0.5, -0.5), 118877: (-0.5, -0.5), 245943: (0.0, 0.0), 281110: (1.0, 1.0), 181576: (0.5, 0.5), 160940: (-0.5, -0.5), 208034: (0.5, 0.5)}",{'dummy': 0.6568964418310668},"[(0.5, 0.5)]",[],"[{'dummy': 0.5441637411520027}, {'dummy': 0.0681003816018867}, {'dummy': 0.3732915994205802}, {'dummy': 0.7277062765290508}, {'dummy': 0.5477801491212382}, {'dummy': 0.5032112084916729}, {'dummy': 0.2637938973209053}, {'dummy': 0.6666553689796555}, {'dummy': 0.6100600572306522}, {'dummy': 0.8878194127677179}, {'dummy': 0.958268547299193}, {'dummy': 0.3258525289461781}, {'dummy': 0.5069443736830518}, {'dummy': 0.20887844260446609}, {'dummy': 0.029417192625101785}, {'dummy': 0.19326722820925402}, {'dummy': 0.7312553780889374}, {'dummy': 0.034394954631619234}, {'dummy': 0.3878195053516579}, {'dummy': 0.3054217302478486}]"
