impression,user_id,app_version,model_version,mturk_id,status,NUM_INITIAL_RATINGS,NUM_REFINE_RATINGS,TOTAL_TRAINING_RATINGS,NUM_TEST_RATINGS,TIME_INITIAL,TIME_REFINE,TIME_TEST,random_test_predictions_ratings,good_test_predictions_ratings,hypers,redisplay_check,arbitrary_check
0,db126ade-abc3-4e9c-967e-57ec57ab7c16,6.2-knn-mpc-dresses10,1.2,APWC4169OVTM8,Completed,1,40,41,15,10.057848930358887,214.01980113983154,67.77119016647339,"{208086: (0.5554845145581204, 0.5), 169031: (-0.2917897589936482, 0.0), 95133: (-0.5377150649017433, -1.0), 184769: (0.6711674461156452, 0.0), 288106: (-0.16847124389150675, 0.0), 152073: (0.156204576066271, 1.0), 250783: (0.6792695017827968, 0.0), 297731: (-0.4574278482537561, 0.0), 300792: (0.0014743039728665683, 0.0), 162277: (-0.007182044158989896, 0.0)}","{68259: (1.0000000000000002, 1.0), 174461: (1.0000000000000002, 0.0), 289302: (1.0000000000000002, 1.0), 155403: (1.0000000000000002, 0.0), 257094: (1.0000000000000002, 1.0)}",{'dummy': 0.8539559632296958},"[(1.0, 1.0)]",[]
