impression,user_id,app_version,model_version,mturk_id,status,NUM_INITIAL_RATINGS,NUM_REFINE_RATINGS,TOTAL_TRAINING_RATINGS,NUM_TEST_RATINGS,TIME_INITIAL,TIME_REFINE,TIME_TEST,random_test_predictions_ratings,good_test_predictions_ratings,hypers,redisplay_check,arbitrary_check
0,53acfda2-7420-479c-b80d-3a57c522f65f,6.2-knn-mpc-dresses10,1.2,A2FB5UQTR3E0NX,Completed,1,50,51,15,9.296329498291016,413.8526360988617,78.18042659759521,"{27455: (-0.29233056538698426, 1.0), 244895: (-0.3293723143247797, -1.0), 260406: (0.17831258005359646, 0.5), 188061: (-0.1557594207530833, -1.0), 24022: (0.44033370967200103, 0.0), 23366: (-0.4079483370115486, 0.5), 11580: (0.1724062825558749, 0.5), 192236: (0.46824000002214095, 1.0), 242981: (0.3070717742661926, 0.0), 237395: (0.04247065553646472, 0.0)}","{218368: (1.0000000000000002, 0.5), 245355: (1.0000000000000002, 1.0), 272044: (1.0000000000000002, 1.0), 64166: (1.0000000000000002, 0.5), 296697: (1.0000000000000002, -1.0)}",{'dummy': 0.20147390480104432},"[(1.0, 0.5)]",[]
