impression,user_id,app_version,model_version,status,NUM_INITIAL_RATINGS,NUM_REFINE_RATINGS,TOTAL_TRAINING_RATINGS,NUM_TEST_RATINGS,items_shown,ratings,model_fit,history_dict,hypers,redisplay_check,arbitrary_check,hyper_history
0,41e705c4-d27e-4272-b0b3-b532893c8e59,6.2-knn-mpc-dresses10,1.2,Started,1,20,21,15,"[268346, 175358, 186140, 192359, 318447, 237845, 189258, 15980, 278213, 295156, 129399, 370, 68081, 322783, 329288, 76865, 9754, 287171, 189380, 227284, 18566]","[0.5, 1.0, 0.5, 0.5, 1.0, -1.0, -1.0, 1.0, 0.5, -0.5, -1.0, -0.5, -1.0, -0.5, -0.5, 0.5, -0.5, 0.5, -1.0, 0.5, -0.5]","[0.5, 1.0, 0.5, 0.5, 1.0, -1.0, -1.0, 1.0, 0.5, -0.5, -1.0, -0.5, -1.0, -0.5, -0.5, 0.5, -0.5, 0.5, -1.0, 0.5, -0.5]","{268346: (0.5, 0.5), 175358: (1.0, 1.0), 186140: (0.5, 0.5), 192359: (0.5, 0.5), 318447: (1.0, 1.0), 237845: (-1.0, -1.0), 189258: (-1.0, -1.0), 15980: (1.0, 1.0), 278213: (0.5, 0.5), 295156: (-0.5, -0.5), 129399: (-1.0, -1.0), 370: (-0.5, -0.5), 68081: (-1.0, -1.0), 322783: (-0.5, -0.5), 329288: (-0.5, -0.5), 76865: (0.5, 0.5), 9754: (-0.5, -0.5), 287171: (0.5, 0.5), 189380: (-1.0, -1.0), 227284: (0.5, 0.5), 18566: (-0.5, -0.5)}",{'dummy': 0.7733202197972652},"[(-0.5, 0.5)]",[],"[{'dummy': 0.1550095846096512}, {'dummy': 0.20611331382853348}, {'dummy': 0.23338994039894578}, {'dummy': 0.2987201765994686}, {'dummy': 0.1718714389470829}, {'dummy': 0.5723363406155147}, {'dummy': 0.9642063054718613}, {'dummy': 0.5677601319646709}, {'dummy': 0.0299044172319195}, {'dummy': 0.9741902036590017}, {'dummy': 0.21431435649513664}, {'dummy': 0.7584795099973317}, {'dummy': 0.39187667726505937}, {'dummy': 0.9364818915791794}, {'dummy': 0.38244113075708686}, {'dummy': 0.14966123523211594}, {'dummy': 0.8035101496236163}, {'dummy': 0.5290186598903205}, {'dummy': 0.723213068869759}, {'dummy': 0.1998296648292739}]"
