impression,user_id,app_version,model_version,mturk_id,status,NUM_INITIAL_RATINGS,NUM_REFINE_RATINGS,TOTAL_TRAINING_RATINGS,NUM_TEST_RATINGS,TIME_INITIAL,TIME_REFINE,TIME_TEST,random_test_predictions_ratings,good_test_predictions_ratings,hypers,redisplay_check,arbitrary_check
0,fdcc1c87-696b-4bda-843e-dbd2c5deb2fb,6.2-knn-mpc-dresses10,1.2,A98F21Q0J4SGL,Completed,1,50,51,15,9.688156604766846,341.7115333080292,29.958821773529053,"{97993: (0.8471476326056508, -0.5), 106289: (0.17511907116593803, -0.5), 45287: (-0.49999999999999994, -0.5), 96354: (-0.197800461012022, -1.0), 13832: (0.20464406733489013, 0.5), 42585: (-0.21389252997135755, -0.5), 33923: (0.5, -0.5), 153785: (-0.1380084876878555, 0.5), 274129: (0.6779818133417871, 0.5), 58596: (-0.20239461324623653, 0.5)}","{104191: (1.0000000000000002, 0.5), 104196: (1.0000000000000002, 0.5), 208879: (1.0000000000000002, -0.5), 35023: (1.0000000000000002, 0.0), 64735: (1.0000000000000002, -0.5)}",{'dummy': 0.8275789165095268},"[(-0.5, -0.5)]",[]
