impression,user_id,app_version,model_version,mturk_id,status,NUM_INITIAL_RATINGS,NUM_REFINE_RATINGS,TOTAL_TRAINING_RATINGS,NUM_TEST_RATINGS,TIME_INITIAL,TIME_REFINE,TIME_TEST,random_test_predictions_ratings,good_test_predictions_ratings,hypers,redisplay_check,arbitrary_check
0,7a56ddd8-b7b0-43e9-8099-1b01b2cff290,6.2-knn-mpc-dresses10,1.2,A1TACMOXERVMFX,Completed,1,50,51,15,4.732280731201172,123.25483417510986,29.99883198738098,"{120418: (-0.15287576806145672, -0.5), 148028: (-0.17547268361295468, 0.0), 264057: (-0.1032254349088324, 0.5), 23542: (-0.3199513787850086, 1.0), 176231: (0.022435737499578237, 0.0), 32598: (-0.02760395031811351, 0.5), 102131: (0.1279283527716738, 0.5), 50933: (-0.4270848924864717, -1.0), 312654: (-0.33283145775633355, 0.0), 257879: (0.1558121988446943, -0.5)}","{215151: (0.8533662968334755, 0.0), 282683: (0.8501602086792406, 0.0), 11872: (0.8496757644899998, 0.0), 326364: (0.8485162249097243, 0.0), 216312: (0.8471721306360104, 0.5)}",{'dummy': 0.6119355961395002},"[(1.0, 0.5)]",[]
