impression,user_id,app_version,model_version,mturk_id,status,NUM_INITIAL_RATINGS,NUM_REFINE_RATINGS,TOTAL_TRAINING_RATINGS,NUM_TEST_RATINGS,TIME_INITIAL,TIME_REFINE,TIME_TEST,random_test_predictions_ratings,good_test_predictions_ratings,hypers,redisplay_check,arbitrary_check
0,346cabd4-0f2c-4b08-bb59-710a69838ebc,6.2-knn-mpc-dresses10,1.2,A2KZB1RSOJU1VR,Completed,1,20,21,15,7.895697593688965,86.7188310623169,51.4994432926178,"{119640: (-0.02133051176983332, -1.0), 156383: (-0.1815108522068216, 1.0), 316672: (0.00024415027216603477, -1.0), 112088: (-0.8295904241557823, 1.0), 157974: (-0.39117806951844875, -1.0), 301899: (-0.012444565102960256, 0.0), 290273: (0.6383034056908767, 0.5), 281681: (-0.48154528187367973, 0.5), 96065: (-0.09361926539879553, 0.5), 65281: (0.4980500931347735, 1.0)}","{112697: (0.9117594073397005, 0.5), 308113: (0.9002467016318603, 1.0), 43924: (0.899394655852367, 0.5), 183559: (0.8985231264023932, 1.0), 12482: (0.8976931389216478, 0.0)}",{'dummy': 0.12029728278040308},"[(-1.0, -1.0)]",[]
