impression,user_id,app_version,model_version,mturk_id,status,NUM_INITIAL_RATINGS,NUM_REFINE_RATINGS,TOTAL_TRAINING_RATINGS,NUM_TEST_RATINGS,TIME_INITIAL,TIME_REFINE,TIME_TEST,random_test_predictions_ratings,good_test_predictions_ratings,hypers,redisplay_check,arbitrary_check
0,36132ced-51a4-44a6-8285-bb487189e278,6.2-knn-mpc-dresses10,1.2,A3I01W6R600QH9,Completed,1,30,31,15,29.14919638633728,300.8909080028534,166.78308987617493,"{133988: (0.17309064052130568, 0.5), 282261: (-0.1824448798858927, 0.0), 87779: (-0.3387661228422739, 0.0), 279474: (0.3242108014473541, 1.0), 161010: (-0.002644484111233269, 0.0), 4755: (-0.45762313613877975, 0.0), 12133: (-0.5, 0.0), 322486: (-0.33454806282049876, 0.0), 308509: (-0.5080543254279598, 0.0), 273691: (0.13060192504566442, 0.0)}","{155821: (0.8569922541266527, 0.0), 155714: (0.8513782877943145, 1.0), 198746: (0.851101647727334, 1.0), 155451: (0.8498851711866034, 0.0), 293845: (0.8492568147035507, 0.5)}",{'dummy': 0.05136446662523231},"[(0.0, 0.0)]",[]
