impression,user_id,app_version,model_version,mturk_id,status,NUM_INITIAL_RATINGS,NUM_REFINE_RATINGS,TOTAL_TRAINING_RATINGS,NUM_TEST_RATINGS,TIME_INITIAL,TIME_REFINE,TIME_TEST,random_test_predictions_ratings,good_test_predictions_ratings,hypers,redisplay_check,arbitrary_check
0,b249808d-03dd-4a81-b3aa-8ff806a9b57a,6.2-knn-mpc-dresses10,1.2,A13CXQGLSH6QY8,Completed,1,50,51,15,7.127268552780151,264.5320563316345,64.3331732749939,"{132298: (0.20856688341170895, 1.0), 73044: (0.0, 0.0), 170461: (0.21122445548171206, 0.5), 39431: (0.3100713933073137, 1.0), 249056: (-0.04092097535355482, 1.0), 53705: (-0.46999194779881054, 0.0), 82772: (0.020662377068126847, 1.0), 210960: (-0.34107092598754507, -0.5), 127115: (0.9999999999999999, 1.0), 10884: (0.5782354740949346, 1.0)}","{268012: (1.0000000000000002, 1.0), 296766: (1.0000000000000002, 1.0), 171371: (1.0000000000000002, 1.0), 296701: (1.0000000000000002, 0.5), 296724: (1.0000000000000002, 1.0)}",{'dummy': 0.2109766425347308},"[(1.0, 1.0)]",[]
