impression,user_id,app_version,model_version,status,NUM_INITIAL_RATINGS,NUM_REFINE_RATINGS,TOTAL_TRAINING_RATINGS,NUM_TEST_RATINGS,items_shown,ratings,model_fit,history_dict,hypers,redisplay_check,arbitrary_check,hyper_history
0,f3bfbc99-9e1d-48b9-875a-eb1c8b061ba3,6.2-knn-mpc-dresses10,1.2,Started,1,20,21,15,"[8394, 158072, 284887, 181085, 327993, 41916, 158479, 74118, 317068, 166453, 39619, 38564, 286833, 228546, 177298, 355, 301602, 134189, 89780, 217334, 205854]","[1.0, -1.0, 1.0, 0.0, -0.5, 0.5, -1.0, 1.0, 0.0, -1.0, 1.0, -1.0, 1.0, 1.0, 1.0, 1.0, -0.5, 0.0, 1.0, -1.0, -1.0]","[1.0, -1.0, 1.0, 0.0, -0.5, 0.5, -1.0, 1.0, 0.0, -1.0, 1.0, -1.0, 1.0, 1.0, 1.0, 1.0, -0.5, 0.0, 1.0, -1.0, -1.0]","{8394: (1.0, 1.0), 158072: (-1.0, -1.0), 284887: (1.0, 1.0), 181085: (0.0, 0.0), 327993: (-0.5, -0.5), 41916: (0.5, 0.5), 158479: (-1.0, -1.0), 74118: (1.0, 1.0), 317068: (0.0, 0.0), 166453: (-1.0, -1.0), 39619: (1.0, 1.0), 38564: (-1.0, -1.0), 286833: (1.0, 1.0), 228546: (1.0, 1.0), 177298: (1.0, 1.0), 355: (1.0, 1.0), 301602: (-0.5, -0.5), 134189: (0.0, 0.0), 89780: (1.0, 1.0), 217334: (-1.0, -1.0), 205854: (-1.0, -1.0)}",{'dummy': 0.07776178313277315},"[(-1.0, 1.0)]",[],"[{'dummy': 0.557028845092748}, {'dummy': 0.04199182573782645}, {'dummy': 0.4677981903418612}, {'dummy': 0.8362482002439785}, {'dummy': 0.11005335084375478}, {'dummy': 0.8031709951162178}, {'dummy': 0.6443893944180691}, {'dummy': 0.22891073694491504}, {'dummy': 0.9582346206524185}, {'dummy': 0.24192524765357992}, {'dummy': 0.5459906469930997}, {'dummy': 0.20457163145411283}, {'dummy': 0.7997157445982088}, {'dummy': 0.7963888955421539}, {'dummy': 0.8537944769722517}, {'dummy': 0.9597581334540527}, {'dummy': 0.5545724007689113}, {'dummy': 0.31812407229719963}, {'dummy': 0.7529935469440144}, {'dummy': 0.3543744534545564}]"
