impression,user_id,app_version,model_version,mturk_id,status,NUM_INITIAL_RATINGS,NUM_REFINE_RATINGS,TOTAL_TRAINING_RATINGS,NUM_TEST_RATINGS,TIME_INITIAL,TIME_REFINE,TIME_TEST,random_test_predictions_ratings,good_test_predictions_ratings,hypers,redisplay_check,arbitrary_check
0,93e841b6-753b-49fb-874b-e7bab9398b87,6.2-knn-mpc-dresses10,1.2,AXTZU0PO55S3S,Completed,1,20,21,15,10.47719120979309,122.6975679397583,73.61335468292236,"{292892: (0.5170566509836788, 1.0), 261021: (0.3383196256991851, 0.5), 196603: (0.012534228808659103, 0.5), 36132: (0.349824707890738, 0.0), 282501: (0.6799593148928154, 0.5), 189837: (-0.3035336192484248, 0.0), 155505: (0.11842562875215891, 0.5), 227639: (-0.11472822091766097, 0.0), 119827: (-0.03272267013683765, 0.0), 276294: (0.5079379771470449, 0.0)}","{134577: (1.0000000000000002, 0.5), 222967: (1.0000000000000002, 0.5), 276213: (1.0000000000000002, 0.0), 94677: (1.0000000000000002, 1.0), 251427: (1.0000000000000002, 0.0)}",{'dummy': 0.8054450646360561},"[(0.0, 0.0)]",[]
