impression,user_id,app_version,model_version,mturk_id,status,NUM_INITIAL_RATINGS,NUM_REFINE_RATINGS,TOTAL_TRAINING_RATINGS,NUM_TEST_RATINGS,TIME_INITIAL,TIME_REFINE,TIME_TEST,random_test_predictions_ratings,good_test_predictions_ratings,hypers,redisplay_check,arbitrary_check
0,53100656-0312-420c-8aa0-5f2f7e198ac2,6.2-knn-mpc-dresses10,1.2,A2RMR0ZSQ575XZ,Completed,1,50,51,15,5.7471795082092285,1128.8528039455414,110.52410411834717,"{4592: (0.34933343363351055, 1.0), 81592: (0.4678005194184678, 0.0), 6842: (0.17929580405631879, 1.0), 220439: (0.5000918114481543, -0.5), 59073: (0.8269327804276358, 1.0), 6636: (0.16798992364330725, -0.5), 314532: (0.39194974337118405, -1.0), 196472: (0.6672577974035956, 0.5), 209222: (0.3221148649545448, -0.5), 170600: (0.6765276138882642, 0.0)}","{319036: (1.0000000000000004, 0.0), 324704: (1.0000000000000004, 1.0), 23647: (1.0000000000000004, -1.0), 56340: (1.0000000000000004, 0.0), 42901: (1.0000000000000004, 0.0)}",{'dummy': 0.1363621015625509},"[(-0.5, -0.5)]",[]
