impression,user_id,app_version,model_version,status,NUM_INITIAL_RATINGS,NUM_REFINE_RATINGS,TOTAL_TRAINING_RATINGS,NUM_TEST_RATINGS,items_shown,ratings,model_fit,history_dict,hypers,redisplay_check,arbitrary_check,hyper_history
0,20d21013-7486-4acc-8fd3-55c3b159d51e,6.2-knn-mpc-dresses10,1.2,Started,1,20,21,15,"[120831, 213673, 4493, 311257, 37700, 101115, 287709, 231694, 248744, 206861, 205935, 139169, 312005, 295108, 59407, 64453, 107110, 172700, 228732, 106090, 278177]","[1.0, 1.0, 0.0, 0.0, 1.0, 0.0, 0.0, 1.0, 0.0, 0.0, 0.5, 0.0, 0.0, 0.0, 0.5, 0.0, 0.0, 0.0, 0.0, -0.5, 0.5]","[0.9999999999999999, 0.9999999999999999, 0.0, 0.0, 0.9999999999999999, 0.0, 0.0, 0.9999999999999999, 0.0, 0.0, 0.5, 0.0, 0.0, 0.0, 0.5, 0.0, 0.0, 0.0, 0.0, -0.5, 0.5]","{120831: (0.9999999999999999, 1.0), 213673: (0.9999999999999999, 1.0), 4493: (0.0, 0.0), 311257: (0.0, 0.0), 37700: (0.9999999999999999, 1.0), 101115: (0.0, 0.0), 287709: (0.0, 0.0), 231694: (0.9999999999999999, 1.0), 248744: (0.0, 0.0), 206861: (0.0, 0.0), 205935: (0.5, 0.5), 139169: (0.0, 0.0), 312005: (0.0, 0.0), 295108: (0.0, 0.0), 59407: (0.5, 0.5), 64453: (0.0, 0.0), 107110: (0.0, 0.0), 172700: (0.0, 0.0), 228732: (0.0, 0.0), 106090: (-0.5, -0.5), 278177: (0.5, 0.5)}",{'dummy': 0.08361146926200791},"[(0.0, 0.0)]",[],"[{'dummy': 0.8497129698620852}, {'dummy': 0.48601754750675796}, {'dummy': 0.7887209281476497}, {'dummy': 0.23495161123290775}, {'dummy': 0.10406947923372412}, {'dummy': 0.15642776429745164}, {'dummy': 0.9508919530521525}, {'dummy': 0.5150630055977938}, {'dummy': 0.5046422076521838}, {'dummy': 0.8972950799830148}, {'dummy': 0.8800086850869941}, {'dummy': 0.3305422595197841}, {'dummy': 0.22051254961732603}, {'dummy': 0.06050445209797162}, {'dummy': 0.9714527265969926}, {'dummy': 0.6504466874657113}, {'dummy': 0.11908778297260347}, {'dummy': 0.1418081512887447}, {'dummy': 0.5746452175627961}, {'dummy': 0.4598698208456107}]"
