impression,user_id,app_version,model_version,mturk_id,status,NUM_INITIAL_RATINGS,NUM_REFINE_RATINGS,TOTAL_TRAINING_RATINGS,NUM_TEST_RATINGS,TIME_INITIAL,TIME_REFINE,TIME_TEST,random_test_predictions_ratings,good_test_predictions_ratings,hypers,redisplay_check,arbitrary_check
0,4394bf5c-054a-4e0a-902e-be67d78dfd53,6.2-knn-mpc-dresses10,1.2,A2ML1RZJTY078P,Completed,1,20,21,15,4.237026691436768,86.93808364868164,77.94083523750305,"{137754: (0.6407803533845947, 1.0), 84912: (0.5014651189159095, 1.0), 19456: (0.005702768173842902, 1.0), 216155: (0.31956412164828113, 1.0), 278073: (0.4271742610024651, 1.0), 129973: (0.0, -0.5), 171115: (-0.5082995781189057, 0.0), 156584: (-0.47127907352149867, -0.5), 10367: (-0.5449962754276246, -1.0), 260705: (0.8476511376582649, 1.0)}","{164514: (0.8778434464846211, 1.0), 73961: (0.8772009907723859, 0.5), 279931: (0.8767604463405035, 1.0), 116787: (0.8735686561914734, 1.0), 185110: (0.8727896114614513, 0.5)}",{'dummy': 0.6774075636937891},"[(1.0, 1.0)]",[]
