impression,user_id,app_version,model_version,mturk_id,status,NUM_INITIAL_RATINGS,NUM_REFINE_RATINGS,TOTAL_TRAINING_RATINGS,NUM_TEST_RATINGS,TIME_INITIAL,TIME_REFINE,TIME_TEST,random_test_predictions_ratings,good_test_predictions_ratings,hypers,redisplay_check,arbitrary_check
0,43533d8d-c44f-407b-9c26-ed73232b1ec7,6.2-knn-mpc-dresses10,1.2,A2DF8W7SDWLURD,Completed,1,50,51,15,5.229841709136963,204.72899746894836,64.75433850288391,"{116863: (0.09897285320986801, 0.0), 234734: (-0.17697507425031034, 0.0), 105015: (-0.24558748693163984, 0.0), 150264: (-0.32382390822187385, -1.0), 301673: (0.14696897188373906, -0.5), 94347: (0.5150624009804736, 1.0), 242051: (0.32705890625770273, 1.0), 194951: (0.12986247716978183, 0.0), 288694: (0.521690111092687, 0.0), 214249: (-0.23891912951545646, 1.0)}","{283690: (1.0000000000000002, -0.5), 26815: (1.0000000000000002, 0.0), 232825: (1.0000000000000002, 1.0), 43078: (1.0000000000000002, 0.5), 92333: (1.0000000000000002, 0.5)}",{'dummy': 0.04380770956952584},"[(0.5, 1.0)]",[]
