impression,user_id,app_version,model_version,mturk_id,status,NUM_INITIAL_RATINGS,NUM_REFINE_RATINGS,TOTAL_TRAINING_RATINGS,NUM_TEST_RATINGS,TIME_INITIAL,TIME_REFINE,TIME_TEST,random_test_predictions_ratings,good_test_predictions_ratings,hypers,redisplay_check,arbitrary_check
0,7d06e7e1-e383-4e56-9ad7-bb928d26b16d,6.2-knn-mpc-dresses10,1.2,A3O1VH6I8VHMIC,Completed,1,50,51,15,18.58709478378296,420.5200593471527,141.99113821983337,"{108787: (0.5, -0.5), 9733: (0.34170196735963637, 0.5), 102696: (-0.4940874437761789, 0.5), 4227: (-0.04085122073059224, 0.5), 134497: (-0.15783218896538248, 0.5), 246244: (0.23266912971170997, 0.0), 181409: (8.673617379884035e-19, -0.5), 101835: (0.5, 0.5), 126764: (-8.673617379884035e-19, 0.0), 309141: (-0.021046553366700044, -0.5)}","{151166: (0.8815218076725729, 1.0), 160177: (0.8721070465033767, 1.0), 138356: (0.8705614618440914, 0.5), 175735: (0.86913766999983, 0.5), 112283: (0.867829356787089, 1.0)}",{'dummy': 0.044226844590834924},"[(0.5, 1.0)]",[]
