impression,user_id,app_version,model_version,mturk_id,status,NUM_INITIAL_RATINGS,NUM_REFINE_RATINGS,TOTAL_TRAINING_RATINGS,NUM_TEST_RATINGS,TIME_INITIAL,TIME_REFINE,TIME_TEST,random_test_predictions_ratings,good_test_predictions_ratings,hypers,redisplay_check,arbitrary_check
0,fe302e72-af60-42a9-a4a2-e9dd24491095,6.2-knn-mpc-dresses10,1.2,A10HR8I0P5PRTU,Completed,1,20,21,15,8.975844860076904,136.62816953659058,99.94119215011597,"{97034: (-0.3379143960699234, -0.5), 105913: (-0.15990763114641834, -0.5), 212771: (-0.8648076143343582, -0.5), 237474: (-0.16295351021368654, 0.5), 44230: (0.6707938659112797, -1.0), 188082: (0.15041398077110782, -1.0), 204125: (-0.013614021795880301, 0.0), 326567: (0.6677921368645484, 0.5), 164818: (0.02276436485892444, -0.5), 320092: (-0.8388271523585039, 0.5)}","{11: (0.8627283058182728, 0.5), 78133: (0.8626876120180097, -0.5), 77996: (0.8612021318529053, -0.5), 44081: (0.8598300149324429, 1.0), 237365: (0.8590176261132443, -1.0)}",{'dummy': 0.5448882708072896},"[(0.5, 0.5)]",[]
