impression,user_id,app_version,model_version,mturk_id,status,NUM_INITIAL_RATINGS,NUM_REFINE_RATINGS,TOTAL_TRAINING_RATINGS,NUM_TEST_RATINGS,TIME_INITIAL,TIME_REFINE,TIME_TEST,random_test_predictions_ratings,good_test_predictions_ratings,hypers,redisplay_check,arbitrary_check
0,5745fbc8-46e4-4467-a5e5-07fbe71567d2,6.2-knn-mpc-dresses10,1.2,A135S73MSNYHNJ,Completed,1,50,51,15,21.084567308425903,411.7059392929077,71.77046036720276,"{105566: (0.2014355136155412, 0.5), 328524: (-0.10186807798498147, 0.5), 116801: (-0.16867743621748377, -0.5), 289745: (-0.28775656792396026, 0.5), 170602: (0.3259788008002336, 0.5), 87060: (0.2684380299365916, 0.0), 236686: (-0.006162633760442066, -1.0), 312171: (-0.5, -0.5), 232600: (0.1886913818941776, 0.0), 104289: (-0.0043613601650093585, 1.0)}","{138729: (1.0000000000000002, 1.0), 140789: (1.0000000000000002, 0.0), 246993: (1.0000000000000002, 0.5), 296416: (1.0000000000000002, -0.5), 316977: (1.0000000000000002, 0.5)}",{'dummy': 0.9117976791986611},"[(0.0, 0.0)]",[]
