impression,user_id,app_version,model_version,mturk_id,status,NUM_INITIAL_RATINGS,NUM_REFINE_RATINGS,TOTAL_TRAINING_RATINGS,NUM_TEST_RATINGS,TIME_INITIAL,TIME_REFINE,TIME_TEST,random_test_predictions_ratings,good_test_predictions_ratings,hypers,redisplay_check,arbitrary_check
0,40cc8431-0e8a-4e8c-9d05-f7978e8fb39d,6.2-knn-mpc-dresses10,1.2,AT0COJ1G23ZB0,Completed,1,20,21,15,2.941585063934326,80.89630770683289,45.28087258338928,"{282171: (0.35954515187213304, 0.5), 84228: (-0.14130189374761082, 0.5), 233404: (0.537788693220547, -0.5), 185301: (0.3590402074029675, 0.5), 320556: (0.29230189507499943, 1.0), 285865: (0.496694908137825, -0.5), 5011: (-0.027572412277131492, -0.5), 268080: (0.6244216872425676, -0.5), 226672: (0.3226357782194134, 0.5), 150130: (-0.4868650370371116, -1.0)}","{43219: (1.0000000000000002, 1.0), 220181: (1.0000000000000002, 1.0), 267939: (1.0000000000000002, 1.0), 267934: (1.0000000000000002, 1.0), 63228: (1.0000000000000002, 1.0)}",{'dummy': 0.6606038247624283},"[(0.5, 0.5)]",[]
