impression,user_id,app_version,model_version,mturk_id,status,NUM_INITIAL_RATINGS,NUM_REFINE_RATINGS,TOTAL_TRAINING_RATINGS,NUM_TEST_RATINGS,TIME_INITIAL,TIME_REFINE,TIME_TEST,random_test_predictions_ratings,good_test_predictions_ratings,hypers,redisplay_check,arbitrary_check
0,00bfeab5-5756-4714-9c82-ed8bb221c44e,6.2-knn-mpc-dresses10,1.2,A1VBP1RMKGUXB,Completed,1,30,31,15,16.65298628807068,205.89664363861084,93.65634727478027,"{253110: (0.5267669351378825, -1.0), 54014: (-0.24578872996049203, -0.5), 231358: (-0.35033929533949953, 1.0), 306501: (0.28709211329084, -1.0), 229062: (-1.0, -0.5), 311861: (0.5135413134218902, -1.0), 323371: (0.26644829485160143, -1.0), 67787: (-0.792515398290346, 1.0), 227975: (-0.4205346315010407, 1.0), 98858: (-0.36239767622066393, 0.5)}","{199445: (1.0000000000000004, 0.5), 59584: (1.0000000000000004, 1.0), 92884: (1.0000000000000004, -1.0), 59135: (1.0000000000000004, -0.5), 118982: (1.0000000000000004, -1.0)}",{'dummy': 0.922952258911136},"[(1.0, 1.0)]",[]
