impression,user_id,app_version,model_version,mturk_id,status,NUM_INITIAL_RATINGS,NUM_REFINE_RATINGS,TOTAL_TRAINING_RATINGS,NUM_TEST_RATINGS,TIME_INITIAL,TIME_REFINE,TIME_TEST,random_test_predictions_ratings,good_test_predictions_ratings,hypers,redisplay_check,arbitrary_check
0,7ebe4b5a-d182-4f4e-936a-cf85667dbe10,6.2-knn-mpc-dresses10,1.2,ANQ0RLFEZ17W0,Completed,1,50,51,15,5.238978624343872,208.97650170326233,96.14105892181396,"{275640: (0.21928316718750587, 0.0), 275353: (-0.6657472468613692, -0.5), 117042: (0.4784035938789712, 1.0), 109952: (0.37187656767173793, -1.0), 78298: (0.2014521204968562, 1.0), 46799: (-0.8467154581789348, -1.0), 263235: (-0.5022611104698046, -0.5), 33270: (0.5361586404178308, -1.0), 169864: (-0.013778763697920023, -1.0), 328535: (0.019844381898938685, -1.0)}","{262913: (1.0000000000000004, 0.5), 73787: (1.0000000000000004, 1.0), 164514: (1.0000000000000004, 1.0), 285803: (1.0000000000000004, 1.0), 290276: (1.0000000000000004, 1.0)}",{'dummy': 0.04775442138000996},"[(-1.0, -1.0)]",[]
