impression,user_id,app_version,model_version,mturk_id,status,NUM_INITIAL_RATINGS,NUM_REFINE_RATINGS,TOTAL_TRAINING_RATINGS,NUM_TEST_RATINGS,TIME_INITIAL,TIME_REFINE,TIME_TEST,random_test_predictions_ratings,good_test_predictions_ratings,hypers,redisplay_check,arbitrary_check
0,d7224d29-1fbe-4d59-892d-fd3c9159e704,6.2-knn-mpc-dresses10,1.2,A9G7LHA14B6K3,Completed,1,30,31,15,12.03474760055542,217.8346962928772,155.49818992614746,"{70608: (-0.17346668020399544, 0.0), 132177: (0.00027346841354468007, 0.0), 133636: (-3.469446951953614e-18, 0.0), 262475: (0.19804868679816837, 0.5), 208941: (-0.1650032566794736, 0.0), 2430: (-0.16285713711323146, -0.5), 252181: (0.0, 0.0), 266502: (-0.16769335622397913, 0.0), 64198: (-0.15851991811162452, 0.0), 292302: (0.17705049534461684, 0.0)}","{75980: (0.5000000000000001, 0.0), 182677: (0.5000000000000001, 0.0), 168208: (0.5000000000000001, -0.5), 36348: (0.5000000000000001, 0.5), 211582: (0.5000000000000001, 0.5)}",{'dummy': 0.5224669930684404},"[(0.5, 0.5)]",[]
