impression,user_id,app_version,model_version,mturk_id,status,NUM_INITIAL_RATINGS,NUM_REFINE_RATINGS,TOTAL_TRAINING_RATINGS,NUM_TEST_RATINGS,TIME_INITIAL,TIME_REFINE,TIME_TEST,random_test_predictions_ratings,good_test_predictions_ratings,hypers,redisplay_check,arbitrary_check
0,3ef7592f-e1a5-4efe-91bb-4e709bb99928,6.2-knn-mpc-dresses10,1.2,A17C8CUROFU495,Completed,1,40,41,15,8.993558168411255,467.8359079360962,120.39729642868042,"{294230: (0.3474364369101809, -1.0), 137782: (0.6881350715490432, 1.0), 119860: (0.17569152314359826, 0.5), 182875: (-0.1279128063429626, -0.5), 267598: (-0.33904519966545676, -0.5), 126915: (-0.3370472269121715, 0.0), 328312: (-0.31802563636906034, -1.0), 3462: (-0.28657010932708404, 0.0), 65292: (0.15364162170332554, 0.5), 146612: (0.2845327389650336, 0.0)}","{124431: (1.0000000000000002, 0.5), 124292: (1.0, 0.5), 148551: (1.0, 0.5), 160764: (1.0, 1.0), 153131: (1.0, 0.5)}",{'dummy': 0.7435642656216405},"[(0.5, 0.5)]",[]
