impression,user_id,app_version,model_version,mturk_id,status,NUM_INITIAL_RATINGS,NUM_REFINE_RATINGS,TOTAL_TRAINING_RATINGS,NUM_TEST_RATINGS,TIME_INITIAL,TIME_REFINE,TIME_TEST,random_test_predictions_ratings,good_test_predictions_ratings,hypers,redisplay_check,arbitrary_check
0,c05544d3-07ef-4e55-9003-ce2bb17c37f8,6.2-knn-mpc-dresses10,1.2,A2DRNZ455AU7ZQ,Completed,1,30,31,15,15.872223854064941,168.68000674247742,72.18707275390625,"{174619: (0.16977535388864412, -0.5), 289096: (0.06146522217985361, 0.5), 320660: (-0.4307623314798494, 0.5), 322285: (-0.2968551114350679, 0.5), 33224: (-0.35199481683188, -0.5), 296056: (-0.33819402934548054, 0.5), 107966: (-0.18368743494914255, -0.5), 328758: (-0.8533209176491493, 0.5), 218639: (-0.33039673992680973, -0.5), 272478: (0.8370503519651522, -0.5)}","{280906: (1.0000000000000002, -0.5), 83477: (1.0000000000000002, 0.5), 304433: (1.0000000000000002, 0.5), 58557: (1.0, 0.5), 281064: (1.0, 0.5)}",{'dummy': 0.8614101877399178},"[(-0.5, 0.5)]",[]
