impression,user_id,app_version,model_version,mturk_id,status,NUM_INITIAL_RATINGS,NUM_REFINE_RATINGS,TOTAL_TRAINING_RATINGS,NUM_TEST_RATINGS,TIME_INITIAL,TIME_REFINE,TIME_TEST,random_test_predictions_ratings,good_test_predictions_ratings,hypers,redisplay_check,arbitrary_check
0,7db11445-8e81-49a3-be90-993ffcf77797,6.2-knn-mpc-dresses10,1.2,A361IHMJJJNU2W,Completed,1,20,21,15,16.38558793067932,147.24152994155884,100.28664016723633,"{304774: (-0.1380184430105263, 0.5), 93877: (-0.2887488147580537, 0.5), 137300: (0.4999999999999999, 0.5), 112704: (-0.5053525876267279, 1.0), 4737: (0.1717781294907096, 1.0), 205696: (0.5, -0.5), 303551: (0.20454836347574026, -0.5), 257570: (0.17539860114517572, -0.5), 60465: (0.5, -1.0), 323010: (0.221985056773865, -0.5)}","{216399: (0.7421140180400803, 0.0), 196959: (0.7351455831684391, 0.5), 216059: (0.7327908464198382, 0.5), 215975: (0.7311706803748727, 1.0), 216246: (0.7259822332860905, 0.5)}",{'dummy': 0.612721098294626},"[(-0.5, -0.5)]",[]
