impression,user_id,app_version,model_version,mturk_id,status,NUM_INITIAL_RATINGS,NUM_REFINE_RATINGS,TOTAL_TRAINING_RATINGS,NUM_TEST_RATINGS,TIME_INITIAL,TIME_REFINE,TIME_TEST,random_test_predictions_ratings,good_test_predictions_ratings,hypers,redisplay_check,arbitrary_check
0,ed9350e0-2ece-4b55-8349-c02f5f331c70,6.2-knn-mpc-dresses10,1.2,A2BNOEYZ3VRW2R,Completed,1,20,21,15,12.213810682296753,200.794335603714,119.53603219985962,"{298699: (0.6872338817549902, 1.0), 314349: (0.13005381931516896, -0.5), 114197: (0.9999999999999998, 0.5), 329293: (0.31522178056460903, -1.0), 50327: (0.4995645743929331, -1.0), 127572: (1.0, 1.0), 232335: (0.5008642891257509, -0.5), 192445: (0.1922007555033863, 0.5), 297883: (0.6707262895793595, 1.0), 132730: (0.6850572222998215, 1.0)}","{107304: (1.0000000000000002, 0.5), 105299: (1.0000000000000002, 0.0), 219234: (1.0000000000000002, 1.0), 219230: (1.0000000000000002, 0.0), 276823: (1.0000000000000002, 1.0)}",{'dummy': 0.9367939222504833},"[(1.0, 1.0)]",[]
