impression,user_id,app_version,model_version,mturk_id,status,NUM_INITIAL_RATINGS,NUM_REFINE_RATINGS,TOTAL_TRAINING_RATINGS,NUM_TEST_RATINGS,TIME_INITIAL,TIME_REFINE,TIME_TEST,random_test_predictions_ratings,good_test_predictions_ratings,hypers,redisplay_check,arbitrary_check
0,68e9b269-a2f8-4768-9b1b-baab2f64a363,6.2-knn-mpc-dresses10,1.2,ACY3ZOOZMVS7Y,Completed,1,50,51,15,5.695748805999756,198.62485885620117,46.167418241500854,"{176357: (-0.04833914674054556, -0.5), 190212: (-0.5018558265965894, -1.0), 247195: (0.3455726687551419, 1.0), 327077: (0.8476024150398191, 0.5), 304697: (-0.664479158391042, 0.0), 194209: (0.8139939959482104, 1.0), 75153: (-0.37162542716715485, 0.5), 276767: (0.07949281807757066, 1.0), 184851: (0.6532851660404254, 0.5), 9634: (-0.01471698081118877, -0.5)}","{10782: (1.0000000000000004, 1.0), 299603: (1.0000000000000004, 0.5), 329361: (1.0000000000000004, 1.0), 43917: (1.0000000000000004, 0.5), 189476: (1.0000000000000004, 0.5)}",{'dummy': 0.5596374980423023},"[(0.5, 0.5)]",[]
