impression,user_id,app_version,model_version,mturk_id,status,NUM_INITIAL_RATINGS,NUM_REFINE_RATINGS,TOTAL_TRAINING_RATINGS,NUM_TEST_RATINGS,TIME_INITIAL,TIME_REFINE,TIME_TEST,random_test_predictions_ratings,good_test_predictions_ratings,hypers,redisplay_check,arbitrary_check
0,a9f9c7ca-3262-4a7e-a627-31b69a0fbd62,6.2-knn-mpc-dresses10,1.2,A2IJEKMVEHQ90W,Completed,1,20,21,15,44.53325390815735,225.46452045440674,179.28552532196045,"{231931: (0.1666996226329233, -1.0), 160055: (0.020559763782780245, -1.0), 219403: (-0.22219380736347927, 1.0), 21655: (-0.5103815177410198, -0.5), 181494: (-0.31074365563988365, -1.0), 155603: (0.049621255592590015, 1.0), 45461: (-0.007931104263943787, 1.0), 196407: (0.35754984118562155, 1.0), 128849: (-0.5181082177721956, -1.0), 243207: (0.37178343183533596, 1.0)}","{34511: (1.0000000000000004, -0.5), 279349: (1.0000000000000004, 0.5), 136066: (1.0000000000000004, 1.0), 76391: (1.0000000000000002, 1.0), 145726: (1.0000000000000002, 1.0)}",{'dummy': 0.7384302538185404},"[(1.0, 1.0)]",[]
