impression,user_id,app_version,model_version,status,NUM_INITIAL_RATINGS,NUM_REFINE_RATINGS,TOTAL_TRAINING_RATINGS,NUM_TEST_RATINGS,items_shown,ratings,model_fit,history_dict,hypers,redisplay_check,arbitrary_check,hyper_history
0,96d19622-3154-4283-96a9-8e9e89a0bbff,6.2-knn-mpc-dresses10,1.2,Started,1,30,31,15,"[189924, 171330, 102796, 291280, 269986, 93603, 161677, 251417, 181237, 131539, 34636, 28480, 216389, 309572, 195331, 145277, 66919, 207040, 25534, 244001, 119673, 243425, 314008, 98995, 167265, 160412, 306347, 117860, 310323, 49843, 315962]","[0.0, 0.5, 0.0, -1.0, -1.0, 1.0, 0.5, 0.0, 1.0, 0.0, 0.5, 1.0, 0.0, -0.5, 0.0, 0.0, -0.5, 0.0, 0.0, 0.0, 0.5, 0.0, -1.0, 0.0, 0.0, 0.5, 0.0, 0.5, 0.0, 0.0, 0.0]","[0.0, 0.5, 0.0, -1.0, -1.0, 1.0, 0.5, 0.0, 1.0, 0.0, 0.5, 1.0, 0.0, -0.5, 0.0, 0.0, -0.5, 0.0, 0.0, 0.0, 0.5, 0.0, -1.0, 0.0, 0.0, 0.5, 0.0, 0.5, 0.0, 0.0, 0.0]","{189924: (0.0, 0.0), 171330: (0.5, 0.5), 102796: (0.0, 0.0), 291280: (-1.0, -1.0), 269986: (-1.0, -1.0), 93603: (1.0, 1.0), 161677: (0.5, 0.5), 251417: (0.0, 0.0), 181237: (1.0, 1.0), 131539: (0.0, 0.0), 34636: (0.5, 0.5), 28480: (1.0, 1.0), 216389: (0.0, 0.0), 309572: (-0.5, -0.5), 195331: (0.0, 0.0), 145277: (0.0, 0.0), 66919: (-0.5, -0.5), 207040: (0.0, 0.0), 25534: (0.0, 0.0), 244001: (0.0, 0.0), 119673: (0.5, 0.5), 243425: (0.0, 0.0), 314008: (-1.0, -1.0), 98995: (0.0, 0.0), 167265: (0.0, 0.0), 160412: (0.5, 0.5), 306347: (0.0, 0.0), 117860: (0.5, 0.5), 310323: (0.0, 0.0), 49843: (0.0, 0.0), 315962: (0.0, 0.0)}",{'dummy': 0.07189455173565362},"[(0.0, 0.0)]",[],"[{'dummy': 0.6186487029696054}, {'dummy': 0.7797366047253355}, {'dummy': 0.914663389851657}, {'dummy': 0.9848965788116555}, {'dummy': 0.1554148822008976}, {'dummy': 0.7773509493218362}, {'dummy': 0.618059979730572}, {'dummy': 0.5477525487972551}, {'dummy': 0.31455438058551266}, {'dummy': 0.6428043464004891}, {'dummy': 0.16031084633232073}, {'dummy': 0.36717616185296165}, {'dummy': 0.049537353244777704}, {'dummy': 0.6255967896778438}, {'dummy': 0.9616735098783494}, {'dummy': 0.51181718802774}, {'dummy': 0.5262841280645173}, {'dummy': 0.10195621719034409}, {'dummy': 0.801313056484233}, {'dummy': 0.24244080379956856}, {'dummy': 0.5483856333790222}, {'dummy': 0.7361292161293981}, {'dummy': 0.14189615644735898}, {'dummy': 0.6530897553205017}, {'dummy': 0.21806294899356804}, {'dummy': 0.43629421209633545}, {'dummy': 0.27953422347651613}, {'dummy': 0.177811472985118}, {'dummy': 0.8845376707022617}, {'dummy': 0.46036317086572554}]"
