impression,user_id,app_version,model_version,mturk_id,status,NUM_INITIAL_RATINGS,NUM_REFINE_RATINGS,TOTAL_TRAINING_RATINGS,NUM_TEST_RATINGS,TIME_INITIAL,TIME_REFINE,TIME_TEST,random_test_predictions_ratings,good_test_predictions_ratings,hypers,redisplay_check,arbitrary_check
0,211f874c-f7c0-4dd5-956b-97bcaa57b910,6.2-knn-mpc-dresses10,1.2,AZZA3J049G7R5,Completed,1,30,31,15,7.5065858364105225,176.73168230056763,64.71176409721375,"{11112: (0.33540732541278495, 1.0), 175612: (0.5867984227736254, 1.0), 143153: (0.00409030202671277, -0.5), 4084: (0.5203483204936526, 0.5), 215179: (-0.3445479607493651, -0.5), 57666: (0.3421054895675234, 1.0), 258818: (-0.01780606861622312, -0.5), 21379: (0.11827815934462713, -0.5), 316533: (-0.13007769247265932, 1.0), 322151: (0.165480525597364, 0.5)}","{307187: (1.0000000000000002, 1.0), 62870: (1.0000000000000002, 1.0), 63023: (1.0000000000000002, 0.5), 124052: (1.0000000000000002, 1.0), 112670: (1.0000000000000002, 0.5)}",{'dummy': 0.91790428615681},"[(0.5, 1.0)]",[]
