impression,user_id,app_version,model_version,status,NUM_INITIAL_RATINGS,NUM_REFINE_RATINGS,TOTAL_TRAINING_RATINGS,NUM_TEST_RATINGS,items_shown,ratings,model_fit,history_dict,hypers,redisplay_check,arbitrary_check,hyper_history
0,93e841b6-753b-49fb-874b-e7bab9398b87,6.2-knn-mpc-dresses10,1.2,Started,1,20,21,15,"[156093, 206936, 183008, 277729, 165885, 36622, 232345, 297028, 240033, 22510, 62438, 279304, 156240, 97217, 1975, 124727, 105341, 172878, 96036, 188886, 261976]","[-0.5, 0.0, -0.5, 0.5, 1.0, 0.0, -0.5, 1.0, 0.5, 0.0, 0.0, 1.0, 0.0, -0.5, 0.0, -0.5, 0.0, -0.5, -1.0, 0.5, 1.0]","[-0.5, 0.0, -0.5, 0.5, 1.0, 0.0, -0.5, 1.0, 0.5, 0.0, 0.0, 1.0, 0.0, -0.5, 0.0, -0.5, 0.0, -0.5, -1.0, 0.5, 1.0]","{156093: (-0.5, -0.5), 206936: (0.0, 0.0), 183008: (-0.5, -0.5), 277729: (0.5, 0.5), 165885: (1.0, 1.0), 36622: (0.0, 0.0), 232345: (-0.5, -0.5), 297028: (1.0, 1.0), 240033: (0.5, 0.5), 22510: (0.0, 0.0), 62438: (0.0, 0.0), 279304: (1.0, 1.0), 156240: (0.0, 0.0), 97217: (-0.5, -0.5), 1975: (0.0, 0.0), 124727: (-0.5, -0.5), 105341: (0.0, 0.0), 172878: (-0.5, -0.5), 96036: (-1.0, -1.0), 188886: (0.5, 0.5), 261976: (1.0, 1.0)}",{'dummy': 0.7955739032198389},"[(-0.5, -0.5)]",[],"[{'dummy': 0.3738256674218928}, {'dummy': 0.1499472961195053}, {'dummy': 0.35545438991067524}, {'dummy': 0.10019350678036287}, {'dummy': 0.8354479431987986}, {'dummy': 0.8985596283050231}, {'dummy': 0.011600678913542772}, {'dummy': 0.19712001868573858}, {'dummy': 0.409756673555845}, {'dummy': 0.24236783560992448}, {'dummy': 0.9139181135048889}, {'dummy': 0.9858784942518335}, {'dummy': 0.5727572591798261}, {'dummy': 0.5070615973346555}, {'dummy': 0.3478070746839913}, {'dummy': 0.46642916682200486}, {'dummy': 0.6924139966134548}, {'dummy': 0.9507613587452838}, {'dummy': 0.49243747224882584}, {'dummy': 0.4826178940543533}]"
