impression,user_id,app_version,model_version,mturk_id,status,NUM_INITIAL_RATINGS,NUM_REFINE_RATINGS,TOTAL_TRAINING_RATINGS,NUM_TEST_RATINGS,TIME_INITIAL,TIME_REFINE,TIME_TEST,random_test_predictions_ratings,good_test_predictions_ratings,hypers,redisplay_check,arbitrary_check
0,1ef11757-230f-4705-bf9d-ed703b9f2eb4,6.2-knn-mpc-dresses10,1.2,A2RZLYO5QJT4AS,Completed,1,40,41,15,8.064966440200806,425.108186006546,224.6362268924713,"{174422: (0.028933095000613918, 0.5), 243384: (0.35310170316796585, 0.5), 273208: (0.15758507061424415, 0.0), 37648: (-0.17741311580004182, -0.5), 287005: (0.16781291560940645, 0.0), 154373: (0.11162880081031079, 0.5), 249254: (-0.16917864718103415, -0.5), 316233: (-0.13126041867822605, -0.5), 172622: (0.1769567805657183, -0.5), 220708: (0.0018523290962957507, -0.5)}","{304251: (0.5000000000000001, 0.5), 250830: (0.5000000000000001, 0.5), 299129: (0.5000000000000001, 0.5), 59566: (0.5000000000000001, 0.5), 321314: (0.5000000000000001, -0.5)}",{'dummy': 0.9319285778586243},"[(0.5, 0.5)]",[]
