impression,user_id,app_version,model_version,mturk_id,status,NUM_INITIAL_RATINGS,NUM_REFINE_RATINGS,TOTAL_TRAINING_RATINGS,NUM_TEST_RATINGS,TIME_INITIAL,TIME_REFINE,TIME_TEST,random_test_predictions_ratings,good_test_predictions_ratings,hypers,redisplay_check,arbitrary_check
0,d8737b08-b0dc-4f95-8221-add611e026f5,6.2-knn-mpc-dresses10,1.2,A28G4QO0DRY8OZ,Completed,1,40,41,15,5.541863918304443,141.78589463233948,51.20659136772156,"{143025: (0.6770128539686109, 0.5), 329298: (0.8462988785722376, 0.5), 107449: (0.4934211280994361, -0.5), 87244: (-0.0899022625390502, -0.5), 112228: (0.3630259872657397, -0.5), 118679: (0.1667430720985572, -0.5), 113929: (-0.1801807629840712, -0.5), 281550: (0.3213481790918194, 0.5), 91605: (0.2759109599524272, -0.5), 18518: (0.6577096925664625, 1.0)}","{4241: (1.0000000000000002, 0.5), 23156: (1.0000000000000002, -0.5), 97600: (1.0000000000000002, 1.0), 211916: (1.0000000000000002, 0.5), 136279: (1.0000000000000002, -1.0)}",{'dummy': 0.7371835616096457},"[(0.5, 1.0)]",[]
