impression,user_id,app_version,model_version,mturk_id,status,NUM_INITIAL_RATINGS,NUM_REFINE_RATINGS,TOTAL_TRAINING_RATINGS,NUM_TEST_RATINGS,TIME_INITIAL,TIME_REFINE,TIME_TEST,random_test_predictions_ratings,good_test_predictions_ratings,hypers,redisplay_check,arbitrary_check
0,537d029c-2691-4035-b3af-5b2f517ada1f,6.2-knn-mpc-dresses10,1.2,AH31QLJ57XC8W,Completed,1,40,41,15,11.959639549255371,639.058625459671,50.57675838470459,"{115792: (0.17637274630355915, -0.5), 231668: (-0.19009535150759854, -0.5), 228375: (0.18073010766465653, -0.5), 317589: (-0.042991517564959746, -0.5), 192609: (-0.17545503919408725, 0.5), 251427: (0.11980135072681747, -0.5), 164761: (-0.11449823226172094, -0.5), 317972: (-0.5, 0.5), 114991: (-0.17737808497348945, -0.5), 106197: (-0.6704818283655913, -1.0)}","{32578: (1.0, 0.0), 72441: (1.0, 0.5), 204530: (1.0, 0.0), 236135: (1.0, 0.5), 301110: (1.0, 0.5)}",{'dummy': 0.3084513951215381},"[(0.5, -0.5)]",[]
