impression,user_id,app_version,model_version,mturk_id,status,NUM_INITIAL_RATINGS,NUM_REFINE_RATINGS,TOTAL_TRAINING_RATINGS,NUM_TEST_RATINGS,TIME_INITIAL,TIME_REFINE,TIME_TEST,random_test_predictions_ratings,good_test_predictions_ratings,hypers,redisplay_check,arbitrary_check
0,a752336e-1296-4c35-b487-da5ccd506372,6.2-knn-mpc-dresses10,1.2,A2QD48WPH05Z6U,Completed,1,50,51,15,9.797358274459839,301.2585997581482,98.36709022521973,"{19436: (-0.16441470925195298, 0.0), 115390: (-0.33457010926085157, -1.0), 40467: (-0.055853020313613055, 0.5), 114900: (-0.7994880070212731, -1.0), 203999: (0.30736773008014145, 1.0), 257428: (0.5375916289216882, 0.0), 145989: (-0.15302916744090403, -1.0), 101344: (-0.4800626249907492, -0.5), 20228: (-0.3624083523083477, -0.5), 215084: (0.06619601930399482, 0.5)}","{233178: (1.0000000000000002, 1.0), 173322: (1.0000000000000002, 0.5), 213478: (1.0000000000000002, 0.5), 43376: (1.0000000000000002, 0.5), 121116: (1.0000000000000002, 0.5)}",{'dummy': 0.8833905896698449},"[(-0.5, 0.5)]",[]
