impression,user_id,app_version,model_version,mturk_id,status,NUM_INITIAL_RATINGS,NUM_REFINE_RATINGS,TOTAL_TRAINING_RATINGS,NUM_TEST_RATINGS,TIME_INITIAL,TIME_REFINE,TIME_TEST,random_test_predictions_ratings,good_test_predictions_ratings,hypers,redisplay_check,arbitrary_check
0,673c105e-01a9-4f1c-80b4-2cd4f1acbe5c,6.2-knn-mpc-dresses10,1.2,A1CFPKUOCGJIM6,Completed,1,30,31,15,5.672476768493652,139.31986808776855,65.38863253593445,"{113274: (0.03019999409759648, 0.5), 227137: (0.20572334010775395, -0.5), 89706: (0.5, 0.5), 306501: (0.15972677403419586, 0.5), 74012: (-0.36076104533323217, -0.5), 17189: (0.418387986496653, -0.5), 218677: (0.3505496399581814, 0.5), 308794: (0.0017529220566128885, -0.5), 228023: (0.1516166558614779, -1.0), 226917: (0.021237449129003556, 0.5)}","{289769: (1.0000000000000002, 0.5), 239860: (1.0000000000000002, 1.0), 5414: (1.0000000000000002, 0.0), 215896: (1.0000000000000002, -0.5), 328081: (1.0000000000000002, 0.5)}",{'dummy': 0.4763090958496896},"[(1.0, 0.5)]",[]
