impression,user_id,app_version,model_version,mturk_id,status,NUM_INITIAL_RATINGS,NUM_REFINE_RATINGS,TOTAL_TRAINING_RATINGS,NUM_TEST_RATINGS,TIME_INITIAL,TIME_REFINE,TIME_TEST,random_test_predictions_ratings,good_test_predictions_ratings,hypers,redisplay_check,arbitrary_check
0,29c43670-ed78-432d-9a92-04c7f7d36a7c,6.2-knn-mpc-dresses10,1.2,A38IVICIOEVSNE,Completed,1,20,21,15,8.348872900009155,112.66850090026855,75.4262342453003,"{95095: (-0.48764249814782296, 1.0), 117392: (0.001351283739473741, 1.0), 195351: (-0.15273201759787827, 0.5), 211551: (-0.3616633172727844, 1.0), 229279: (0.3353540974878057, -0.5), 121164: (-0.017438056319832904, 1.0), 135921: (0.29388027972111413, -0.5), 209006: (0.1918223560996693, 1.0), 127196: (-0.5192093927308199, 1.0), 244682: (-0.002419764206890506, -0.5)}","{321960: (0.8507697391258779, 0.5), 321940: (0.8495997855173926, 0.5), 210306: (0.8467259222923169, 1.0), 321856: (0.8464972497788763, 0.5), 207333: (0.8462343176630646, 1.0)}",{'dummy': 0.0013752334463287275},"[(0.5, 1.0)]",[]
