impression,user_id,app_version,model_version,mturk_id,status,NUM_INITIAL_RATINGS,NUM_REFINE_RATINGS,TOTAL_TRAINING_RATINGS,NUM_TEST_RATINGS,TIME_INITIAL,TIME_REFINE,TIME_TEST,random_test_predictions_ratings,good_test_predictions_ratings,hypers,redisplay_check,arbitrary_check
0,574faa32-a9e7-42c6-b74a-003dc3423582,6.2-knn-mpc-dresses10,1.2,A1IFIK8J49WBER,Completed,1,50,51,15,7.926026821136475,264.7176215648651,77.9511308670044,"{173952: (-0.028856625996567214, -0.5), 294665: (0.19890526060047026, 1.0), 53618: (-0.3053940802946584, 1.0), 302988: (-0.34152487678657034, -1.0), 101217: (0.13579696094441077, 1.0), 324736: (-0.49402449442354346, 0.5), 225904: (-0.34726910311604214, -1.0), 233038: (0.13452705396699902, -1.0), 312659: (0.05454144591251212, -1.0), 48061: (-0.19419053656169363, -0.5)}","{7422: (1.0000000000000002, -0.5), 115204: (1.0000000000000002, 1.0), 232542: (1.0000000000000002, 1.0), 272896: (1.0000000000000002, 1.0), 64996: (1.0000000000000002, 0.5)}",{'dummy': 0.9260062534121605},"[(1.0, 1.0)]",[]
