impression,user_id,app_version,model_version,mturk_id,status,NUM_INITIAL_RATINGS,NUM_REFINE_RATINGS,TOTAL_TRAINING_RATINGS,NUM_TEST_RATINGS,TIME_INITIAL,TIME_REFINE,TIME_TEST,random_test_predictions_ratings,good_test_predictions_ratings,hypers,redisplay_check,arbitrary_check
0,e9594705-1410-40ca-86cd-df019bc6100f,6.2-knn-mpc-dresses10,1.2,A3785TR8D5I81Q,Completed,1,50,51,15,16.60498309135437,686.796324968338,161.74695086479187,"{61006: (0.46045605688369845, 1.0), 130289: (0.38111461994889323, -1.0), 21127: (-0.9999999999999999, -1.0), 175804: (0.27623935459186083, -1.0), 893: (-0.12591566854922634, -1.0), 271517: (0.9999999999999999, 1.0), 21889: (-0.33431337843454534, 1.0), 117349: (0.3423092002601165, 1.0), 81253: (-0.319590502078665, 1.0), 182467: (0.22690582189910058, -1.0)}","{38255: (1.0000000000000004, -1.0), 105455: (1.0000000000000004, -1.0), 25381: (1.0000000000000002, 1.0), 36959: (1.0000000000000002, -1.0), 36991: (1.0000000000000002, 1.0)}",{'dummy': 0.8120280331837082},"[(1.0, 1.0)]",[]
