impression,user_id,app_version,model_version,mturk_id,status,NUM_INITIAL_RATINGS,NUM_REFINE_RATINGS,TOTAL_TRAINING_RATINGS,NUM_TEST_RATINGS,TIME_INITIAL,TIME_REFINE,TIME_TEST,random_test_predictions_ratings,good_test_predictions_ratings,hypers,redisplay_check,arbitrary_check
0,f7060ed4-7116-4858-8283-144ee032e068,6.2-knn-mpc-dresses10,1.2,A1O0HAPZ012WNL,Completed,1,40,41,15,12.124637603759766,314.5598030090332,95.70171070098877,"{93133: (-0.6694416282319695, 0.5), 222119: (-0.11384328440888832, 0.5), 287770: (0.8466466569574589, 1.0), 10796: (0.012772805806165202, -0.5), 32633: (0.5063973465116407, -0.5), 106634: (-0.26335222540481534, 1.0), 144286: (-0.8324319740679098, -0.5), 317630: (-0.40507258280862146, -1.0), 176343: (0.8209624559500668, 0.5), 67104: (0.17693946383405768, 1.0)}","{99023: (1.0000000000000002, 1.0), 242071: (1.0000000000000002, -0.5), 15545: (1.0000000000000002, -0.5), 157428: (1.0000000000000002, -0.5), 295521: (1.0000000000000002, -0.5)}",{'dummy': 0.7540556600640838},"[(-0.5, -0.5)]",[]
