impression,user_id,app_version,model_version,mturk_id,status,NUM_INITIAL_RATINGS,NUM_REFINE_RATINGS,TOTAL_TRAINING_RATINGS,NUM_TEST_RATINGS,TIME_INITIAL,TIME_REFINE,TIME_TEST,random_test_predictions_ratings,good_test_predictions_ratings,hypers,redisplay_check,arbitrary_check
0,eb8d1a38-1dcf-4bae-a040-145309f1f660,6.2-knn-mpc-dresses10,1.2,A7TPLJ1AYG4JR,Completed,1,30,31,15,5.0625832080841064,341.07610273361206,103.81173157691956,"{187812: (0.5, -0.5), 134996: (-0.03624430513373555, 0.5), 117692: (-0.5, -0.5), 298614: (-0.13087983212806648, 0.5), 319362: (0.22821437522259513, 0.5), 37940: (0.5000000000000001, 0.5), 330350: (-0.5000000000000001, -0.5), 204892: (-0.5000000000000001, -0.5), 156354: (0.15417179488126964, 0.0), 201395: (0.6708182661834294, 0.0)}","{5495: (0.894310923405759, 0.5), 5375: (0.8882865402804211, 0.5), 178775: (0.887515620772585, 1.0), 5489: (0.8772515326044379, 1.0), 152040: (0.8770135116213544, -0.5)}",{'dummy': 0.4280727059544952},"[(0.5, 0.5)]",[]
