impression,user_id,app_version,model_version,mturk_id,status,NUM_INITIAL_RATINGS,NUM_REFINE_RATINGS,TOTAL_TRAINING_RATINGS,NUM_TEST_RATINGS,TIME_INITIAL,TIME_REFINE,TIME_TEST,random_test_predictions_ratings,good_test_predictions_ratings,hypers,redisplay_check,arbitrary_check
0,39954b86-ecaa-4380-b9a6-aadbe0f1350c,6.2-knn-mpc-dresses10,1.2,A2GVK5NQTY5GSC,Completed,1,20,21,15,4.112972974777222,87.43444275856018,53.133429527282715,"{207075: (-0.19658244920578524, -0.5), 114668: (0.5, 0.5), 263085: (0.3112589898855744, 0.5), 229089: (0.010607101428335753, -0.5), 108389: (0.5, 1.0), 270912: (0.18942719171411734, 0.5), 325057: (-0.034532863547020606, 0.0), 13652: (0.36669269296743945, 0.5), 272987: (-0.31407037887810874, 0.5), 15036: (0.016517331965588047, -0.5)}","{126857: (0.7516092360658025, 0.0), 309834: (0.7511019842988768, 0.5), 78444: (0.7459867715004405, -0.5), 222969: (0.7373908669593929, 0.5), 277221: (0.7371072198950738, 0.5)}",{'dummy': 0.14778911345127277},"[(0.5, 0.5)]",[]
