impression,user_id,app_version,model_version,status,NUM_INITIAL_RATINGS,NUM_REFINE_RATINGS,TOTAL_TRAINING_RATINGS,NUM_TEST_RATINGS,items_shown,ratings,model_fit,history_dict,hypers,redisplay_check,arbitrary_check,hyper_history
0,9ff6be73-8990-40d8-a174-07e320cbf87a,6.2-knn-mpc-dresses10,1.2,Started,1,30,31,15,"[147106, 198083, 201530, 106865, 253251, 68750, 211422, 244439, 231761, 316062, 12530, 186358, 180404, 41012, 265083, 43698, 95168, 174037, 317857, 196081, 230051, 134128, 311672, 6013, 182910, 195567, 254204, 308586, 171946, 103740, 318188]","[0.5, 0.5, 1.0, 0.0, 0.5, 0.5, 0.5, 0.5, 1.0, 0.5, 0.5, 0.0, 0.5, 1.0, 0.5, 0.5, 0.5, 0.0, 0.5, 0.5, 0.0, 0.5, 0.0, 0.5, 0.5, 0.5, 0.5, 0.5, 0.5, 0.5, 0.5]","[0.5, 0.5, 1.0, 0.0, 0.5, 0.5, 0.5, 0.5, 1.0, 0.5, 0.5, 0.0, 0.5, 1.0, 0.5, 0.5, 0.5, 0.0, 0.5, 0.5, 0.0, 0.5, 0.0, 0.5, 0.5, 0.5, 0.5, 0.5, 0.5, 0.5, 0.5]","{147106: (0.5, 0.5), 198083: (0.5, 0.5), 201530: (1.0, 1.0), 106865: (0.0, 0.0), 253251: (0.5, 0.5), 68750: (0.5, 0.5), 211422: (0.5, 0.5), 244439: (0.5, 0.5), 231761: (1.0, 1.0), 316062: (0.5, 0.5), 12530: (0.5, 0.5), 186358: (0.0, 0.0), 180404: (0.5, 0.5), 41012: (1.0, 1.0), 265083: (0.5, 0.5), 43698: (0.5, 0.5), 95168: (0.5, 0.5), 174037: (0.0, 0.0), 317857: (0.5, 0.5), 196081: (0.5, 0.5), 230051: (0.0, 0.0), 134128: (0.5, 0.5), 311672: (0.0, 0.0), 6013: (0.5, 0.5), 182910: (0.5, 0.5), 195567: (0.5, 0.5), 254204: (0.5, 0.5), 308586: (0.5, 0.5), 171946: (0.5, 0.5), 103740: (0.5, 0.5), 318188: (0.5, 0.5)}",{'dummy': 0.2881042388840478},"[(0.0, 1.0)]",[],"[{'dummy': 0.6243463941072991}, {'dummy': 0.9058864723860877}, {'dummy': 0.6207112519488086}, {'dummy': 0.6515209638114319}, {'dummy': 0.4581628543095765}, {'dummy': 0.24706544466315594}, {'dummy': 0.9706924266379883}, {'dummy': 0.5407868466854219}, {'dummy': 0.48617047723023876}, {'dummy': 0.2598545646467896}, {'dummy': 0.17001221962399582}, {'dummy': 0.006343392323235109}, {'dummy': 0.4238884600668571}, {'dummy': 0.5567492175480907}, {'dummy': 0.09890494248824677}, {'dummy': 0.4257095799635906}, {'dummy': 0.13486537956007216}, {'dummy': 0.13242089421470937}, {'dummy': 0.23488456477900355}, {'dummy': 0.01249476071712563}, {'dummy': 0.615803857604748}, {'dummy': 0.724112392662729}, {'dummy': 0.4918795737408199}, {'dummy': 0.8774988425633988}, {'dummy': 0.27538368426781135}, {'dummy': 0.09044003142407653}, {'dummy': 0.18244197113369265}, {'dummy': 0.03379853527328336}, {'dummy': 0.2185972585835877}, {'dummy': 0.1501727582533514}]"
