impression,user_id,app_version,model_version,mturk_id,status,NUM_INITIAL_RATINGS,NUM_REFINE_RATINGS,TOTAL_TRAINING_RATINGS,NUM_TEST_RATINGS,TIME_INITIAL,TIME_REFINE,TIME_TEST,random_test_predictions_ratings,good_test_predictions_ratings,hypers,redisplay_check,arbitrary_check
0,65761f8a-5f63-4337-8962-7ea899312317,6.2-knn-mpc-dresses10,1.2,A1XL3SDACSAMG,Completed,1,40,41,15,10.192698955535889,222.68617820739746,78.27308940887451,"{197195: (0.36064764281284933, 1.0), 148035: (0.6562962307634848, 0.0), 263621: (-0.34930292078308783, -1.0), 41762: (-0.030223639869905155, 0.0), 305879: (0.011414090504986332, 0.0), 202445: (0.033950289200531815, 0.0), 136722: (0.0, 0.0), 278276: (-0.9999999999999998, 0.0), 200547: (-0.11865144516763783, 0.5), 17668: (0.3049421355499533, 0.0)}","{147408: (1.0000000000000004, -0.5), 95704: (1.0000000000000004, -1.0), 174092: (1.0000000000000004, 0.0), 46232: (1.0000000000000004, 0.0), 330672: (1.0000000000000004, 0.0)}",{'dummy': 0.8291178680379933},"[(0.0, 0.0)]",[]
