impression,user_id,app_version,model_version,mturk_id,status,NUM_INITIAL_RATINGS,NUM_REFINE_RATINGS,TOTAL_TRAINING_RATINGS,NUM_TEST_RATINGS,TIME_INITIAL,TIME_REFINE,TIME_TEST,random_test_predictions_ratings,good_test_predictions_ratings,hypers,redisplay_check,arbitrary_check
0,30b6e2cb-07fa-4174-8ccb-1403f25faed8,6.2-knn-mpc-dresses10,1.2,A314KKX6ONDO9O,Completed,1,20,21,15,9.383479595184326,178.20064067840576,92.32199025154114,"{172674: (-0.6697248355503697, -1.0), 130059: (-0.32115350117428293, -0.5), 312202: (-0.0544298853935007, -0.5), 196487: (0.1942489497910892, 1.0), 272334: (0.1717806479196334, 0.0), 228657: (-0.3100704917519828, 0.0), 178592: (-0.11709706859489344, 0.5), 180783: (0.15875624520641682, -1.0), 262445: (-0.012256396401199014, 0.0), 177764: (0.04421396762092941, 0.5)}","{227164: (0.5000000000000001, -1.0), 328642: (0.5000000000000001, -1.0), 300962: (0.5000000000000001, 0.5), 167229: (0.5000000000000001, -0.5), 212391: (0.5000000000000001, 0.5)}",{'dummy': 0.5713016310458578},"[(0.5, 0.5)]",[]
