impression,user_id,app_version,model_version,mturk_id,status,NUM_INITIAL_RATINGS,NUM_REFINE_RATINGS,TOTAL_TRAINING_RATINGS,NUM_TEST_RATINGS,TIME_INITIAL,TIME_REFINE,TIME_TEST,random_test_predictions_ratings,good_test_predictions_ratings,hypers,redisplay_check,arbitrary_check
0,852f5258-a755-4d01-995f-3da5988bf57a,6.2-knn-mpc-dresses10,1.2,A1OFFNJXVHVI64,Completed,1,30,31,15,8.683919429779053,207.30227661132812,99.70734143257141,"{149149: (0.20047000369755866, -1.0), 76167: (-0.8297705366171183, -1.0), 224513: (0.19499048183043877, -1.0), 242457: (0.35763112439984523, -1.0), 297091: (-0.11755325963663224, 1.0), 297548: (0.03286788967716826, -1.0), 220023: (0.1770998457038726, -1.0), 165582: (0.40845842029321405, 1.0), 78540: (-1.0, 1.0), 107872: (0.9999999999999998, 1.0)}","{138230: (1.0000000000000004, 1.0), 127080: (1.0000000000000004, -1.0), 94816: (1.0000000000000004, 1.0), 251709: (1.0000000000000004, 1.0), 127611: (1.0000000000000004, 1.0)}",{'dummy': 0.7268949976258163},"[(-1.0, -1.0)]",[]
