impression,user_id,app_version,model_version,mturk_id,status,NUM_INITIAL_RATINGS,NUM_REFINE_RATINGS,TOTAL_TRAINING_RATINGS,NUM_TEST_RATINGS,TIME_INITIAL,TIME_REFINE,TIME_TEST,random_test_predictions_ratings,good_test_predictions_ratings,hypers,redisplay_check,arbitrary_check
0,4133b347-521f-4b6b-bc7a-39a4586bd51b,6.2-knn-mpc-dresses10,1.2,A1BK15QBL5758M,Completed,1,20,21,15,26.265297174453735,214.36071729660034,133.27310299873352,"{89790: (-0.33232014424258316, -1.0), 175170: (-0.057575884094585694, 1.0), 127812: (0.05170765761340837, 0.0), 191330: (-0.3997572075809831, 0.0), 161123: (0.1284297181011346, -1.0), 95614: (-1.0, -1.0), 246659: (0.2537979317736439, -0.5), 60415: (-0.02969173567696506, -1.0), 88607: (-0.14387977878015873, 0.0), 304267: (1.0, -1.0)}","{75219: (1.0000000000000002, 0.0), 289970: (1.0000000000000002, 0.0), 289909: (1.0000000000000002, 0.0), 134724: (1.0000000000000002, 0.0), 33289: (1.0000000000000002, -1.0)}",{'dummy': 0.1611908651846068},"[(-1.0, -1.0)]",[]
