impression,user_id,app_version,model_version,mturk_id,status,NUM_INITIAL_RATINGS,NUM_REFINE_RATINGS,TOTAL_TRAINING_RATINGS,NUM_TEST_RATINGS,TIME_INITIAL,TIME_REFINE,TIME_TEST,random_test_predictions_ratings,good_test_predictions_ratings,hypers,redisplay_check,arbitrary_check
0,49a69bc1-c80a-4b03-8cc3-f8f5e81b137f,6.2-knn-mpc-dresses10,1.2,A3CCFD0700KTPV,Completed,1,20,21,15,7.318392753601074,102.378089427948,71.52796983718872,"{156635: (0.6793166911596407, 1.0), 157600: (0.14624934928641617, -0.5), 248152: (0.05063147152802711, -1.0), 176091: (-0.332499021452365, 1.0), 100958: (-0.6633484692001372, -1.0), 23206: (0.30381104331239184, 0.5), 179904: (-0.6566117061430969, 1.0), 105357: (0.2751411936920498, 0.5), 258984: (0.21793811729049817, 0.5), 170160: (-0.12560402875502769, 1.0)}","{199030: (0.8818693294561217, 0.5), 83021: (0.8749777631304999, 0.5), 226306: (0.8745402228299463, 1.0), 226478: (0.8685388332177467, 0.5), 82828: (0.8683814854122626, 1.0)}",{'dummy': 0.3795336283637253},"[(-0.5, 1.0)]",[]
