impression,user_id,app_version,model_version,mturk_id,status,NUM_INITIAL_RATINGS,NUM_REFINE_RATINGS,TOTAL_TRAINING_RATINGS,NUM_TEST_RATINGS,TIME_INITIAL,TIME_REFINE,TIME_TEST,random_test_predictions_ratings,good_test_predictions_ratings,hypers,redisplay_check,arbitrary_check
0,4914be53-563d-4e32-9868-a0e0659aa0bf,6.2-knn-mpc-dresses10,1.2,A295XEF30H0NH5,Completed,1,30,31,15,12.703773260116577,193.19882607460022,97.545254945755,"{258287: (-0.008914595577889404, 0.0), 220003: (-0.15483513195960802, 0.0), 314557: (0.21312959350996452, -1.0), 162862: (0.4966838974405191, 0.5), 157244: (-0.20331415720595533, 0.5), 107275: (0.34053242947495105, 1.0), 161445: (0.3447313609332815, -0.5), 58352: (0.15981373764513757, 0.5), 4141: (-0.02587666393007104, -0.5), 156939: (0.6459198104465933, 0.5)}","{192356: (1.0000000000000002, 1.0), 80009: (1.0000000000000002, 0.5), 31516: (1.0000000000000002, -0.5), 142267: (1.0000000000000002, 0.0), 88676: (1.0000000000000002, 0.5)}",{'dummy': 0.12580470105979524},"[(-0.5, -1.0)]",[]
