impression,user_id,app_version,model_version,mturk_id,status,NUM_INITIAL_RATINGS,NUM_REFINE_RATINGS,TOTAL_TRAINING_RATINGS,NUM_TEST_RATINGS,TIME_INITIAL,TIME_REFINE,TIME_TEST,random_test_predictions_ratings,good_test_predictions_ratings,hypers,redisplay_check,arbitrary_check
0,04e7221f-ac29-4d09-b0d6-a792a5f0da46,6.2-knn-mpc-dresses10,1.2,A263YS51HNU86P,Completed,1,20,21,15,43.89373064041138,140.1503667831421,97.76226997375488,"{183672: (0.8438034770091059, -0.5), 80929: (-0.8463179523459576, 0.0), 203155: (-0.40957713169348087, -0.5), 118357: (-0.3355780235203108, 1.0), 238841: (-0.37593768662216775, 0.5), 6144: (-1.0, -0.5), 55013: (-0.22854354759145107, 0.5), 159909: (-0.40701287219847115, 1.0), 216092: (-0.2420637078255174, -0.5), 316250: (-1.0, -0.5)}","{13192: (1.0000000000000002, 1.0), 327189: (1.0000000000000002, 1.0), 201062: (1.0000000000000002, 0.5), 259578: (1.0, 0.5), 129634: (1.0, 1.0)}",{'dummy': 0.09081931115763076},"[(-0.5, -0.5)]",[]
