impression,user_id,app_version,model_version,mturk_id,status,NUM_INITIAL_RATINGS,NUM_REFINE_RATINGS,TOTAL_TRAINING_RATINGS,NUM_TEST_RATINGS,TIME_INITIAL,TIME_REFINE,TIME_TEST,random_test_predictions_ratings,good_test_predictions_ratings,hypers,redisplay_check,arbitrary_check
0,43575036-311c-491f-bba7-4c07827daaee,6.2-knn-mpc-dresses10,1.2,A30UQ017N4PML5,Completed,1,40,41,15,3.5915300846099854,136.7649483680725,50.21063780784607,"{96674: (0.5000000000000001, 0.5), 108690: (-0.321299380199109, 0.5), 141710: (0.5, -0.5), 154601: (0.026024205809543538, 0.5), 99160: (0.4999999999999999, 0.5), 60242: (0.0496800754900305, 0.5), 39777: (0.16067948313321176, 0.5), 276455: (0.19522541435708762, 0.5), 222934: (0.5, 0.5), 192678: (0.6810693842135612, 0.5)}","{3296: (1.0000000000000002, 0.5), 259920: (1.0, -0.5), 105753: (1.0, 0.5), 319398: (1.0, 0.5), 79564: (1.0, 0.5)}",{'dummy': 0.10039325991437087},"[(0.5, 0.5)]",[]
