impression,user_id,app_version,model_version,mturk_id,status,NUM_INITIAL_RATINGS,NUM_REFINE_RATINGS,TOTAL_TRAINING_RATINGS,NUM_TEST_RATINGS,TIME_INITIAL,TIME_REFINE,TIME_TEST,random_test_predictions_ratings,good_test_predictions_ratings,hypers,redisplay_check,arbitrary_check
0,b3005f37-3416-498d-b8a0-bc5b78eb2997,6.2-knn-mpc-dresses10,1.2,A2TZAXWOB3JMNV,Completed,1,30,31,15,6.245035886764526,177.98556923866272,105.66085600852966,"{211223: (-0.3224773931866376, 1.0), 152841: (-0.6650993721168805, -1.0), 276732: (-0.15051308902231222, 1.0), 61125: (-1.0, -1.0), 72596: (-0.4411980933126675, 0.0), 123720: (-3.469446951953614e-18, 1.0), 223814: (-0.6291858396896411, 0.0), 42768: (-0.05620125485350559, 0.0), 260526: (-0.3097855057825949, 0.0), 96551: (0.0, 0.0)}","{272206: (1.0, 1.0), 70604: (0.7596380256792511, 0.0), 117146: (0.7512476330043227, 1.0), 148049: (0.744451401506646, 0.0), 14475: (0.74325038224403, 0.0)}",{'dummy': 0.06033037882463388},"[(1.0, 1.0)]",[]
