impression,user_id,app_version,model_version,status,NUM_INITIAL_RATINGS,NUM_REFINE_RATINGS,TOTAL_TRAINING_RATINGS,NUM_TEST_RATINGS,items_shown,ratings,model_fit,history_dict,hypers,redisplay_check,arbitrary_check,hyper_history
0,bb516fb2-bf15-4f69-98da-2d42a9c9caa5,6.2-knn-mpc-dresses10,1.2,Started,1,20,21,15,"[212058, 169020, 185519, 242580, 212029, 161026, 53683, 71884, 99845, 237832, 150494, 93629, 50018, 171981, 132384, 185907, 315124, 282157, 309363, 51427, 265958]","[-0.5, -1.0, 1.0, -0.5, 1.0, 1.0, -0.5, -1.0, -1.0, 0.5, 0.0, 0.0, -1.0, 0.0, 0.0, 0.5, -0.5, 0.0, 1.0, 0.5, 0.0]","[-0.5, -1.0, 1.0, -0.5, 1.0, 1.0, -0.5, -1.0, -1.0, 0.5, 0.0, 0.0, -1.0, 0.0, 0.0, 0.5, -0.5, 0.0, 1.0, 0.5, 0.0]","{212058: (-0.5, -0.5), 169020: (-1.0, -1.0), 185519: (1.0, 1.0), 242580: (-0.5, -0.5), 212029: (1.0, 1.0), 161026: (1.0, 1.0), 53683: (-0.5, -0.5), 71884: (-1.0, -1.0), 99845: (-1.0, -1.0), 237832: (0.5, 0.5), 150494: (0.0, 0.0), 93629: (0.0, 0.0), 50018: (-1.0, -1.0), 171981: (0.0, 0.0), 132384: (0.0, 0.0), 185907: (0.5, 0.5), 315124: (-0.5, -0.5), 282157: (0.0, 0.0), 309363: (1.0, 1.0), 51427: (0.5, 0.5), 265958: (0.0, 0.0)}",{'dummy': 0.10707630341563434},"[(1.0, 1.0)]",[],"[{'dummy': 0.30116264052660535}, {'dummy': 0.35728516416996836}, {'dummy': 0.736271930291328}, {'dummy': 0.9903920173785354}, {'dummy': 0.47364173051525504}, {'dummy': 0.2719641519634681}, {'dummy': 0.27267329371955884}, {'dummy': 0.6415914239677151}, {'dummy': 0.8729201441836073}, {'dummy': 0.47185427844105376}, {'dummy': 0.39309756556381636}, {'dummy': 0.4050617085381858}, {'dummy': 0.21550984836423093}, {'dummy': 0.057602544724374094}, {'dummy': 0.420340166012802}, {'dummy': 0.9977030916015102}, {'dummy': 0.5478531161847622}, {'dummy': 0.07557099712637527}, {'dummy': 0.7434517046760135}, {'dummy': 0.11844693875044143}]"
