impression,user_id,app_version,model_version,mturk_id,status,NUM_INITIAL_RATINGS,NUM_REFINE_RATINGS,TOTAL_TRAINING_RATINGS,NUM_TEST_RATINGS,TIME_INITIAL,TIME_REFINE,TIME_TEST,random_test_predictions_ratings,good_test_predictions_ratings,hypers,redisplay_check,arbitrary_check
0,e0e16148-0331-41f0-a1da-1769619f08b8,6.2-knn-mpc-dresses10,1.2,AQUOS2XZESNXB,Completed,1,50,51,15,8.213673114776611,276.6665549278259,73.35907697677612,"{323526: (0.02530570793277985, -0.5), 202281: (0.11491935642337946, -0.5), 265355: (-0.6842283523828804, -0.5), 269084: (0.05209630160405823, -0.5), 220402: (-0.021742308299037758, -0.5), 36420: (-0.005153666171719607, 0.5), 257875: (0.3486582003307216, 0.5), 108301: (-0.4422623118090509, 0.5), 313221: (-0.16835247710459997, -0.5), 14428: (0.5000000000000001, 0.5)}","{197174: (0.7635753291687692, 0.5), 197436: (0.7551514970827439, 0.5), 29789: (0.7433000648059248, 0.0), 197339: (0.7408351517642473, 0.5), 197363: (0.7322243834343768, 0.5)}",{'dummy': 0.7265565247844074},"[(0.5, 0.5)]",[]
