impression,user_id,app_version,model_version,status,NUM_INITIAL_RATINGS,NUM_REFINE_RATINGS,TOTAL_TRAINING_RATINGS,NUM_TEST_RATINGS,items_shown,ratings,model_fit,history_dict,hypers,redisplay_check,arbitrary_check,hyper_history
0,bd20e2ba-c3a0-4d34-a40c-2d51c90ff268,6.2-knn-mpc-dresses10,1.2,Started,1,20,21,15,"[150677, 144498, 119783, 280039, 195, 195428, 69467, 209488, 215975, 272758, 155760, 232623, 296305, 193709, 225779, 297695, 319144, 315781, 190050, 7061, 239002]","[0.5, -1.0, 0.0, 0.5, -0.5, -1.0, 0.0, -0.5, 1.0, 0.5, 0.5, 1.0, -1.0, 0.5, -0.5, -1.0, -0.5, -0.5, 0.5, 1.0, 1.0]","[0.49999999999999994, -1.0, 0.0, 0.49999999999999994, -0.5, -1.0, 0.0, -0.5, 0.9999999999999999, 0.49999999999999994, 0.49999999999999994, 0.9999999999999999, -1.0, 0.49999999999999994, -0.5, -1.0, -0.5, -0.5, 0.49999999999999994, 0.9999999999999999, 0.9999999999999999]","{150677: (0.49999999999999994, 0.5), 144498: (-1.0, -1.0), 119783: (0.0, 0.0), 280039: (0.49999999999999994, 0.5), 195: (-0.5, -0.5), 195428: (-1.0, -1.0), 69467: (0.0, 0.0), 209488: (-0.5, -0.5), 215975: (0.9999999999999999, 1.0), 272758: (0.49999999999999994, 0.5), 155760: (0.49999999999999994, 0.5), 232623: (0.9999999999999999, 1.0), 296305: (-1.0, -1.0), 193709: (0.49999999999999994, 0.5), 225779: (-0.5, -0.5), 297695: (-1.0, -1.0), 319144: (-0.5, -0.5), 315781: (-0.5, -0.5), 190050: (0.49999999999999994, 0.5), 7061: (0.9999999999999999, 1.0), 239002: (0.9999999999999999, 1.0)}",{'dummy': 0.2589448816110639},"[(0.0, 0.0)]",[],"[{'dummy': 0.5498216059059086}, {'dummy': 0.2633136092480032}, {'dummy': 0.20839488506012638}, {'dummy': 0.39128199054266555}, {'dummy': 0.7130992909401869}, {'dummy': 0.8499385894672086}, {'dummy': 0.5163754001639854}, {'dummy': 0.850696083901095}, {'dummy': 0.23930587656746571}, {'dummy': 0.605422504740834}, {'dummy': 0.6580651236238657}, {'dummy': 0.11394492646278809}, {'dummy': 0.8644260413798166}, {'dummy': 0.6464810865613951}, {'dummy': 0.10838269838756587}, {'dummy': 0.6875074616643003}, {'dummy': 0.14665792688838586}, {'dummy': 0.7635847189949119}, {'dummy': 0.6821393091097957}, {'dummy': 0.41432164901429214}]"
