impression,user_id,app_version,model_version,mturk_id,status,NUM_INITIAL_RATINGS,NUM_REFINE_RATINGS,TOTAL_TRAINING_RATINGS,NUM_TEST_RATINGS,TIME_INITIAL,TIME_REFINE,TIME_TEST,random_test_predictions_ratings,good_test_predictions_ratings,hypers,redisplay_check,arbitrary_check
0,c684f10b-81dc-4e9f-884f-1b0bbda2bd1f,6.2-knn-mpc-dresses10,1.2,ACIG3LVQV7Q40,Completed,1,50,51,15,13.654518604278564,293.6337809562683,97.02934074401855,"{263709: (0.5185847308949921, 1.0), 61143: (-0.30947422465994845, 1.0), 284613: (-0.3516448486439922, -0.5), 82761: (-0.4758715260609419, -0.5), 71151: (-0.3881120066416007, -0.5), 130924: (-0.3643739932646406, -0.5), 228292: (-0.6774012640532572, -0.5), 146229: (-0.18341650054356864, 0.5), 235687: (0.48283903856418636, 1.0), 283292: (0.009138583368140484, -1.0)}","{238119: (1.0000000000000002, 1.0), 270762: (1.0000000000000002, 1.0), 308978: (1.0000000000000002, 1.0), 89988: (1.0000000000000002, 0.5), 134205: (1.0000000000000002, 1.0)}",{'dummy': 0.08404510331248005},"[(-1.0, -0.5)]",[]
