impression,user_id,app_version,model_version,status,NUM_INITIAL_RATINGS,NUM_REFINE_RATINGS,TOTAL_TRAINING_RATINGS,NUM_TEST_RATINGS,items_shown,ratings,model_fit,history_dict,hypers,redisplay_check,arbitrary_check,hyper_history
0,9baa4465-9c71-4dbc-9357-2e7d24f8625f,6.2-knn-mpc-dresses10,1.2,Started,1,20,21,15,"[25834, 190800, 245098, 2711, 311343, 43996, 177252, 270866, 124282, 147350, 250465, 8651, 298454, 191859, 260329, 84532, 139709, 257302, 285440, 303963, 262740]","[1.0, 1.0, -0.5, -0.5, 0.0, 0.5, 0.5, 0.5, -1.0, -0.5, 0.5, 0.5, 0.5, 0.5, 0.5, 0.0, 1.0, 0.5, 0.0, -0.5, 0.0]","[1.0, 1.0, -0.5, -0.5, 0.0, 0.5, 0.5, 0.5, -1.0, -0.5, 0.5, 0.5, 0.5, 0.5, 0.5, 0.0, 1.0, 0.5, 0.0, -0.5, 0.0]","{25834: (1.0, 1.0), 190800: (1.0, 1.0), 245098: (-0.5, -0.5), 2711: (-0.5, -0.5), 311343: (0.0, 0.0), 43996: (0.5, 0.5), 177252: (0.5, 0.5), 270866: (0.5, 0.5), 124282: (-1.0, -1.0), 147350: (-0.5, -0.5), 250465: (0.5, 0.5), 8651: (0.5, 0.5), 298454: (0.5, 0.5), 191859: (0.5, 0.5), 260329: (0.5, 0.5), 84532: (0.0, 0.0), 139709: (1.0, 1.0), 257302: (0.5, 0.5), 285440: (0.0, 0.0), 303963: (-0.5, -0.5), 262740: (0.0, 0.0)}",{'dummy': 0.9871351913883337},"[(0.5, -0.5)]",[],"[{'dummy': 0.20349321128342002}, {'dummy': 0.7212957721523292}, {'dummy': 0.5969107873665054}, {'dummy': 0.9336567898235317}, {'dummy': 0.47517428496957204}, {'dummy': 0.7632934176285803}, {'dummy': 0.9304984835894007}, {'dummy': 0.02822996022226587}, {'dummy': 0.3967485891300697}, {'dummy': 0.6137919987678343}, {'dummy': 0.5506692097157577}, {'dummy': 0.41774627908271333}, {'dummy': 0.7448697076722907}, {'dummy': 0.868487038367119}, {'dummy': 0.5446104108673812}, {'dummy': 0.015373441516243203}, {'dummy': 0.6727735296041656}, {'dummy': 0.8752115378065876}, {'dummy': 0.5136527635344051}, {'dummy': 0.5640343107580783}]"
