impression,user_id,app_version,model_version,mturk_id,status,NUM_INITIAL_RATINGS,NUM_REFINE_RATINGS,TOTAL_TRAINING_RATINGS,NUM_TEST_RATINGS,TIME_INITIAL,TIME_REFINE,TIME_TEST,random_test_predictions_ratings,good_test_predictions_ratings,hypers,redisplay_check,arbitrary_check
0,f36a1a60-bfa9-4a36-a9ec-f91812351405,6.2-knn-mpc-dresses10,1.2,A2H4LJ4CXZQ304,Completed,1,20,21,15,12.36683177947998,156.2583372592926,117.46945309638977,"{14481: (0.14705900199152724, -0.5), 247944: (-0.15769389494069436, -1.0), 76440: (-0.487018183282954, 0.5), 208559: (-0.4410026904595806, -0.5), 240595: (0.11439542266193495, 0.0), 180311: (-0.19546727976800776, 0.0), 272224: (-0.14002177773592794, 1.0), 107102: (0.5, 0.0), 38109: (-0.46951447708908767, 0.5), 182393: (0.32550028761870853, 0.0)}","{129633: (0.7055006725407391, -0.5), 26004: (0.7053755857669399, 0.5), 82262: (0.6993728707936459, 0.5), 130211: (0.6911484548291451, -0.5), 319585: (0.690864260234584, 0.5)}",{'dummy': 0.36453850925600784},"[(0.0, 0.5)]",[]
