impression,user_id,app_version,model_version,mturk_id,status,NUM_INITIAL_RATINGS,NUM_REFINE_RATINGS,TOTAL_TRAINING_RATINGS,NUM_TEST_RATINGS,TIME_INITIAL,TIME_REFINE,TIME_TEST,random_test_predictions_ratings,good_test_predictions_ratings,hypers,redisplay_check,arbitrary_check
0,99af36bf-09bd-4c46-a011-dff65832804a,6.2-knn-mpc-dresses10,1.2,A222GZB608T1B8,Completed,1,40,41,15,9.394306898117065,202.95795249938965,53.3699312210083,"{271356: (-0.38652321694435243, 0.5), 156391: (-0.5381836753604821, -0.5), 63269: (0.81243355248273, 1.0), 224971: (-0.5, -0.5), 188935: (-0.5, -1.0), 78882: (-0.00993188650787711, -0.5), 56651: (0.06383526226482195, -0.5), 304336: (0.39703088424424315, 1.0), 90361: (-0.09567689814660786, -0.5), 78606: (0.24982646788190258, -0.5)}","{182194: (1.0000000000000002, -0.5), 210027: (1.0000000000000002, -1.0), 277481: (1.0000000000000002, -0.5), 330327: (1.0000000000000002, 1.0), 324237: (1.0000000000000002, 0.5)}",{'dummy': 0.2015560385191637},"[(-1.0, -0.5)]",[]
