impression,user_id,app_version,model_version,mturk_id,status,NUM_INITIAL_RATINGS,NUM_REFINE_RATINGS,TOTAL_TRAINING_RATINGS,NUM_TEST_RATINGS,TIME_INITIAL,TIME_REFINE,TIME_TEST,random_test_predictions_ratings,good_test_predictions_ratings,hypers,redisplay_check,arbitrary_check
0,d066f827-b5c1-4e60-ae2b-f69d8429ce6b,6.2-knn-mpc-dresses10,1.2,A2FHJCRBRP7VH4,Completed,1,20,21,15,11.083304405212402,69.16080069541931,58.345569133758545,"{210940: (-1.0, -0.5), 9267: (-0.48811039385169586, -1.0), 14742: (0.24975307294851562, 1.0), 30131: (0.18475206057386157, 1.0), 34353: (-0.24186863896357141, 0.0), 323477: (-0.323820458246718, 0.0), 248110: (0.034199395877328315, 0.5), 100018: (-1.0, -1.0), 87251: (-1.0, -1.0), 87887: (0.2923427498142236, -1.0)}","{175051: (1.0000000000000002, 1.0), 64541: (1.0000000000000002, 1.0), 222274: (1.0, 0.5), 106362: (1.0, -1.0), 106454: (1.0, 0.5)}",{'dummy': 0.4408882857968538},"[(0.5, 1.0)]",[]
