impression,user_id,app_version,model_version,mturk_id,status,NUM_INITIAL_RATINGS,NUM_REFINE_RATINGS,TOTAL_TRAINING_RATINGS,NUM_TEST_RATINGS,TIME_INITIAL,TIME_REFINE,TIME_TEST,random_test_predictions_ratings,good_test_predictions_ratings,hypers,redisplay_check,arbitrary_check
0,e9aa5534-2d92-4cc5-93bd-8f35cd184907,6.2-knn-mpc-dresses10,1.2,AQXRHIMQ7UK7O,Completed,1,40,41,15,9.314323425292969,189.06320071220398,70.2629132270813,"{249060: (0.1602332028476404, 0.5), 203849: (0.022661952552381705, 0.0), 1546: (-0.0022269216010809504, -0.5), 93851: (-0.18374161547700432, 0.0), 168363: (0.3362256638294572, 0.0), 284847: (-0.3345828216407467, -0.5), 321029: (-0.1529699421762795, 0.0), 276384: (-0.5, -0.5), 315919: (0.0020658504637990193, -0.5), 310659: (-0.3028281602153088, -0.5)}","{69732: (1.0000000000000002, 0.5), 4621: (1.0, -0.5), 15997: (1.0, 0.5), 274277: (1.0, 0.0), 291946: (1.0, 1.0)}",{'dummy': 0.1597899044286173},"[(0.5, 0.5)]",[]
