impression,user_id,app_version,model_version,status,NUM_INITIAL_RATINGS,NUM_REFINE_RATINGS,TOTAL_TRAINING_RATINGS,NUM_TEST_RATINGS,items_shown,ratings,model_fit,history_dict,hypers,redisplay_check,arbitrary_check,hyper_history
0,f2c5bfe0-5261-415a-86c2-52c20dd78519,6.2-knn-mpc-dresses10,1.2,Started,1,30,31,15,"[84982, 82222, 215629, 291033, 188517, 289544, 85828, 157030, 103976, 232458, 70736, 233112, 213687, 286626, 269537, 67628, 53885, 77115, 50202, 171018, 265991, 91490, 120097, 184647, 27552, 307720, 319141, 122028, 214495, 248897, 170196]","[1.0, 1.0, 0.0, 0.5, 1.0, -0.5, 0.0, 1.0, 1.0, 1.0, 1.0, 1.0, 1.0, 0.0, 0.0, -1.0, -1.0, 1.0, -1.0, 0.0, -0.5, 0.0, -0.5, 0.5, 0.0, 1.0, 0.0, -1.0, 0.0, -1.0, 0.0]","[1.0, 1.0, 0.0, 0.5, 1.0, -0.5, 0.0, 1.0, 1.0, 1.0, 1.0, 1.0, 1.0, 0.0, 0.0, -1.0, -1.0, 1.0, -1.0, 0.0, -0.5, 0.0, -0.5, 0.5, 0.0, 1.0, 0.0, -1.0, 0.0, -1.0, 0.0]","{84982: (1.0, 1.0), 82222: (1.0, 1.0), 215629: (0.0, 0.0), 291033: (0.5, 0.5), 188517: (1.0, 1.0), 289544: (-0.5, -0.5), 85828: (0.0, 0.0), 157030: (1.0, 1.0), 103976: (1.0, 1.0), 232458: (1.0, 1.0), 70736: (1.0, 1.0), 233112: (1.0, 1.0), 213687: (1.0, 1.0), 286626: (0.0, 0.0), 269537: (0.0, 0.0), 67628: (-1.0, -1.0), 53885: (-1.0, -1.0), 77115: (1.0, 1.0), 50202: (-1.0, -1.0), 171018: (0.0, 0.0), 265991: (-0.5, -0.5), 91490: (0.0, 0.0), 120097: (-0.5, -0.5), 184647: (0.5, 0.5), 27552: (0.0, 0.0), 307720: (1.0, 1.0), 319141: (0.0, 0.0), 122028: (-1.0, -1.0), 214495: (0.0, 0.0), 248897: (-1.0, -1.0), 170196: (0.0, 0.0)}",{'dummy': 0.8492995980106244},"[(0.0, 0.0)]",[],"[{'dummy': 0.138453904611477}, {'dummy': 0.5538279893610227}, {'dummy': 0.834436656706205}, {'dummy': 0.3189867308373542}, {'dummy': 0.6730975704437236}, {'dummy': 0.4448682637618572}, {'dummy': 0.9822962488304332}, {'dummy': 0.24778609665942497}, {'dummy': 0.3049370418974895}, {'dummy': 0.6566807948573604}, {'dummy': 0.6905230111980086}, {'dummy': 0.4593956567275863}, {'dummy': 0.37421892167851556}, {'dummy': 0.7302858696670198}, {'dummy': 0.23556340913322982}, {'dummy': 0.2560073679173036}, {'dummy': 0.8696183279112591}, {'dummy': 0.6012325414467153}, {'dummy': 0.8024488627728287}, {'dummy': 0.8582199229173145}, {'dummy': 0.6559638181814159}, {'dummy': 0.8156460230967946}, {'dummy': 0.7874194888646378}, {'dummy': 0.933875989310587}, {'dummy': 0.8378216303610604}, {'dummy': 0.17500867374562956}, {'dummy': 0.9786938467783165}, {'dummy': 0.9922037207226635}, {'dummy': 0.4232645626304603}, {'dummy': 0.8891615232232952}]"
