impression,user_id,app_version,model_version,mturk_id,status,NUM_INITIAL_RATINGS,NUM_REFINE_RATINGS,TOTAL_TRAINING_RATINGS,NUM_TEST_RATINGS,TIME_INITIAL,TIME_REFINE,TIME_TEST,random_test_predictions_ratings,good_test_predictions_ratings,hypers,redisplay_check,arbitrary_check
0,019a8c55-cc6f-4705-ad2b-36f0c5034f94,6.2-knn-mpc-dresses10,1.2,A2N9U74YIPDQ9F,Completed,1,30,31,15,7.767937183380127,153.69541931152344,70.59068870544434,"{163031: (-0.798547483715302, 1.0), 241259: (0.473842127818107, 0.5), 142769: (-0.804647372049931, 0.5), 49937: (-0.3391447148454725, 0.5), 70941: (0.4434211737234261, 1.0), 142349: (-0.6602788719824636, -1.0), 15966: (0.10045742466003893, -1.0), 294652: (0.6529471965666839, 0.0), 196680: (-0.8648924135187777, 0.5), 108297: (-0.4939334649346837, 0.0)}","{139827: (1.0000000000000002, 1.0), 325788: (1.0000000000000002, 0.5), 9036: (1.0000000000000002, 0.0), 323810: (1.0000000000000002, 0.5), 144614: (1.0000000000000002, -0.5)}",{'dummy': 0.2573690329366424},"[(0.5, 0.0)]",[]
