impression,user_id,app_version,model_version,mturk_id,status,NUM_INITIAL_RATINGS,NUM_REFINE_RATINGS,TOTAL_TRAINING_RATINGS,NUM_TEST_RATINGS,TIME_INITIAL,TIME_REFINE,TIME_TEST,random_test_predictions_ratings,good_test_predictions_ratings,hypers,redisplay_check,arbitrary_check
0,5370ed7d-2a08-4786-894e-c791c4177bf7,6.2-knn-mpc-dresses10,1.2,A1ABKDMUL5GLT1,Completed,1,50,51,15,14.915370225906372,450.0158839225769,85.92930150032043,"{164279: (-0.4932383875533227, -0.5), 250402: (0.012511013412613103, -0.5), 51944: (0.1922810071478362, -0.5), 86974: (-0.3437683693457404, -0.5), 246160: (0.17664893503219178, -0.5), 147630: (0.22066566012577085, -0.5), 52317: (-0.35061702859965765, -0.5), 207411: (0.14869719218671976, -0.5), 243760: (-0.4675184314439282, -0.5), 313474: (-0.45167591970548804, -0.5)}","{246283: (0.8538889157642834, -0.5), 329811: (0.8431958317365772, 0.5), 99759: (0.842134763051537, 0.5), 219325: (0.8384749210425957, 0.5), 282181: (0.8378788837169093, 0.5)}",{'dummy': 0.6544864230585825},"[(-0.5, -0.5)]",[]
