impression,user_id,app_version,model_version,mturk_id,status,NUM_INITIAL_RATINGS,NUM_REFINE_RATINGS,TOTAL_TRAINING_RATINGS,NUM_TEST_RATINGS,TIME_INITIAL,TIME_REFINE,TIME_TEST,random_test_predictions_ratings,good_test_predictions_ratings,hypers,redisplay_check,arbitrary_check
0,979ebbf4-f3d7-4d14-9031-bd09dddd6fc6,6.2-knn-mpc-dresses10,1.2,A2VUF0V7HT51Q3,Completed,1,20,21,15,6.053651332855225,111.06826400756836,113.61137318611145,"{255655: (0.5, 0.0), 301082: (-0.30328185726269563, -1.0), 200860: (-0.30621176054176646, -0.5), 135864: (0.31845264335775636, -0.5), 195344: (0.6626098425724696, 1.0), 5256: (0.35430686509620013, 0.5), 91310: (0.3195932032404814, -0.5), 169638: (-0.18090185439946904, 0.0), 300216: (-0.813359403314545, -0.5), 315011: (-0.0017750296218749795, -1.0)}","{161460: (0.9129363659408133, 1.0), 161774: (0.912685135341374, 1.0), 161325: (0.9103048805186323, 0.0), 230986: (0.9055953610389439, 0.0), 304739: (0.9048769274502994, 1.0)}",{'dummy': 0.09149383328375793},"[(1.0, 1.0)]",[]
