impression,user_id,app_version,model_version,mturk_id,status,NUM_INITIAL_RATINGS,NUM_REFINE_RATINGS,TOTAL_TRAINING_RATINGS,NUM_TEST_RATINGS,TIME_INITIAL,TIME_REFINE,TIME_TEST,random_test_predictions_ratings,good_test_predictions_ratings,hypers,redisplay_check,arbitrary_check
0,94f39047-c11e-4987-ad2f-ad35be2e19a6,6.2-knn-mpc-dresses10,1.2,ANO4UVU9I3OPY,Completed,1,30,31,15,8.437647581100464,134.10234785079956,59.32798957824707,"{319441: (-0.15408498010623753, 0.0), 90664: (0.13015825631230232, 0.0), 206791: (-0.17090401697570062, 0.0), 109901: (-0.34431360638334846, 0.0), 167434: (0.16758863412712527, -1.0), 159014: (-0.29231897219546354, -0.5), 124896: (-0.07183308999499999, 1.0), 107395: (0.09722922837009565, 0.0), 206577: (-0.49497641304185963, -0.5), 57085: (0.4461499541461087, 0.5)}","{27355: (1.0000000000000002, 0.0), 20087: (1.0000000000000002, -0.5), 20041: (1.0000000000000002, 1.0), 20029: (1.0000000000000002, -0.5), 170873: (1.0000000000000002, -0.5)}",{'dummy': 0.11494757410498535},"[(0.0, -0.5)]",[]
