impression,user_id,app_version,model_version,mturk_id,status,NUM_INITIAL_RATINGS,NUM_REFINE_RATINGS,TOTAL_TRAINING_RATINGS,NUM_TEST_RATINGS,TIME_INITIAL,TIME_REFINE,TIME_TEST,random_test_predictions_ratings,good_test_predictions_ratings,hypers,redisplay_check,arbitrary_check
0,682b61bd-1a8a-4eeb-b07f-d8adcc0e6873,6.2-knn-mpc-dresses10,1.2,AMPR904VJJFZY,Completed,1,40,41,15,3.131958246231079,155.19656610488892,42.19202136993408,"{131968: (-0.20452992343675558, 0.5), 266942: (-0.14490272501107024, 0.0), 20230: (-0.1714898965479106, 0.0), 280646: (0.0, 0.0), 81791: (-0.24348609636921184, 0.0), 267407: (0.0, -0.5), 257053: (-0.15613812915937372, 0.0), 265748: (-0.15988646424191943, 0.5), 174132: (-0.15440080423130817, -1.0), 238161: (-0.20546068837563597, 0.0)}","{58271: (0.3458089752327476, 0.5), 270849: (0.3457730258454032, -0.5), 58462: (0.3410390497220634, 0.5), 265177: (0.33965023809992134, 0.0), 267933: (0.3389489790926218, 0.0)}",{'dummy': 0.5290964133947196},"[(-0.5, 0.0)]",[]
