impression,user_id,app_version,model_version,mturk_id,status,NUM_INITIAL_RATINGS,NUM_REFINE_RATINGS,TOTAL_TRAINING_RATINGS,NUM_TEST_RATINGS,TIME_INITIAL,TIME_REFINE,TIME_TEST,random_test_predictions_ratings,good_test_predictions_ratings,hypers,redisplay_check,arbitrary_check
0,11b95f67-f5ea-49b3-bd7b-37c2a2ceddb6,6.2-knn-mpc-dresses10,1.2,A90CBDXMHJ5PH,Completed,1,20,21,15,7.145196914672852,74.13961577415466,67.44715809822083,"{161921: (-0.33596862408985356, -0.5), 215399: (0.16808482091958166, 0.5), 48090: (-0.10973059386898391, 0.0), 282830: (-0.21444198474449713, 0.5), 16479: (-0.15222564876316214, -0.5), 88959: (-0.2316499146033958, 0.0), 92731: (-0.4047142073430342, 0.0), 183964: (0.17162426888219381, 0.5), 272136: (0.2119678896022798, 0.5), 183394: (-0.23300489518327597, -1.0)}","{261697: (0.7716841868973783, -0.5), 22970: (0.7706261626364047, 1.0), 261824: (0.7673560216197428, 0.5), 161619: (0.7639100981913939, 1.0), 123731: (0.7611272814274276, 0.5)}",{'dummy': 0.8903824622287829},"[(0.5, 0.5)]",[]
