impression,user_id,app_version,model_version,mturk_id,status,NUM_INITIAL_RATINGS,NUM_REFINE_RATINGS,TOTAL_TRAINING_RATINGS,NUM_TEST_RATINGS,TIME_INITIAL,TIME_REFINE,TIME_TEST,random_test_predictions_ratings,good_test_predictions_ratings,hypers,redisplay_check,arbitrary_check
0,7b8118c7-1b9b-4b14-9818-6b724004b00e,6.2-knn-mpc-dresses10,1.2,A2PZ751N15MKZV,Completed,1,40,41,15,16.77967619895935,382.98293137550354,115.2075092792511,"{315555: (-0.36650670236625554, 0.0), 13286: (-0.3257863775382662, -0.5), 250149: (0.6629981097820539, 0.0), 218954: (1.734723475976807e-18, 0.0), 142887: (0.811128672846305, 0.5), 151058: (0.3131733609473096, 1.0), 23569: (1.734723475976807e-18, 0.0), 325049: (0.0, 0.0), 212919: (0.49115677182087164, 1.0), 127343: (0.09971851937300183, 0.0)}","{48309: (1.0000000000000002, 0.5), 65076: (1.0000000000000002, 1.0), 31716: (1.0000000000000002, 0.0), 329370: (1.0000000000000002, 1.0), 98024: (1.0000000000000002, 0.5)}",{'dummy': 0.3751655155902307},"[(1.0, 1.0)]",[]
