impression,user_id,app_version,model_version,mturk_id,status,NUM_INITIAL_RATINGS,NUM_REFINE_RATINGS,TOTAL_TRAINING_RATINGS,NUM_TEST_RATINGS,TIME_INITIAL,TIME_REFINE,TIME_TEST,random_test_predictions_ratings,good_test_predictions_ratings,hypers,redisplay_check,arbitrary_check
0,862a94eb-6b6c-42bb-be15-0b386ab952fd,6.2-knn-mpc-dresses10,1.2,A3U7KCX5530RT4,Completed,1,20,21,15,6.020141839981079,81.14050674438477,54.162033796310425,"{205693: (0.03477944528673269, -0.5), 236185: (-0.8532398520839751, 1.0), 313166: (0.3685723352247739, 1.0), 154848: (-0.09302381763637343, -1.0), 110527: (-0.15314115561543853, 0.0), 107521: (-0.510321206733667, 0.5), 21096: (0.3046469041470476, 0.0), 70325: (-0.15761414322112338, 1.0), 136288: (0.6425259449454588, 0.5), 54125: (0.17267102608986873, 0.5)}","{50805: (1.0000000000000004, 0.5), 44417: (1.0000000000000004, -0.5), 50989: (1.0000000000000004, 1.0), 247786: (1.0000000000000004, 1.0), 81894: (1.0000000000000004, 1.0)}",{'dummy': 0.5235870364954457},"[(1.0, 1.0)]",[]
