impression,user_id,app_version,model_version,mturk_id,status,NUM_INITIAL_RATINGS,NUM_REFINE_RATINGS,TOTAL_TRAINING_RATINGS,NUM_TEST_RATINGS,TIME_INITIAL,TIME_REFINE,TIME_TEST,random_test_predictions_ratings,good_test_predictions_ratings,hypers,redisplay_check,arbitrary_check
0,8a4ed7dd-4eba-4af2-a604-d938ced15e65,6.2-knn-mpc-dresses10,1.2,A2QP3HJBFY8MB5,Completed,1,40,41,15,7.468703746795654,248.12990880012512,100.70688462257385,"{186923: (0.5, 0.5), 311534: (0.5067463590736189, 0.0), 21752: (-0.018780541505327836, 0.5), 193618: (0.475592521919471, -0.5), 234496: (-0.12557585534689616, -0.5), 59550: (0.4800493718878788, -0.5), 150554: (0.4809394550596457, 0.5), 262002: (-0.3580647231985383, -0.5), 35988: (0.6102025777262325, 0.0), 99972: (0.5227050605966954, 0.5)}","{272152: (1.0, 0.5), 323166: (1.0, 0.5), 108007: (1.0, 0.0), 250012: (1.0, 0.5), 289447: (1.0, -0.5)}",{'dummy': 0.9418789903299961},"[(0.0, 0.0)]",[]
