impression,user_id,app_version,model_version,mturk_id,status,NUM_INITIAL_RATINGS,NUM_REFINE_RATINGS,TOTAL_TRAINING_RATINGS,NUM_TEST_RATINGS,TIME_INITIAL,TIME_REFINE,TIME_TEST,random_test_predictions_ratings,good_test_predictions_ratings,hypers,redisplay_check,arbitrary_check
0,f2caf124-1b94-49c8-87a2-ac055f5d09a1,6.2-knn-mpc-dresses10,1.2,A1Y38T7IZWJQAE,Completed,1,50,51,15,10.022510528564453,183.73817944526672,55.86389493942261,"{227230: (-0.3329549676414348, -1.0), 233968: (-0.8492560046129962, 0.0), 38899: (0.5123907246321382, 0.5), 149651: (0.20762539215612622, 0.0), 3488: (0.155378738280034, 0.5), 280012: (-0.08907470535695229, 1.0), 318861: (0.48669023238707904, 1.0), 281000: (0.1577502658302325, 0.0), 41766: (-0.015365818010639028, 0.5), 84495: (0.5055048421029739, 0.0)}","{293929: (1.0000000000000002, 0.5), 137156: (1.0000000000000002, 1.0), 284526: (1.0000000000000002, -1.0), 237153: (1.0000000000000002, 0.5), 140508: (1.0000000000000002, 0.0)}",{'dummy': 0.7809607566730338},"[(1.0, 1.0)]",[]
