impression,user_id,app_version,model_version,status,NUM_INITIAL_RATINGS,NUM_REFINE_RATINGS,TOTAL_TRAINING_RATINGS,NUM_TEST_RATINGS,items_shown,ratings,model_fit,history_dict,hypers,redisplay_check,arbitrary_check,hyper_history
0,95b57a4e-b2b6-49af-9d15-4ac6390bee72,6.2-knn-mpc-dresses10,1.2,Started,1,20,21,15,"[225470, 35074, 37382, 231490, 317381, 182672, 108277, 65827, 208270, 27721, 92240, 12215, 206398, 5610, 269317, 272242, 276153, 2117, 152573, 199130, 231812]","[-1.0, -1.0, 1.0, 1.0, 1.0, 1.0, 1.0, 1.0, 1.0, 1.0, -1.0, 1.0, -1.0, -1.0, -1.0, 1.0, -1.0, -1.0, 1.0, 1.0, -1.0]","[-1.0, -1.0, 1.0, 1.0, 1.0, 1.0, 1.0, 1.0, 1.0, 1.0, -1.0, 1.0, -1.0, -1.0, -1.0, 1.0, -1.0, -1.0, 1.0, 1.0, -1.0]","{225470: (-1.0, -1.0), 35074: (-1.0, -1.0), 37382: (1.0, 1.0), 231490: (1.0, 1.0), 317381: (1.0, 1.0), 182672: (1.0, 1.0), 108277: (1.0, 1.0), 65827: (1.0, 1.0), 208270: (1.0, 1.0), 27721: (1.0, 1.0), 92240: (-1.0, -1.0), 12215: (1.0, 1.0), 206398: (-1.0, -1.0), 5610: (-1.0, -1.0), 269317: (-1.0, -1.0), 272242: (1.0, 1.0), 276153: (-1.0, -1.0), 2117: (-1.0, -1.0), 152573: (1.0, 1.0), 199130: (1.0, 1.0), 231812: (-1.0, -1.0)}",{'dummy': 0.32939817228076573},"[(1.0, 1.0)]",[],"[{'dummy': 0.8258257592454668}, {'dummy': 0.9200189954585283}, {'dummy': 0.16686925216693316}, {'dummy': 0.923420532482084}, {'dummy': 0.2624124981422111}, {'dummy': 0.18068828021852124}, {'dummy': 0.6308933195447869}, {'dummy': 0.3156210440376622}, {'dummy': 0.8615064021035509}, {'dummy': 0.18789947547889252}, {'dummy': 0.3065454947403182}, {'dummy': 0.4946301508876524}, {'dummy': 0.665646246506883}, {'dummy': 0.39721488099965596}, {'dummy': 0.6138983736942376}, {'dummy': 0.5262826949918993}, {'dummy': 0.2667965540454704}, {'dummy': 0.9552083823333517}, {'dummy': 0.4244188082236148}, {'dummy': 0.41877721005932844}]"
