impression,user_id,app_version,model_version,mturk_id,status,NUM_INITIAL_RATINGS,NUM_REFINE_RATINGS,TOTAL_TRAINING_RATINGS,NUM_TEST_RATINGS,TIME_INITIAL,TIME_REFINE,TIME_TEST,random_test_predictions_ratings,good_test_predictions_ratings,hypers,redisplay_check,arbitrary_check
0,11734730-801d-4c44-b46a-b2dfb9b2271c,6.2-knn-mpc-dresses10,1.2,A2IIR8HTRXPBOK,Completed,1,20,21,15,7.216690540313721,107.75881719589233,62.54843735694885,"{114664: (-0.3145554928279926, 0.5), 91766: (-0.17838338261858752, -0.5), 314494: (-0.34036526597241684, 0.0), 144994: (-0.6665843713139039, -1.0), 51848: (-0.50070800999144, 0.0), 203807: (-0.6549246639608306, 0.5), 24574: (0.18109330872459636, 1.0), 209829: (0.17854819280274084, -1.0), 235434: (-0.31282076211066256, 0.5), 24438: (-0.4377636401159454, 0.0)}","{165652: (0.7283264465421709, 0.5), 156922: (0.7260543226416822, 0.5), 140024: (0.7230764875839852, 0.0), 45287: (0.7193155027655979, 0.0), 30201: (0.7156506112882026, 1.0)}",{'dummy': 0.663212373453262},"[(0.5, 0.5)]",[]
