impression,user_id,app_version,model_version,mturk_id,status,NUM_INITIAL_RATINGS,NUM_REFINE_RATINGS,TOTAL_TRAINING_RATINGS,NUM_TEST_RATINGS,TIME_INITIAL,TIME_REFINE,TIME_TEST,random_test_predictions_ratings,good_test_predictions_ratings,hypers,redisplay_check,arbitrary_check
0,5e36ed29-ea61-438d-bf18-b92170790249,6.2-knn-mpc-dresses10,1.2,AVI7K876BV3QL,Completed,1,40,41,15,12.584627628326416,209.4974091053009,80.99802803993225,"{19437: (0.32677256723172576, -0.5), 193697: (0.3355343547307351, 0.0), 249909: (0.1613805859956433, 0.5), 311759: (0.12728229917062148, -0.5), 134193: (0.19514787737696115, 0.5), 256032: (-0.14146483981295263, -0.5), 69829: (-0.34071560429951375, 0.5), 101561: (0.09704503108381321, -0.5), 132650: (-0.04146504202947755, 0.5), 63957: (0.15329393196861343, 0.5)}","{37514: (1.0, 0.5), 187531: (1.0, 0.5), 37657: (0.9999999999999999, 0.5), 297557: (0.8668741669652441, -0.5), 330845: (0.8586037023289252, 1.0)}",{'dummy': 0.5945820931491069},"[(-0.5, -0.5)]",[]
