impression,user_id,app_version,model_version,mturk_id,status,NUM_INITIAL_RATINGS,NUM_REFINE_RATINGS,TOTAL_TRAINING_RATINGS,NUM_TEST_RATINGS,TIME_INITIAL,TIME_REFINE,TIME_TEST,random_test_predictions_ratings,good_test_predictions_ratings,hypers,redisplay_check,arbitrary_check
0,d944133d-3977-470d-a719-098730e5504d,6.2-knn-mpc-dresses10,1.2,AUFOO8PU2BK37,Completed,1,40,41,15,4.688218116760254,129.994380235672,48.115572690963745,"{313529: (0.6743975275096101, 1.0), 61501: (0.48212302693370296, 0.0), 63600: (0.02942530087297715, -0.5), 89010: (-0.14029365081248243, -0.5), 121663: (-0.8384257719551214, -1.0), 268645: (0.1661072500309377, 0.5), 249525: (-0.18946208424899652, 0.5), 77119: (-0.5778641244332778, -1.0), 84452: (0.002329530929009992, 0.5), 43133: (0.20213671993718757, 0.0)}","{26595: (1.0000000000000002, 0.5), 78966: (1.0000000000000002, 0.5), 175384: (1.0000000000000002, 0.0), 154474: (1.0000000000000002, 0.0), 17655: (1.0, -0.5)}",{'dummy': 0.6863487989397934},"[(0.0, 0.0)]",[]
