impression,user_id,app_version,model_version,mturk_id,status,NUM_INITIAL_RATINGS,NUM_REFINE_RATINGS,TOTAL_TRAINING_RATINGS,NUM_TEST_RATINGS,TIME_INITIAL,TIME_REFINE,TIME_TEST,random_test_predictions_ratings,good_test_predictions_ratings,hypers,redisplay_check,arbitrary_check
0,b8cd100d-6527-4f51-9182-6a357e9f22bb,6.2-knn-mpc-dresses10,1.2,A41APS6V2Z1FJ,Completed,1,30,31,15,4.995394468307495,109.69302153587341,55.73180532455444,"{88807: (-0.5000000000000001, 0.0), 303124: (-0.3758442248886363, 0.0), 120575: (-0.18221171754264004, 0.5), 130177: (-0.3869976155855722, 0.5), 57730: (-0.8040536407111244, 0.5), 21582: (0.32599577930597395, -0.5), 326937: (-0.365785817151627, -0.5), 210944: (-0.20499501671816409, 0.0), 288514: (0.03977363863241713, 0.5), 137291: (-0.28276957458791213, 0.5)}","{231864: (0.5000000000000002, -0.5), 159061: (0.5000000000000002, 0.0), 230133: (0.5000000000000001, -0.5), 143936: (0.5000000000000001, -0.5), 33027: (0.5000000000000001, -1.0)}",{'dummy': 0.34568278188519774},"[(0.5, 0.0)]",[]
