impression,user_id,app_version,model_version,status,NUM_INITIAL_RATINGS,NUM_REFINE_RATINGS,TOTAL_TRAINING_RATINGS,NUM_TEST_RATINGS,items_shown,ratings,model_fit,history_dict,hypers,redisplay_check,arbitrary_check,hyper_history
0,daab6146-1d94-41d7-add7-3a5503124533,6.2-knn-mpc-dresses10,1.2,Started,1,20,21,15,"[209560, 273426, 141773, 312899, 96042, 40837, 120240, 290594, 257392, 53001, 209101, 288945, 161391, 49010, 136568, 229157, 217850, 313692, 173942, 196541, 202543]","[1.0, 0.5, 0.5, -0.5, 0.5, -1.0, -0.5, 1.0, 0.5, 0.5, 1.0, -1.0, -0.5, -1.0, -1.0, 1.0, -1.0, -0.5, -0.5, -1.0, -1.0]","[1.0, 0.5, 0.5, -0.5, 0.5, -1.0, -0.5, 1.0, 0.5, 0.5, 1.0, -1.0, -0.5, -1.0, -1.0, 1.0, -1.0, -0.5, -0.5, -1.0, -1.0]","{209560: (1.0, 1.0), 273426: (0.5, 0.5), 141773: (0.5, 0.5), 312899: (-0.5, -0.5), 96042: (0.5, 0.5), 40837: (-1.0, -1.0), 120240: (-0.5, -0.5), 290594: (1.0, 1.0), 257392: (0.5, 0.5), 53001: (0.5, 0.5), 209101: (1.0, 1.0), 288945: (-1.0, -1.0), 161391: (-0.5, -0.5), 49010: (-1.0, -1.0), 136568: (-1.0, -1.0), 229157: (1.0, 1.0), 217850: (-1.0, -1.0), 313692: (-0.5, -0.5), 173942: (-0.5, -0.5), 196541: (-1.0, -1.0), 202543: (-1.0, -1.0)}",{'dummy': 0.8986339516601828},"[(0.5, 0.5)]",[],"[{'dummy': 0.36510756632529495}, {'dummy': 0.9341596966550736}, {'dummy': 0.9492351719741094}, {'dummy': 0.18887219241665232}, {'dummy': 0.9106571547932121}, {'dummy': 0.5863301123237167}, {'dummy': 0.9061813991630002}, {'dummy': 0.6775591878671855}, {'dummy': 0.7305384117800937}, {'dummy': 0.6871008599721085}, {'dummy': 0.905730672982945}, {'dummy': 0.692468904394687}, {'dummy': 0.9766885393151882}, {'dummy': 0.628417296450576}, {'dummy': 0.7634050369416009}, {'dummy': 0.37810498071246945}, {'dummy': 0.9809723695681045}, {'dummy': 0.6262874258119773}, {'dummy': 0.6301137231431939}, {'dummy': 0.7514911909082238}]"
