impression,user_id,app_version,model_version,mturk_id,status,NUM_INITIAL_RATINGS,NUM_REFINE_RATINGS,TOTAL_TRAINING_RATINGS,NUM_TEST_RATINGS,TIME_INITIAL,TIME_REFINE,TIME_TEST,random_test_predictions_ratings,good_test_predictions_ratings,hypers,redisplay_check,arbitrary_check
0,1aa30ebe-d96e-4317-a2f4-dbd22537b2a4,6.2-knn-mpc-dresses10,1.2,AF43GXKSKOOVT,Completed,1,40,41,15,7.49296760559082,178.49673080444336,61.43338942527771,"{10614: (0.31822889385608627, 0.0), 206656: (1.734723475976807e-18, 0.0), 49879: (-0.4815372862190282, 0.5), 220657: (-0.17935559218117253, -1.0), 90425: (-0.2205793201953491, 0.0), 255898: (-0.15609974262345672, 0.5), 54186: (0.10925921242210052, 1.0), 167100: (-0.5034908016254891, 0.0), 97591: (-0.5, 0.0), 200666: (-0.19129316280130937, -1.0)}","{88655: (1.0000000000000002, 0.0), 73719: (1.0000000000000002, 0.0), 176341: (1.0000000000000002, 0.0), 190913: (1.0000000000000002, 0.0), 175774: (1.0000000000000002, 0.5)}",{'dummy': 0.40148950386572324},"[(0.5, 0.5)]",[]
