impression,user_id,app_version,model_version,mturk_id,status,NUM_INITIAL_RATINGS,NUM_REFINE_RATINGS,TOTAL_TRAINING_RATINGS,NUM_TEST_RATINGS,TIME_INITIAL,TIME_REFINE,TIME_TEST,random_test_predictions_ratings,good_test_predictions_ratings,hypers,redisplay_check,arbitrary_check
0,310b84a6-0aa8-4a6c-a281-ca58d5ea0ec6,6.2-knn-mpc-dresses10,1.2,A27CZKFUKF2LTT,Completed,1,30,31,15,13.28946328163147,215.97969841957092,91.01568937301636,"{221848: (-0.1955769939769369, 0.0), 263359: (0.04884117905347722, 0.0), 163965: (0.1793621460756344, 0.0), 135528: (0.0, 0.0), 144972: (-0.16847632098704085, 0.0), 265071: (0.16193168388479887, 0.5), 247524: (0.1781831600761784, -0.5), 296858: (0.0033345622572031382, -0.5), 242628: (-0.3658313621502264, 0.0), 69070: (0.012060365561513178, 0.5)}","{91436: (0.5000000000000002, 0.0), 192787: (0.5000000000000002, 0.5), 162459: (0.5000000000000002, 0.5), 321386: (0.5000000000000002, 0.0), 318415: (0.5000000000000001, 0.5)}",{'dummy': 0.7216495783617219},"[(0.5, 0.5)]",[]
