impression,user_id,app_version,model_version,status,NUM_INITIAL_RATINGS,NUM_REFINE_RATINGS,TOTAL_TRAINING_RATINGS,NUM_TEST_RATINGS,items_shown,ratings,model_fit,history_dict,hypers,redisplay_check,arbitrary_check,hyper_history
0,a42398da-a544-4974-a124-e57e279bf5f5,6.2-knn-mpc-dresses10,1.2,Started,1,20,21,15,"[204441, 294178, 223638, 273842, 319744, 199291, 189818, 58203, 24166, 22275, 256784, 81389, 313731, 67899, 47938, 83277, 94702, 137108, 15832, 253996, 183418]","[-1.0, -1.0, 1.0, -1.0, -0.5, -1.0, -0.5, -1.0, 0.5, -0.5, -1.0, 0.5, 0.5, 1.0, -1.0, 0.5, 1.0, -1.0, 0.5, 1.0, -0.5]","[-1.0, -1.0, 1.0, -1.0, -0.5, -1.0, -0.5, -1.0, 0.5, -0.5, -1.0, 0.5, 0.5, 1.0, -1.0, 0.5, 1.0, -1.0, 0.5, 1.0, -0.5]","{204441: (-1.0, -1.0), 294178: (-1.0, -1.0), 223638: (1.0, 1.0), 273842: (-1.0, -1.0), 319744: (-0.5, -0.5), 199291: (-1.0, -1.0), 189818: (-0.5, -0.5), 58203: (-1.0, -1.0), 24166: (0.5, 0.5), 22275: (-0.5, -0.5), 256784: (-1.0, -1.0), 81389: (0.5, 0.5), 313731: (0.5, 0.5), 67899: (1.0, 1.0), 47938: (-1.0, -1.0), 83277: (0.5, 0.5), 94702: (1.0, 1.0), 137108: (-1.0, -1.0), 15832: (0.5, 0.5), 253996: (1.0, 1.0), 183418: (-0.5, -0.5)}",{'dummy': 0.8710174607418969},"[(1.0, 1.0)]",[],"[{'dummy': 0.6342842576181101}, {'dummy': 0.8451412784846487}, {'dummy': 0.8231159159388144}, {'dummy': 0.6118590238832512}, {'dummy': 0.061819814137511475}, {'dummy': 0.6742044964227634}, {'dummy': 0.8907094737511747}, {'dummy': 0.8720494493176453}, {'dummy': 0.14352318644810003}, {'dummy': 0.21750251338825966}, {'dummy': 0.16798417640260044}, {'dummy': 0.37618907437932203}, {'dummy': 0.8978381913068886}, {'dummy': 0.9905230419432649}, {'dummy': 0.11350744096156651}, {'dummy': 0.5793860761425655}, {'dummy': 0.3895721655058225}, {'dummy': 0.0772531057160859}, {'dummy': 0.7907133560755364}, {'dummy': 0.7262837692932798}]"
