impression,user_id,app_version,model_version,status,NUM_INITIAL_RATINGS,NUM_REFINE_RATINGS,TOTAL_TRAINING_RATINGS,NUM_TEST_RATINGS,items_shown,ratings,model_fit,history_dict,hypers,redisplay_check,arbitrary_check,hyper_history
0,b692d45a-b2aa-45f6-aab0-18341af12441,6.2-knn-mpc-dresses10,1.2,Started,1,20,21,15,"[248228, 214078, 297606, 293083, 24917, 163508, 277859, 209466, 285793, 135635, 287508, 326378, 327410, 71739, 326898, 30401, 206177, 118651, 36495, 183814, 227399]","[-1.0, -1.0, -1.0, 1.0, -1.0, -1.0, 1.0, -1.0, -1.0, -1.0, 1.0, -1.0, -1.0, -1.0, 1.0, 1.0, 1.0, -1.0, 1.0, 1.0, 1.0]","[-1.0, -1.0, -1.0, 1.0, -1.0, -1.0, 1.0, -1.0, -1.0, -1.0, 1.0, -1.0, -1.0, -1.0, 1.0, 1.0, 1.0, -1.0, 1.0, 1.0, 1.0]","{248228: (-1.0, -1.0), 214078: (-1.0, -1.0), 297606: (-1.0, -1.0), 293083: (1.0, 1.0), 24917: (-1.0, -1.0), 163508: (-1.0, -1.0), 277859: (1.0, 1.0), 209466: (-1.0, -1.0), 285793: (-1.0, -1.0), 135635: (-1.0, -1.0), 287508: (1.0, 1.0), 326378: (-1.0, -1.0), 327410: (-1.0, -1.0), 71739: (-1.0, -1.0), 326898: (1.0, 1.0), 30401: (1.0, 1.0), 206177: (1.0, 1.0), 118651: (-1.0, -1.0), 36495: (1.0, 1.0), 183814: (1.0, 1.0), 227399: (1.0, 1.0)}",{'dummy': 0.46095555258440724},"[(-1.0, -1.0)]",[],"[{'dummy': 0.3064597495344853}, {'dummy': 0.157816297610202}, {'dummy': 0.7252238538627704}, {'dummy': 0.9212637622536242}, {'dummy': 0.8465045092274857}, {'dummy': 0.5110916537278886}, {'dummy': 0.949040577058378}, {'dummy': 0.7005041696986115}, {'dummy': 0.5171472037664582}, {'dummy': 0.6482492919667457}, {'dummy': 0.5760448805369298}, {'dummy': 0.8702982708802138}, {'dummy': 0.7914892965856444}, {'dummy': 0.21697757753203495}, {'dummy': 0.9783470792666314}, {'dummy': 0.9527622717928323}, {'dummy': 0.9698696361551302}, {'dummy': 0.2709673137794315}, {'dummy': 0.16567212539739296}, {'dummy': 0.3275121872836826}]"
