impression,user_id,app_version,model_version,mturk_id,status,NUM_INITIAL_RATINGS,NUM_REFINE_RATINGS,TOTAL_TRAINING_RATINGS,NUM_TEST_RATINGS,TIME_INITIAL,TIME_REFINE,TIME_TEST,random_test_predictions_ratings,good_test_predictions_ratings,hypers,redisplay_check,arbitrary_check
0,da2b2ba4-be77-45e0-9056-b47d956b297d,6.2-knn-mpc-dresses10,1.2,A1HQZBNZEQ4TOK,Completed,1,40,41,15,5.353433609008789,226.49465656280518,106.76431202888489,"{90453: (0.4977657440857084, 0.5), 151020: (0.14905594384520665, 1.0), 273574: (0.1596064101263004, 0.0), 84653: (-8.673617379884035e-19, 0.5), 193473: (0.1682587399386638, 0.5), 216652: (0.5, 0.5), 252083: (0.33304166015013437, 0.5), 141949: (0.19889511122781378, 1.0), 107502: (0.5, 0.5), 128058: (0.1810472303731109, 0.5)}","{329571: (0.7921480823008314, 0.5), 136866: (0.7841213312831917, 1.0), 149939: (0.7820239384125922, 0.5), 298042: (0.7808482874969253, 0.0), 290716: (0.7766109600034834, 0.5)}",{'dummy': 0.696793783934479},"[(0.5, 1.0)]",[]
