impression,user_id,app_version,model_version,mturk_id,status,NUM_INITIAL_RATINGS,NUM_REFINE_RATINGS,TOTAL_TRAINING_RATINGS,NUM_TEST_RATINGS,TIME_INITIAL,TIME_REFINE,TIME_TEST,random_test_predictions_ratings,good_test_predictions_ratings,hypers,redisplay_check,arbitrary_check
0,3e64fbef-042f-449a-b3ee-9237748b5fc8,6.2-knn-mpc-dresses10,1.2,A9J48W1C9IZAI,Completed,1,30,31,15,4.268272876739502,89.54602670669556,50.29220509529114,"{62466: (0.17561661070013004, 0.5), 298726: (-0.2159105367279235, -1.0), 318401: (0.5273844979969213, 0.0), 325497: (0.3252042801522987, -0.5), 297933: (-0.07786468696519272, 0.0), 227390: (0.16353406140570165, 0.5), 255872: (-0.169051460737285, -0.5), 111604: (-0.2875859718117645, -1.0), 88330: (-0.5885976771123392, 0.5), 174189: (0.33969071065259815, 0.5)}","{96355: (0.8792240412383246, 0.5), 8797: (0.8758306092474916, 0.0), 225006: (0.8727156576048435, 0.0), 175477: (0.8707203946085768, 0.0), 96005: (0.8692949532172041, 0.0)}",{'dummy': 0.6672322603636597},"[(0.0, 0.0)]",[]
