impression,user_id,app_version,model_version,mturk_id,status,NUM_INITIAL_RATINGS,NUM_REFINE_RATINGS,TOTAL_TRAINING_RATINGS,NUM_TEST_RATINGS,TIME_INITIAL,TIME_REFINE,TIME_TEST,random_test_predictions_ratings,good_test_predictions_ratings,hypers,redisplay_check,arbitrary_check
0,8d081447-fac6-4f96-af1c-da160914b75d,6.2-knn-mpc-dresses10,1.2,A2PMR2U39PQ1UH,Completed,1,40,41,15,4.147310256958008,167.53710556030273,54.87047982215881,"{195119: (-0.58411693935788, 1.0), 315455: (0.3407461986223467, -0.5), 320361: (-0.17635147364227988, 0.5), 46871: (-0.2621848442831494, -0.5), 207470: (0.5, -1.0), 314318: (-0.8233375318006984, -0.5), 255691: (0.6875194334237418, -1.0), 69570: (0.3316687858037344, 0.5), 84176: (-0.011184837298800921, -1.0), 112119: (-0.17454598079652428, 1.0)}","{327518: (1.0000000000000002, 0.5), 263419: (1.0000000000000002, 0.5), 18094: (1.0000000000000002, -1.0), 88708: (1.0000000000000002, 0.5), 208503: (1.0000000000000002, -0.5)}",{'dummy': 0.7654054657228534},"[(1.0, 0.5)]",[]
