impression,user_id,app_version,model_version,mturk_id,status,NUM_INITIAL_RATINGS,NUM_REFINE_RATINGS,TOTAL_TRAINING_RATINGS,NUM_TEST_RATINGS,TIME_INITIAL,TIME_REFINE,TIME_TEST,random_test_predictions_ratings,good_test_predictions_ratings,hypers,redisplay_check,arbitrary_check
0,c3043b17-98f2-4d86-b8d8-97457b372514,6.2-knn-mpc-dresses10,1.2,A2FP41BSPG0Y4A,Completed,1,50,51,15,55.24571442604065,414.10242199897766,93.97184586524963,"{329042: (-0.2170566534189124, 0.5), 315241: (-0.3088044274587292, 0.0), 180030: (0.1377454033185216, 1.0), 38705: (-0.9999999999999998, 1.0), 171104: (0.3411072319129025, -0.5), 57927: (0.1669426090345749, -1.0), 207880: (-0.3439596163364852, -0.5), 303247: (0.21270610533263162, -1.0), 12094: (-0.5024188362677784, -0.5), 32060: (-0.39520765531378876, -1.0)}","{53191: (1.0000000000000004, 0.5), 9180: (1.0000000000000004, -0.5), 69741: (1.0000000000000004, 1.0), 254415: (1.0000000000000004, 1.0), 291025: (1.0000000000000002, 1.0)}",{'dummy': 0.6742676823312607},"[(-0.5, -1.0)]",[]
