impression,user_id,app_version,model_version,status,NUM_INITIAL_RATINGS,NUM_REFINE_RATINGS,TOTAL_TRAINING_RATINGS,NUM_TEST_RATINGS,items_shown,ratings,model_fit,history_dict,hypers,redisplay_check,arbitrary_check,hyper_history
0,680b353b-33df-476d-90cd-ee1c4dd9444a,6.2-knn-mpc-dresses10,1.2,Started,1,20,21,15,"[168488, 297775, 328242, 319172, 205530, 140346, 285156, 160268, 30248, 326298, 238092, 203967, 256359, 123171, 145581, 31403, 43800, 87977, 92498, 62487, 192977]","[0.5, 0.5, -0.5, 0.0, 0.0, 0.5, -1.0, -0.5, -0.5, 1.0, 1.0, -1.0, 0.5, 0.0, -1.0, -0.5, 1.0, 0.5, -1.0, 0.5, -1.0]","[0.5, 0.5, -0.5, 0.0, 0.0, 0.5, -1.0, -0.5, -0.5, 0.9999999999999999, 0.9999999999999999, -1.0, 0.5, 0.0, -1.0, -0.5, 0.9999999999999999, 0.5, -1.0, 0.5, -1.0]","{168488: (0.5, 0.5), 297775: (0.5, 0.5), 328242: (-0.5, -0.5), 319172: (0.0, 0.0), 205530: (0.0, 0.0), 140346: (0.5, 0.5), 285156: (-1.0, -1.0), 160268: (-0.5, -0.5), 30248: (-0.5, -0.5), 326298: (0.9999999999999999, 1.0), 238092: (0.9999999999999999, 1.0), 203967: (-1.0, -1.0), 256359: (0.5, 0.5), 123171: (0.0, 0.0), 145581: (-1.0, -1.0), 31403: (-0.5, -0.5), 43800: (0.9999999999999999, 1.0), 87977: (0.5, 0.5), 92498: (-1.0, -1.0), 62487: (0.5, 0.5), 192977: (-1.0, -1.0)}",{'dummy': 0.7232746976683446},"[(-0.5, -0.5)]",[],"[{'dummy': 0.5618266829940244}, {'dummy': 0.03390577462224176}, {'dummy': 0.37743977547378227}, {'dummy': 0.03818021868865085}, {'dummy': 0.5254898878392639}, {'dummy': 0.5200265302846235}, {'dummy': 0.3832910014038434}, {'dummy': 0.5087781812415803}, {'dummy': 0.685009918769779}, {'dummy': 0.5068072617818437}, {'dummy': 0.28534398385609605}, {'dummy': 0.9062420045478654}, {'dummy': 0.27235073692602185}, {'dummy': 0.7053913336457663}, {'dummy': 0.5170532864926126}, {'dummy': 0.763466879816677}, {'dummy': 0.15537836403616156}, {'dummy': 0.44178773471031174}, {'dummy': 0.966739696893185}, {'dummy': 0.032758728033621676}]"
