impression,user_id,app_version,model_version,mturk_id,status,NUM_INITIAL_RATINGS,NUM_REFINE_RATINGS,TOTAL_TRAINING_RATINGS,NUM_TEST_RATINGS,TIME_INITIAL,TIME_REFINE,TIME_TEST,random_test_predictions_ratings,good_test_predictions_ratings,hypers,redisplay_check,arbitrary_check
0,afe605ea-b1e9-4219-a8eb-bb9df1e6b753,6.2-knn-mpc-dresses10,1.2,A1T579QEGUZKIP,Completed,1,50,51,15,4.311057090759277,1092.8692779541016,76.8389949798584,"{259810: (-0.16024506291489843, -1.0), 47391: (0.309768180905043, 1.0), 169093: (-0.00395731710065406, -1.0), 213234: (0.9999999999999997, 1.0), 234216: (-0.11611793824206364, -1.0), 242067: (0.0676068734244835, 0.0), 13535: (0.4599243525610986, -1.0), 223463: (0.40535852602902, 1.0), 51007: (-0.324290954980895, 1.0), 80386: (0.9999999999999999, -1.0)}","{142472: (1.0000000000000002, 0.5), 78976: (1.0000000000000002, -1.0), 129055: (1.0000000000000002, -1.0), 144813: (1.0000000000000002, 1.0), 234788: (1.0000000000000002, 1.0)}",{'dummy': 0.5310648501629884},"[(1.0, 1.0)]",[]
