impression,user_id,app_version,model_version,mturk_id,status,NUM_INITIAL_RATINGS,NUM_REFINE_RATINGS,TOTAL_TRAINING_RATINGS,NUM_TEST_RATINGS,TIME_INITIAL,TIME_REFINE,TIME_TEST,random_test_predictions_ratings,good_test_predictions_ratings,hypers,redisplay_check,arbitrary_check
0,1aa38367-b9f9-4d79-a929-77a0e5176b3a,6.2-knn-mpc-dresses10,1.2,A1PEMD0ZDSKQMK,Completed,1,20,21,15,7.016777753829956,82.87962365150452,59.949880599975586,"{95358: (0.050121353576343855, -1.0), 52999: (0.5, 0.5), 164660: (-0.1525366860741539, -0.5), 319037: (0.49999999999999994, -1.0), 28761: (0.17563360826265137, 0.5), 65501: (-0.029880846967305832, -0.5), 169509: (-0.3597210475482729, 0.0), 213859: (0.4655972322525487, 1.0), 289372: (0.018642334723106932, 0.0), 247229: (0.2557373410728344, -1.0)}","{100645: (0.7963326880860055, 1.0), 238460: (0.776878622202138, -0.5), 164032: (0.7719603190611212, 1.0), 252868: (0.7709600954037525, 0.0), 92501: (0.7699934293637608, 0.5)}",{'dummy': 0.42185060512076344},"[(-1.0, -1.0)]",[]
