impression,user_id,app_version,model_version,mturk_id,status,NUM_INITIAL_RATINGS,NUM_REFINE_RATINGS,TOTAL_TRAINING_RATINGS,NUM_TEST_RATINGS,TIME_INITIAL,TIME_REFINE,TIME_TEST,random_test_predictions_ratings,good_test_predictions_ratings,hypers,redisplay_check,arbitrary_check
0,d8f08215-aeb8-4091-b595-4e9a94355d1e,6.2-knn-mpc-dresses10,1.2,A3E32L95VIK9PG,Completed,1,20,21,15,6.626643657684326,95.11345672607422,52.57440185546875,"{123595: (-0.0078022415918616375, 0.0), 121289: (0.010080825958099879, 0.0), 139604: (-0.31117938846506993, 0.0), 141076: (-0.5071827890521315, 0.0), 281244: (0.006768919326614352, 0.0), 175453: (-0.5435614094192293, -1.0), 279263: (0.5008076795182663, 0.0), 82559: (-0.17050902018719152, -0.5), 43713: (0.30655015451439077, 1.0), 322950: (-0.3719135687407993, 0.0)}","{196296: (1.0000000000000002, -0.5), 145576: (1.0000000000000002, 0.0), 192422: (1.0, 0.0), 196111: (1.0, 0.0), 184106: (1.0, 0.0)}",{'dummy': 0.7284707595600858},"[(0.0, 0.0)]",[]
