impression,user_id,app_version,model_version,mturk_id,status,NUM_INITIAL_RATINGS,NUM_REFINE_RATINGS,TOTAL_TRAINING_RATINGS,NUM_TEST_RATINGS,TIME_INITIAL,TIME_REFINE,TIME_TEST,random_test_predictions_ratings,good_test_predictions_ratings,hypers,redisplay_check,arbitrary_check
0,b4a85fde-a0e5-432c-aab5-c8bf5e694689,6.2-knn-mpc-dresses10,1.2,A22DDO8NILSX6O,Completed,1,30,31,15,12.227195501327515,316.59890151023865,48.87897825241089,"{86387: (0.14772433465259513, 0.0), 62332: (0.6514482834282568, 0.5), 226041: (-0.021609631322297172, 0.0), 225795: (-0.022087697180189214, -0.5), 251546: (0.34749189797381413, 0.5), 262335: (0.8549714017301872, -0.5), 83629: (-0.12675536995896639, 0.0), 324389: (-0.003425700645804837, -0.5), 140002: (0.6676179599392805, 1.0), 39940: (-0.2997447352058499, -0.5)}","{195843: (1.0000000000000002, -1.0), 27728: (1.0000000000000002, 0.0), 271318: (1.0000000000000002, 0.0), 47631: (1.0000000000000002, 0.0), 301621: (1.0000000000000002, 0.5)}",{'dummy': 0.9975098732813065},"[(-0.5, 0.0)]",[]
