impression,user_id,app_version,model_version,status,NUM_INITIAL_RATINGS,NUM_REFINE_RATINGS,TOTAL_TRAINING_RATINGS,NUM_TEST_RATINGS,items_shown,ratings,model_fit,history_dict,hypers,redisplay_check,arbitrary_check,hyper_history
0,4394bf5c-054a-4e0a-902e-be67d78dfd53,6.2-knn-mpc-dresses10,1.2,Started,1,20,21,15,"[28471, 116071, 161934, 179906, 318256, 104281, 147410, 276382, 193291, 240893, 101060, 110249, 311678, 278711, 248020, 291463, 10186, 115360, 229017, 59951, 99244]","[-1.0, 0.5, 1.0, 0.0, -1.0, 0.5, -1.0, 0.0, -0.5, -0.5, 0.0, 0.5, 0.0, 0.5, -0.5, 0.5, -1.0, 1.0, -1.0, -1.0, 0.5]","[-1.0, 0.5, 1.0, 0.0, -1.0, 0.5, -1.0, 0.0, -0.5, -0.5, 0.0, 0.5, 0.0, 0.5, -0.5, 0.5, -1.0, 1.0, -1.0, -1.0, 0.5]","{28471: (-1.0, -1.0), 116071: (0.5, 0.5), 161934: (1.0, 1.0), 179906: (0.0, 0.0), 318256: (-1.0, -1.0), 104281: (0.5, 0.5), 147410: (-1.0, -1.0), 276382: (0.0, 0.0), 193291: (-0.5, -0.5), 240893: (-0.5, -0.5), 101060: (0.0, 0.0), 110249: (0.5, 0.5), 311678: (0.0, 0.0), 278711: (0.5, 0.5), 248020: (-0.5, -0.5), 291463: (0.5, 0.5), 10186: (-1.0, -1.0), 115360: (1.0, 1.0), 229017: (-1.0, -1.0), 59951: (-1.0, -1.0), 99244: (0.5, 0.5)}",{'dummy': 0.3052781303697796},"[(1.0, 1.0)]",[],"[{'dummy': 0.864959829181112}, {'dummy': 0.4222788127521091}, {'dummy': 0.601843028848121}, {'dummy': 0.3541316524585657}, {'dummy': 0.7416988593513896}, {'dummy': 0.5683502618582406}, {'dummy': 0.5656309617682747}, {'dummy': 0.322349327998515}, {'dummy': 0.13926467744486437}, {'dummy': 0.763053206499254}, {'dummy': 0.8394728308564349}, {'dummy': 0.2108230023994243}, {'dummy': 0.27225307286213285}, {'dummy': 0.005421686737746123}, {'dummy': 0.04609899110955906}, {'dummy': 0.24400040267516576}, {'dummy': 0.9789000632948546}, {'dummy': 0.7067521960564092}, {'dummy': 0.34424782348684946}, {'dummy': 0.9841520644926988}]"
