impression,user_id,app_version,model_version,mturk_id,status,NUM_INITIAL_RATINGS,NUM_REFINE_RATINGS,TOTAL_TRAINING_RATINGS,NUM_TEST_RATINGS,TIME_INITIAL,TIME_REFINE,TIME_TEST,random_test_predictions_ratings,good_test_predictions_ratings,hypers,redisplay_check,arbitrary_check
0,a42398da-a544-4974-a124-e57e279bf5f5,6.2-knn-mpc-dresses10,1.2,A165B3KWNDSHYS,Completed,1,20,21,15,21.66760754585266,258.538067817688,189.51833081245422,"{89671: (-0.8351648547920961, 0.5), 97020: (-0.11394589014189874, -0.5), 39485: (-0.5490318914579598, 0.5), 17248: (0.06137229796424238, -0.5), 64917: (0.6564926050238967, -0.5), 166353: (-0.2850600637632123, 0.5), 281134: (0.3369762415480773, 1.0), 121564: (-0.008188094033171556, -0.5), 911: (-0.579375269659176, -1.0), 281195: (0.6719915950191868, 1.0)}","{228583: (1.0000000000000002, 0.5), 196925: (1.0000000000000002, -0.5), 308883: (1.0000000000000002, -0.5), 106567: (1.0000000000000002, 0.5), 322934: (1.0000000000000002, -1.0)}",{'dummy': 0.9433438691470379},"[(1.0, 1.0)]",[]
