impression,user_id,app_version,model_version,mturk_id,status,NUM_INITIAL_RATINGS,NUM_REFINE_RATINGS,TOTAL_TRAINING_RATINGS,NUM_TEST_RATINGS,TIME_INITIAL,TIME_REFINE,TIME_TEST,random_test_predictions_ratings,good_test_predictions_ratings,hypers,redisplay_check,arbitrary_check
0,3aa961c7-8144-4d39-a339-9f5787e032f8,6.2-knn-mpc-dresses10,1.2,A2RMJNF6IPI42F,Completed,1,50,51,15,7.863466024398804,108.30404257774353,29.82297372817993,"{294268: (-0.5, -0.5), 119784: (0.16265986549582767, 0.0), 250335: (0.18734933854005323, 0.0), 92864: (-0.012507980895883175, 0.0), 267747: (-0.5285714015219485, 0.5), 102364: (-0.5, -0.5), 258567: (-0.17534090656190227, -0.5), 37913: (-0.13529190179583003, 0.5), 316962: (0.5132539490846785, 0.5), 226860: (0.7242815172047945, 0.0)}","{34193: (0.8507609619030995, 0.5), 231936: (0.8486225467026097, 0.0), 218563: (0.847686195209297, 0.0), 301543: (0.846603024272465, -0.5), 231707: (0.8462355538869689, 0.5)}",{'dummy': 0.842717107232927},"[(-0.5, 0.5)]",[]
