impression,user_id,app_version,model_version,mturk_id,status,NUM_INITIAL_RATINGS,NUM_REFINE_RATINGS,TOTAL_TRAINING_RATINGS,NUM_TEST_RATINGS,TIME_INITIAL,TIME_REFINE,TIME_TEST,random_test_predictions_ratings,good_test_predictions_ratings,hypers,redisplay_check,arbitrary_check
0,cc6a9773-d040-4c38-90c3-9fbb279d41c3,6.2-knn-mpc-dresses10,1.2,A3K70Y2OCBA48U,Completed,1,30,31,15,22.13186740875244,343.40506386756897,174.2672209739685,"{258973: (3.469446951953614e-18, 0.0), 273990: (0.36101068212231074, 0.0), 48227: (-0.27228131237793485, 0.0), 225867: (-0.50516748519894, -1.0), 19914: (-0.3263382564342586, 0.0), 233937: (0.5070742123443461, 0.0), 75720: (0.1572649056671454, 0.0), 69342: (0.698641686262656, 1.0), 60741: (0.3417076772756661, -1.0), 63578: (-0.3434997852662482, 0.0)}","{194659: (1.0000000000000002, 0.0), 221893: (1.0000000000000002, 1.0), 289932: (1.0000000000000002, 1.0), 89787: (1.0000000000000002, 0.5), 289951: (1.0000000000000002, 1.0)}",{'dummy': 0.897879424291702},"[(1.0, 1.0)]",[]
