impression,user_id,app_version,model_version,mturk_id,status,NUM_INITIAL_RATINGS,NUM_REFINE_RATINGS,TOTAL_TRAINING_RATINGS,NUM_TEST_RATINGS,TIME_INITIAL,TIME_REFINE,TIME_TEST,random_test_predictions_ratings,good_test_predictions_ratings,hypers,redisplay_check,arbitrary_check
0,95b57a4e-b2b6-49af-9d15-4ac6390bee72,6.2-knn-mpc-dresses10,1.2,AIF0Z30PPNINF,Completed,1,20,21,15,8.872194051742554,158.06630635261536,107.28155446052551,"{294699: (-0.6695928810215402, -1.0), 77945: (-0.38724779906914764, -1.0), 158684: (0.41665883949174776, 1.0), 108665: (0.3535933952966118, 1.0), 155142: (0.34631463360053233, 1.0), 318068: (-0.9999999999999999, -1.0), 302223: (0.391107183468346, -1.0), 117403: (-0.3155904982032725, 1.0), 266209: (0.3724592590803787, 1.0), 325424: (-0.39510925411459, -1.0)}","{154232: (1.0000000000000004, 1.0), 81642: (1.0000000000000004, 1.0), 49273: (1.0000000000000004, -1.0), 20099: (1.0000000000000004, -1.0), 154025: (1.0000000000000004, 1.0)}",{'dummy': 0.1497500393219755},"[(-1.0, -1.0)]",[]
