impression,user_id,app_version,model_version,mturk_id,status,NUM_INITIAL_RATINGS,NUM_REFINE_RATINGS,TOTAL_TRAINING_RATINGS,NUM_TEST_RATINGS,TIME_INITIAL,TIME_REFINE,TIME_TEST,random_test_predictions_ratings,good_test_predictions_ratings,hypers,redisplay_check,arbitrary_check
0,6cff8ab4-52bc-4dda-abff-b30a06f54c0f,6.2-knn-mpc-dresses10,1.2,A3J27EM8EMIDT4,Completed,1,40,41,15,37.77916216850281,275.92356276512146,114.5222647190094,"{70857: (-0.09658731871600772, 0.0), 308587: (1.0, -1.0), 232879: (0.3496626790361142, -1.0), 45900: (0.0, -1.0), 182357: (-0.6937938866132669, -1.0), 140322: (0.03812068292071284, 0.0), 217140: (-0.647259683745018, 0.0), 60725: (-0.1439895957038148, -1.0), 62962: (0.03755008921329757, -1.0), 249983: (0.052704945224930494, -1.0)}","{267094: (1.0000000000000002, 1.0), 50339: (1.0000000000000002, -1.0), 253271: (1.0000000000000002, 0.0), 306644: (1.0000000000000002, 1.0), 151987: (1.0000000000000002, 0.0)}",{'dummy': 0.03632014685865148},"[(-1.0, -1.0)]",[]
