impression,user_id,app_version,model_version,status,NUM_INITIAL_RATINGS,NUM_REFINE_RATINGS,TOTAL_TRAINING_RATINGS,NUM_TEST_RATINGS,items_shown,ratings,model_fit,history_dict,hypers,redisplay_check,arbitrary_check,hyper_history
0,5849d26c-f4ae-40c8-84a6-43f54464b16f,6.2-knn-mpc-dresses10,1.2,Started,1,20,21,15,"[290668, 83220, 198277, 87184, 179243, 18779, 100637, 152843, 275107, 273299, 180893, 300919, 153494, 286934, 239004, 144873, 22531, 4132, 203380, 51705, 122978]","[-1.0, 0.5, 1.0, -1.0, -1.0, 1.0, -1.0, 0.5, 0.5, 0.0, -1.0, 1.0, 0.5, -1.0, 0.0, 0.0, 1.0, -1.0, -0.5, 0.0, 0.5]","[-0.9999999999999999, 0.5, 1.0, -0.9999999999999999, -0.9999999999999999, 1.0, -0.9999999999999999, 0.5, 0.5, 0.0, -0.9999999999999999, 1.0, 0.5, -0.9999999999999999, 0.0, 0.0, 1.0, -0.9999999999999999, -0.5, 0.0, 0.5]","{290668: (-0.9999999999999999, -1.0), 83220: (0.5, 0.5), 198277: (1.0, 1.0), 87184: (-0.9999999999999999, -1.0), 179243: (-0.9999999999999999, -1.0), 18779: (1.0, 1.0), 100637: (-0.9999999999999999, -1.0), 152843: (0.5, 0.5), 275107: (0.5, 0.5), 273299: (0.0, 0.0), 180893: (-0.9999999999999999, -1.0), 300919: (1.0, 1.0), 153494: (0.5, 0.5), 286934: (-0.9999999999999999, -1.0), 239004: (0.0, 0.0), 144873: (0.0, 0.0), 22531: (1.0, 1.0), 4132: (-0.9999999999999999, -1.0), 203380: (-0.5, -0.5), 51705: (0.0, 0.0), 122978: (0.5, 0.5)}",{'dummy': 0.7682715744813884},"[(1.0, 1.0)]",[],"[{'dummy': 0.41225819848509704}, {'dummy': 0.5009014743859418}, {'dummy': 0.5715977682049831}, {'dummy': 0.8385732722058978}, {'dummy': 0.9426328034979269}, {'dummy': 0.6984380534192124}, {'dummy': 0.7706223766647258}, {'dummy': 0.278665363855625}, {'dummy': 0.29869258840270385}, {'dummy': 0.1960722430213413}, {'dummy': 0.14509749458765897}, {'dummy': 0.349603046365627}, {'dummy': 0.5789665616562378}, {'dummy': 0.7145390912975099}, {'dummy': 0.2364908698827325}, {'dummy': 0.8442114949192764}, {'dummy': 0.7327702896829473}, {'dummy': 0.481487416543823}, {'dummy': 0.39447269945082974}, {'dummy': 0.2415624737593357}]"
