impression,user_id,app_version,model_version,mturk_id,status,NUM_INITIAL_RATINGS,NUM_REFINE_RATINGS,TOTAL_TRAINING_RATINGS,NUM_TEST_RATINGS,TIME_INITIAL,TIME_REFINE,TIME_TEST,random_test_predictions_ratings,good_test_predictions_ratings,hypers,redisplay_check,arbitrary_check
0,968cfe71-ecd1-45e6-a8e6-28f1f63634b6,6.2-knn-mpc-dresses10,1.2,A2DJ95HY0IJ82H,Completed,1,20,21,15,19.110297918319702,147.02591919898987,74.32431292533875,"{50192: (-0.21150153370307484, -1.0), 315647: (-0.34177856168846793, -0.5), 77541: (-0.33401870601837136, 0.0), 229102: (-0.1637659578793063, -0.5), 144624: (-0.01312316739441792, 0.5), 312889: (-0.6800421409024408, 0.0), 8056: (0.1713655335409775, -1.0), 66203: (-0.1848415462237496, 0.5), 195051: (-0.6393948374714964, -0.5), 150527: (-0.32094457755985123, 0.0)}","{216169: (0.7984738342389597, 0.5), 224872: (0.7914079470050821, 0.5), 216358: (0.7660601179211857, 0.5), 161711: (0.762701705148288, 0.5), 231101: (0.7616546880209799, 0.5)}",{'dummy': 0.2297764265994271},"[(0.0, 0.0)]",[]
