impression,user_id,app_version,model_version,mturk_id,status,NUM_INITIAL_RATINGS,NUM_REFINE_RATINGS,TOTAL_TRAINING_RATINGS,NUM_TEST_RATINGS,TIME_INITIAL,TIME_REFINE,TIME_TEST,random_test_predictions_ratings,good_test_predictions_ratings,hypers,redisplay_check,arbitrary_check
0,1b7e30e3-e61a-4373-9288-d925c94b9cfc,6.2-knn-mpc-dresses10,1.2,A1AIMKA54UBYIQ,Completed,1,40,41,15,4.988892078399658,202.54434061050415,56.712398290634155,"{255333: (0.36010872799999005, -1.0), 152285: (-1.0, 0.0), 300495: (0.2673966319534796, 0.0), 65537: (-1.0, -1.0), 87250: (-0.33040069652675985, -1.0), 32161: (-1.0, -1.0), 229119: (-0.5030043654924025, -1.0), 67323: (-0.5279297299113966, -1.0), 207736: (0.2621226640532417, -1.0), 39409: (-0.31877999021321135, -1.0)}","{231318: (1.0, 0.0), 71530: (1.0, 0.5), 268946: (1.0, 0.5), 211467: (1.0, 1.0), 211453: (1.0, 0.5)}",{'dummy': 0.3008271536442326},"[(0.0, -1.0)]",[]
