impression,user_id,app_version,model_version,status,NUM_INITIAL_RATINGS,NUM_REFINE_RATINGS,TOTAL_TRAINING_RATINGS,NUM_TEST_RATINGS,items_shown,ratings,model_fit,history_dict,hypers,redisplay_check,arbitrary_check,hyper_history
0,51e46f04-eea0-4de4-ac28-276af144251a,6.2-knn-mpc-dresses10,1.2,Started,1,20,21,15,"[57664, 21145, 329393, 61888, 212754, 222524, 286900, 123495, 289202, 50800, 16905, 95766, 274157, 235092, 285, 51062, 304913, 199994, 172124, 79591, 183355]","[0.5, 0.5, 0.5, -0.5, -0.5, -1.0, 1.0, 1.0, 1.0, 1.0, 0.5, 0.5, 0.5, 0.5, -0.5, -0.5, -0.5, 1.0, -0.5, -0.5, -0.5]","[0.5, 0.5, 0.5, -0.5, -0.5, -1.0, 1.0, 1.0, 1.0, 1.0, 0.5, 0.5, 0.5, 0.5, -0.5, -0.5, -0.5, 1.0, -0.5, -0.5, -0.5]","{57664: (0.5, 0.5), 21145: (0.5, 0.5), 329393: (0.5, 0.5), 61888: (-0.5, -0.5), 212754: (-0.5, -0.5), 222524: (-1.0, -1.0), 286900: (1.0, 1.0), 123495: (1.0, 1.0), 289202: (1.0, 1.0), 50800: (1.0, 1.0), 16905: (0.5, 0.5), 95766: (0.5, 0.5), 274157: (0.5, 0.5), 235092: (0.5, 0.5), 285: (-0.5, -0.5), 51062: (-0.5, -0.5), 304913: (-0.5, -0.5), 199994: (1.0, 1.0), 172124: (-0.5, -0.5), 79591: (-0.5, -0.5), 183355: (-0.5, -0.5)}",{'dummy': 0.39315066377562224},"[(0.5, 0.5)]",[],"[{'dummy': 0.6271293877723257}, {'dummy': 0.138756691880198}, {'dummy': 0.002618663247667352}, {'dummy': 0.5253673393882909}, {'dummy': 0.02373225039896265}, {'dummy': 0.618883408490232}, {'dummy': 0.031218119400479916}, {'dummy': 0.32921304265095575}, {'dummy': 0.9070212554497225}, {'dummy': 0.8178857354265635}, {'dummy': 0.3491099294864568}, {'dummy': 0.14327350790557902}, {'dummy': 0.6055074648844229}, {'dummy': 0.3967414711020357}, {'dummy': 0.23063446595856618}, {'dummy': 0.8780684716284761}, {'dummy': 0.4315460547162355}, {'dummy': 0.16509570922621453}, {'dummy': 0.021890176774668646}, {'dummy': 0.7927199523140356}]"
