impression,user_id,app_version,model_version,mturk_id,status,NUM_INITIAL_RATINGS,NUM_REFINE_RATINGS,TOTAL_TRAINING_RATINGS,NUM_TEST_RATINGS,TIME_INITIAL,TIME_REFINE,TIME_TEST,random_test_predictions_ratings,good_test_predictions_ratings,hypers,redisplay_check,arbitrary_check
0,24bd62e4-b7a7-4422-be3c-b25251efa893,6.2-knn-mpc-dresses10,1.2,A1XDYW4D4B610Z,Completed,1,30,31,15,7.704028129577637,152.35740065574646,67.85184645652771,"{167022: (-0.35184596210673236, -1.0), 48223: (0.2559758717350986, 0.5), 112963: (0.6313251458129959, 0.5), 189521: (-0.33708097693713995, -0.5), 225762: (-0.09903682077024432, -0.5), 261774: (0.33138327512886684, 0.0), 169293: (0.2649598608712669, 0.0), 140872: (-0.02440998370331822, -1.0), 26020: (-0.01677028914297595, -0.5), 277241: (0.17442024366396938, 0.0)}","{319056: (1.0, 1.0), 277710: (1.0, 1.0), 126037: (0.9999999999999999, 1.0), 64550: (0.8658401206061832, 0.5), 64725: (0.8647381639737187, 0.5)}",{'dummy': 0.0030117725474428925},"[(0.0, 0.0)]",[]
