impression,user_id,app_version,model_version,mturk_id,status,NUM_INITIAL_RATINGS,NUM_REFINE_RATINGS,TOTAL_TRAINING_RATINGS,NUM_TEST_RATINGS,TIME_INITIAL,TIME_REFINE,TIME_TEST,random_test_predictions_ratings,good_test_predictions_ratings,hypers,redisplay_check,arbitrary_check
0,b8a773d2-7301-49b1-a406-3cc1ca493688,6.2-knn-mpc-dresses10,1.2,A3AJR1PM02424Y,Completed,1,30,31,15,6.232032775878906,115.09984111785889,54.768280029296875,"{96468: (-0.504965501316986, -1.0), 18481: (-0.5405320093190839, -0.5), 8863: (0.48413538212975915, -0.5), 20979: (0.32064034463710894, -0.5), 233881: (-0.5579208345858981, -0.5), 49101: (-0.24912649588656974, -0.5), 106702: (0.32948218618968134, 0.5), 24547: (-0.1831676342631519, 1.0), 34608: (-0.82608108525137, 0.0), 89657: (-0.20777643330191145, 0.5)}","{84925: (0.8662869350965039, 1.0), 231390: (0.8641586969958924, 1.0), 116090: (0.8633408046094084, 0.5), 278810: (0.8624136890328253, 0.5), 267790: (0.8610185331311104, 0.5)}",{'dummy': 0.4681126482817144},"[(1.0, 1.0)]",[]
