impression,user_id,app_version,model_version,mturk_id,status,NUM_INITIAL_RATINGS,NUM_REFINE_RATINGS,TOTAL_TRAINING_RATINGS,NUM_TEST_RATINGS,TIME_INITIAL,TIME_REFINE,TIME_TEST,random_test_predictions_ratings,good_test_predictions_ratings,hypers,redisplay_check,arbitrary_check
0,128f6e24-20ef-4cdd-894a-03ad9a579084,6.2-knn-mpc-dresses10,1.2,A3TPCXJD1H8UNY,Completed,1,30,31,15,6.525516986846924,607.763505935669,64.99259781837463,"{92638: (-0.04258814031072954, -0.5), 310513: (-0.6603185474400571, -0.5), 68898: (0.8384895882534413, -0.5), 240689: (-0.2159775813323326, 1.0), 56943: (1.0, -0.5), 282647: (-0.2340088304945534, -0.5), 270884: (-0.28240185891889485, -0.5), 84172: (0.5192725089664645, 0.0), 325187: (-0.848140775770201, -0.5), 303197: (-0.5000000000000001, -0.5)}","{274796: (1.0000000000000004, 0.5), 236454: (1.0000000000000004, -1.0), 53354: (1.0000000000000004, 0.0), 223647: (1.0000000000000004, 0.5), 269322: (1.0000000000000004, 0.5)}",{'dummy': 0.11983289912045225},"[(0.5, 0.5)]",[]
