impression,user_id,app_version,model_version,mturk_id,status,NUM_INITIAL_RATINGS,NUM_REFINE_RATINGS,TOTAL_TRAINING_RATINGS,NUM_TEST_RATINGS,TIME_INITIAL,TIME_REFINE,TIME_TEST,random_test_predictions_ratings,good_test_predictions_ratings,hypers,redisplay_check,arbitrary_check
0,f4a6fd1c-7e15-43bf-bb1a-5c9cdb452a26,6.2-knn-mpc-dresses10,1.2,A3LZRYFUO1S66Z,Completed,1,30,31,15,3.4341118335723877,830.9906914234161,144.40729761123657,"{328172: (0.3253897410504353, 0.0), 173989: (0.5, 0.0), 22150: (0.18999606324358156, 0.0), 32210: (0.22837085836994592, 0.5), 142686: (0.05307208686061847, 0.0), 196727: (0.3048140974635613, -0.5), 259026: (0.7085940685823204, 0.5), 27216: (0.012808312791743177, 0.0), 279355: (-0.16876520261987085, 0.5), 72716: (0.5, 1.0)}","{245915: (0.848909568939115, 0.0), 254336: (0.848348731419042, 0.0), 286972: (0.8479487615763175, 0.0), 277280: (0.846133349660754, 0.5), 245966: (0.8459925902360868, 0.5)}",{'dummy': 0.21752376143433427},"[(0.0, 0.0)]",[]
