impression,user_id,app_version,model_version,mturk_id,status,NUM_INITIAL_RATINGS,NUM_REFINE_RATINGS,TOTAL_TRAINING_RATINGS,NUM_TEST_RATINGS,TIME_INITIAL,TIME_REFINE,TIME_TEST,random_test_predictions_ratings,good_test_predictions_ratings,hypers,redisplay_check,arbitrary_check
0,1b13703c-50ff-4f11-8793-0541ffc2e9ff,6.2-knn-mpc-dresses10,1.2,A3F8RIZ9BJ8RWP,Completed,1,30,31,15,8.53343939781189,224.91545391082764,99.97576022148132,"{158957: (-0.661739867218078, -0.5), 155977: (-0.33111827027806956, -0.5), 176165: (0.06299502564123448, 0.5), 257357: (-0.022404146287563365, 1.0), 197281: (0.005336270512675597, 0.5), 276396: (-0.34817983455383744, -0.5), 134959: (-0.34272571139751773, -0.5), 259974: (-0.33245011934782015, 0.5), 163058: (-0.48391635235153274, -1.0), 72363: (-0.6644494152382099, -1.0)}","{76578: (0.8386677912495234, 1.0), 27008: (0.8280476529869697, 1.0), 76917: (0.7814864654523708, 0.0), 77253: (0.78037354228675, 1.0), 154237: (0.768252757442957, 1.0)}",{'dummy': 0.7818247231119725},"[(-0.5, -0.5)]",[]
