impression,user_id,app_version,model_version,mturk_id,status,NUM_INITIAL_RATINGS,NUM_REFINE_RATINGS,TOTAL_TRAINING_RATINGS,NUM_TEST_RATINGS,TIME_INITIAL,TIME_REFINE,TIME_TEST,random_test_predictions_ratings,good_test_predictions_ratings,hypers,redisplay_check,arbitrary_check
0,1e834be3-9a5b-4eca-a0a4-94447402f153,6.2-knn-mpc-dresses10,1.2,A32MWZ0DL0CQV6,Completed,1,50,51,15,9.268774032592773,258.656790971756,50.50737690925598,"{215965: (0.021586411594435164, 0.5), 75697: (0.3652490271181399, -0.5), 176224: (0.3475891138608408, 1.0), 74991: (-0.17408626795712168, -0.5), 296779: (0.28947488507167884, -0.5), 116052: (-0.3319158685215083, -0.5), 84434: (-0.3078537792585009, 0.5), 177239: (-0.29803262126874613, -0.5), 65732: (0.6601172907312461, 0.5), 103385: (-0.23053917931117235, -0.5)}","{126464: (1.0000000000000004, 0.5), 307285: (1.0000000000000004, -0.5), 82651: (1.0000000000000002, 0.5), 115022: (1.0000000000000002, 0.5), 158770: (1.0000000000000002, 1.0)}",{'dummy': 0.504704046655111},"[(-0.5, -0.5)]",[]
