impression,user_id,app_version,model_version,mturk_id,status,NUM_INITIAL_RATINGS,NUM_REFINE_RATINGS,TOTAL_TRAINING_RATINGS,NUM_TEST_RATINGS,TIME_INITIAL,TIME_REFINE,TIME_TEST,random_test_predictions_ratings,good_test_predictions_ratings,hypers,redisplay_check,arbitrary_check
0,b052de30-69da-40d5-8e36-ca1ec91d1b55,6.2-knn-mpc-dresses10,1.2,A3VTOJCSGEWY3X,Completed,1,40,41,15,12.523787260055542,245.27981662750244,73.88186025619507,"{23125: (-0.6770783154444879, 0.0), 130514: (-0.36749616656688033, 0.0), 81165: (0.18975003235681626, 1.0), 128992: (0.3138314488244694, -0.5), 2692: (-0.4833848962415267, 0.5), 78330: (-0.49999999999999994, 0.5), 58950: (-0.6753909170620731, -0.5), 250198: (-0.043019182726640987, 0.0), 127431: (-0.15816660725450876, -0.5), 259043: (-0.5044041106432096, 0.5)}","{227140: (0.8506793678852242, 1.0), 169536: (0.8476165295480518, 1.0), 170771: (0.8470681334715822, 1.0), 166902: (0.845740321667021, 0.5), 68781: (0.8455094579268143, 1.0)}",{'dummy': 0.9460726577610906},"[(1.0, 1.0)]",[]
