impression,user_id,app_version,model_version,mturk_id,status,NUM_INITIAL_RATINGS,NUM_REFINE_RATINGS,TOTAL_TRAINING_RATINGS,NUM_TEST_RATINGS,TIME_INITIAL,TIME_REFINE,TIME_TEST,random_test_predictions_ratings,good_test_predictions_ratings,hypers,redisplay_check,arbitrary_check
0,e42abb92-32e0-4d90-b416-cc24d6661a7d,6.2-knn-mpc-dresses10,1.2,A18E16UFE351U6,Completed,1,30,31,15,9.533698081970215,179.3584098815918,87.57030653953552,"{109017: (-0.5355803145236697, -0.5), 249792: (-0.6617910563206093, -1.0), 158366: (0.18032203335830202, 0.5), 208710: (0.6806645210281587, -1.0), 105516: (-0.9999999999999998, -0.5), 43723: (-0.12344218372563735, 0.0), 73303: (-0.3533655101588273, 1.0), 22288: (-0.632335149895108, -0.5), 179706: (-0.3301401336959604, -1.0), 241721: (0.2057530718614534, 0.5)}","{295404: (1.0000000000000002, 0.5), 327413: (1.0000000000000002, 0.0), 73335: (1.0000000000000002, 1.0), 176927: (1.0000000000000002, 0.0), 167422: (1.0000000000000002, 1.0)}",{'dummy': 0.9374659682448556},"[(1.0, 1.0)]",[]
