impression,user_id,app_version,model_version,mturk_id,status,NUM_INITIAL_RATINGS,NUM_REFINE_RATINGS,TOTAL_TRAINING_RATINGS,NUM_TEST_RATINGS,TIME_INITIAL,TIME_REFINE,TIME_TEST,random_test_predictions_ratings,good_test_predictions_ratings,hypers,redisplay_check,arbitrary_check
0,67873062-b230-4eb0-976d-f66ac5d62215,6.2-knn-mpc-dresses10,1.2,A377LHE3Y2MZEV,Completed,1,20,21,15,26.389644861221313,160.91758608818054,259.7360031604767,"{196212: (-0.48701322540077774, -0.5), 44083: (-0.012088662469105432, -0.5), 35340: (0.15620391759855942, 0.5), 73098: (-0.1587747624056907, 0.5), 26478: (-0.09670056700988873, 0.0), 99463: (0.1745847828475103, 0.0), 312976: (0.6880157406465528, 0.5), 3015: (0.08303723847225977, -0.5), 270740: (0.004238664725419811, 1.0), 306375: (0.016845851082818896, 0.5)}","{148954: (0.8678743843791944, -0.5), 312049: (0.8672811296075235, 0.5), 230329: (0.8660185750557008, 0.0), 298083: (0.8654110116502074, -1.0), 123525: (0.8649821243866724, -0.5)}",{'dummy': 0.4828767121299852},"[(1.0, 1.0)]",[]
