impression,user_id,app_version,model_version,mturk_id,status,NUM_INITIAL_RATINGS,NUM_REFINE_RATINGS,TOTAL_TRAINING_RATINGS,NUM_TEST_RATINGS,TIME_INITIAL,TIME_REFINE,TIME_TEST,random_test_predictions_ratings,good_test_predictions_ratings,hypers,redisplay_check,arbitrary_check
0,90e90733-1100-40b1-a2de-54b21a2981cc,6.2-knn-mpc-dresses10,1.2,A3BP890CXV4UMN,Completed,1,40,41,15,8.434312582015991,417.0504455566406,89.20173692703247,"{274255: (-0.1465392322060413, -1.0), 173330: (0.39995887672541314, 1.0), 195715: (0.49083463253019205, 0.0), 115044: (-0.4775210192556461, 0.0), 165062: (0.358940561643162, 0.5), 188144: (-0.8351255557804387, 0.0), 324191: (0.005671781714170982, -1.0), 113442: (0.5356803931967113, -1.0), 174737: (-0.324047069535883, 0.0), 263604: (0.13341009967021036, 1.0)}","{104013: (1.0000000000000004, 0.0), 245646: (1.0000000000000004, -0.5), 182376: (1.0000000000000004, -1.0), 318614: (1.0000000000000002, -1.0), 182277: (1.0000000000000002, 1.0)}",{'dummy': 0.6050859848594697},"[(1.0, 1.0)]",[]
