impression,user_id,app_version,model_version,mturk_id,status,NUM_INITIAL_RATINGS,NUM_REFINE_RATINGS,TOTAL_TRAINING_RATINGS,NUM_TEST_RATINGS,TIME_INITIAL,TIME_REFINE,TIME_TEST,random_test_predictions_ratings,good_test_predictions_ratings,hypers,redisplay_check,arbitrary_check
0,d4b08bc0-0253-4036-9019-cf63ab4766f3,6.2-knn-mpc-dresses10,1.2,A1M5XH28HSUQ6N,Completed,1,20,21,15,7.007303953170776,99.02061414718628,72.49089670181274,"{308902: (-0.5, 0.5), 138949: (-0.33882585732003045, 0.0), 107524: (0.3321521713010392, -1.0), 153662: (0.16438097602086, -0.5), 170673: (0.8473815452122245, 1.0), 116559: (0.6502933371272074, 1.0), 209745: (-0.09174809722893931, -0.5), 281032: (0.20220861805306223, 0.5), 320867: (0.489763564649769, 0.5), 139355: (-0.005678445438187872, -0.5)}","{179691: (1.0000000000000002, 0.5), 144216: (1.0000000000000002, 0.0), 261102: (1.0000000000000002, 0.0), 7765: (1.0000000000000002, 0.5), 20352: (1.0000000000000002, 0.0)}",{'dummy': 0.0629456365465324},"[(-1.0, -0.5)]",[]
