impression,user_id,app_version,model_version,mturk_id,status,NUM_INITIAL_RATINGS,NUM_REFINE_RATINGS,TOTAL_TRAINING_RATINGS,NUM_TEST_RATINGS,TIME_INITIAL,TIME_REFINE,TIME_TEST,random_test_predictions_ratings,good_test_predictions_ratings,hypers,redisplay_check,arbitrary_check
0,439abc4b-a94a-441e-a629-5366147d84bb,6.2-knn-mpc-dresses10,1.2,A11ILN5YSUDVG8,Completed,1,40,41,15,9.70563817024231,220.8533229827881,83.02974057197571,"{298550: (-0.15068232447499186, 1.0), 115837: (-0.12942996632832057, -1.0), 94679: (-0.2997804774300097, 0.5), 194733: (0.1745095734555564, -0.5), 242716: (0.49168514806976854, -0.5), 24808: (-0.3759340564466242, -0.5), 276281: (0.27000732205434774, 1.0), 158415: (-0.8580615456458474, 0.5), 236020: (0.15724366042698493, 1.0), 296623: (0.3272687393924316, 0.5)}","{114608: (1.0000000000000002, 0.0), 198734: (1.0000000000000002, 0.5), 121370: (1.0000000000000002, 0.0), 37641: (1.0000000000000002, 0.5), 29098: (1.0000000000000002, 0.0)}",{'dummy': 0.0197420934378435},"[(1.0, 0.5)]",[]
