impression,user_id,app_version,model_version,mturk_id,status,NUM_INITIAL_RATINGS,NUM_REFINE_RATINGS,TOTAL_TRAINING_RATINGS,NUM_TEST_RATINGS,TIME_INITIAL,TIME_REFINE,TIME_TEST,random_test_predictions_ratings,good_test_predictions_ratings,hypers,redisplay_check,arbitrary_check
0,f64980c8-3807-42b8-91f8-e5a6a8872b92,6.2-knn-mpc-dresses10,1.2,A1UOGYZFJF4BKW,Completed,1,30,31,15,6.433168411254883,184.74619388580322,99.09102606773376,"{225960: (-0.8496039066607753, -1.0), 14183: (0.1883432288189207, -0.5), 143799: (-0.4199214348700682, 0.5), 110351: (-0.033240059933241806, 0.5), 212154: (-0.2813477011517626, 0.5), 129743: (0.0207662392516742, 0.5), 229931: (-0.24830892820014122, -0.5), 322126: (0.14854447576916413, -1.0), 88913: (0.49999999999999994, 1.0), 244335: (0.1829284194074448, -0.5)}","{98461: (1.0000000000000002, 1.0), 58644: (1.0, 0.5), 234123: (1.0, 1.0), 115482: (1.0, 1.0), 57574: (1.0, 0.0)}",{'dummy': 0.6379928435919369},"[(1.0, 1.0)]",[]
