impression,user_id,app_version,model_version,mturk_id,status,NUM_INITIAL_RATINGS,NUM_REFINE_RATINGS,TOTAL_TRAINING_RATINGS,NUM_TEST_RATINGS,TIME_INITIAL,TIME_REFINE,TIME_TEST,random_test_predictions_ratings,good_test_predictions_ratings,hypers,redisplay_check,arbitrary_check
0,769ab13f-d516-4414-9db1-4a9e3115fb31,6.2-knn-mpc-dresses10,1.2,A1P3I7YCWXF9YG,Completed,1,50,51,15,34.15755343437195,457.0568091869354,129.07375121116638,"{34535: (-0.15161527022829283, 0.5), 224745: (-0.35135878128828923, -1.0), 161383: (0.13425048714327345, -0.5), 321014: (0.6597037204286763, -0.5), 290477: (0.19390884289959792, 0.5), 152104: (0.6405702223875015, -0.5), 183601: (0.05834437637727297, -0.5), 30866: (0.10920919809630157, 0.5), 271929: (0.12827013877549792, 1.0), 285019: (0.2569725003508038, -1.0)}","{168827: (1.0, 1.0), 233237: (1.0, 1.0), 267809: (1.0, 0.0), 91529: (1.0, 0.5), 256004: (1.0, 1.0)}",{'dummy': 0.8400778770435847},"[(1.0, 0.5)]",[]
