impression,user_id,app_version,model_version,status,NUM_INITIAL_RATINGS,NUM_REFINE_RATINGS,TOTAL_TRAINING_RATINGS,NUM_TEST_RATINGS,items_shown,ratings,model_fit,history_dict,hypers,redisplay_check,arbitrary_check,hyper_history
0,2d01b169-b1dc-4f29-bdac-6d2bb7f02613,6.2-knn-mpc-dresses10,1.2,Started,1,20,21,15,"[32458, 101536, 8873, 259690, 31771, 295954, 260001, 21605, 283553, 182422, 16394, 234329, 223177, 300505, 66624, 162464, 233522, 64482, 131670, 199088, 140171]","[0.5, 0.0, 1.0, 0.0, -1.0, -0.5, 1.0, -1.0, 0.0, 0.0, -1.0, 0.5, -1.0, 0.5, 0.5, 0.0, 1.0, 0.5, 0.0, -0.5, -1.0]","[0.5, 0.0, 1.0, 0.0, -1.0, -0.5, 1.0, -1.0, 0.0, 0.0, -1.0, 0.5, -1.0, 0.5, 0.5, 0.0, 1.0, 0.5, 0.0, -0.5, -1.0]","{32458: (0.5, 0.5), 101536: (0.0, 0.0), 8873: (1.0, 1.0), 259690: (0.0, 0.0), 31771: (-1.0, -1.0), 295954: (-0.5, -0.5), 260001: (1.0, 1.0), 21605: (-1.0, -1.0), 283553: (0.0, 0.0), 182422: (0.0, 0.0), 16394: (-1.0, -1.0), 234329: (0.5, 0.5), 223177: (-1.0, -1.0), 300505: (0.5, 0.5), 66624: (0.5, 0.5), 162464: (0.0, 0.0), 233522: (1.0, 1.0), 64482: (0.5, 0.5), 131670: (0.0, 0.0), 199088: (-0.5, -0.5), 140171: (-1.0, -1.0)}",{'dummy': 0.7850158064024315},"[(1.0, 1.0)]",[],"[{'dummy': 0.5257808206389367}, {'dummy': 0.09828837719758587}, {'dummy': 0.9537286327628257}, {'dummy': 0.11367386157215897}, {'dummy': 0.41317401521439967}, {'dummy': 0.4341693250790034}, {'dummy': 0.06431329943369413}, {'dummy': 0.856631006738866}, {'dummy': 0.1763165440724367}, {'dummy': 0.5518934182847907}, {'dummy': 0.38112151223472657}, {'dummy': 0.19139624106271602}, {'dummy': 0.17901212753884788}, {'dummy': 0.5158045543341636}, {'dummy': 0.40934941105246225}, {'dummy': 0.07269524641732295}, {'dummy': 0.14300043707828303}, {'dummy': 0.1916303798941853}, {'dummy': 0.9643547072827013}, {'dummy': 0.2811771673983312}]"
