impression,user_id,app_version,model_version,mturk_id,status,NUM_INITIAL_RATINGS,NUM_REFINE_RATINGS,TOTAL_TRAINING_RATINGS,NUM_TEST_RATINGS,TIME_INITIAL,TIME_REFINE,TIME_TEST,random_test_predictions_ratings,good_test_predictions_ratings,hypers,redisplay_check,arbitrary_check
0,412a27e1-0520-4cac-a257-f5c68f4cc0cd,6.2-knn-mpc-dresses10,1.2,A32GQGD6EUJGDJ,Completed,1,20,21,15,5.652922868728638,96.83255338668823,63.44363784790039,"{144009: (-0.3241054441545605, -1.0), 318709: (-0.6228990365449307, 1.0), 253432: (-1.0000000000000002, 0.0), 11284: (0.01483254785023481, 1.0), 287482: (0.030029544987211967, 1.0), 126089: (-0.6664393693106564, -1.0), 127201: (1.0, 1.0), 132431: (0.36187992372841227, 1.0), 95287: (1.0, -1.0), 209389: (-0.6712587433216392, -1.0)}","{49922: (1.0000000000000004, 1.0), 16606: (1.0000000000000004, 1.0), 319403: (1.0000000000000004, 1.0), 114737: (1.0000000000000004, 1.0), 14465: (1.0000000000000004, 1.0)}",{'dummy': 0.7708590605537518},"[(1.0, 1.0)]",[]
