impression,user_id,app_version,model_version,mturk_id,status,NUM_INITIAL_RATINGS,NUM_REFINE_RATINGS,TOTAL_TRAINING_RATINGS,NUM_TEST_RATINGS,TIME_INITIAL,TIME_REFINE,TIME_TEST,random_test_predictions_ratings,good_test_predictions_ratings,hypers,redisplay_check,arbitrary_check
0,bd6c9b27-19a3-4503-b5ff-d7b1d4712a48,6.2-knn-mpc-dresses10,1.2,A2VVCBHXGXDJNJ,Completed,1,20,21,15,20.633320331573486,118.77785873413086,83.29961037635803,"{207581: (-0.14876383371566063, -0.5), 279284: (0.3474580671714904, 1.0), 116328: (-0.154799281663754, -0.5), 118044: (0.6644265699688302, 0.5), 169412: (0.348352534599848, 0.5), 75692: (0.5, 0.5), 71312: (0.17519182604863712, 0.5), 209541: (0.5, 0.5), 130960: (-0.007436447393086822, -1.0), 111283: (0.1453249944504731, 0.5)}","{82843: (0.7504899156588101, 1.0), 198923: (0.7422682982912453, 1.0), 70641: (0.7408771688286757, 0.5), 307148: (0.7379256153262088, 1.0), 307121: (0.7336421464066823, 1.0)}",{'dummy': 0.09675265708928737},"[(1.0, 1.0)]",[]
