impression,user_id,app_version,model_version,status,NUM_INITIAL_RATINGS,NUM_REFINE_RATINGS,TOTAL_TRAINING_RATINGS,NUM_TEST_RATINGS,items_shown,ratings,model_fit,history_dict,hypers,redisplay_check,arbitrary_check,hyper_history
0,c98d0525-7a59-40bc-a9c4-343be0c35cae,6.2-knn-mpc-dresses10,1.2,Started,1,20,21,15,"[209172, 119351, 265139, 142253, 255126, 129369, 102956, 264530, 270678, 34831, 300725, 195888, 111155, 15172, 57556, 37310, 207820, 240964, 212555, 197968, 233967]","[-1.0, 1.0, -1.0, 1.0, -1.0, 1.0, -1.0, 1.0, -1.0, -1.0, 1.0, 1.0, -1.0, 1.0, 1.0, -1.0, 1.0, 1.0, -1.0, -1.0, 1.0]","[-1.0, 1.0, -1.0, 1.0, -1.0, 1.0, -1.0, 1.0, -1.0, -1.0, 1.0, 1.0, -1.0, 1.0, 1.0, -1.0, 1.0, 1.0, -1.0, -1.0, 1.0]","{209172: (-1.0, -1.0), 119351: (1.0, 1.0), 265139: (-1.0, -1.0), 142253: (1.0, 1.0), 255126: (-1.0, -1.0), 129369: (1.0, 1.0), 102956: (-1.0, -1.0), 264530: (1.0, 1.0), 270678: (-1.0, -1.0), 34831: (-1.0, -1.0), 300725: (1.0, 1.0), 195888: (1.0, 1.0), 111155: (-1.0, -1.0), 15172: (1.0, 1.0), 57556: (1.0, 1.0), 37310: (-1.0, -1.0), 207820: (1.0, 1.0), 240964: (1.0, 1.0), 212555: (-1.0, -1.0), 197968: (-1.0, -1.0), 233967: (1.0, 1.0)}",{'dummy': 0.6957614725636957},"[(-1.0, -1.0)]",[],"[{'dummy': 0.6572587139379027}, {'dummy': 0.17292717721289375}, {'dummy': 0.13919805910011496}, {'dummy': 0.0346884040089428}, {'dummy': 0.44497826736538737}, {'dummy': 0.46646731103451433}, {'dummy': 0.9778126212721815}, {'dummy': 0.6700803427901946}, {'dummy': 0.9799748394900623}, {'dummy': 0.3357997977682182}, {'dummy': 0.8013400900327201}, {'dummy': 0.007874821833605328}, {'dummy': 0.7295857876110423}, {'dummy': 0.9464141759577503}, {'dummy': 0.1595415096224556}, {'dummy': 0.47358605884567573}, {'dummy': 0.8249223305567325}, {'dummy': 0.3860431459483258}, {'dummy': 0.12553655593444435}, {'dummy': 0.5671090217810887}]"
