impression,user_id,app_version,model_version,mturk_id,status,NUM_INITIAL_RATINGS,NUM_REFINE_RATINGS,TOTAL_TRAINING_RATINGS,NUM_TEST_RATINGS,TIME_INITIAL,TIME_REFINE,TIME_TEST,random_test_predictions_ratings,good_test_predictions_ratings,hypers,redisplay_check,arbitrary_check
0,0ca42655-174c-445a-933c-e419b6e5a38c,6.2-knn-mpc-dresses10,1.2,A3KLX1JRDFA21E,Completed,1,40,41,15,10.249974012374878,1037.9350159168243,66.42037081718445,"{53566: (-0.32235755475597166, -1.0), 14076: (0.039833184951349444, -0.5), 303191: (-0.4434246584346766, -1.0), 222656: (-0.33411530842699644, 0.0), 19987: (-0.1705526696070237, -1.0), 317184: (-0.466939605517228, 0.0), 322835: (-0.8182453566053582, 0.5), 106227: (0.029807846107669393, 0.0), 202733: (-0.14222307504538134, -1.0), 213747: (-0.6755527389166085, -0.5)}","{102804: (1.0000000000000002, 1.0), 166516: (1.0000000000000002, 1.0), 143359: (1.0000000000000002, 0.0), 241386: (1.0000000000000002, 1.0), 130395: (1.0000000000000002, 0.5)}",{'dummy': 0.5838012242107351},"[(0.0, 0.0)]",[]
