impression,user_id,app_version,model_version,mturk_id,status,NUM_INITIAL_RATINGS,NUM_REFINE_RATINGS,TOTAL_TRAINING_RATINGS,NUM_TEST_RATINGS,TIME_INITIAL,TIME_REFINE,TIME_TEST,random_test_predictions_ratings,good_test_predictions_ratings,hypers,redisplay_check,arbitrary_check
0,33691705-d44b-4017-8d5b-7a941e33a608,6.2-knn-mpc-dresses10,1.2,A253RKS1MZTGFU,Completed,1,30,31,15,13.706416606903076,262.62628984451294,99.02201557159424,"{110284: (0.014622827936239037, 1.0), 291142: (0.22007091348656033, 0.5), 301882: (-0.010770874832146508, -0.5), 132795: (0.42352896829472275, 0.0), 34417: (-0.33373708873554475, 0.0), 297978: (0.34965255794473826, 0.0), 116696: (0.007486282686177348, 0.0), 222833: (-0.16162939090433603, -1.0), 318862: (0.2743714950221069, 0.0), 317402: (0.14859906216337998, 0.5)}","{144393: (1.0000000000000002, 0.0), 34124: (1.0000000000000002, 0.5), 52778: (1.0000000000000002, 1.0), 315121: (1.0000000000000002, 0.0), 114043: (1.0000000000000002, 1.0)}",{'dummy': 0.23875974055558435},"[(0.0, 1.0)]",[]
