impression,user_id,app_version,model_version,mturk_id,status,NUM_INITIAL_RATINGS,NUM_REFINE_RATINGS,TOTAL_TRAINING_RATINGS,NUM_TEST_RATINGS,TIME_INITIAL,TIME_REFINE,TIME_TEST,random_test_predictions_ratings,good_test_predictions_ratings,hypers,redisplay_check,arbitrary_check
0,a46a5597-c97c-4335-bb40-25d2c098501e,6.2-knn-mpc-dresses10,1.2,A1F5D3EOKNRVWT,Completed,1,40,41,15,7.843065023422241,191.48280572891235,62.67193818092346,"{16234: (0.12368481666382239, 0.5), 41400: (-0.3185806353704761, 0.5), 269424: (-0.021477702408872833, 0.5), 128398: (-0.010349928491562306, 0.0), 209193: (0.009641075608759705, -0.5), 242220: (0.15510884573318656, -0.5), 202: (0.35635366068396923, 0.0), 95496: (-0.2751662007479019, 0.0), 93257: (0.1529555023854597, 0.0), 169233: (0.3278598938949612, -0.5)}","{159055: (0.8568721263565238, 0.0), 320509: (0.8533765245541348, 0.5), 171225: (0.8529726536859668, 0.5), 257846: (0.8528857310610514, 0.0), 131899: (0.8509775644896505, 0.0)}",{'dummy': 0.5499751658566948},"[(0.5, 0.5)]",[]
