impression,user_id,app_version,model_version,mturk_id,status,NUM_INITIAL_RATINGS,NUM_REFINE_RATINGS,TOTAL_TRAINING_RATINGS,NUM_TEST_RATINGS,TIME_INITIAL,TIME_REFINE,TIME_TEST,random_test_predictions_ratings,good_test_predictions_ratings,hypers,redisplay_check,arbitrary_check
0,97bc1a74-6826-4961-82ba-d7ebfef9828e,6.2-knn-mpc-dresses10,1.2,A3G7QQTQIKYI2O,Completed,1,50,51,15,9.128144264221191,276.1149573326111,88.81233143806458,"{37576: (-0.16551504502997078, -0.5), 39841: (-0.3002070949020694, -1.0), 78673: (0.08991189647834605, 0.5), 37758: (0.1592885976976401, 1.0), 208243: (-0.49999999999999994, -0.5), 196229: (-0.31699934125128426, -1.0), 22294: (-0.168305298827495, 1.0), 15068: (-0.294923109728015, -0.5), 22513: (-0.38571454516880765, -0.5), 153200: (-0.2938045380933131, 1.0)}","{35733: (1.0000000000000004, -0.5), 330179: (1.0000000000000004, 0.5), 179127: (1.0000000000000004, 0.5), 36060: (1.0000000000000002, -0.5), 178908: (1.0000000000000002, 0.5)}",{'dummy': 0.8278346505498374},"[(0.0, 1.0)]",[]
