impression,user_id,app_version,model_version,mturk_id,status,NUM_INITIAL_RATINGS,NUM_REFINE_RATINGS,TOTAL_TRAINING_RATINGS,NUM_TEST_RATINGS,TIME_INITIAL,TIME_REFINE,TIME_TEST,random_test_predictions_ratings,good_test_predictions_ratings,hypers,redisplay_check,arbitrary_check
0,1bf4bc01-709b-4433-8c89-9e477e47be45,6.2-knn-mpc-dresses10,1.2,A2VWY3VI9B4SQP,Completed,1,50,51,15,16.436670780181885,364.5644006729126,86.80475497245789,"{330387: (-0.0027453505359561936, 1.0), 255010: (0.5279967063581344, 1.0), 97512: (-0.38169245154644504, -0.5), 2053: (0.35057363040696715, 1.0), 137235: (-0.3352830786596834, -1.0), 158498: (-0.22392655216370688, -1.0), 219533: (-1.0, 1.0), 214915: (0.169990712910257, -1.0), 276155: (0.09155933690418035, -1.0), 268585: (0.1508478869870192, -1.0)}","{76398: (1.0000000000000004, 1.0), 198823: (1.0000000000000004, -1.0), 143898: (1.0000000000000004, 1.0), 42555: (1.0000000000000004, 0.5), 62736: (1.0000000000000004, 1.0)}",{'dummy': 0.2954779707369023},"[(1.0, 1.0)]",[]
