impression,user_id,app_version,model_version,mturk_id,status,NUM_INITIAL_RATINGS,NUM_REFINE_RATINGS,TOTAL_TRAINING_RATINGS,NUM_TEST_RATINGS,TIME_INITIAL,TIME_REFINE,TIME_TEST,random_test_predictions_ratings,good_test_predictions_ratings,hypers,redisplay_check,arbitrary_check
0,3c6ba22e-56c8-42c9-b4a2-33b49c8c286e,6.2-knn-mpc-dresses10,1.2,A14E0Y5HPALKZN,Completed,1,20,21,15,7.8868207931518555,98.47167301177979,58.00066924095154,"{10704: (0.6583999215044839, -0.5), 255293: (0.6434180491899221, 1.0), 139963: (-0.36473701378896506, 0.0), 69450: (-0.3406852103792731, 0.5), 305599: (0.30365352339370805, -0.5), 254198: (-0.01766963180924438, -1.0), 180737: (-0.16608576425632696, -0.5), 158420: (-0.20917182384289815, 0.0), 274308: (-0.17278402116618083, 0.0), 307363: (-0.020247120556842642, -0.5)}","{224854: (0.8441648690818193, 0.0), 148071: (0.8075608078609477, 0.0), 152135: (0.8041043659664356, -0.5), 91901: (0.7922178001604788, 0.5), 27905: (0.7912108357002998, 0.0)}",{'dummy': 0.7907155658134442},"[(1.0, 1.0)]",[]
