impression,user_id,app_version,model_version,mturk_id,status,NUM_INITIAL_RATINGS,NUM_REFINE_RATINGS,TOTAL_TRAINING_RATINGS,NUM_TEST_RATINGS,TIME_INITIAL,TIME_REFINE,TIME_TEST,random_test_predictions_ratings,good_test_predictions_ratings,hypers,redisplay_check,arbitrary_check
0,da39a117-9aff-44c9-adf1-b493e10bc3d0,6.2-knn-mpc-dresses10,1.2,a3bdmkd4rqc2z6,Completed,1,30,31,15,7.503961086273193,245.10073256492615,110.76504969596863,"{87064: (-0.15433615820740618, 0.0), 148088: (0.33976455320240573, 0.0), 182516: (-0.8494049961273243, -0.5), 307921: (-0.31198433580638557, -0.5), 154702: (-0.31864830397910016, -0.5), 237755: (0.010911357329184156, 0.0), 160650: (-0.18522034388103384, 0.0), 320291: (-0.14749217165590864, -0.5), 120184: (-0.536416642221297, 1.0), 310085: (0.17975001264706505, 0.5)}","{64570: (0.8698110651975618, 0.5), 235389: (0.8671803015600622, 0.5), 84973: (0.8666917411759031, 0.0), 85324: (0.8658670292555628, 0.5), 127389: (0.864964389226824, 0.0)}",{'dummy': 0.10794710214106229},"[(-0.5, -0.5)]",[]
