impression,user_id,app_version,model_version,mturk_id,status,NUM_INITIAL_RATINGS,NUM_REFINE_RATINGS,TOTAL_TRAINING_RATINGS,NUM_TEST_RATINGS,TIME_INITIAL,TIME_REFINE,TIME_TEST,random_test_predictions_ratings,good_test_predictions_ratings,hypers,redisplay_check,arbitrary_check
0,08be9888-0551-408f-955d-1e47aa851cde,6.2-knn-mpc-dresses10,1.2,A3JUAF18AAZI1K,Completed,1,30,31,15,9.096779108047485,270.9551911354065,148.04621267318726,"{151577: (-0.7077185056787146, -1.0), 196162: (0.45659087285436595, 0.5), 213392: (0.16471209101743706, -0.5), 44558: (0.6228406217063104, 0.5), 266372: (0.17343364629918678, 0.0), 314875: (0.08197937888919091, 1.0), 34960: (-0.3437188159592695, 0.0), 234735: (-0.6995887047990793, 0.0), 193783: (-0.003733430008084491, -1.0), 111804: (0.4022909692950547, 1.0)}","{93825: (1.0000000000000002, 0.0), 135691: (1.0000000000000002, 1.0), 162889: (1.0000000000000002, 0.0), 135727: (1.0000000000000002, 0.0), 57623: (1.0000000000000002, 1.0)}",{'dummy': 0.675132047891191},"[(0.0, 0.0)]",[]
