impression,user_id,app_version,model_version,mturk_id,status,NUM_INITIAL_RATINGS,NUM_REFINE_RATINGS,TOTAL_TRAINING_RATINGS,NUM_TEST_RATINGS,TIME_INITIAL,TIME_REFINE,TIME_TEST,random_test_predictions_ratings,good_test_predictions_ratings,hypers,redisplay_check,arbitrary_check
0,92541967-d025-42db-937c-dc53956e49d9,6.2-knn-mpc-dresses10,1.2,A1DC5O5XEIMM1M,Completed,1,40,41,15,23.488014698028564,221.25189900398254,108.81141686439514,"{275879: (0.2885895550809473, -0.5), 298808: (0.3298979222632097, -0.5), 162883: (-0.16733163302133577, 1.0), 325674: (-0.13922466913355455, 1.0), 86478: (-0.22504541941884823, 0.5), 193595: (0.31946875050811363, 1.0), 157907: (0.32666151122046116, -1.0), 237144: (-0.5319158543431588, -1.0), 50798: (0.018166938634003364, -0.5), 81874: (-0.01630256264036608, -0.5)}","{207504: (1.0000000000000002, -0.5), 35464: (1.0000000000000002, 1.0), 203170: (1.0000000000000002, -0.5), 135593: (1.0000000000000002, 0.5), 127707: (1.0000000000000002, 1.0)}",{'dummy': 0.7053883616041708},"[(1.0, -0.5)]",[]
