impression,user_id,app_version,model_version,mturk_id,status,NUM_INITIAL_RATINGS,NUM_REFINE_RATINGS,TOTAL_TRAINING_RATINGS,NUM_TEST_RATINGS,TIME_INITIAL,TIME_REFINE,TIME_TEST,random_test_predictions_ratings,good_test_predictions_ratings,hypers,redisplay_check,arbitrary_check
0,d3092923-8417-45b9-918a-a3d14957e416,6.2-knn-mpc-dresses10,1.2,AC5PVOOS79W2B,Completed,1,50,51,15,5.843430995941162,158.48637771606445,42.54147982597351,"{208336: (-0.03631674629974924, -0.5), 306135: (0.022572853364405152, 0.5), 62049: (0.1598900749498771, 1.0), 67538: (0.011977504747391007, 0.5), 329791: (-0.06557296807324046, -0.5), 26836: (0.34003376944206926, 1.0), 45593: (0.17031791239594668, 0.5), 259348: (-0.4999999999999999, -1.0), 224121: (0.1855377551451158, 0.5), 57445: (0.13875388643765021, -0.5)}","{265640: (1.0, 0.5), 311582: (1.0, 0.5), 90208: (1.0, 1.0), 30054: (1.0, 0.5), 90120: (0.9999999999999998, 0.5)}",{'dummy': 0.5498737454092083},"[(0.5, 1.0)]",[]
