impression,user_id,app_version,model_version,mturk_id,status,NUM_INITIAL_RATINGS,NUM_REFINE_RATINGS,TOTAL_TRAINING_RATINGS,NUM_TEST_RATINGS,TIME_INITIAL,TIME_REFINE,TIME_TEST,random_test_predictions_ratings,good_test_predictions_ratings,hypers,redisplay_check,arbitrary_check
0,e73bf328-8588-4d86-b62e-592db0755b27,6.2-knn-mpc-dresses10,1.2,AGB7LZLNYF6YF,Completed,1,30,31,15,5.295862436294556,143.19249844551086,74.74398159980774,"{26033: (0.08887398393743015, -1.0), 14232: (-0.45454050115249395, 0.5), 229789: (-0.19649475478568074, -1.0), 209015: (-0.24182922636755105, -0.5), 87499: (-0.017596609748140632, 0.5), 65804: (-0.06159307690949385, 0.5), 40544: (-0.16829822405778716, -1.0), 202212: (0.5, -1.0), 142256: (-0.38828156768671857, -0.5), 274393: (-0.0995581328441459, 0.5)}","{49164: (1.0000000000000004, 0.5), 324134: (1.0000000000000004, -0.5), 60996: (1.0000000000000004, 0.5), 102176: (1.0000000000000004, -1.0), 45006: (1.0000000000000002, 0.5)}",{'dummy': 0.24289673887084395},"[(0.5, 0.5)]",[]
