impression,user_id,app_version,model_version,status,NUM_INITIAL_RATINGS,NUM_REFINE_RATINGS,TOTAL_TRAINING_RATINGS,NUM_TEST_RATINGS,items_shown,ratings,model_fit,history_dict,hypers,redisplay_check,arbitrary_check,hyper_history
0,bd6c9b27-19a3-4503-b5ff-d7b1d4712a48,6.2-knn-mpc-dresses10,1.2,Started,1,20,21,15,"[277817, 230246, 34920, 142326, 249360, 189082, 271414, 307111, 18824, 88361, 201120, 316181, 212706, 72896, 51156, 278187, 186139, 330645, 152224, 117145, 220227]","[0.0, 0.5, 0.5, 0.0, 0.5, -0.5, -0.5, 1.0, -1.0, 0.0, 0.5, 0.5, -0.5, 0.5, -0.5, -0.5, 0.5, 0.5, 0.0, -0.5, 0.5]","[0.0, 0.5, 0.5, 0.0, 0.5, -0.5, -0.5, 1.0, -1.0, 0.0, 0.5, 0.5, -0.5, 0.5, -0.5, -0.5, 0.5, 0.5, 0.0, -0.5, 0.5]","{277817: (0.0, 0.0), 230246: (0.5, 0.5), 34920: (0.5, 0.5), 142326: (0.0, 0.0), 249360: (0.5, 0.5), 189082: (-0.5, -0.5), 271414: (-0.5, -0.5), 307111: (1.0, 1.0), 18824: (-1.0, -1.0), 88361: (0.0, 0.0), 201120: (0.5, 0.5), 316181: (0.5, 0.5), 212706: (-0.5, -0.5), 72896: (0.5, 0.5), 51156: (-0.5, -0.5), 278187: (-0.5, -0.5), 186139: (0.5, 0.5), 330645: (0.5, 0.5), 152224: (0.0, 0.0), 117145: (-0.5, -0.5), 220227: (0.5, 0.5)}",{'dummy': 0.6060933897974293},"[(0.5, 0.5)]",[],"[{'dummy': 0.14719367803916938}, {'dummy': 0.445271321386834}, {'dummy': 0.6984280660714648}, {'dummy': 0.35546123237250005}, {'dummy': 0.04067745054117522}, {'dummy': 0.0027788246365149094}, {'dummy': 0.4390128526976994}, {'dummy': 0.49971027620910125}, {'dummy': 0.9985001779334377}, {'dummy': 0.660708900105701}, {'dummy': 0.1670195281894611}, {'dummy': 0.09604407040623886}, {'dummy': 0.28949020205443843}, {'dummy': 0.26018877517178773}, {'dummy': 0.8012244165236935}, {'dummy': 0.13223493005791576}, {'dummy': 0.7499898073050604}, {'dummy': 0.23521924769880453}, {'dummy': 0.8818952226231143}, {'dummy': 0.6766320075749986}]"
