impression,user_id,app_version,model_version,mturk_id,status,NUM_INITIAL_RATINGS,NUM_REFINE_RATINGS,TOTAL_TRAINING_RATINGS,NUM_TEST_RATINGS,TIME_INITIAL,TIME_REFINE,TIME_TEST,random_test_predictions_ratings,good_test_predictions_ratings,hypers,redisplay_check,arbitrary_check
0,d85f3053-6c17-4673-9396-d16266c1e97f,6.2-knn-mpc-dresses10,1.2,A37CLHPN6SWGBF,Completed,1,20,21,15,5.582820415496826,83.95107293128967,50.458346366882324,"{6169: (-0.17406335598260278, 0.0), 111191: (-0.4733871074452404, 0.0), 261498: (0.0, 0.0), 67250: (-0.5512845646440859, 0.0), 318602: (-0.38458290813687124, 0.0), 96243: (-0.1566366005568288, 0.0), 281069: (-0.7010428235797482, 0.5), 164712: (-0.49318714331573243, 0.0), 59547: (-0.38413744660298454, -0.5), 277083: (0.0, 0.0)}","{288996: (0.2722119141443751, 0.5), 284859: (0.26636511759772113, -1.0), 39596: (0.26532726375122967, 0.5), 185773: (0.26529952613504254, -1.0), 294747: (0.2613542160171432, 0.0)}",{'dummy': 0.657177699523532},"[(0.5, 0.5)]",[]
