impression,user_id,app_version,model_version,mturk_id,status,NUM_INITIAL_RATINGS,NUM_REFINE_RATINGS,TOTAL_TRAINING_RATINGS,NUM_TEST_RATINGS,TIME_INITIAL,TIME_REFINE,TIME_TEST,random_test_predictions_ratings,good_test_predictions_ratings,hypers,redisplay_check,arbitrary_check
0,c5fc5905-820c-4383-ac22-3f06b24e3533,6.2-knn-mpc-dresses10,1.2,A1DWSHGZGK8X0K,Completed,1,30,31,15,5.58440375328064,182.75437784194946,96.63707280158997,"{74901: (0.5000000000000001, 0.5), 326473: (-0.3527402210521748, 0.5), 84165: (-0.1868692273790996, -1.0), 199678: (-0.0277671991003499, -0.5), 118079: (0.6551106173925748, 1.0), 20093: (-0.3160640579002755, 0.5), 229494: (0.47040171340581627, 0.5), 296220: (-0.06683920486764497, 0.0), 138254: (-0.16908937153401893, -0.5), 4349: (0.1680914100788039, -1.0)}","{280007: (1.0000000000000002, 0.5), 196254: (1.0000000000000002, 0.0), 250256: (1.0000000000000002, 0.0), 44532: (1.0000000000000002, -0.5), 19809: (1.0000000000000002, -1.0)}",{'dummy': 0.8087165892319647},"[(-0.5, 0.5)]",[]
