impression,user_id,app_version,model_version,status,NUM_INITIAL_RATINGS,NUM_REFINE_RATINGS,TOTAL_TRAINING_RATINGS,NUM_TEST_RATINGS,items_shown,ratings,model_fit,history_dict,hypers,redisplay_check,arbitrary_check,hyper_history
0,86094a70-6e0a-4ac8-8ff2-f874b68bbcc1,6.2-knn-mpc-dresses10,1.2,Started,1,20,21,15,"[283632, 99115, 61601, 112050, 213184, 24061, 103033, 25716, 273875, 317356, 266074, 257535, 315661, 107386, 10785, 219849, 62688, 230347, 235512, 162681, 262225]","[-1.0, 0.5, -0.5, -1.0, -0.5, 1.0, 0.5, 0.0, 1.0, -0.5, 0.0, 0.0, -0.5, 0.0, 0.5, -1.0, 0.0, 0.0, 0.0, -0.5, 0.5]","[-1.0, 0.5, -0.5, -1.0, -0.5, 1.0, 0.5, 0.0, 1.0, -0.5, 0.0, 0.0, -0.5, 0.0, 0.5, -1.0, 0.0, 0.0, 0.0, -0.5, 0.5]","{283632: (-1.0, -1.0), 99115: (0.5, 0.5), 61601: (-0.5, -0.5), 112050: (-1.0, -1.0), 213184: (-0.5, -0.5), 24061: (1.0, 1.0), 103033: (0.5, 0.5), 25716: (0.0, 0.0), 273875: (1.0, 1.0), 317356: (-0.5, -0.5), 266074: (0.0, 0.0), 257535: (0.0, 0.0), 315661: (-0.5, -0.5), 107386: (0.0, 0.0), 10785: (0.5, 0.5), 219849: (-1.0, -1.0), 62688: (0.0, 0.0), 230347: (0.0, 0.0), 235512: (0.0, 0.0), 162681: (-0.5, -0.5), 262225: (0.5, 0.5)}",{'dummy': 0.5791797324002319},"[(-1.0, -0.5)]",[],"[{'dummy': 0.7174919890643728}, {'dummy': 0.6008809962301789}, {'dummy': 0.412837271734266}, {'dummy': 0.883992469660836}, {'dummy': 0.9878359226097467}, {'dummy': 0.31605446113448765}, {'dummy': 0.6933732445953944}, {'dummy': 0.3111536162352475}, {'dummy': 0.08843281131671377}, {'dummy': 0.9864984182679888}, {'dummy': 0.003971149768343785}, {'dummy': 0.30087996200326617}, {'dummy': 0.7643570288065422}, {'dummy': 0.8756636030112085}, {'dummy': 0.13484423458461947}, {'dummy': 0.32459299682425313}, {'dummy': 0.23736149660066974}, {'dummy': 0.861687911855721}, {'dummy': 0.3036508454118414}, {'dummy': 0.8297874643222662}]"
