impression,user_id,app_version,model_version,status,NUM_INITIAL_RATINGS,NUM_REFINE_RATINGS,TOTAL_TRAINING_RATINGS,NUM_TEST_RATINGS,items_shown,ratings,model_fit,history_dict,hypers,redisplay_check,arbitrary_check,hyper_history
0,ffebe627-0bb3-466a-9aae-2ff9b61d2f0a,6.2-knn-mpc-dresses10,1.2,Started,1,20,21,15,"[199458, 154135, 176138, 118422, 258747, 284713, 55325, 229061, 317096, 254646, 44960, 324331, 280555, 300534, 131442, 269, 88794, 319705, 302357, 82204, 103662]","[-0.5, -0.5, -1.0, -0.5, 0.5, -1.0, 0.0, -0.5, -0.5, -1.0, -1.0, 0.5, -1.0, 1.0, -0.5, 1.0, -1.0, -1.0, -0.5, 0.5, 0.5]","[-0.5, -0.5, -1.0, -0.5, 0.5, -1.0, 0.0, -0.5, -0.5, -1.0, -1.0, 0.5, -1.0, 1.0, -0.5, 1.0, -1.0, -1.0, -0.5, 0.5, 0.5]","{199458: (-0.5, -0.5), 154135: (-0.5, -0.5), 176138: (-1.0, -1.0), 118422: (-0.5, -0.5), 258747: (0.5, 0.5), 284713: (-1.0, -1.0), 55325: (0.0, 0.0), 229061: (-0.5, -0.5), 317096: (-0.5, -0.5), 254646: (-1.0, -1.0), 44960: (-1.0, -1.0), 324331: (0.5, 0.5), 280555: (-1.0, -1.0), 300534: (1.0, 1.0), 131442: (-0.5, -0.5), 269: (1.0, 1.0), 88794: (-1.0, -1.0), 319705: (-1.0, -1.0), 302357: (-0.5, -0.5), 82204: (0.5, 0.5), 103662: (0.5, 0.5)}",{'dummy': 0.15187714694240362},"[(-1.0, -1.0)]",[],"[{'dummy': 0.9259500947755896}, {'dummy': 0.361239525503114}, {'dummy': 0.31469739237538674}, {'dummy': 0.8916633245587791}, {'dummy': 0.7148848451162653}, {'dummy': 0.36304886451817686}, {'dummy': 0.28556487637524886}, {'dummy': 0.34904252636827116}, {'dummy': 0.537319130766488}, {'dummy': 0.9656759413491265}, {'dummy': 0.9721799236548991}, {'dummy': 0.3258808421482302}, {'dummy': 0.5898125455524629}, {'dummy': 0.6470582976591961}, {'dummy': 0.4087379708075517}, {'dummy': 0.051116002777677805}, {'dummy': 0.19387409437593583}, {'dummy': 0.5569218656973387}, {'dummy': 0.22007446401343722}, {'dummy': 0.8444064297151654}]"
