impression,user_id,app_version,model_version,status,NUM_INITIAL_RATINGS,NUM_REFINE_RATINGS,TOTAL_TRAINING_RATINGS,NUM_TEST_RATINGS,items_shown,ratings,model_fit,history_dict,hypers,redisplay_check,arbitrary_check,hyper_history
0,fe302e72-af60-42a9-a4a2-e9dd24491095,6.2-knn-mpc-dresses10,1.2,Started,1,20,21,15,"[137510, 47280, 176377, 7709, 129883, 242272, 14573, 142490, 301267, 209739, 290741, 170222, 11466, 14268, 45275, 290404, 64935, 202429, 82247, 253619, 70689]","[-1.0, 0.5, 0.5, -0.5, -1.0, 1.0, 0.0, -0.5, -0.5, -0.5, 0.0, 0.0, -0.5, -0.5, -1.0, 0.5, 1.0, 0.0, -1.0, 0.5, -0.5]","[-1.0, 0.5, 0.5, -0.5, -1.0, 1.0, 0.0, -0.5, -0.5, -0.5, 0.0, 0.0, -0.5, -0.5, -1.0, 0.5, 1.0, 0.0, -1.0, 0.5, -0.5]","{137510: (-1.0, -1.0), 47280: (0.5, 0.5), 176377: (0.5, 0.5), 7709: (-0.5, -0.5), 129883: (-1.0, -1.0), 242272: (1.0, 1.0), 14573: (0.0, 0.0), 142490: (-0.5, -0.5), 301267: (-0.5, -0.5), 209739: (-0.5, -0.5), 290741: (0.0, 0.0), 170222: (0.0, 0.0), 11466: (-0.5, -0.5), 14268: (-0.5, -0.5), 45275: (-1.0, -1.0), 290404: (0.5, 0.5), 64935: (1.0, 1.0), 202429: (0.0, 0.0), 82247: (-1.0, -1.0), 253619: (0.5, 0.5), 70689: (-0.5, -0.5)}",{'dummy': 0.595759795258375},"[(1.0, 0.5)]",[],"[{'dummy': 0.5874176570075125}, {'dummy': 0.6137835573480915}, {'dummy': 0.01783159412567037}, {'dummy': 0.3647989898093942}, {'dummy': 0.33929692771736764}, {'dummy': 0.9058652473076543}, {'dummy': 0.49280408407019893}, {'dummy': 0.7371069507792548}, {'dummy': 0.15530303738129525}, {'dummy': 0.5948344393528626}, {'dummy': 0.4847740953191556}, {'dummy': 0.00726119230722444}, {'dummy': 0.6830858808953425}, {'dummy': 0.21182583742326055}, {'dummy': 0.9210766318467096}, {'dummy': 0.7008366890747781}, {'dummy': 0.4427248599687268}, {'dummy': 0.8987627327887902}, {'dummy': 0.46184761961686327}, {'dummy': 0.5840563067673885}]"
