impression,user_id,app_version,model_version,status,NUM_INITIAL_RATINGS,NUM_REFINE_RATINGS,TOTAL_TRAINING_RATINGS,NUM_TEST_RATINGS,items_shown,ratings,model_fit,history_dict,hypers,redisplay_check,arbitrary_check,hyper_history
0,d9061e9d-710f-4b67-bffc-3bd462299def,6.2-knn-mpc-dresses10,1.2,Started,1,20,21,15,"[260319, 229462, 330398, 3977, 230611, 138755, 326676, 209048, 252112, 222515, 163407, 224596, 75439, 221192, 254263, 197073, 266162, 158287, 224229, 196660, 145725]","[0.0, -0.5, 0.0, -1.0, -1.0, -0.5, -1.0, -1.0, 0.0, 0.0, -0.5, -1.0, 0.0, 0.0, -0.5, 0.5, 0.5, -1.0, 1.0, 0.0, 0.5]","[0.0, -0.49999999999999994, 0.0, -0.9999999999999999, -0.9999999999999999, -0.49999999999999994, -0.9999999999999999, -0.9999999999999999, 0.0, 0.0, -0.49999999999999994, -0.9999999999999999, 0.0, 0.0, -0.49999999999999994, 0.49999999999999994, 0.49999999999999994, -0.9999999999999999, 0.9999999999999999, 0.0, 0.49999999999999994]","{260319: (0.0, 0.0), 229462: (-0.49999999999999994, -0.5), 330398: (0.0, 0.0), 3977: (-0.9999999999999999, -1.0), 230611: (-0.9999999999999999, -1.0), 138755: (-0.49999999999999994, -0.5), 326676: (-0.9999999999999999, -1.0), 209048: (-0.9999999999999999, -1.0), 252112: (0.0, 0.0), 222515: (0.0, 0.0), 163407: (-0.49999999999999994, -0.5), 224596: (-0.9999999999999999, -1.0), 75439: (0.0, 0.0), 221192: (0.0, 0.0), 254263: (-0.49999999999999994, -0.5), 197073: (0.49999999999999994, 0.5), 266162: (0.49999999999999994, 0.5), 158287: (-0.9999999999999999, -1.0), 224229: (0.9999999999999999, 1.0), 196660: (0.0, 0.0), 145725: (0.49999999999999994, 0.5)}",{'dummy': 0.6368622061675739},"[(0.0, 0.0)]",[],"[{'dummy': 0.9087385372077699}, {'dummy': 0.9971820308976942}, {'dummy': 0.12479640994486763}, {'dummy': 0.9898848571808398}, {'dummy': 0.7657792261946149}, {'dummy': 0.9146080002829855}, {'dummy': 0.00909250679397755}, {'dummy': 0.8485639073482824}, {'dummy': 0.47484935376534154}, {'dummy': 0.3512110309958969}, {'dummy': 0.4879911778863397}, {'dummy': 0.6005699836022045}, {'dummy': 0.6461873416809474}, {'dummy': 0.8367218766265386}, {'dummy': 0.5436776882541579}, {'dummy': 0.19222159585921417}, {'dummy': 0.031234630556402854}, {'dummy': 0.15846097566790274}, {'dummy': 0.20390764204104683}, {'dummy': 0.6802400459014397}]"
