impression,user_id,app_version,model_version,mturk_id,status,NUM_INITIAL_RATINGS,NUM_REFINE_RATINGS,TOTAL_TRAINING_RATINGS,NUM_TEST_RATINGS,TIME_INITIAL,TIME_REFINE,TIME_TEST,random_test_predictions_ratings,good_test_predictions_ratings,hypers,redisplay_check,arbitrary_check
0,b6dc5db2-ee6b-499f-aeda-50f2a6e2bd43,6.2-knn-mpc-dresses10,1.2,A2BC6S46AZH1MX,Completed,1,20,21,15,7.181654691696167,121.42910957336426,92.26180577278137,"{307234: (-0.06131776400139801, 1.0), 18339: (-0.02669127311067146, 0.5), 42409: (0.02033811379648711, 0.5), 272526: (0.5, 1.0), 80357: (0.32091215085526004, -0.5), 307994: (0.33936054514390634, 0.5), 61995: (-0.18583201534966381, 0.5), 326189: (-0.1656802242490548, -0.5), 213642: (0.3252216054065598, -0.5), 87066: (-0.17504490079690285, -0.5)}","{274007: (1.0000000000000002, 0.5), 208919: (1.0000000000000002, 1.0), 294946: (1.0000000000000002, 0.0), 222940: (1.0000000000000002, 0.0), 310124: (1.0000000000000002, -0.5)}",{'dummy': 0.058761151182045834},"[(0.5, 0.5)]",[]
