impression,user_id,app_version,model_version,status,NUM_INITIAL_RATINGS,NUM_REFINE_RATINGS,TOTAL_TRAINING_RATINGS,NUM_TEST_RATINGS,items_shown,ratings,model_fit,history_dict,hypers,redisplay_check,arbitrary_check,hyper_history
0,2ac7b8be-caf2-47f9-b2ee-bc2e487ff1b9,6.2-knn-mpc-dresses10,1.2,Started,1,20,21,15,"[231747, 151706, 229544, 54055, 216187, 163530, 191662, 73138, 201004, 153484, 77194, 178999, 317162, 172340, 260204, 114487, 12637, 34304, 66676, 306013, 225764]","[-0.5, 1.0, 0.5, 0.5, 0.5, -1.0, 1.0, 1.0, 1.0, 0.0, 1.0, 1.0, -0.5, -1.0, 0.5, -1.0, 0.5, 1.0, -1.0, -1.0, -0.5]","[-0.5, 1.0, 0.5, 0.5, 0.5, -1.0, 1.0, 1.0, 1.0, 0.0, 1.0, 1.0, -0.5, -1.0, 0.5, -1.0, 0.5, 1.0, -1.0, -1.0, -0.5]","{231747: (-0.5, -0.5), 151706: (1.0, 1.0), 229544: (0.5, 0.5), 54055: (0.5, 0.5), 216187: (0.5, 0.5), 163530: (-1.0, -1.0), 191662: (1.0, 1.0), 73138: (1.0, 1.0), 201004: (1.0, 1.0), 153484: (0.0, 0.0), 77194: (1.0, 1.0), 178999: (1.0, 1.0), 317162: (-0.5, -0.5), 172340: (-1.0, -1.0), 260204: (0.5, 0.5), 114487: (-1.0, -1.0), 12637: (0.5, 0.5), 34304: (1.0, 1.0), 66676: (-1.0, -1.0), 306013: (-1.0, -1.0), 225764: (-0.5, -0.5)}",{'dummy': 0.04073137806256444},"[(1.0, 0.5)]",[],"[{'dummy': 0.6096286784039597}, {'dummy': 0.7158003818159145}, {'dummy': 0.1260321401704333}, {'dummy': 0.5173243994876853}, {'dummy': 0.06474990516377344}, {'dummy': 0.7498403341214194}, {'dummy': 0.1418733183568015}, {'dummy': 0.8199164764185026}, {'dummy': 0.1128465666819145}, {'dummy': 0.5826964201172375}, {'dummy': 0.11917325396211931}, {'dummy': 0.9346595491771543}, {'dummy': 0.6831170859673481}, {'dummy': 0.4078770237355114}, {'dummy': 0.7496440509599764}, {'dummy': 0.7583995787505977}, {'dummy': 0.19252408126195775}, {'dummy': 0.9874652939731813}, {'dummy': 0.174761548547965}, {'dummy': 0.7393612988327815}]"
