impression,user_id,app_version,model_version,status,NUM_INITIAL_RATINGS,NUM_REFINE_RATINGS,TOTAL_TRAINING_RATINGS,NUM_TEST_RATINGS,items_shown,ratings,model_fit,history_dict,hypers,redisplay_check,arbitrary_check,hyper_history
0,b9ae2021-f0f9-42db-9959-04e6eaede2c5,6.2-knn-mpc-dresses10,1.2,Started,1,20,21,15,"[95407, 159439, 13240, 215829, 71001, 185922, 5166, 274141, 231075, 237871, 28320, 230759, 86111, 175068, 51850, 319682, 263659, 239774, 116321, 2972, 169794]","[-1.0, 0.5, -0.5, -1.0, -1.0, -1.0, 0.0, -0.5, 0.0, 0.0, -0.5, 0.5, 1.0, 0.0, -0.5, -1.0, 0.0, 0.5, 1.0, -1.0, 1.0]","[-0.9999999999999999, 0.5, -0.5, -0.9999999999999999, -0.9999999999999999, -0.9999999999999999, -3.469446951953614e-18, -0.5, -3.469446951953614e-18, -3.469446951953614e-18, -0.5, 0.5, 1.0, -3.469446951953614e-18, -0.5, -0.9999999999999999, -3.469446951953614e-18, 0.5, 1.0, -0.9999999999999999, 1.0]","{95407: (-0.9999999999999999, -1.0), 159439: (0.5, 0.5), 13240: (-0.5, -0.5), 215829: (-0.9999999999999999, -1.0), 71001: (-0.9999999999999999, -1.0), 185922: (-0.9999999999999999, -1.0), 5166: (-3.469446951953614e-18, 0.0), 274141: (-0.5, -0.5), 231075: (-3.469446951953614e-18, 0.0), 237871: (-3.469446951953614e-18, 0.0), 28320: (-0.5, -0.5), 230759: (0.5, 0.5), 86111: (1.0, 1.0), 175068: (-3.469446951953614e-18, 0.0), 51850: (-0.5, -0.5), 319682: (-0.9999999999999999, -1.0), 263659: (-3.469446951953614e-18, 0.0), 239774: (0.5, 0.5), 116321: (1.0, 1.0), 2972: (-0.9999999999999999, -1.0), 169794: (1.0, 1.0)}",{'dummy': 0.15728763116937905},"[(-1.0, -0.5)]",[],"[{'dummy': 0.5759467971051719}, {'dummy': 0.5188312360835128}, {'dummy': 0.38259138406545734}, {'dummy': 0.49398134841821106}, {'dummy': 0.7212075915900196}, {'dummy': 0.49538062628759005}, {'dummy': 0.30969378697697014}, {'dummy': 0.5454471073936652}, {'dummy': 0.3069083312841472}, {'dummy': 0.021857161343489584}, {'dummy': 0.33065043617001144}, {'dummy': 0.304881180452402}, {'dummy': 0.9383507737474558}, {'dummy': 0.14316380927140304}, {'dummy': 0.5746867343142998}, {'dummy': 0.7988389650747032}, {'dummy': 0.26824038802100725}, {'dummy': 0.29918297255996806}, {'dummy': 0.5320905224335793}, {'dummy': 0.34560462333972297}]"
