impression,user_id,app_version,model_version,mturk_id,status,NUM_INITIAL_RATINGS,NUM_REFINE_RATINGS,TOTAL_TRAINING_RATINGS,NUM_TEST_RATINGS,TIME_INITIAL,TIME_REFINE,TIME_TEST,random_test_predictions_ratings,good_test_predictions_ratings,hypers,redisplay_check,arbitrary_check
0,41e705c4-d27e-4272-b0b3-b532893c8e59,6.2-knn-mpc-dresses10,1.2,A16G6PPH1INQL8,Completed,1,20,21,15,6.496581315994263,155.390887260437,87.13005256652832,"{87840: (-0.824831447508916, -0.5), 109458: (-1.0, -0.5), 249397: (-0.46428503744505123, -0.5), 147013: (0.006265769610227315, -1.0), 73235: (-0.2531722290863993, -0.5), 78134: (-0.5, 0.5), 209160: (0.2100260492669958, -0.5), 45840: (0.49999999999999994, 0.5), 164009: (0.49999999999999994, -1.0), 240176: (-0.28144455613172725, 0.5)}","{161552: (1.0000000000000002, 0.5), 8682: (1.0000000000000002, 0.5), 280024: (1.0000000000000002, 0.0), 235359: (1.0000000000000002, 0.0), 203972: (1.0000000000000002, 1.0)}",{'dummy': 0.4540929738994173},"[(0.5, 0.5)]",[]
