impression,user_id,app_version,model_version,status,NUM_INITIAL_RATINGS,NUM_REFINE_RATINGS,TOTAL_TRAINING_RATINGS,NUM_TEST_RATINGS,items_shown,ratings,model_fit,history_dict,hypers,redisplay_check,arbitrary_check,hyper_history
0,7766044f-7c6c-4b35-bd92-ec5bb6f65b6b,6.2-knn-mpc-dresses10,1.2,Started,1,30,31,15,"[143528, 133436, 267913, 8178, 49267, 84233, 294065, 164905, 24556, 249180, 43905, 93672, 183179, 149090, 108754, 248045, 74356, 273583, 204148, 186179, 70886, 7506, 316659, 27165, 194151, 39245, 302209, 57731, 100070, 317518, 242197]","[1.0, 0.5, 0.5, 0.0, 0.0, -1.0, -0.5, 0.0, -0.5, 0.0, -0.5, 0.0, 0.5, -1.0, 0.5, 1.0, -1.0, 0.5, 0.5, 0.5, 1.0, 0.5, 1.0, 0.5, 0.0, 0.5, 1.0, 0.0, 0.5, 0.5, 1.0]","[1.0, 0.5, 0.5, 0.0, 0.0, -1.0, -0.5, 0.0, -0.5, 0.0, -0.5, 0.0, 0.5, -1.0, 0.5, 1.0, -1.0, 0.5, 0.5, 0.5, 1.0, 0.5, 1.0, 0.5, 0.0, 0.5, 1.0, 0.0, 0.5, 0.5, 1.0]","{143528: (1.0, 1.0), 133436: (0.5, 0.5), 267913: (0.5, 0.5), 8178: (0.0, 0.0), 49267: (0.0, 0.0), 84233: (-1.0, -1.0), 294065: (-0.5, -0.5), 164905: (0.0, 0.0), 24556: (-0.5, -0.5), 249180: (0.0, 0.0), 43905: (-0.5, -0.5), 93672: (0.0, 0.0), 183179: (0.5, 0.5), 149090: (-1.0, -1.0), 108754: (0.5, 0.5), 248045: (1.0, 1.0), 74356: (-1.0, -1.0), 273583: (0.5, 0.5), 204148: (0.5, 0.5), 186179: (0.5, 0.5), 70886: (1.0, 1.0), 7506: (0.5, 0.5), 316659: (1.0, 1.0), 27165: (0.5, 0.5), 194151: (0.0, 0.0), 39245: (0.5, 0.5), 302209: (1.0, 1.0), 57731: (0.0, 0.0), 100070: (0.5, 0.5), 317518: (0.5, 0.5), 242197: (1.0, 1.0)}",{'dummy': 0.61233744138172},"[(0.5, 0.5)]",[],"[{'dummy': 0.6482033340099341}, {'dummy': 0.007292164951562707}, {'dummy': 0.4926270889787837}, {'dummy': 0.22951107370093538}, {'dummy': 0.12313996794716531}, {'dummy': 0.795900316162911}, {'dummy': 0.5259678397618339}, {'dummy': 0.44840710640043757}, {'dummy': 0.9851424819918254}, {'dummy': 0.645090374557083}, {'dummy': 0.7675002096498874}, {'dummy': 0.3113613721789552}, {'dummy': 0.2779701714263011}, {'dummy': 0.06100900126305009}, {'dummy': 0.7039672366387805}, {'dummy': 0.21623650425870566}, {'dummy': 0.15230888897045358}, {'dummy': 0.2942529103087451}, {'dummy': 0.8446631370442114}, {'dummy': 0.03559509895852042}, {'dummy': 0.9410804605856806}, {'dummy': 0.918044947739868}, {'dummy': 0.5704623211770017}, {'dummy': 0.7101985495695721}, {'dummy': 0.7450862631792573}, {'dummy': 0.7045151867073715}, {'dummy': 0.40904873493154614}, {'dummy': 0.343202400155159}, {'dummy': 0.20333527688717057}, {'dummy': 0.8372290453892067}]"
