impression,user_id,app_version,model_version,mturk_id,status,NUM_INITIAL_RATINGS,NUM_REFINE_RATINGS,TOTAL_TRAINING_RATINGS,NUM_TEST_RATINGS,TIME_INITIAL,TIME_REFINE,TIME_TEST,random_test_predictions_ratings,good_test_predictions_ratings,hypers,redisplay_check,arbitrary_check
0,94850f72-02ce-4bc6-a5c5-3d861fdd637b,6.2-knn-mpc-dresses10,1.2,AS0REDD6MMWQG,Completed,1,20,21,15,8.95609426498413,200.25023698806763,171.60255026817322,"{272999: (0.4607657827403163, 1.0), 327174: (-0.4241773903015172, 1.0), 197100: (-0.29298260859633524, 1.0), 8695: (0.34943903679660854, 1.0), 169255: (0.352143438154032, 1.0), 266923: (1.0, -1.0), 278450: (-0.31071528913964, -1.0), 1021: (0.3808818981696428, 1.0), 165081: (0.33713696753071193, 1.0), 128741: (-0.37408113030898443, -1.0)}","{153907: (1.0000000000000004, 1.0), 98781: (1.0000000000000004, 1.0), 20992: (1.0000000000000004, 1.0), 176313: (1.0000000000000004, -1.0), 209928: (1.0000000000000004, 1.0)}",{'dummy': 0.455953327003754},"[(1.0, 1.0)]",[]
