impression,user_id,app_version,model_version,status,NUM_INITIAL_RATINGS,NUM_REFINE_RATINGS,TOTAL_TRAINING_RATINGS,NUM_TEST_RATINGS,items_shown,ratings,model_fit,history_dict,hypers,redisplay_check,arbitrary_check,hyper_history
0,79c9d387-672d-4e93-8400-4759ec1f10e3,6.2-knn-mpc-dresses10,1.2,Started,1,20,21,15,"[210822, 108850, 22730, 312413, 112307, 180047, 99413, 273010, 148189, 63034, 235080, 268299, 224051, 174761, 95482, 287555, 148296, 222985, 210475, 275285, 163130]","[-1.0, 1.0, -1.0, 1.0, 1.0, -1.0, -1.0, 1.0, 1.0, 1.0, -1.0, 0.0, 0.0, -1.0, 1.0, -1.0, 1.0, -1.0, 1.0, 1.0, 1.0]","[-1.0, 1.0, -1.0, 1.0, 1.0, -1.0, -1.0, 1.0, 1.0, 1.0, -1.0, 0.0, 0.0, -1.0, 1.0, -1.0, 1.0, -1.0, 1.0, 1.0, 1.0]","{210822: (-1.0, -1.0), 108850: (1.0, 1.0), 22730: (-1.0, -1.0), 312413: (1.0, 1.0), 112307: (1.0, 1.0), 180047: (-1.0, -1.0), 99413: (-1.0, -1.0), 273010: (1.0, 1.0), 148189: (1.0, 1.0), 63034: (1.0, 1.0), 235080: (-1.0, -1.0), 268299: (0.0, 0.0), 224051: (0.0, 0.0), 174761: (-1.0, -1.0), 95482: (1.0, 1.0), 287555: (-1.0, -1.0), 148296: (1.0, 1.0), 222985: (-1.0, -1.0), 210475: (1.0, 1.0), 275285: (1.0, 1.0), 163130: (1.0, 1.0)}",{'dummy': 0.2176678728509851},"[(-1.0, -1.0)]",[],"[{'dummy': 0.22725707808885864}, {'dummy': 0.10681507657609746}, {'dummy': 0.13174254369700567}, {'dummy': 0.4629113700461165}, {'dummy': 0.02201318515171491}, {'dummy': 0.8004538055043312}, {'dummy': 0.16209236054513587}, {'dummy': 0.543166186612806}, {'dummy': 0.7985116809479832}, {'dummy': 0.3628564616699518}, {'dummy': 0.4650679481657779}, {'dummy': 0.7248628330370754}, {'dummy': 0.16348728365632648}, {'dummy': 0.7326811604688309}, {'dummy': 0.1969240584439722}, {'dummy': 0.19979306638002536}, {'dummy': 0.7826752662627424}, {'dummy': 0.9968830565865499}, {'dummy': 0.14176443436551656}, {'dummy': 0.33732890958726114}]"
