impression,user_id,app_version,model_version,mturk_id,status,NUM_INITIAL_RATINGS,NUM_REFINE_RATINGS,TOTAL_TRAINING_RATINGS,NUM_TEST_RATINGS,TIME_INITIAL,TIME_REFINE,TIME_TEST,random_test_predictions_ratings,good_test_predictions_ratings,hypers,redisplay_check,arbitrary_check
0,36d7e37b-2cc2-4eef-b8af-fdedc2c319eb,6.2-knn-mpc-dresses10,1.2,A1NQOR4RQJJDMW,Completed,1,30,31,15,8.76179838180542,124.1128740310669,62.29766345024109,"{279230: (0.011887137196135655, 0.5), 199216: (-0.3207706595436525, 0.5), 294945: (0.1937874436412545, 0.5), 134629: (0.16139731677297012, 0.0), 262180: (-0.6885224729260512, 0.0), 145621: (0.18987569519286648, -0.5), 81060: (0.4999999999999999, -0.5), 311113: (0.08266629035488758, 0.5), 117654: (0.004923340710714502, -0.5), 100533: (-0.009902521760250122, -0.5)}","{237156: (0.694863482625517, 0.5), 171199: (0.690332631362878, -0.5), 3624: (0.6891706975959491, 1.0), 278681: (0.6885545068335618, 1.0), 93788: (0.6882564592816992, 0.0)}",{'dummy': 0.3782663140135766},"[(-0.5, 0.0)]",[]
