impression,user_id,app_version,model_version,mturk_id,status,NUM_INITIAL_RATINGS,NUM_REFINE_RATINGS,TOTAL_TRAINING_RATINGS,NUM_TEST_RATINGS,TIME_INITIAL,TIME_REFINE,TIME_TEST,random_test_predictions_ratings,good_test_predictions_ratings,hypers,redisplay_check,arbitrary_check
0,0cde39ee-e472-4a07-803a-03a697dd2425,6.2-knn-mpc-dresses10,1.2,A1O998LZZ8D67I,Completed,1,20,21,15,5.965520620346069,91.16290092468262,75.68268179893494,"{289535: (0.1751394933090053, 0.5), 302584: (0.6541978032913454, 0.5), 202186: (0.5275399967854172, 0.0), 236347: (0.44384518389228844, 0.5), 148934: (0.6540975438149884, -0.5), 52866: (0.4816895812864214, 0.0), 133166: (0.003706301758960015, 0.0), 286983: (-0.07977565939985796, 0.5), 187510: (0.45879145201237553, -0.5), 188129: (-0.010014645991093446, 0.5)}","{29855: (1.0000000000000002, 0.5), 84247: (1.0000000000000002, 0.5), 51924: (1.0000000000000002, 0.5), 52008: (1.0000000000000002, 0.5), 151541: (1.0000000000000002, 0.0)}",{'dummy': 0.5892521816777881},"[(0.5, 0.5)]",[]
