impression,user_id,app_version,model_version,mturk_id,status,NUM_INITIAL_RATINGS,NUM_REFINE_RATINGS,TOTAL_TRAINING_RATINGS,NUM_TEST_RATINGS,TIME_INITIAL,TIME_REFINE,TIME_TEST,random_test_predictions_ratings,good_test_predictions_ratings,hypers,redisplay_check,arbitrary_check
0,35113298-32e9-4b7c-bd17-d5d67d3bc5a1,6.2-knn-mpc-dresses10,1.2,A2WJMGV0HKQG3Z,Completed,1,20,21,15,6.1941235065460205,104.31425976753235,69.0869357585907,"{208611: (0.26634165042547764, 0.0), 220356: (-0.49999999999999994, 0.0), 111419: (0.9999999999999998, 0.0), 53876: (-0.17385025746898797, 0.0), 114316: (0.7333142341470672, 0.0), 26402: (0.17718871578070886, -1.0), 179175: (0.5614472432482445, 0.0), 134544: (0.5042829118696642, 0.0), 177667: (0.3850676744241272, 0.0), 78764: (0.6079368767663956, 1.0)}","{288021: (1.0000000000000004, 0.0), 180605: (1.0000000000000004, 1.0), 289067: (1.0000000000000004, 1.0), 102887: (1.0000000000000004, 0.0), 101119: (1.0000000000000004, 1.0)}",{'dummy': 0.9095735005649463},"[(1.0, 1.0)]",[]
