impression,user_id,app_version,model_version,status,NUM_INITIAL_RATINGS,NUM_REFINE_RATINGS,TOTAL_TRAINING_RATINGS,NUM_TEST_RATINGS,items_shown,ratings,model_fit,history_dict,hypers,redisplay_check,arbitrary_check,hyper_history
0,f3145ff9-5e2b-40a9-bb1d-31cbfddcae3d,6.2-knn-mpc-dresses10,1.2,Started,1,20,21,15,"[134562, 202995, 130949, 4245, 216612, 157538, 108776, 130726, 211857, 271830, 75431, 1612, 267499, 249452, 330651, 277537, 8231, 48854, 10875, 220608, 118869]","[-1.0, 1.0, -1.0, 0.0, -1.0, -0.5, 1.0, 1.0, 0.5, 1.0, 0.5, -1.0, 0.5, -1.0, -1.0, 0.5, 0.0, 0.0, 0.5, -0.5, -1.0]","[-0.9999999999999999, 1.0, -0.9999999999999999, 0.0, -0.9999999999999999, -0.5, 1.0, 1.0, 0.5, 1.0, 0.5, -0.9999999999999999, 0.5, -0.9999999999999999, -0.9999999999999999, 0.5, 0.0, 0.0, 0.5, -0.5, -0.9999999999999999]","{134562: (-0.9999999999999999, -1.0), 202995: (1.0, 1.0), 130949: (-0.9999999999999999, -1.0), 4245: (0.0, 0.0), 216612: (-0.9999999999999999, -1.0), 157538: (-0.5, -0.5), 108776: (1.0, 1.0), 130726: (1.0, 1.0), 211857: (0.5, 0.5), 271830: (1.0, 1.0), 75431: (0.5, 0.5), 1612: (-0.9999999999999999, -1.0), 267499: (0.5, 0.5), 249452: (-0.9999999999999999, -1.0), 330651: (-0.9999999999999999, -1.0), 277537: (0.5, 0.5), 8231: (0.0, 0.0), 48854: (0.0, 0.0), 10875: (0.5, 0.5), 220608: (-0.5, -0.5), 118869: (-0.9999999999999999, -1.0)}",{'dummy': 0.47623865602207316},"[(-1.0, -1.0)]",[],"[{'dummy': 0.6222983501669755}, {'dummy': 0.7349685576577116}, {'dummy': 0.993350349343374}, {'dummy': 0.951637906808876}, {'dummy': 0.5984849064652471}, {'dummy': 0.9015974614402062}, {'dummy': 0.5929439081682302}, {'dummy': 0.06572632417191981}, {'dummy': 0.2531332920640216}, {'dummy': 0.03402320956429683}, {'dummy': 0.3110185432377186}, {'dummy': 0.9318088425336444}, {'dummy': 0.7353295166679716}, {'dummy': 0.6874038181924649}, {'dummy': 0.36292584121347937}, {'dummy': 0.7008090794095873}, {'dummy': 0.32737708978017943}, {'dummy': 0.21554458449673153}, {'dummy': 0.024413734271622745}, {'dummy': 0.4396994172894595}]"
