impression,user_id,app_version,model_version,mturk_id,status,NUM_INITIAL_RATINGS,NUM_REFINE_RATINGS,TOTAL_TRAINING_RATINGS,NUM_TEST_RATINGS,TIME_INITIAL,TIME_REFINE,TIME_TEST,random_test_predictions_ratings,good_test_predictions_ratings,hypers,redisplay_check,arbitrary_check
0,7c0b65ff-6f60-4b6f-b98c-ca84ebfa34b1,6.2-knn-mpc-dresses10,1.2,APVZ9KVWRN41V,Completed,1,20,21,15,7.353005409240723,160.48352360725403,98.44514870643616,"{255420: (-0.20072332065066437, 0.0), 144013: (-0.5, -0.5), 250105: (0.008958083393416175, 0.5), 162592: (0.1467352997054466, 0.5), 154250: (-0.3268837296541034, 0.0), 52207: (0.17646911536553686, 0.5), 190587: (0.5157576040838439, 0.0), 101894: (-0.19571723828113344, 0.0), 140032: (-0.023114262000297876, 0.5), 263897: (0.4748986752353599, 0.0)}","{263331: (0.8723214422832637, 1.0), 37118: (0.8687728814548549, 0.5), 221953: (0.8624551310124678, 0.5), 23116: (0.8602528311721932, 0.5), 275268: (0.8602340351806945, 1.0)}",{'dummy': 0.1133154026516463},"[(1.0, 1.0)]",[]
