impression,user_id,app_version,model_version,status,NUM_INITIAL_RATINGS,NUM_REFINE_RATINGS,TOTAL_TRAINING_RATINGS,NUM_TEST_RATINGS,items_shown,ratings,model_fit,history_dict,hypers,redisplay_check,arbitrary_check,hyper_history
0,862a94eb-6b6c-42bb-be15-0b386ab952fd,6.2-knn-mpc-dresses10,1.2,Started,1,20,21,15,"[132189, 4945, 300739, 68556, 26178, 53560, 265869, 158422, 26949, 93343, 291226, 91604, 63265, 181115, 257314, 291955, 116606, 325664, 252531, 289215, 313853]","[-1.0, 1.0, 1.0, 0.5, -1.0, -1.0, 0.0, 1.0, 1.0, 0.5, 1.0, -1.0, -0.5, -0.5, 0.0, -1.0, -0.5, -1.0, 1.0, -1.0, 1.0]","[-1.0, 1.0, 1.0, 0.5, -1.0, -1.0, 0.0, 1.0, 1.0, 0.5, 1.0, -1.0, -0.5, -0.5, 0.0, -1.0, -0.5, -1.0, 1.0, -1.0, 1.0]","{132189: (-1.0, -1.0), 4945: (1.0, 1.0), 300739: (1.0, 1.0), 68556: (0.5, 0.5), 26178: (-1.0, -1.0), 53560: (-1.0, -1.0), 265869: (0.0, 0.0), 158422: (1.0, 1.0), 26949: (1.0, 1.0), 93343: (0.5, 0.5), 291226: (1.0, 1.0), 91604: (-1.0, -1.0), 63265: (-0.5, -0.5), 181115: (-0.5, -0.5), 257314: (0.0, 0.0), 291955: (-1.0, -1.0), 116606: (-0.5, -0.5), 325664: (-1.0, -1.0), 252531: (1.0, 1.0), 289215: (-1.0, -1.0), 313853: (1.0, 1.0)}",{'dummy': 0.21206277752832547},"[(1.0, 1.0)]",[],"[{'dummy': 0.04592537485516279}, {'dummy': 0.887256577066686}, {'dummy': 0.7687278853776321}, {'dummy': 0.323031663534058}, {'dummy': 0.8568162693346698}, {'dummy': 0.06865449549371594}, {'dummy': 0.991225738924295}, {'dummy': 0.6127429203638446}, {'dummy': 0.877413232463298}, {'dummy': 0.0836267690036302}, {'dummy': 0.4537340464015247}, {'dummy': 0.15864404460314552}, {'dummy': 0.9268779530607869}, {'dummy': 0.6507774175068436}, {'dummy': 0.07032718077979794}, {'dummy': 0.8335171680916394}, {'dummy': 0.6905274982245212}, {'dummy': 0.4641349204618065}, {'dummy': 0.7007142404039948}, {'dummy': 0.20546976740044232}]"
