impression,user_id,app_version,model_version,status,NUM_INITIAL_RATINGS,NUM_REFINE_RATINGS,TOTAL_TRAINING_RATINGS,NUM_TEST_RATINGS,items_shown,ratings,model_fit,history_dict,hypers,redisplay_check,arbitrary_check,hyper_history
0,000a7d66-7986-4d1f-9be1-e02aba06b96f,6.2-knn-mpc-dresses10,1.2,Started,1,20,21,15,"[308287, 55226, 323863, 289116, 178530, 87263, 35329, 131149, 201346, 260341, 209188, 30177, 262759, 126528, 276490, 287344, 6017, 180635, 323233, 141178, 175880]","[0.0, -1.0, 0.5, 0.0, 0.0, 1.0, 0.5, 0.5, 0.0, 1.0, 1.0, 1.0, 1.0, 1.0, 1.0, 0.0, 0.0, 1.0, -1.0, 0.0, -1.0]","[0.0, -1.0, 0.5, 0.0, 0.0, 1.0, 0.5, 0.5, 0.0, 1.0, 1.0, 1.0, 1.0, 1.0, 1.0, 0.0, 0.0, 1.0, -1.0, 0.0, -1.0]","{308287: (0.0, 0.0), 55226: (-1.0, -1.0), 323863: (0.5, 0.5), 289116: (0.0, 0.0), 178530: (0.0, 0.0), 87263: (1.0, 1.0), 35329: (0.5, 0.5), 131149: (0.5, 0.5), 201346: (0.0, 0.0), 260341: (1.0, 1.0), 209188: (1.0, 1.0), 30177: (1.0, 1.0), 262759: (1.0, 1.0), 126528: (1.0, 1.0), 276490: (1.0, 1.0), 287344: (0.0, 0.0), 6017: (0.0, 0.0), 180635: (1.0, 1.0), 323233: (-1.0, -1.0), 141178: (0.0, 0.0), 175880: (-1.0, -1.0)}",{'dummy': 0.5002664126405012},"[(0.5, 0.5)]",[],"[{'dummy': 0.0559738442837725}, {'dummy': 0.23688156193495757}, {'dummy': 0.09294475011941705}, {'dummy': 0.06889759119646466}, {'dummy': 0.6536946374794991}, {'dummy': 0.39337227263501184}, {'dummy': 0.39207900613525093}, {'dummy': 0.5776596775957575}, {'dummy': 0.6827069621674687}, {'dummy': 0.2542773483034113}, {'dummy': 0.992785881933641}, {'dummy': 0.6438519793211087}, {'dummy': 0.5017432918861937}, {'dummy': 0.7306881153513697}, {'dummy': 0.5755474231037735}, {'dummy': 0.343890824412733}, {'dummy': 0.03532773026869174}, {'dummy': 0.2778443002090827}, {'dummy': 0.3066119396170669}, {'dummy': 0.9846308083062368}]"
