impression,user_id,app_version,model_version,mturk_id,status,NUM_INITIAL_RATINGS,NUM_REFINE_RATINGS,TOTAL_TRAINING_RATINGS,NUM_TEST_RATINGS,TIME_INITIAL,TIME_REFINE,TIME_TEST,random_test_predictions_ratings,good_test_predictions_ratings,hypers,redisplay_check,arbitrary_check
0,f2887b6e-9a02-4492-be42-643918efc90d,6.2-knn-mpc-dresses10,1.2,ACRA4Y46MZXKX,Completed,1,20,21,15,10.051240921020508,98.3394227027893,58.71726870536804,"{136437: (0.2115013965765764, 0.5), 234418: (-0.351350332977921, -0.5), 240510: (-0.31240413090469027, 0.5), 218252: (-0.5266144253319232, -1.0), 296892: (0.6705067798892353, 0.5), 132601: (0.19582174294263355, 0.0), 4693: (0.1926198281276467, 1.0), 63402: (-0.2657378690646208, 0.0), 109109: (-0.6696909219142947, -0.5), 108232: (-0.2260286847131607, 0.5)}","{7646: (1.0000000000000002, 1.0), 312167: (1.0, 1.0), 20283: (1.0, 1.0), 87977: (1.0, 0.5), 14683: (1.0, -0.5)}",{'dummy': 0.6604317372614565},"[(0.0, -0.5)]",[]
