impression,user_id,app_version,model_version,mturk_id,status,NUM_INITIAL_RATINGS,NUM_REFINE_RATINGS,TOTAL_TRAINING_RATINGS,NUM_TEST_RATINGS,TIME_INITIAL,TIME_REFINE,TIME_TEST,random_test_predictions_ratings,good_test_predictions_ratings,hypers,redisplay_check,arbitrary_check
0,1b27d5d6-aa8b-4bbc-93a6-3005462f40fb,6.2-knn-mpc-dresses10,1.2,A1KTUXY14G88WA,Completed,1,20,21,15,13.065679550170898,115.54552602767944,65.7418224811554,"{121136: (-0.17511022506415724, 0.5), 213427: (0.0, 0.5), 108490: (-0.04368217719348888, -0.5), 322478: (-0.3387147471634132, -1.0), 86623: (-0.34594667800134954, 0.0), 256526: (0.1943681190230884, -0.5), 248452: (-0.6522561651719535, 0.5), 97056: (-0.41592172482593326, 0.0), 70581: (-0.29161684271162536, -1.0), 188930: (0.13364538544729201, -1.0)}","{293760: (0.8086856384626144, 0.5), 232089: (0.7022114216201054, 0.0), 314711: (0.698017037845337, 0.0), 276244: (0.6970149577807678, 0.5), 310587: (0.6883464153207685, 1.0)}",{'dummy': 0.08908493673494466},"[(0.5, 0.5)]",[]
