impression,user_id,app_version,model_version,status,NUM_INITIAL_RATINGS,NUM_REFINE_RATINGS,TOTAL_TRAINING_RATINGS,NUM_TEST_RATINGS,items_shown,ratings,model_fit,history_dict,hypers,redisplay_check,arbitrary_check,hyper_history
0,17c97287-9ec4-4fd6-9cc5-1eacc39fec84,6.2-knn-mpc-dresses10,1.2,Started,1,30,31,15,"[184737, 136416, 11698, 13762, 260525, 57491, 69110, 143740, 74137, 29349, 257694, 289729, 286286, 156132, 309611, 145642, 128586, 248898, 34709, 63385, 303192, 95230, 86687, 198185, 326323, 27316, 261525, 216369, 23095, 150537, 275941]","[1.0, 0.5, -0.5, 0.0, 0.5, -0.5, 1.0, -0.5, 1.0, 0.0, 0.5, 0.0, 1.0, 0.0, 0.0, 0.0, 0.0, 0.0, 0.0, -1.0, 0.5, 0.0, 0.0, 0.5, 0.0, 0.5, 0.5, 1.0, 1.0, 1.0, 0.5]","[1.0, 0.5, -0.5, 0.0, 0.5, -0.5, 1.0, -0.5, 1.0, 0.0, 0.5, 0.0, 1.0, 0.0, 0.0, 0.0, 0.0, 0.0, 0.0, -1.0, 0.5, 0.0, 0.0, 0.5, 0.0, 0.5, 0.5, 1.0, 1.0, 1.0, 0.5]","{184737: (1.0, 1.0), 136416: (0.5, 0.5), 11698: (-0.5, -0.5), 13762: (0.0, 0.0), 260525: (0.5, 0.5), 57491: (-0.5, -0.5), 69110: (1.0, 1.0), 143740: (-0.5, -0.5), 74137: (1.0, 1.0), 29349: (0.0, 0.0), 257694: (0.5, 0.5), 289729: (0.0, 0.0), 286286: (1.0, 1.0), 156132: (0.0, 0.0), 309611: (0.0, 0.0), 145642: (0.0, 0.0), 128586: (0.0, 0.0), 248898: (0.0, 0.0), 34709: (0.0, 0.0), 63385: (-1.0, -1.0), 303192: (0.5, 0.5), 95230: (0.0, 0.0), 86687: (0.0, 0.0), 198185: (0.5, 0.5), 326323: (0.0, 0.0), 27316: (0.5, 0.5), 261525: (0.5, 0.5), 216369: (1.0, 1.0), 23095: (1.0, 1.0), 150537: (1.0, 1.0), 275941: (0.5, 0.5)}",{'dummy': 0.4164072882768781},"[(0.0, -0.5)]",[],"[{'dummy': 0.6612329895106912}, {'dummy': 0.41345868912903505}, {'dummy': 0.30729296357782143}, {'dummy': 0.036151488803816356}, {'dummy': 0.28789771333897474}, {'dummy': 0.5532016308192708}, {'dummy': 0.349975595180549}, {'dummy': 0.9017976320710396}, {'dummy': 0.6795787886877653}, {'dummy': 0.705797939482102}, {'dummy': 0.7350520390986195}, {'dummy': 0.6950636825448943}, {'dummy': 0.5546144495242554}, {'dummy': 0.7559979896997542}, {'dummy': 0.9083205169276118}, {'dummy': 0.39790593053449885}, {'dummy': 0.9319297496776299}, {'dummy': 0.3668149899908506}, {'dummy': 0.12663165909566876}, {'dummy': 0.35133300034207604}, {'dummy': 0.671425357642313}, {'dummy': 0.03674218471331703}, {'dummy': 0.5137314557458716}, {'dummy': 0.6793522949995193}, {'dummy': 0.781241145529502}, {'dummy': 0.5145848153504303}, {'dummy': 0.3497072505949289}, {'dummy': 0.7726888947035371}, {'dummy': 0.8193583494651114}, {'dummy': 0.9808875085314274}]"
