impression,user_id,app_version,model_version,mturk_id,status,NUM_INITIAL_RATINGS,NUM_REFINE_RATINGS,TOTAL_TRAINING_RATINGS,NUM_TEST_RATINGS,TIME_INITIAL,TIME_REFINE,TIME_TEST,random_test_predictions_ratings,good_test_predictions_ratings,hypers,redisplay_check,arbitrary_check
0,1ba61876-1ac9-4250-b295-309f59c5778e,6.2-knn-mpc-dresses10,1.2,AFN718J1G5QXE,Completed,1,30,31,15,7.08139967918396,141.426744222641,69.30752301216125,"{107794: (0.47278352472402807, 0.5), 304576: (0.28782092578583957, 0.5), 94796: (0.13568669936520988, 0.0), 198543: (-0.01238457719525634, 0.0), 51585: (0.1540685973108452, 0.0), 278308: (-0.3395265928859972, 0.0), 120695: (-0.19157544519638747, 0.5), 190619: (0.14839185714049025, -0.5), 192104: (-1.0, -0.5), 282972: (-0.34172725660499625, 0.0)}","{198576: (0.9999999999999999, 1.0), 59903: (0.9999999999999999, 0.5), 10685: (0.9999999999999999, 1.0), 10783: (0.9999999999999999, 1.0), 11216: (0.9999999999999999, 1.0)}",{'dummy': 0.6735208142835103},"[(0.0, 0.0)]",[]
