impression,user_id,app_version,model_version,mturk_id,status,NUM_INITIAL_RATINGS,NUM_REFINE_RATINGS,TOTAL_TRAINING_RATINGS,NUM_TEST_RATINGS,TIME_INITIAL,TIME_REFINE,TIME_TEST,random_test_predictions_ratings,good_test_predictions_ratings,hypers,redisplay_check,arbitrary_check
0,d700947e-26de-4291-b540-50c1cfc6a727,6.2-knn-mpc-dresses10,1.2,AYIECNJJDE14Y,Completed,1,30,31,15,7.1877734661102295,122.47460842132568,54.913801193237305,"{150129: (-0.043672712168772304, 0.0), 319851: (-0.1648304496679006, 0.0), 63142: (-0.4351205260646407, 0.0), 246725: (-0.8455679140631241, -0.5), 279410: (-0.6578480915956794, -0.5), 235719: (-0.80803131210956, 0.5), 64824: (-0.19393339360464226, -0.5), 169728: (-0.35333262772994933, -1.0), 1749: (0.07373338726653685, 0.5), 45091: (-0.3275143013415034, 0.5)}","{312616: (0.7896187415199933, 1.0), 91647: (0.7894602519257975, 0.0), 112215: (0.7778256132319932, -1.0), 244025: (0.7664126499506364, -0.5), 98485: (0.7581360249644119, -0.5)}",{'dummy': 0.9897475433637555},"[(1.0, 1.0)]",[]
