impression,user_id,app_version,model_version,status,NUM_INITIAL_RATINGS,NUM_REFINE_RATINGS,TOTAL_TRAINING_RATINGS,NUM_TEST_RATINGS,items_shown,ratings,model_fit,history_dict,hypers,redisplay_check,arbitrary_check,hyper_history
0,0d38f3db-1e08-4863-bafc-4351d2197228,6.2-knn-mpc-dresses10,1.2,Started,1,20,21,15,"[300740, 246409, 309975, 8838, 249471, 141208, 206467, 108758, 183880, 166015, 131143, 184876, 61283, 250564, 136076, 278906, 295738, 4671, 311647, 215262, 177765]","[-0.5, -0.5, -1.0, -0.5, 0.5, -0.5, -0.5, 0.5, 0.0, 0.5, -0.5, -0.5, 0.0, 0.0, 1.0, 1.0, 0.0, 0.5, 0.5, 0.0, 0.0]","[-0.5, -0.5, -1.0, -0.5, 0.5, -0.5, -0.5, 0.5, 0.0, 0.5, -0.5, -0.5, 0.0, 0.0, 1.0, 1.0, 0.0, 0.5, 0.5, 0.0, 0.0]","{300740: (-0.5, -0.5), 246409: (-0.5, -0.5), 309975: (-1.0, -1.0), 8838: (-0.5, -0.5), 249471: (0.5, 0.5), 141208: (-0.5, -0.5), 206467: (-0.5, -0.5), 108758: (0.5, 0.5), 183880: (0.0, 0.0), 166015: (0.5, 0.5), 131143: (-0.5, -0.5), 184876: (-0.5, -0.5), 61283: (0.0, 0.0), 250564: (0.0, 0.0), 136076: (1.0, 1.0), 278906: (1.0, 1.0), 295738: (0.0, 0.0), 4671: (0.5, 0.5), 311647: (0.5, 0.5), 215262: (0.0, 0.0), 177765: (0.0, 0.0)}",{'dummy': 0.44564551352946513},"[(-1.0, -1.0)]",[],"[{'dummy': 0.030740232036238102}, {'dummy': 0.9933645761505915}, {'dummy': 0.9224717748976379}, {'dummy': 0.9598969599782092}, {'dummy': 0.5068130492601687}, {'dummy': 0.3507555569397165}, {'dummy': 0.045958652647111076}, {'dummy': 0.8076198958628305}, {'dummy': 0.6061613841725099}, {'dummy': 0.5800539187421918}, {'dummy': 0.2214544546478855}, {'dummy': 0.11927362411087528}, {'dummy': 0.5390021319376028}, {'dummy': 0.8620630714816145}, {'dummy': 0.039725268189681695}, {'dummy': 0.7077023344676227}, {'dummy': 0.078468926833698}, {'dummy': 0.8064066114847036}, {'dummy': 0.13241394191435052}, {'dummy': 0.6332800130298601}]"
