impression,user_id,app_version,model_version,mturk_id,status,NUM_INITIAL_RATINGS,NUM_REFINE_RATINGS,TOTAL_TRAINING_RATINGS,NUM_TEST_RATINGS,TIME_INITIAL,TIME_REFINE,TIME_TEST,random_test_predictions_ratings,good_test_predictions_ratings,hypers,redisplay_check,arbitrary_check
0,39efc395-4bbb-4839-b225-2609f5a753b1,6.2-knn-mpc-dresses10,1.2,A2QL10WIANBBFS,Completed,1,30,31,15,16.848987579345703,279.99964570999146,135.28377676010132,"{235944: (-0.18728497167308644, 1.0), 220868: (-1.0, 1.0), 304848: (0.34197572120133457, 1.0), 252827: (-1.0, -1.0), 75588: (-1.0, 0.0), 344: (0.37798654802715836, -1.0), 314228: (1.0, 0.0), 25974: (-1.0, -1.0), 147321: (-0.31549813026847195, -1.0), 214962: (-0.3207813010943694, -1.0)}","{140392: (1.0000000000000004, -1.0), 230088: (1.0000000000000004, -1.0), 71056: (1.0000000000000004, -1.0), 316093: (1.0000000000000002, 1.0), 47029: (1.0000000000000002, -1.0)}",{'dummy': 0.2383979098213438},"[(1.0, 1.0)]",[]
