impression,user_id,app_version,model_version,mturk_id,status,NUM_INITIAL_RATINGS,NUM_REFINE_RATINGS,TOTAL_TRAINING_RATINGS,NUM_TEST_RATINGS,TIME_INITIAL,TIME_REFINE,TIME_TEST,random_test_predictions_ratings,good_test_predictions_ratings,hypers,redisplay_check,arbitrary_check
0,105ebddd-0ff3-4a41-9ca7-ddb499073083,6.2-knn-mpc-dresses10,1.2,A3JDNGDSCE26NY,Completed,1,30,31,15,9.478618383407593,229.79639410972595,126.29721331596375,"{165062: (-0.002166485182987135, 0.5), 173311: (0.0, -0.5), 69659: (-0.03143862127121243, 1.0), 268583: (3.469446951953614e-18, -0.5), 256827: (-0.17542106143977276, -0.5), 90132: (0.3257440435534096, 0.5), 193403: (-0.08525880904478614, 1.0), 269146: (-0.33823966172542563, 0.0), 140184: (0.4798169883334546, -1.0), 104441: (-0.4831105486095882, -0.5)}","{158975: (1.0000000000000002, 1.0), 131836: (1.0000000000000002, 1.0), 131763: (1.0000000000000002, 0.5), 91338: (1.0000000000000002, 0.5), 127106: (1.0000000000000002, 0.5)}",{'dummy': 0.7268346235880263},"[(-1.0, -0.5)]",[]
