impression,user_id,app_version,model_version,mturk_id,status,NUM_INITIAL_RATINGS,NUM_REFINE_RATINGS,TOTAL_TRAINING_RATINGS,NUM_TEST_RATINGS,TIME_INITIAL,TIME_REFINE,TIME_TEST,random_test_predictions_ratings,good_test_predictions_ratings,hypers,redisplay_check,arbitrary_check
0,fec32574-cc07-404f-8a6d-1dc101a47730,6.2-knn-mpc-dresses10,1.2,AV5DCU1VH5S34,Completed,1,30,31,15,10.232428073883057,135.4706745147705,60.31310772895813,"{266474: (0.33367400850909107, 0.0), 71776: (-0.34628108195200547, 0.5), 172242: (-0.48630782352150115, 0.0), 68938: (-0.22876817260695712, 0.0), 21136: (0.15516779888639698, 0.0), 155109: (-0.04215292499627771, -0.5), 109378: (-0.1565901266667976, -1.0), 298565: (-0.3646710652553776, 0.0), 224207: (0.16688373630275757, 0.0), 162217: (-0.00032437219066520223, 0.0)}","{198267: (0.8822783786451261, 0.0), 6909: (0.875475101723353, 0.5), 192385: (0.8736067215793626, 0.0), 151123: (0.8676810111459471, 0.5), 198185: (0.8674589718775675, 0.0)}",{'dummy': 0.9075929251354641},"[(0.0, 0.0)]",[]
