impression,user_id,app_version,model_version,status,NUM_INITIAL_RATINGS,NUM_REFINE_RATINGS,TOTAL_TRAINING_RATINGS,NUM_TEST_RATINGS,items_shown,ratings,model_fit,history_dict,hypers,redisplay_check,arbitrary_check,hyper_history
0,5c5ffbb7-146a-44fb-b7a6-2be94a92c181,6.2-knn-mpc-dresses10,1.2,Started,1,20,21,15,"[68456, 63067, 7089, 38310, 5978, 110889, 148299, 302150, 173397, 287139, 63092, 68909, 154298, 319736, 7357, 212743, 121050, 16054, 252548, 316623, 289468]","[0.5, 0.5, -0.5, 0.5, -1.0, 1.0, 0.5, -0.5, 0.5, -0.5, 0.5, 0.5, 0.5, -1.0, -1.0, 0.5, 1.0, 0.5, -1.0, 0.5, 1.0]","[0.5, 0.5, -0.5, 0.5, -1.0, 0.9999999999999999, 0.5, -0.5, 0.5, -0.5, 0.5, 0.5, 0.5, -1.0, -1.0, 0.5, 0.9999999999999999, 0.5, -1.0, 0.5, 0.9999999999999999]","{68456: (0.5, 0.5), 63067: (0.5, 0.5), 7089: (-0.5, -0.5), 38310: (0.5, 0.5), 5978: (-1.0, -1.0), 110889: (0.9999999999999999, 1.0), 148299: (0.5, 0.5), 302150: (-0.5, -0.5), 173397: (0.5, 0.5), 287139: (-0.5, -0.5), 63092: (0.5, 0.5), 68909: (0.5, 0.5), 154298: (0.5, 0.5), 319736: (-1.0, -1.0), 7357: (-1.0, -1.0), 212743: (0.5, 0.5), 121050: (0.9999999999999999, 1.0), 16054: (0.5, 0.5), 252548: (-1.0, -1.0), 316623: (0.5, 0.5), 289468: (0.9999999999999999, 1.0)}",{'dummy': 0.9867415375538547},"[(0.5, -0.5)]",[],"[{'dummy': 0.7609178407907701}, {'dummy': 0.9198781233866671}, {'dummy': 0.3930132394145427}, {'dummy': 0.4487355525569663}, {'dummy': 0.4640053605122907}, {'dummy': 0.7360443931222513}, {'dummy': 0.29987494962824457}, {'dummy': 0.6322540141562373}, {'dummy': 0.1425075467174115}, {'dummy': 0.7575396016303148}, {'dummy': 0.8023268454312359}, {'dummy': 0.9463407519722141}, {'dummy': 0.053547541103755925}, {'dummy': 0.8322084793395823}, {'dummy': 0.6043905110848297}, {'dummy': 0.27790619184631504}, {'dummy': 0.5519990215839828}, {'dummy': 0.9373957104522103}, {'dummy': 0.4146889194233824}, {'dummy': 0.40538488270766593}]"
