impression,user_id,app_version,model_version,mturk_id,status,NUM_INITIAL_RATINGS,NUM_REFINE_RATINGS,TOTAL_TRAINING_RATINGS,NUM_TEST_RATINGS,TIME_INITIAL,TIME_REFINE,TIME_TEST,random_test_predictions_ratings,good_test_predictions_ratings,hypers,redisplay_check,arbitrary_check
0,98aa93c3-4da8-4368-aaa9-aaf68f631fdd,6.2-knn-mpc-dresses10,1.2,A10MMKNAZMBTEI,Completed,1,40,41,15,12.013726234436035,533.4842684268951,211.5403242111206,"{179097: (0.22665460222721825, -0.5), 11413: (0.22269322888192217, 1.0), 167159: (0.13978885387025172, 0.5), 195017: (0.10908283370051794, -0.5), 35256: (0.21534608788241263, 0.0), 300928: (0.12449067374022568, 0.5), 143743: (-0.14391378905038352, 0.5), 7585: (0.6752685374611334, 0.5), 327151: (0.4999999999999999, -0.5), 22539: (0.21891719368385115, -0.5)}","{1393: (0.8504944377833582, 0.5), 45894: (0.849660320816852, 0.5), 202406: (0.8496067052174434, 1.0), 283365: (0.8490244737523784, 0.5), 148161: (0.8488813907054775, 0.5)}",{'dummy': 0.8959440986323668},"[(0.5, -0.5)]",[]
