impression,user_id,app_version,model_version,mturk_id,status,NUM_INITIAL_RATINGS,NUM_REFINE_RATINGS,TOTAL_TRAINING_RATINGS,NUM_TEST_RATINGS,TIME_INITIAL,TIME_REFINE,TIME_TEST,random_test_predictions_ratings,good_test_predictions_ratings,hypers,redisplay_check,arbitrary_check
0,29012ef1-c66e-4827-ad45-03addf27c2b3,6.2-knn-mpc-dresses10,1.2,A770OB1ZAGJ4G,Completed,1,40,41,15,7.812326192855835,233.55506777763367,95.10898852348328,"{180428: (-0.2280399787460956, -0.5), 42677: (0.35753739081295244, 0.5), 274472: (0.32640665499541455, 0.5), 265527: (-0.36250677121197467, -1.0), 299697: (-0.18685728743870925, -0.5), 47664: (0.6637688640097115, -1.0), 12553: (0.20139520734397956, 0.5), 20349: (0.021538913958119816, 0.5), 191933: (0.34529088352267373, 1.0), 311983: (-0.3213393369763803, -0.5)}","{158247: (1.0000000000000002, 0.5), 103791: (1.0000000000000002, -0.5), 195169: (1.0000000000000002, -1.0), 213450: (1.0000000000000002, -0.5), 50724: (1.0000000000000002, 0.5)}",{'dummy': 0.12201827799124554},"[(0.5, 0.5)]",[]
