impression,user_id,app_version,model_version,mturk_id,status,NUM_INITIAL_RATINGS,NUM_REFINE_RATINGS,TOTAL_TRAINING_RATINGS,NUM_TEST_RATINGS,TIME_INITIAL,TIME_REFINE,TIME_TEST,random_test_predictions_ratings,good_test_predictions_ratings,hypers,redisplay_check,arbitrary_check
0,4f9eab18-7229-4359-878c-88521b9fecc8,6.2-knn-mpc-dresses10,1.2,A1UFSLJLCULD5V,Completed,1,30,31,15,12.665598630905151,172.44966411590576,79.01291084289551,"{259438: (-0.16215233211501834, -0.5), 227675: (-0.031031021120930077, 0.0), 289654: (-0.03070476384898302, -0.5), 107433: (0.19421347868248137, 0.0), 110260: (0.15727930368364465, 0.0), 263283: (-0.3185966690456929, 0.0), 83739: (-0.3243928943644501, 0.0), 172329: (-0.2049706925569311, 0.0), 329844: (-0.16222245548937753, 0.0), 292278: (0.16190568366516364, 0.5)}","{85333: (0.767057945037333, 0.5), 134444: (0.7420118767916307, 0.0), 267811: (0.7391271543259603, 0.5), 58527: (0.7356169583098252, 0.5), 85109: (0.7354324939538149, 0.5)}",{'dummy': 0.22761712851316052},"[(0.5, 0.5)]",[]
