impression,user_id,app_version,model_version,status,NUM_INITIAL_RATINGS,NUM_REFINE_RATINGS,TOTAL_TRAINING_RATINGS,NUM_TEST_RATINGS,items_shown,ratings,model_fit,history_dict,hypers,redisplay_check,arbitrary_check,hyper_history
0,d066f827-b5c1-4e60-ae2b-f69d8429ce6b,6.2-knn-mpc-dresses10,1.2,Started,1,20,21,15,"[206474, 103765, 125903, 133449, 288723, 48889, 118542, 314693, 30214, 276934, 36277, 284974, 145418, 325466, 273786, 262259, 4302, 273724, 39539, 328081, 110650]","[0.5, -1.0, 1.0, -1.0, -1.0, -1.0, -1.0, -1.0, 1.0, -1.0, 0.0, -1.0, 0.0, 1.0, 1.0, -1.0, 1.0, 1.0, 0.0, -1.0, -1.0]","[0.5, -1.0, 1.0, -1.0, -1.0, -1.0, -1.0, -1.0, 1.0, -1.0, 0.0, -1.0, 0.0, 1.0, 1.0, -1.0, 1.0, 1.0, 0.0, -1.0, -1.0]","{206474: (0.5, 0.5), 103765: (-1.0, -1.0), 125903: (1.0, 1.0), 133449: (-1.0, -1.0), 288723: (-1.0, -1.0), 48889: (-1.0, -1.0), 118542: (-1.0, -1.0), 314693: (-1.0, -1.0), 30214: (1.0, 1.0), 276934: (-1.0, -1.0), 36277: (0.0, 0.0), 284974: (-1.0, -1.0), 145418: (0.0, 0.0), 325466: (1.0, 1.0), 273786: (1.0, 1.0), 262259: (-1.0, -1.0), 4302: (1.0, 1.0), 273724: (1.0, 1.0), 39539: (0.0, 0.0), 328081: (-1.0, -1.0), 110650: (-1.0, -1.0)}",{'dummy': 0.15502642110940135},"[(1.0, 1.0)]",[],"[{'dummy': 0.09456940072732367}, {'dummy': 0.9581345313291934}, {'dummy': 0.3959158823303677}, {'dummy': 0.6368887622430183}, {'dummy': 0.19188927681235024}, {'dummy': 0.20780954518753691}, {'dummy': 0.11254431275495791}, {'dummy': 0.774227893494887}, {'dummy': 0.9581225331833718}, {'dummy': 0.27424503699994485}, {'dummy': 0.14333537899515003}, {'dummy': 0.7156640668303497}, {'dummy': 0.00825442007355115}, {'dummy': 0.7347016106658891}, {'dummy': 0.6678744383728499}, {'dummy': 0.8118892508846124}, {'dummy': 0.2594851987624198}, {'dummy': 0.2120540468423806}, {'dummy': 0.5463071177071828}, {'dummy': 0.5933164169655073}]"
