impression,user_id,app_version,model_version,mturk_id,status,NUM_INITIAL_RATINGS,NUM_REFINE_RATINGS,TOTAL_TRAINING_RATINGS,NUM_TEST_RATINGS,TIME_INITIAL,TIME_REFINE,TIME_TEST,random_test_predictions_ratings,good_test_predictions_ratings,hypers,redisplay_check,arbitrary_check
0,9c72ccd7-a3ab-4632-9415-7e93c077e8bf,6.2-knn-mpc-dresses10,1.2,A3V0H1DKNF9SUJ,Completed,1,40,41,15,8.529475212097168,247.93553638458252,106.45234823226929,"{55382: (-0.3311951531513348, 1.0), 118273: (-0.3266443189119535, 0.5), 259595: (-0.5076332052368524, -0.5), 234707: (-0.13612415334533753, -0.5), 92703: (-0.1711980455959222, 0.0), 59094: (-0.3564674331161849, -0.5), 260469: (-0.32796764167790116, 0.0), 158959: (-0.33636543188207585, 0.5), 44475: (0.1739714517164448, 0.0), 108857: (-0.8426764472665098, -1.0)}","{169315: (0.8942606656718515, 1.0), 169644: (0.8892738896731616, 0.5), 250609: (0.8880864170732783, 0.5), 185369: (0.8819690532218167, 0.0), 4256: (0.8817438894432388, 0.5)}",{'dummy': 0.4978942230960449},"[(-0.5, -0.5)]",[]
