impression,user_id,app_version,model_version,mturk_id,status,NUM_INITIAL_RATINGS,NUM_REFINE_RATINGS,TOTAL_TRAINING_RATINGS,NUM_TEST_RATINGS,TIME_INITIAL,TIME_REFINE,TIME_TEST,random_test_predictions_ratings,good_test_predictions_ratings,hypers,redisplay_check,arbitrary_check
0,7f58308b-3895-4d5f-a400-fd7ab4171393,6.2-knn-mpc-dresses10,1.2,A1A8X4ITIX46BU,Completed,1,20,21,15,6.226816654205322,85.55746579170227,58.61344504356384,"{15822: (0.48978278233184835, 0.0), 322408: (0.29796944906856215, 1.0), 242784: (-0.1603177260571585, 0.0), 81534: (0.36227529815440157, 1.0), 21585: (0.1868235410713794, 0.0), 139971: (0.3476753443352974, -1.0), 297759: (0.33238011762232667, 1.0), 1306: (0.3328045680375359, 0.0), 229471: (0.026464901832183436, -1.0), 201130: (-0.018191948970035392, 0.0)}","{179373: (1.0000000000000002, 0.0), 234287: (1.0000000000000002, 1.0), 307466: (1.0000000000000002, 0.5), 104916: (1.0000000000000002, 1.0), 232340: (1.0000000000000002, -0.5)}",{'dummy': 0.6199666216456915},"[(0.0, 0.0)]",[]
