impression,user_id,app_version,model_version,mturk_id,status,NUM_INITIAL_RATINGS,NUM_REFINE_RATINGS,TOTAL_TRAINING_RATINGS,NUM_TEST_RATINGS,TIME_INITIAL,TIME_REFINE,TIME_TEST,random_test_predictions_ratings,good_test_predictions_ratings,hypers,redisplay_check,arbitrary_check
0,54697842-1270-427c-a53b-9f952031712d,6.2-knn-mpc-dresses10,1.2,A2ZBNH4HMOIOM0,Completed,1,30,31,15,14.682348251342773,159.33647751808167,71.97319555282593,"{8598: (-0.28871078245126425, -1.0), 222553: (0.3921048909631638, 1.0), 187107: (0.34769716789932203, -1.0), 54288: (0.4047668190917925, -1.0), 230125: (-0.3035530860697798, 1.0), 17253: (0.390159972916573, -1.0), 85175: (0.3503594043936622, 1.0), 71122: (0.4191123386108753, 1.0), 139798: (-0.4448912464106464, 1.0), 262719: (-0.26334447294817814, -1.0)}","{14011: (1.0000000000000002, 1.0), 8177: (1.0000000000000002, -1.0), 257266: (1.0000000000000002, -1.0), 158192: (1.0000000000000002, -1.0), 8758: (1.0000000000000002, 1.0)}",{'dummy': 0.24181362841021603},"[(1.0, 1.0)]",[]
