impression,user_id,app_version,model_version,mturk_id,status,NUM_INITIAL_RATINGS,NUM_REFINE_RATINGS,TOTAL_TRAINING_RATINGS,NUM_TEST_RATINGS,TIME_INITIAL,TIME_REFINE,TIME_TEST,random_test_predictions_ratings,good_test_predictions_ratings,hypers,redisplay_check,arbitrary_check
0,858794c6-4892-4ff3-bbf4-991d52e732dc,6.2-knn-mpc-dresses10,1.2,ABNR8ID5Q3CYA,Completed,1,20,21,15,5.120607137680054,88.4314956665039,62.29703998565674,"{2027: (0.24283023669186043, 0.5), 302155: (0.16631125414271417, 0.5), 136155: (-0.2065829931548624, -0.5), 88067: (0.08688727246722257, 0.5), 170025: (-0.12860467935370531, 0.5), 88059: (-0.329624126699276, 0.0), 279756: (-0.1278371160582388, 0.5), 235290: (-0.02776442161370704, -0.5), 52170: (-0.32958076897319044, 0.5), 146607: (0.16203563533191673, -0.5)}","{32289: (0.5000000000000002, 0.5), 290360: (0.5000000000000001, 0.5), 169148: (0.5000000000000001, 0.5), 127141: (0.5000000000000001, 0.5), 21508: (0.5000000000000001, -0.5)}",{'dummy': 0.5159491000840413},"[(0.5, 0.5)]",[]
