impression,user_id,app_version,model_version,status,NUM_INITIAL_RATINGS,NUM_REFINE_RATINGS,TOTAL_TRAINING_RATINGS,NUM_TEST_RATINGS,items_shown,ratings,model_fit,history_dict,hypers,redisplay_check,arbitrary_check,hyper_history
0,5349f607-33f4-49cd-affc-925151c39ee4,6.2-knn-mpc-dresses10,1.2,Started,1,20,21,15,"[224290, 33523, 30742, 267625, 309655, 516, 277467, 301877, 48914, 176776, 248491, 66374, 132184, 204008, 261062, 328000, 199754, 316216, 203427, 137954, 254207]","[-0.5, 1.0, -0.5, 0.5, -1.0, 0.0, -0.5, 0.5, -1.0, 0.5, 1.0, -0.5, 0.5, 0.0, -0.5, -0.5, 0.5, -1.0, -0.5, 0.5, 0.0]","[-0.5, 1.0, -0.5, 0.5, -1.0, 0.0, -0.5, 0.5, -1.0, 0.5, 1.0, -0.5, 0.5, 0.0, -0.5, -0.5, 0.5, -1.0, -0.5, 0.5, 0.0]","{224290: (-0.5, -0.5), 33523: (1.0, 1.0), 30742: (-0.5, -0.5), 267625: (0.5, 0.5), 309655: (-1.0, -1.0), 516: (0.0, 0.0), 277467: (-0.5, -0.5), 301877: (0.5, 0.5), 48914: (-1.0, -1.0), 176776: (0.5, 0.5), 248491: (1.0, 1.0), 66374: (-0.5, -0.5), 132184: (0.5, 0.5), 204008: (0.0, 0.0), 261062: (-0.5, -0.5), 328000: (-0.5, -0.5), 199754: (0.5, 0.5), 316216: (-1.0, -1.0), 203427: (-0.5, -0.5), 137954: (0.5, 0.5), 254207: (0.0, 0.0)}",{'dummy': 0.7029233754365747},"[(0.5, -0.5)]",[],"[{'dummy': 0.30466613819730615}, {'dummy': 0.5848536073880394}, {'dummy': 0.72442347121409}, {'dummy': 0.8380274000645376}, {'dummy': 0.3454666882612647}, {'dummy': 0.14354090677569642}, {'dummy': 0.2908107608122916}, {'dummy': 0.8883020763959079}, {'dummy': 0.1885023613071931}, {'dummy': 0.9718349473652207}, {'dummy': 0.09755565561822355}, {'dummy': 0.17565303605430604}, {'dummy': 0.9358532764038394}, {'dummy': 0.6945815582020691}, {'dummy': 0.5391094755048463}, {'dummy': 0.7300044747391603}, {'dummy': 0.8033287210905214}, {'dummy': 0.42257962836244556}, {'dummy': 0.08708150320918218}, {'dummy': 0.17705604330258973}]"
