impression,user_id,app_version,model_version,mturk_id,status,NUM_INITIAL_RATINGS,NUM_REFINE_RATINGS,TOTAL_TRAINING_RATINGS,NUM_TEST_RATINGS,TIME_INITIAL,TIME_REFINE,TIME_TEST,random_test_predictions_ratings,good_test_predictions_ratings,hypers,redisplay_check,arbitrary_check
0,71654eda-8a3c-4eef-adf1-870de23e7980,6.2-knn-mpc-dresses10,1.2,A3FPQWLLOBU9DH,Completed,1,40,41,15,9.713265895843506,197.10924983024597,63.86651968955994,"{79876: (0.18600650732762541, 0.5), 199894: (0.08720983009832711, 0.5), 131146: (0.0061871799054385645, -0.5), 124507: (0.161009842821911, -0.5), 204670: (0.3015712380006224, -0.5), 287107: (0.17393404784475502, -0.5), 2471: (-0.00135900889609699, 1.0), 46072: (-0.16953190464670223, 0.0), 87307: (-0.16664235803581143, 0.5), 33127: (-1.734723475976807e-18, 0.5)}","{191130: (0.9041136565372516, 1.0), 194582: (0.8961399680201978, 0.5), 55089: (0.8905315626171426, -0.5), 211976: (0.8898964803015366, 0.5), 53360: (0.8874424892974071, 0.5)}",{'dummy': 0.7673990653691065},"[(1.0, 0.5)]",[]
