impression,user_id,app_version,model_version,mturk_id,status,NUM_INITIAL_RATINGS,NUM_REFINE_RATINGS,TOTAL_TRAINING_RATINGS,NUM_TEST_RATINGS,TIME_INITIAL,TIME_REFINE,TIME_TEST,random_test_predictions_ratings,good_test_predictions_ratings,hypers,redisplay_check,arbitrary_check
0,b9ae2021-f0f9-42db-9959-04e6eaede2c5,6.2-knn-mpc-dresses10,1.2,A3MUOTEFF45QLL,Completed,1,20,21,15,3.8164799213409424,90.88220071792603,64.18295407295227,"{101569: (0.239108369540479, 1.0), 328481: (-0.3205820885772758, 1.0), 275564: (-0.19152460475010272, 0.0), 95296: (-0.4436691894783915, -1.0), 18412: (-0.6994647824354695, -1.0), 133661: (-0.9999999999999998, 0.5), 52632: (-0.48879762585068554, 0.0), 90076: (0.023100159070337495, -1.0), 284623: (-0.3223334966784016, 1.0), 305448: (-0.16043363178726464, 0.0)}","{278866: (1.0000000000000002, 1.0), 301982: (1.0000000000000002, 0.5), 323957: (1.0000000000000002, 0.0), 139711: (1.0000000000000002, 1.0), 116600: (1.0000000000000002, 1.0)}",{'dummy': 0.08639709784762806},"[(1.0, 0.5)]",[]
