impression,user_id,app_version,model_version,mturk_id,status,NUM_INITIAL_RATINGS,NUM_REFINE_RATINGS,TOTAL_TRAINING_RATINGS,NUM_TEST_RATINGS,TIME_INITIAL,TIME_REFINE,TIME_TEST,random_test_predictions_ratings,good_test_predictions_ratings,hypers,redisplay_check,arbitrary_check
0,6f20690c-bb61-4f9c-8623-17be208269dc,6.2-knn-mpc-dresses10,1.2,A7QAPZ1YVA0K2,Completed,1,40,41,15,9.690939903259277,495.6047570705414,180.3238558769226,"{19592: (0.5263166672211705, 0.5), 26100: (0.21006734828588194, 0.5), 316322: (-0.8335670699434434, 0.5), 179279: (0.15929277052881718, 0.5), 151316: (-0.1554277255318496, 0.5), 36913: (0.6685667235723298, 0.5), 183370: (0.282795956125962, -1.0), 266276: (0.08460110743639243, 0.5), 82491: (0.8361790407772645, 0.5), 13828: (-0.7816516626037486, -0.5)}","{330315: (1.0000000000000002, 1.0), 124767: (1.0000000000000002, 0.5), 327655: (1.0000000000000002, 0.5), 212712: (1.0000000000000002, -0.5), 279126: (1.0000000000000002, -1.0)}",{'dummy': 0.6659145784746868},"[(-1.0, 0.5)]",[]
