impression,user_id,app_version,model_version,mturk_id,status,NUM_INITIAL_RATINGS,NUM_REFINE_RATINGS,TOTAL_TRAINING_RATINGS,NUM_TEST_RATINGS,TIME_INITIAL,TIME_REFINE,TIME_TEST,random_test_predictions_ratings,good_test_predictions_ratings,hypers,redisplay_check,arbitrary_check
0,549cd49c-8747-4068-b32d-95873c4e94b0,6.2-knn-mpc-dresses10,1.2,A2VZBQLSFZC519,Completed,1,20,21,15,5.445846080780029,114.86198019981384,87.64825582504272,"{248731: (-0.8392605902095609, 1.0), 182686: (-0.19840444820718062, -0.5), 140357: (-0.9999999999999998, -0.5), 90709: (-0.013785793695315136, -1.0), 16915: (-0.8440843151962343, 0.5), 227291: (0.04361527462405799, 0.0), 274631: (-0.5605234273916836, 0.0), 65412: (-0.9999999999999998, 0.5), 17710: (-0.9999999999999999, 0.5), 251932: (-0.3268157168415101, 0.0)}","{139499: (1.0000000000000002, 0.5), 167137: (1.0000000000000002, -0.5), 113600: (1.0000000000000002, -0.5), 245493: (1.0000000000000002, -1.0), 118417: (1.0000000000000002, -1.0)}",{'dummy': 0.48943845238473604},"[(-0.5, -0.5)]",[]
