impression,user_id,app_version,model_version,mturk_id,status,NUM_INITIAL_RATINGS,NUM_REFINE_RATINGS,TOTAL_TRAINING_RATINGS,NUM_TEST_RATINGS,TIME_INITIAL,TIME_REFINE,TIME_TEST,random_test_predictions_ratings,good_test_predictions_ratings,hypers,redisplay_check,arbitrary_check
0,0016f172-5c5b-4c45-b623-f3b4fa699b52,5.1.2-aggregated-ar-dresses10,2.0,A1IIF95II8FISQ,Completed,1,30,31,15,25.625990867614746,482.3782012462616,246.69277715682983,"{237: (0.23218262139548707, -0.19999999999999996), 484: (-0.004567120354298307, 0.0), 304: (0.1161217139838959, 0.0), 14: (0.45404271009232844, 0.6000000000000001), 317: (0.2534563966682842, 0.0), 119: (0.4159024579237049, 0.8), 261: (0.6544067728301357, 0.8), 609: (0.37939493374683575, 0.19999999999999996), 719: (0.4179106043660766, 0.3999999999999999), 380: (0.1756632498327665, 0.6000000000000001)}","{510: (0.7464757216018347, 1.0), 9: (0.7239356310329791, 1.0), 451: (0.7232848191889872, 1.0), 467: (0.7181551508473742, 0.3999999999999999), 746: (0.7136222656175799, 1.0)}","{'noise': 0.3582851696037144, 'amp': 0.5714172545679208, 'ls': 1.2095008632875088}","[(-0.19999999999999996, -0.19999999999999996)]",[]
