impression,user_id,app_version,model_version,mturk_id,status,NUM_INITIAL_RATINGS,NUM_REFINE_RATINGS,TOTAL_TRAINING_RATINGS,NUM_TEST_RATINGS,TIME_INITIAL,TIME_REFINE,TIME_TEST,random_test_predictions_ratings,good_test_predictions_ratings,hypers,redisplay_check,arbitrary_check
0,02f46a56-7663-45b2-9475-0f11cc3744f9,5.1.2-aggregated-ar-dresses10,2.0,A198MSVO1VTAT5,Completed,1,50,51,15,7.465031147003174,197.27420902252197,54.257659673690796,"{300: (-0.7737213931840623, -0.8), 518: (-0.11370655018647674, -0.19999999999999996), 356: (-0.04888481151828565, 0.19999999999999996), 136: (-0.13395366150536814, 0.19999999999999996), 63: (-0.6830007018621657, -0.6), 720: (-0.5437808404139645, -0.8), 498: (-0.25038553479223963, -0.8), 771: (-0.4345721774547386, -0.8), 538: (-0.7420050886073543, -0.8), 133: (-0.5393992205056966, -0.4)}","{631: (0.1949469278260042, 0.19999999999999996), 496: (0.16232151567821648, 0.19999999999999996), 643: (0.1497579589767959, 0.19999999999999996), 753: (0.1424703103676383, 0.19999999999999996), 272: (0.14012144601831183, 0.19999999999999996)}","{'noise': 0.3582851696037144, 'amp': 0.5714172545679208, 'ls': 1.2095008632875088}","[(-0.8, -0.8)]",[]
