impression,user_id,app_version,model_version,mturk_id,status,NUM_INITIAL_RATINGS,NUM_REFINE_RATINGS,TOTAL_TRAINING_RATINGS,NUM_TEST_RATINGS,TIME_INITIAL,TIME_REFINE,TIME_TEST,random_test_predictions_ratings,good_test_predictions_ratings,hypers,redisplay_check,arbitrary_check
0,07c2d580-8d22-4571-89b0-8c73108b7b06,5.1.2-aggregated-ar-dresses10,2.0,A3KMNX2P2QP9JU,Completed,1,50,51,15,9.643293857574463,325.77912497520447,127.22026705741882,"{589: (0.3225040253318653, 1.0), 742: (0.17668047120820823, 0.56), 554: (0.15108563766193533, 0.6000000000000001), 491: (0.6469752286166778, 1.0), 241: (0.7220684705996097, 0.8), 286: (0.4880428901949405, 0.3999999999999999), 194: (0.6823323487479035, 0.7), 5: (0.4246122095007626, 0.8), 433: (0.5657103807982058, 0.7), 386: (0.5685893474842507, 1.0)}","{129: (0.834071617138162, 0.7600000000000002), 588: (0.7710583940252993, 0.8), 751: (0.7596196432357346, 0.8), 333: (0.7496172585272722, 1.0), 115: (0.7453855596426477, 0.8)}","{'noise': 0.3582851696037144, 'amp': 0.5714172545679208, 'ls': 1.2095008632875088}","[(0.7, 1.0)]",[]
