impression,user_id,app_version,model_version,mturk_id,status,NUM_INITIAL_RATINGS,NUM_REFINE_RATINGS,TOTAL_TRAINING_RATINGS,NUM_TEST_RATINGS,TIME_INITIAL,TIME_REFINE,TIME_TEST,random_test_predictions_ratings,good_test_predictions_ratings,hypers,redisplay_check,arbitrary_check
0,09d4a828-71ae-4dbf-a871-3bb7bc26f9dd,5.1.2-aggregated-ar-dresses10,2.0,AUAAMZQJV60GM,Completed,1,30,31,15,11.727121114730835,300.2459967136383,69.2477011680603,"{593: (-0.18957299413420547, 0.0), 287: (0.08943488563128114, 0.19999999999999996), 351: (0.24255193513833398, 0.3999999999999999), 215: (0.09659353587601724, 1.0), 296: (0.3013439074003688, 0.3999999999999999), 405: (0.16865504789793226, 0.6000000000000001), 153: (-0.08707218375959452, 0.0), 119: (-0.07124206311243353, 1.0), 763: (0.03010621325604325, -0.19999999999999996), 526: (0.31327834804939125, 0.8)}","{597: (0.7477294350595296, 0.78), 608: (0.6417521914621998, 1.0), 523: (0.6405378977442345, 1.0), 605: (0.6250220368413489, 1.0), 147: (0.6165334789985069, 1.0)}","{'noise': 0.3582851696037144, 'amp': 0.5714172545679208, 'ls': 1.2095008632875088}","[(-0.19999999999999996, 0.0)]",[]
