impression,user_id,app_version,model_version,mturk_id,status,NUM_INITIAL_RATINGS,NUM_REFINE_RATINGS,TOTAL_TRAINING_RATINGS,NUM_TEST_RATINGS,TIME_INITIAL,TIME_REFINE,TIME_TEST,random_test_predictions_ratings,good_test_predictions_ratings,hypers,redisplay_check,arbitrary_check
0,0a0837e3-d43c-4dd0-871e-7e1e88482327,5.1.2-aggregated-ar-dresses10,2.0,A1BH2V5PHKZTVO,Completed,1,30,31,15,23.586008310317993,309.0853078365326,140.4167618751526,"{512: (-0.11643444440727428, 0.31999999999999984), 345: (-0.10938906385417367, 0.5), 744: (-0.20490598935340298, -0.5), 735: (-0.04698030055354747, -0.38), 303: (-0.04153379894451979, 0.7600000000000002), 391: (-0.14229897490182686, -0.19999999999999996), 148: (-0.07831767970434575, -0.4), 431: (0.03861189420074673, 0.0), 713: (-0.22225840647003556, 0.6000000000000001), 797: (-0.2501103557085609, -0.30000000000000004)}","{49: (0.23863019178399608, -0.5), 445: (0.23092809826666208, -0.11999999999999988), 40: (0.2070508949835775, 0.6800000000000002), 296: (0.1999429993896437, 0.3999999999999999), 616: (0.1968309841310672, -0.36)}","{'noise': 0.3582851696037144, 'amp': 0.5714172545679208, 'ls': 1.2095008632875088}","[(0.28, -0.19999999999999996)]",[]
