impression,user_id,app_version,model_version,mturk_id,status,NUM_INITIAL_RATINGS,NUM_REFINE_RATINGS,TOTAL_TRAINING_RATINGS,NUM_TEST_RATINGS,TIME_INITIAL,TIME_REFINE,TIME_TEST,random_test_predictions_ratings,good_test_predictions_ratings,hypers,redisplay_check,arbitrary_check
0,0a322f34-1c7f-41b3-ad44-976968a2f741,5.1.2-aggregated-ar-dresses10,2.0,A2PJPPZIDN8886,Completed,1,40,41,15,8.702066421508789,163.8298716545105,46.683544635772705,"{390: (-0.13938530189299575, -0.8), 565: (-0.5095081508969573, -0.8), 152: (-0.3956433317474008, -0.8), 734: (-0.3400347833706976, 0.0), 354: (-0.444829027709277, -0.8), 320: (-0.2076738400468452, 0.6000000000000001), 771: (-0.5812464049707604, -0.8), 176: (-0.3779100787890601, -0.8), 611: (-0.4866603590064956, -0.8), 632: (-0.428913703677096, 0.0)}","{263: (0.36803648509016695, 0.0), 523: (0.3309916789590717, 0.6000000000000001), 597: (0.2913356152428785, 0.6000000000000001), 457: (0.26774763513329314, 0.6000000000000001), 266: (0.24748155631653954, 0.6000000000000001)}","{'noise': 0.3582851696037144, 'amp': 0.5714172545679208, 'ls': 1.2095008632875088}","[(-0.8, -0.8)]",[]
