impression,user_id,app_version,model_version,mturk_id,status,NUM_INITIAL_RATINGS,NUM_REFINE_RATINGS,TOTAL_TRAINING_RATINGS,NUM_TEST_RATINGS,TIME_INITIAL,TIME_REFINE,TIME_TEST,random_test_predictions_ratings,good_test_predictions_ratings,hypers,redisplay_check,arbitrary_check
0,0ad1f113-ecac-45c7-a416-d9be32af4af2,5.1.2-aggregated-ar-dresses10,2.0,A3D7JEGMSYKCUJ,Completed,1,40,41,15,19.47031807899475,263.5903639793396,107.7474946975708,"{468: (-0.0993332772274166, -0.19999999999999996), 507: (-0.34634081818794543, -0.6), 715: (-0.24971845600269008, 0.3999999999999999), 331: (-0.19032344192089887, 0.19999999999999996), 570: (-0.2496522025565496, -0.6), 504: (-0.02698350801172464, 0.19999999999999996), 154: (-0.04121641579306674, 0.6000000000000001), 560: (-0.13977333930660552, 0.0), 467: (-0.06462658598712277, 0.6000000000000001), 380: (-0.24279616866161774, 0.0)}","{597: (0.2209061788731541, 0.3999999999999999), 523: (0.21353024657932343, 0.6000000000000001), 263: (0.1732146894341126, 0.3999999999999999), 306: (0.17144974786113318, 0.19999999999999996), 457: (0.135755862098792, 0.6000000000000001)}","{'noise': 0.3582851696037144, 'amp': 0.5714172545679208, 'ls': 1.2095008632875088}","[(-0.6, -0.6)]",[]
