impression,user_id,app_version,model_version,mturk_id,status,NUM_INITIAL_RATINGS,NUM_REFINE_RATINGS,TOTAL_TRAINING_RATINGS,NUM_TEST_RATINGS,TIME_INITIAL,TIME_REFINE,TIME_TEST,random_test_predictions_ratings,good_test_predictions_ratings,hypers,redisplay_check,arbitrary_check
0,0ba04459-45e5-4a88-88e6-618a99557c7b,5.1.2-aggregated-ar-dresses10,2.0,A3N15463MQO5VF,Completed,1,30,31,15,12.321069240570068,295.4477207660675,145.42383980751038,"{764: (-0.0014539142640660335, 0.0), 789: (0.11840421868857143, 0.19999999999999996), 21: (0.27619251802377415, 0.0), 85: (0.432279573941432, 0.0), 499: (0.34218296678006377, 0.30000000000000004), 23: (0.10599803449455122, 0.19999999999999996), 138: (0.148108544718196, 0.19999999999999996), 552: (0.07716503950305452, 0.30000000000000004), 214: (0.2745400191457992, -0.6), 159: (0.406431429296049, 0.0)}","{139: (0.5614327143924673, 0.30000000000000004), 286: (0.5159489117071636, -0.19999999999999996), 392: (0.5105842201387111, 0.6000000000000001), 97: (0.5101044221907511, -0.19999999999999996), 174: (0.4981960889829096, 0.19999999999999996)}","{'noise': 0.3582851696037144, 'amp': 0.5714172545679208, 'ls': 1.2095008632875088}","[(0.3999999999999999, 0.6000000000000001)]",[]
