impression,user_id,app_version,model_version,mturk_id,status,NUM_INITIAL_RATINGS,NUM_REFINE_RATINGS,TOTAL_TRAINING_RATINGS,NUM_TEST_RATINGS,TIME_INITIAL,TIME_REFINE,TIME_TEST,random_test_predictions_ratings,good_test_predictions_ratings,hypers,redisplay_check,arbitrary_check
0,0d099d9f-8dc8-45f2-b49c-d69848e081f8,5.1.2-aggregated-ar-dresses10,2.0,AFN718J1G5QXE,Completed,1,40,41,15,8.979659795761108,231.08495426177979,76.52994966506958,"{524: (-0.6365058079638861, -1.0), 803: (-0.1557327438989367, -1.0), 780: (-0.039935837431400306, -0.19999999999999996), 390: (-0.5383761236266309, -1.0), 20: (-0.3567567468743826, -0.19999999999999996), 760: (0.014588975169148921, 0.19999999999999996), 219: (-0.6470650229354883, -1.0), 89: (-0.5438436255939153, 0.0), 434: (-0.32689325149111187, -0.4), 695: (-0.4202682190091338, 0.0)}","{306: (0.24582471047591356, 0.3999999999999999), 597: (0.22949932528969252, 0.3999999999999999), 263: (0.22179815496584496, 0.3999999999999999), 523: (0.21454015713148872, 0.3999999999999999), 457: (0.1664352923468234, 0.3999999999999999)}","{'noise': 0.3582851696037144, 'amp': 0.5714172545679208, 'ls': 1.2095008632875088}","[(0.3999999999999999, 0.3999999999999999)]",[]
