impression,user_id,app_version,model_version,mturk_id,status,NUM_INITIAL_RATINGS,NUM_REFINE_RATINGS,TOTAL_TRAINING_RATINGS,NUM_TEST_RATINGS,TIME_INITIAL,TIME_REFINE,TIME_TEST,random_test_predictions_ratings,good_test_predictions_ratings,hypers,redisplay_check,arbitrary_check
0,0d243a9f-8054-4ae1-b3fa-19a895e1c3f1,5.1.2-aggregated-ar-dresses10,2.0,A3HH7T31PFH49C,Completed,1,40,41,15,66.02416491508484,846.3179178237915,239.42872881889343,"{93: (0.37573101354573113, 0.3999999999999999), 651: (0.43290658316982217, 0.6000000000000001), 320: (0.39562698187132045, 0.6000000000000001), 329: (0.29232580208049996, 0.5), 579: (0.2216889696645967, 0.6000000000000001), 747: (0.31934520237360403, 0.3999999999999999), 310: (0.2996076919185868, 0.7), 197: (0.2675872305155025, 0.30000000000000004), 552: (0.14173576441825492, 0.5), 104: (0.2675447620883424, 0.6000000000000001)}","{608: (0.4976780518684404, 0.6000000000000001), 398: (0.49132950559229194, 0.7), 188: (0.47981518222833563, 0.30000000000000004), 174: (0.4740476230237214, 0.5), 1: (0.4720566243244101, 0.6000000000000001)}","{'noise': 0.3582851696037144, 'amp': 0.5714172545679208, 'ls': 1.2095008632875088}","[(0.5, 0.6000000000000001)]",[]
