impression,user_id,app_version,model_version,mturk_id,status,NUM_INITIAL_RATINGS,NUM_REFINE_RATINGS,TOTAL_TRAINING_RATINGS,NUM_TEST_RATINGS,TIME_INITIAL,TIME_REFINE,TIME_TEST,random_test_predictions_ratings,good_test_predictions_ratings,hypers,redisplay_check,arbitrary_check
0,0dbbc5ff-2a14-4478-a916-01bcbf5cc3f1,5.1.2-aggregated-ar-dresses10,2.0,AWVR9PJNNI9U3,Completed,1,40,41,15,9.213531494140625,186.37624979019165,36.02885985374451,"{1: (-0.0791108866458139, 0.0), 224: (-0.15095683172200314, 0.0), 185: (0.04498561754606553, 0.19999999999999996), 495: (-0.06560969681606862, 0.3999999999999999), 128: (-0.08376107690866451, -0.19999999999999996), 274: (0.018801489183768748, 0.19999999999999996), 773: (-0.022875709904100407, 0.0), 46: (0.0824164377636663, 0.19999999999999996), 638: (-0.04374445621493329, 0.19999999999999996), 571: (-0.1696801150934854, 0.3999999999999999)}","{643: (0.24056626104844947, 0.19999999999999996), 374: (0.19829685859851304, 0.19999999999999996), 656: (0.19279130315554963, 0.6000000000000001), 161: (0.18498329423157722, 0.3999999999999999), 386: (0.18332376891733365, 0.6000000000000001)}","{'noise': 0.3582851696037144, 'amp': 0.5714172545679208, 'ls': 1.2095008632875088}","[(0.3999999999999999, 0.6000000000000001)]",[]
