impression,user_id,app_version,model_version,mturk_id,status,NUM_INITIAL_RATINGS,NUM_REFINE_RATINGS,TOTAL_TRAINING_RATINGS,NUM_TEST_RATINGS,TIME_INITIAL,TIME_REFINE,TIME_TEST,random_test_predictions_ratings,good_test_predictions_ratings,hypers,redisplay_check,arbitrary_check
0,0f15b24e-9131-4e5f-ad45-c75941ba1d36,5.1.2-aggregated-ar-dresses10,2.0,A1TCY2MOSS9OHB,Completed,1,20,21,15,9.847292423248291,182.87989735603333,142.01328992843628,"{300: (-0.025845862540056178, 0.3999999999999999), 474: (0.22015487515776244, -0.6), 213: (0.21987781948810092, 0.19999999999999996), 557: (0.28303794548090216, 0.6000000000000001), 99: (-0.0026580385857346515, 0.3999999999999999), 339: (-0.12221841647046905, 0.3999999999999999), 308: (0.12875475454100416, 0.8), 195: (0.16314495959811354, 0.19999999999999996), 209: (0.07398146433288931, 0.3999999999999999), 186: (0.059058136102947086, 0.19999999999999996)}","{785: (0.3829748918166936, 0.3999999999999999), 370: (0.3717203767055086, 0.19999999999999996), 588: (0.3583456540934173, 0.19999999999999996), 627: (0.3583137099245381, -0.4), 367: (0.35733459032616777, 0.3999999999999999)}","{'noise': 0.3582851696037144, 'amp': 0.5714172545679208, 'ls': 1.2095008632875088}","[(0.3999999999999999, 0.3999999999999999)]",[]
