impression,user_id,app_version,model_version,mturk_id,status,NUM_INITIAL_RATINGS,NUM_REFINE_RATINGS,TOTAL_TRAINING_RATINGS,NUM_TEST_RATINGS,TIME_INITIAL,TIME_REFINE,TIME_TEST,random_test_predictions_ratings,good_test_predictions_ratings,hypers,redisplay_check,arbitrary_check
0,1174b1a5-9f52-4751-8499-04fcd8fda727,5.1.2-aggregated-ar-dresses10,2.0,A35PWBK41TF8DB,Completed,1,30,31,15,22.439730882644653,242.6619257926941,124.5782105922699,"{55: (-0.3749302661556495, 0.19999999999999996), 285: (-0.36782742334572077, -0.4), 231: (-0.2893210845778249, -0.6), 774: (0.011854292623695499, 0.6000000000000001), 488: (-0.3862567684172614, 0.3999999999999999), 261: (-0.17164923914746325, 0.3999999999999999), 563: (-0.15343003002110708, 0.3999999999999999), 181: (-0.031954852616614335, 0.8), 209: (-0.35040292501799825, -0.6), 395: (-0.21272353644409192, -0.19999999999999996)}","{578: (0.2299837446906715, 1.0), 457: (0.1707956662447696, 1.0), 515: (0.1625132943789828, 0.8), 398: (0.15718241155538648, 1.0), 263: (0.15686121037866585, 0.19999999999999996)}","{'noise': 0.3582851696037144, 'amp': 0.5714172545679208, 'ls': 1.2095008632875088}","[(-0.6, -0.6)]",[]
