impression,user_id,app_version,model_version,mturk_id,status,NUM_INITIAL_RATINGS,NUM_REFINE_RATINGS,TOTAL_TRAINING_RATINGS,NUM_TEST_RATINGS,TIME_INITIAL,TIME_REFINE,TIME_TEST,random_test_predictions_ratings,good_test_predictions_ratings,hypers,redisplay_check,arbitrary_check
0,1278b76a-63ea-4702-b7e4-afc24ae64f31,5.1.2-aggregated-ar-dresses10,2.0,A31XUQFSE7CCZX,Completed,1,50,51,15,12.805860042572021,584.6374671459198,185.08465576171875,"{92: (-0.728400299472209, -0.98), 233: (-0.42054953712402665, 0.0), 454: (-0.4566267749123396, -0.98), 39: (-0.4973846681535373, -0.6), 531: (-0.2073697962132615, 0.19999999999999996), 586: (-0.17891755201788484, 0.0), 93: (-0.3890103354076373, -0.09999999999999998), 345: (-0.45914812163498675, 0.3999999999999999), 385: (-0.6210131569903906, -0.6), 29: (-0.6236081229974422, -0.19999999999999996)}","{362: (0.3505221336950793, 0.8), 386: (0.29256401293602763, 0.0), 533: (0.2819575748936532, -0.19999999999999996), 18: (0.27540497928189356, 0.0), 139: (0.2676816518053085, -0.9)}","{'noise': 0.3582851696037144, 'amp': 0.5714172545679208, 'ls': 1.2095008632875088}","[(-0.6, -0.6)]",[]
