impression,user_id,app_version,model_version,mturk_id,status,NUM_INITIAL_RATINGS,NUM_REFINE_RATINGS,TOTAL_TRAINING_RATINGS,NUM_TEST_RATINGS,TIME_INITIAL,TIME_REFINE,TIME_TEST,random_test_predictions_ratings,good_test_predictions_ratings,hypers,redisplay_check,arbitrary_check
0,13f7591f-aaa5-48d0-ac4c-956e0d412c2f,5.1.2-aggregated-ar-dresses10,2.0,A9G7LHA14B6K3,Completed,1,30,31,15,17.655158758163452,291.048691034317,147.48142075538635,"{735: (-0.15278994778378832, -0.19999999999999996), 653: (-0.08970926856914735, 0.0), 284: (-0.000620106106285833, 0.0), 759: (-0.10226877770917193, -0.19999999999999996), 701: (-0.14261250367034153, -0.19999999999999996), 171: (-0.06507554061686535, -0.19999999999999996), 414: (-0.09313090802118035, -0.19999999999999996), 551: (-0.16912020335454034, -0.4), 737: (-0.08238971294475135, -0.19999999999999996), 579: (-0.04932322356521606, 0.0)}","{811: (0.049279966253539594, 0.19999999999999996), 263: (0.048823232936456185, 0.0), 392: (0.047846904378421776, -0.19999999999999996), 504: (0.04623023582971873, 0.0), 425: (0.044728478679249534, 0.19999999999999996)}","{'noise': 0.3582851696037144, 'amp': 0.5714172545679208, 'ls': 1.2095008632875088}","[(0.19999999999999996, 0.19999999999999996)]",[]
