impression,user_id,app_version,model_version,mturk_id,status,NUM_INITIAL_RATINGS,NUM_REFINE_RATINGS,TOTAL_TRAINING_RATINGS,NUM_TEST_RATINGS,TIME_INITIAL,TIME_REFINE,TIME_TEST,random_test_predictions_ratings,good_test_predictions_ratings,hypers,redisplay_check,arbitrary_check
0,15b6a002-4342-4650-aa87-4539384aedf8,5.1.2-aggregated-ar-dresses10,2.0,A1WSCND5HZZV5N,Completed,1,30,31,15,9.973990440368652,133.20108914375305,62.06267857551575,"{266: (-0.2526750351932857, 0.0), 308: (-0.22355701402931852, 0.0), 604: (-0.26399472828940956, 0.19999999999999996), 54: (-0.431200183270359, -0.6), 579: (0.02026515415446911, 1.0), 22: (-0.0068692210149598545, 0.0), 414: (-0.049432942856324505, 0.6000000000000001), 611: (0.03580843481716585, 0.3999999999999999), 564: (-0.3062431808575327, 0.3999999999999999), 345: (0.03351120408265136, 1.0)}","{25: (0.49399534953498647, 0.8), 471: (0.4102540956001115, 0.8), 612: (0.4073747041897495, 0.8), 306: (0.3686697165382367, 0.3999999999999999), 269: (0.31555390240640435, 0.0)}","{'noise': 0.3582851696037144, 'amp': 0.5714172545679208, 'ls': 1.2095008632875088}","[(0.3999999999999999, 0.6000000000000001)]",[]
