impression,user_id,app_version,model_version,mturk_id,status,NUM_INITIAL_RATINGS,NUM_REFINE_RATINGS,TOTAL_TRAINING_RATINGS,NUM_TEST_RATINGS,TIME_INITIAL,TIME_REFINE,TIME_TEST,random_test_predictions_ratings,good_test_predictions_ratings,hypers,redisplay_check,arbitrary_check
0,160b0c08-fe80-4176-92ef-e8a3bc238976,5.1.2-aggregated-ar-dresses10,2.0,A1VZ47Y8HF8EKQ,Completed,1,40,41,15,16.790849685668945,319.30748677253723,125.42875027656555,"{241: (-0.11295006392441605, 0.0), 375: (-0.32646948907548384, 0.0), 664: (-0.11385056195858899, 1.0), 604: (-0.18631972451256984, 0.0), 348: (-0.15035284531801568, 0.19999999999999996), 502: (-0.36222942171402905, 0.19999999999999996), 636: (-0.454225803884262, -0.6), 736: (-0.45700758726579194, -0.4), 785: (-0.22226843495609672, 0.19999999999999996), 310: (-0.20939667901282244, -0.4)}","{208: (0.08137046644732952, 0.0), 9: (0.07272544417620377, 0.19999999999999996), 714: (0.0724434493280995, 0.3999999999999999), 665: (0.05968192539018959, -0.19999999999999996), 624: (0.05649549467153174, 0.8)}","{'noise': 0.3582851696037144, 'amp': 0.5714172545679208, 'ls': 1.2095008632875088}","[(0.19999999999999996, 0.0)]",[]
