impression,user_id,app_version,model_version,mturk_id,status,NUM_INITIAL_RATINGS,NUM_REFINE_RATINGS,TOTAL_TRAINING_RATINGS,NUM_TEST_RATINGS,TIME_INITIAL,TIME_REFINE,TIME_TEST,random_test_predictions_ratings,good_test_predictions_ratings,hypers,redisplay_check,arbitrary_check
0,164c9dfa-51e6-4b90-ab33-33c209d57e1e,5.1.2-aggregated-ar-dresses10,2.0,A3NP9DYSUW5DN,Completed,1,50,51,15,15.47238540649414,358.2350127696991,92.62005257606506,"{415: (-0.693583858280535, 0.6000000000000001), 311: (0.09971400811113092, -0.4), 789: (-0.18287235709059285, -0.09999999999999998), 454: (-0.5603972376002699, -1.0), 518: (-0.5511434129272617, 0.3999999999999999), 547: (-0.3250955248161278, -1.0), 136: (0.05729089390067223, -1.0), 140: (-0.3818130270054017, -0.6), 71: (-0.13994887324176647, -0.6), 303: (-0.13055189612183538, -0.09999999999999998)}","{362: (0.3010173901944136, -0.6), 739: (0.208546244999178, -0.30000000000000004), 139: (0.1914772878771576, -0.8), 386: (0.15925629605803993, -1.0), 46: (0.15855935272465327, -1.0)}","{'noise': 0.3582851696037144, 'amp': 0.5714172545679208, 'ls': 1.2095008632875088}","[(-0.6, -0.6)]",[]
