impression,user_id,app_version,model_version,mturk_id,status,NUM_INITIAL_RATINGS,NUM_REFINE_RATINGS,TOTAL_TRAINING_RATINGS,NUM_TEST_RATINGS,TIME_INITIAL,TIME_REFINE,TIME_TEST,random_test_predictions_ratings,good_test_predictions_ratings,hypers,redisplay_check,arbitrary_check
0,16ffc7b3-6fc1-486d-bb37-28b457ed12ac,5.1.2-aggregated-ar-dresses10,2.0,A375OH1S7FO7L8,Completed,1,40,41,15,18.52972984313965,150.17439675331116,68.83231592178345,"{164: (0.2816873324204552, 0.3999999999999999), 311: (0.4654791935451429, 0.6000000000000001), 786: (0.2478671403093877, 0.6000000000000001), 102: (0.3106664590670996, 0.6000000000000001), 585: (0.3159312546017248, 0.19999999999999996), 516: (0.08088410296169868, 0.3999999999999999), 780: (0.3602618685790876, 0.6000000000000001), 775: (0.17591255860302785, 0.6000000000000001), 155: (0.16197247409897564, 0.0), 432: (0.145629723616449, 0.0)}","{290: (0.7155173527120283, 0.6000000000000001), 336: (0.6883689711665809, 0.6000000000000001), 193: (0.6879240460024206, 1.0), 297: (0.6522667419973551, 0.8), 404: (0.6478546457563198, 0.3999999999999999)}","{'noise': 0.3582851696037144, 'amp': 0.5714172545679208, 'ls': 1.2095008632875088}","[(0.6000000000000001, 0.6000000000000001)]",[]
