impression,user_id,app_version,model_version,mturk_id,status,NUM_INITIAL_RATINGS,NUM_REFINE_RATINGS,TOTAL_TRAINING_RATINGS,NUM_TEST_RATINGS,TIME_INITIAL,TIME_REFINE,TIME_TEST,random_test_predictions_ratings,good_test_predictions_ratings,hypers,redisplay_check,arbitrary_check
0,1aa7bdf3-df39-426d-a6c3-205cc106f168,5.1.2-aggregated-ar-dresses10,2.0,AAASQIW3J32OL,Completed,1,40,41,15,7.053112506866455,193.01835417747498,82.7845528125763,"{675: (0.06139097140470386, 0.3999999999999999), 558: (0.05379106013805902, 0.0), 30: (0.09803166750113286, -0.4), 692: (0.13524101190506896, 0.3999999999999999), 125: (0.02289859454390257, -0.4), 602: (0.2834096702848315, 0.19999999999999996), 303: (0.06956527989033917, 0.6000000000000001), 68: (0.12289979743073727, 0.19999999999999996), 160: (0.05374065449101329, 0.3999999999999999), 637: (0.1440739210726997, 0.7)}","{677: (0.3245536590906939, 0.5), 514: (0.32384509621613095, 0.10000000000000009), 406: (0.31251202902908204, 0.10000000000000009), 573: (0.3122985924163064, 0.19999999999999996), 547: (0.3102716424655994, 0.0)}","{'noise': 0.3582851696037144, 'amp': 0.5714172545679208, 'ls': 1.2095008632875088}","[(0.30000000000000004, 0.7)]",[]
