impression,user_id,app_version,model_version,mturk_id,status,NUM_INITIAL_RATINGS,NUM_REFINE_RATINGS,TOTAL_TRAINING_RATINGS,NUM_TEST_RATINGS,TIME_INITIAL,TIME_REFINE,TIME_TEST,random_test_predictions_ratings,good_test_predictions_ratings,hypers,redisplay_check,arbitrary_check
0,1c08a938-4926-4220-a042-d523295368a6,5.1.2-aggregated-ar-dresses10,2.0,A22PT6K5XNIFLA,Completed,1,50,51,15,13.365241289138794,325.41334199905396,83.16778016090393,"{529: (0.703573833875327, 0.8), 474: (0.6853041339440793, 0.8), 49: (0.6880210174401346, 0.8999999999999999), 122: (0.6328901623956864, 0.7), 238: (0.7109012539857174, 0.6000000000000001), 16: (0.6837086902287763, 0.6000000000000001), 493: (0.7041136364150771, 0.8), 733: (0.7148975011241063, 0.6000000000000001), 748: (0.7077672306243957, 0.7), 303: (0.6519575940802945, 0.7)}","{799: (0.7482416832502373, 0.8), 318: (0.7454316067096426, 0.8), 574: (0.7453159004581433, 0.6000000000000001), 8: (0.7441694835698396, 0.6000000000000001), 340: (0.7412953863579363, 0.8)}","{'noise': 0.3582851696037144, 'amp': 0.5714172545679208, 'ls': 1.2095008632875088}","[(0.8, 0.6000000000000001)]",[]
