impression,user_id,app_version,model_version,mturk_id,status,NUM_INITIAL_RATINGS,NUM_REFINE_RATINGS,TOTAL_TRAINING_RATINGS,NUM_TEST_RATINGS,TIME_INITIAL,TIME_REFINE,TIME_TEST,random_test_predictions_ratings,good_test_predictions_ratings,hypers,redisplay_check,arbitrary_check
0,1c51c862-1005-4a21-81f5-ed3036b25b3d,5.1.2-aggregated-ar-dresses10,2.0,A3CFNUD7VR2E1E,Completed,1,40,41,15,12.287271976470947,339.5020081996918,111.78156185150146,"{667: (0.13407842785369137, -0.6), 608: (0.08270232972612067, 0.0), 726: (0.09926313309069792, 0.0), 202: (0.018401741567355058, 0.19999999999999996), 452: (-0.16798124363460343, -0.4), 341: (-0.3343205383978388, -0.8), 57: (0.04788731042701422, -0.19999999999999996), 714: (-0.10506361548291054, 0.19999999999999996), 298: (-0.20051901380401596, -0.19999999999999996), 537: (-0.47484350967673317, -0.6)}","{523: (0.3993329953281602, 0.8), 129: (0.39232437869622094, 0.8), 751: (0.3712546685330666, 0.8), 597: (0.3401728720012811, 0.6000000000000001), 581: (0.33485427007645496, 0.0)}","{'noise': 0.3582851696037144, 'amp': 0.5714172545679208, 'ls': 1.2095008632875088}","[(0.8, 0.8)]",[]
