impression,user_id,app_version,model_version,mturk_id,status,NUM_INITIAL_RATINGS,NUM_REFINE_RATINGS,TOTAL_TRAINING_RATINGS,NUM_TEST_RATINGS,TIME_INITIAL,TIME_REFINE,TIME_TEST,random_test_predictions_ratings,good_test_predictions_ratings,hypers,redisplay_check,arbitrary_check
0,1d1e75cb-b5d6-4359-bb32-10a38693b6d0,5.1.2-aggregated-ar-dresses10,2.0,AIZ2WT5GUCS0E,Completed,1,30,31,15,8.984850406646729,146.20882749557495,70.63192081451416,"{747: (-0.09483722760719838, -0.19999999999999996), 289: (0.0774677661069667, 0.19999999999999996), 69: (0.10793170737201745, -0.19999999999999996), 575: (-0.3323940469265745, -0.19999999999999996), 71: (0.16690250202546159, 0.3999999999999999), 258: (-0.026517156098076464, 0.19999999999999996), 332: (0.09388929304828211, 0.19999999999999996), 185: (-0.08538961211270173, 0.19999999999999996), 112: (-0.1014256098642039, 0.0), 391: (0.2203038608208828, 0.6000000000000001)}","{311: (0.41729370182031567, 0.3999999999999999), 32: (0.41079516224888746, 0.8), 495: (0.40709817828623496, 0.0), 108: (0.40053218595612367, 0.6000000000000001), 803: (0.39801500862860123, 0.3999999999999999)}","{'noise': 0.3582851696037144, 'amp': 0.5714172545679208, 'ls': 1.2095008632875088}","[(0.19999999999999996, 0.19999999999999996)]",[]
