impression,user_id,app_version,model_version,mturk_id,status,NUM_INITIAL_RATINGS,NUM_REFINE_RATINGS,TOTAL_TRAINING_RATINGS,NUM_TEST_RATINGS,TIME_INITIAL,TIME_REFINE,TIME_TEST,random_test_predictions_ratings,good_test_predictions_ratings,hypers,redisplay_check,arbitrary_check
0,1dc8251e-3b6b-4cd0-aee1-25f95fd312fc,5.1.2-aggregated-ar-dresses10,2.0,AAM0Q3DCSSQ0A,Completed,1,30,31,15,12.642925024032593,253.7292456626892,106.86911606788635,"{233: (-0.35809794777889414, -0.64), 229: (0.4086957178047124, 0.8600000000000001), 769: (0.05010619493683459, -0.38), 35: (0.345535179640864, 0.72), 297: (0.30774124638458883, 0.14000000000000012), 636: (0.4731414599555083, -0.7), 575: (0.2803756168683279, 0.7399999999999998), 269: (0.12269188474620149, -0.45999999999999996), 708: (0.31656515653806866, 0.7600000000000002), 516: (-0.2178158903941263, -0.84)}","{496: (0.6740426571414796, 0.6399999999999999), 779: (0.6677168017611909, 0.3400000000000001), 631: (0.6661955826695222, 0.8999999999999999), 613: (0.6529659853844337, 0.7399999999999998), 374: (0.6181292612482484, 0.06000000000000005)}","{'noise': 0.3582851696037144, 'amp': 0.5714172545679208, 'ls': 1.2095008632875088}","[(-0.78, -0.84)]",[]
