impression,user_id,app_version,model_version,mturk_id,status,NUM_INITIAL_RATINGS,NUM_REFINE_RATINGS,TOTAL_TRAINING_RATINGS,NUM_TEST_RATINGS,TIME_INITIAL,TIME_REFINE,TIME_TEST,random_test_predictions_ratings,good_test_predictions_ratings,hypers,redisplay_check,arbitrary_check
0,1f394a48-07a7-4c05-9757-fe967ed93c34,5.1.2-aggregated-ar-dresses10,2.0,A2IYPQ837SSC0L,Completed,1,50,51,15,6.910631418228149,228.45048189163208,80.11634492874146,"{275: (-0.02195244711256102, -0.19999999999999996), 205: (-0.1282585972116169, -0.4), 404: (-0.2392294935864352, -0.19999999999999996), 123: (0.07350466462373928, 0.3999999999999999), 230: (-0.01103951525771335, -0.6), 767: (-0.22131923411279705, 0.19999999999999996), 610: (0.10232987002577908, 0.0), 637: (-0.10137471950044658, -1.0), 544: (-0.01672061878030567, 0.19999999999999996), 75: (-0.02860681776852511, 0.0)}","{523: (0.32241068070865836, -0.6), 420: (0.30467486325215454, -0.6), 12: (0.2972592810697455, 0.8), 154: (0.28174882872132184, 0.8), 67: (0.2791334534176094, 0.19999999999999996)}","{'noise': 0.3582851696037144, 'amp': 0.5714172545679208, 'ls': 1.2095008632875088}","[(0.19999999999999996, 0.0)]",[]
