impression,user_id,app_version,model_version,mturk_id,status,NUM_INITIAL_RATINGS,NUM_REFINE_RATINGS,TOTAL_TRAINING_RATINGS,NUM_TEST_RATINGS,TIME_INITIAL,TIME_REFINE,TIME_TEST,random_test_predictions_ratings,good_test_predictions_ratings,hypers,redisplay_check,arbitrary_check
0,22b5b4f8-9430-4bc0-954f-0cf2419dfe55,5.1.2-aggregated-ar-dresses10,2.0,A25F4VG7W3BTWV,Completed,1,20,21,15,8.459145307540894,115.08200812339783,52.23801350593567,"{738: (0.08916364707809075, 0.6000000000000001), 336: (0.002189897851056021, 0.6000000000000001), 135: (-0.08126686280132929, 0.0), 283: (0.1863230791089168, 0.6000000000000001), 551: (-0.19947628886341415, 0.3999999999999999), 628: (-0.04840982331465177, 0.3999999999999999), 780: (-0.07831375914701917, 0.6000000000000001), 460: (-0.22987318372628013, 0.0), 709: (0.0271982779033775, 0.0), 333: (0.0968794800836064, 0.6000000000000001)}","{234: (0.37081540573681526, 0.3999999999999999), 208: (0.3410291061531918, 0.3999999999999999), 18: (0.3374801935773957, 0.0), 664: (0.33114078212707215, 0.3999999999999999), 769: (0.32916405858054665, 0.3999999999999999)}","{'noise': 0.3582851696037144, 'amp': 0.5714172545679208, 'ls': 1.2095008632875088}","[(0.6000000000000001, 0.3999999999999999)]",[]
