impression,user_id,app_version,model_version,mturk_id,status,NUM_INITIAL_RATINGS,NUM_REFINE_RATINGS,TOTAL_TRAINING_RATINGS,NUM_TEST_RATINGS,TIME_INITIAL,TIME_REFINE,TIME_TEST,random_test_predictions_ratings,good_test_predictions_ratings,hypers,redisplay_check,arbitrary_check
0,22d7a329-33f1-4564-af4e-279991d9246f,5.1.2-aggregated-ar-dresses10,2.0,A149EP9GKNX4J0,Completed,1,50,51,15,24.320844411849976,570.9217088222504,126.30087947845459,"{353: (-0.2150860636453344, 0.0), 690: (-0.02182562585352246, -0.19999999999999996), 592: (-0.04437973073300764, 0.0), 189: (-0.13280284431694736, -0.19999999999999996), 663: (0.11796655344985912, 0.19999999999999996), 562: (-0.021614863646788614, 0.19999999999999996), 344: (0.12557816303656033, 0.19999999999999996), 58: (0.02444274572005562, -0.4), 583: (-0.2144728374358491, -0.19999999999999996), 294: (-0.17479371371405047, -0.19999999999999996)}","{457: (0.25411132018406984, 0.3999999999999999), 533: (0.2531823055955154, 0.3999999999999999), 263: (0.24486881770768873, 0.19999999999999996), 369: (0.2062408376611331, 0.0), 18: (0.20056914257065678, 0.0)}","{'noise': 0.3582851696037144, 'amp': 0.5714172545679208, 'ls': 1.2095008632875088}","[(0.0, 0.0)]",[]
