impression,user_id,app_version,model_version,mturk_id,status,NUM_INITIAL_RATINGS,NUM_REFINE_RATINGS,TOTAL_TRAINING_RATINGS,NUM_TEST_RATINGS,TIME_INITIAL,TIME_REFINE,TIME_TEST,random_test_predictions_ratings,good_test_predictions_ratings,hypers,redisplay_check,arbitrary_check
0,23afbe74-8abe-4a24-929c-d9ec7cb22dc4,5.1.2-aggregated-ar-dresses10,2.0,A2QIWWNL33VJ3J,Completed,1,30,31,15,7.945350885391235,180.81491565704346,88.16672992706299,"{112: (-0.5168734473760611, -0.8), 16: (-0.20626228452873935, 0.19999999999999996), 350: (-0.5085066165279328, -0.8), 174: (-0.36986310686423446, -0.8), 426: (-0.1982230683039745, -0.19999999999999996), 763: (-0.35092941577963976, 0.19999999999999996), 411: (-0.2694081973832923, -0.19999999999999996), 525: (-0.6064354486459932, 0.0), 119: (-0.5361763081571193, -0.8), 560: (-0.5452597738558529, -0.8)}","{60: (0.10312625666805814, 0.3999999999999999), 93: (0.10001572551173726, 0.0), 267: (0.09753983689165532, -0.4), 676: (0.09403488611696753, 0.0), 461: (0.0939361006566749, -0.4)}","{'noise': 0.3582851696037144, 'amp': 0.5714172545679208, 'ls': 1.2095008632875088}","[(-0.19999999999999996, 0.19999999999999996)]",[]
