impression,user_id,app_version,model_version,mturk_id,status,NUM_INITIAL_RATINGS,NUM_REFINE_RATINGS,TOTAL_TRAINING_RATINGS,NUM_TEST_RATINGS,TIME_INITIAL,TIME_REFINE,TIME_TEST,random_test_predictions_ratings,good_test_predictions_ratings,hypers,redisplay_check,arbitrary_check
0,23dfe1c8-19cc-4295-81d6-a5e24d98c7c1,5.1.2-aggregated-ar-dresses10,2.0,APAJPQPDPFGYA,Completed,1,30,31,15,16.209707260131836,250.81695795059204,136.60893726348877,"{179: (-0.24803107462234228, -0.4), 374: (-0.2256801734547217, -0.4), 117: (-0.4848646094958757, -0.8), 651: (-0.2879153804463388, -0.19999999999999996), 174: (-0.274414169843843, -0.4), 55: (-0.4654351060883836, -0.4), 402: (-0.230189364418426, 0.0), 606: (-0.046972345233143635, -0.4), 11: (-0.3523084028087117, -0.4), 505: (-0.3639096690231722, -0.19999999999999996)}","{543: (0.024214591301493088, 0.0), 406: (0.014187306522775035, -0.6), 247: (0.013052211346841132, -0.4), 242: (0.0037684649982027297, -0.6), 632: (-0.014694967137797256, -0.4)}","{'noise': 0.3582851696037144, 'amp': 0.5714172545679208, 'ls': 1.2095008632875088}","[(-0.6, -0.4)]",[]
