impression,user_id,app_version,model_version,mturk_id,status,NUM_INITIAL_RATINGS,NUM_REFINE_RATINGS,TOTAL_TRAINING_RATINGS,NUM_TEST_RATINGS,TIME_INITIAL,TIME_REFINE,TIME_TEST,random_test_predictions_ratings,good_test_predictions_ratings,hypers,redisplay_check,arbitrary_check
0,26034d29-e7ee-446f-ba5e-fbfa7da616fb,5.1.2-aggregated-ar-dresses10,2.0,A32GQGD6EUJGDJ,Completed,1,30,31,15,11.976585388183594,210.10625505447388,87.83852934837341,"{278: (0.4252724447666738, 0.0), 386: (0.24037857967886117, 0.19999999999999996), 85: (0.09249351487843308, -0.6), 394: (0.06453247402906248, -0.6), 220: (0.4611753293438028, 0.6000000000000001), 234: (0.3361062611246364, 0.3999999999999999), 807: (0.2851758702667898, 0.3999999999999999), 371: (0.27003929419949746, 0.6000000000000001), 712: (0.31237754561049536, 0.8), 311: (0.40475108023098433, 0.19999999999999996)}","{290: (0.5698271909769126, 0.6000000000000001), 147: (0.558100142561564, 0.19999999999999996), 179: (0.5531067038040054, 0.0), 137: (0.5440614280753703, 0.6000000000000001), 338: (0.543433943436137, 0.3999999999999999)}","{'noise': 0.3582851696037144, 'amp': 0.5714172545679208, 'ls': 1.2095008632875088}","[(-0.6, -0.6)]",[]
