impression,user_id,app_version,model_version,mturk_id,status,NUM_INITIAL_RATINGS,NUM_REFINE_RATINGS,TOTAL_TRAINING_RATINGS,NUM_TEST_RATINGS,TIME_INITIAL,TIME_REFINE,TIME_TEST,random_test_predictions_ratings,good_test_predictions_ratings,hypers,redisplay_check,arbitrary_check
0,27d014a9-c61d-4a64-9ba6-9194bc69e66c,5.1.2-aggregated-ar-dresses10,2.0,A222GZB608T1B8,Completed,1,20,21,15,12.435593366622925,119.68795371055603,69.47617530822754,"{356: (-0.16108254276813647, -0.4), 237: (-0.2060961419696233, -0.4), 163: (-0.20922493615799764, -0.4), 706: (0.16955714164297925, 0.3999999999999999), 441: (-0.12360799593032665, 0.3999999999999999), 789: (-0.11164201766616655, -0.4), 534: (0.003651983834158319, -0.19999999999999996), 709: (-0.24671788753178647, -0.4), 692: (-0.08765693985719247, 0.3999999999999999), 499: (0.30918304308645894, 0.3999999999999999)}","{455: (0.3680533772992589, 0.6000000000000001), 380: (0.3433234505811034, 0.3999999999999999), 803: (0.3338101825119635, 0.6000000000000001), 806: (0.329640394676557, 0.6000000000000001), 364: (0.31133378672263784, -0.4)}","{'noise': 0.3582851696037144, 'amp': 0.5714172545679208, 'ls': 1.2095008632875088}","[(0.6000000000000001, 0.6000000000000001)]",[]
