impression,user_id,app_version,model_version,mturk_id,status,NUM_INITIAL_RATINGS,NUM_REFINE_RATINGS,TOTAL_TRAINING_RATINGS,NUM_TEST_RATINGS,TIME_INITIAL,TIME_REFINE,TIME_TEST,random_test_predictions_ratings,good_test_predictions_ratings,hypers,redisplay_check,arbitrary_check
0,27eecc94-2a8b-477e-b01e-20c1b7d14636,5.1.2-aggregated-ar-dresses10,2.0,A3NQKW26TOT2TM,Completed,1,40,41,15,8.252480745315552,169.65473532676697,58.856462478637695,"{589: (-0.04563390654113732, -0.6), 488: (-0.30662026430687306, 0.0), 496: (-0.13500559929154649, 0.19999999999999996), 56: (-0.14504778702660273, 0.19999999999999996), 130: (-0.5250587972138604, -0.8), 441: (-0.5764850995092208, -1.0), 450: (-0.1712560681282455, -1.0), 603: (-0.4084481629239173, -0.8), 177: (-0.009021022735522424, -0.4), 588: (-0.06837556122125354, -0.8)}","{732: (0.2981263550063132, 0.0), 44: (0.2975227499752845, -0.19999999999999996), 241: (0.2747194791019577, 0.0), 174: (0.2635661890142576, -0.6), 706: (0.24383790594507349, 0.0)}","{'noise': 0.3582851696037144, 'amp': 0.5714172545679208, 'ls': 1.2095008632875088}","[(0.0, 0.0)]",[]
