impression,user_id,app_version,model_version,mturk_id,status,NUM_INITIAL_RATINGS,NUM_REFINE_RATINGS,TOTAL_TRAINING_RATINGS,NUM_TEST_RATINGS,TIME_INITIAL,TIME_REFINE,TIME_TEST,random_test_predictions_ratings,good_test_predictions_ratings,hypers,redisplay_check,arbitrary_check
0,28ac95bf-57c7-474c-8b1f-bfdb6a83dbb0,5.1.2-aggregated-ar-dresses10,2.0,A3HKZDM8Z0IMUY,Completed,1,20,21,15,12.3988778591156,114.9794602394104,98.47930121421814,"{158: (0.16304234484253158, 0.7399999999999998), 637: (-0.1788383297212342, 0.020000000000000018), 722: (0.20273106399793536, 0.56), 458: (-0.206271566037021, -0.30000000000000004), 684: (0.06881930821078115, 0.5), 414: (-0.3944087033962922, -0.040000000000000036), 429: (-0.45268295179280355, -0.54), 338: (-0.2587606048506757, 0.3400000000000001), 762: (-0.02499662109268728, 0.56), 576: (-0.26145557750712145, 0.30000000000000004)}","{544: (0.37474532507460334, 0.5), 86: (0.3468416719199654, 0.5800000000000001), 240: (0.3313200659559188, -0.30000000000000004), 469: (0.3239968796629764, 0.56), 123: (0.2992214041871831, 0.52)}","{'noise': 0.3582851696037144, 'amp': 0.5714172545679208, 'ls': 1.2095008632875088}","[(0.52, 0.56)]",[]
