impression,user_id,app_version,model_version,mturk_id,status,NUM_INITIAL_RATINGS,NUM_REFINE_RATINGS,TOTAL_TRAINING_RATINGS,NUM_TEST_RATINGS,TIME_INITIAL,TIME_REFINE,TIME_TEST,random_test_predictions_ratings,good_test_predictions_ratings,hypers,redisplay_check,arbitrary_check
0,297a3f9e-a614-4faa-83eb-7784e85e211d,5.1.2-aggregated-ar-dresses10,2.0,AO71E3MTYDM8L,Completed,1,50,51,15,13.080591678619385,244.69542622566223,63.92196774482727,"{7: (-0.5297934684638397, -0.8), 39: (-0.026826996736044134, 0.6000000000000001), 38: (-0.17684852712523788, 0.0), 452: (-0.4281812820524017, -0.4), 49: (-0.7014705628793225, -1.0), 257: (-0.21279991934433157, -0.19999999999999996), 237: (-0.6155106830143536, -1.0), 752: (-0.5050851140582917, -0.8), 93: (0.12115074039942494, -0.4), 48: (-0.17246593557280615, -0.19999999999999996)}","{427: (0.2787427092285949, 0.6000000000000001), 201: (0.23219723353217475, -0.8), 439: (0.21985701162695553, -0.6), 700: (0.18700932602164697, 0.6000000000000001), 195: (0.17765309506398985, 0.3999999999999999)}","{'noise': 0.3582851696037144, 'amp': 0.5714172545679208, 'ls': 1.2095008632875088}","[(-1.0, -1.0)]",[]
