impression,user_id,app_version,model_version,mturk_id,status,NUM_INITIAL_RATINGS,NUM_REFINE_RATINGS,TOTAL_TRAINING_RATINGS,NUM_TEST_RATINGS,TIME_INITIAL,TIME_REFINE,TIME_TEST,random_test_predictions_ratings,good_test_predictions_ratings,hypers,redisplay_check,arbitrary_check
0,297fe6b6-46f0-4867-9da1-c55df2ba8c5b,5.1.2-aggregated-ar-dresses10,2.0,APWC4169OVTM8,Completed,1,40,41,15,14.753962278366089,196.80179023742676,109.19822549819946,"{103: (-0.9848351459872391, -0.94), 270: (-0.981770081470124, -1.0), 229: (-0.9863051583793292, -1.0), 765: (-0.9901406649786871, -1.0), 237: (-0.9933932102501897, -1.0), 526: (-1.0032065392850487, -1.0), 805: (-0.9746733263513306, -1.0), 530: (-0.9846262411233017, -0.92), 440: (-0.9780785741536913, -0.96), 219: (-0.9932689225256062, -1.0)}","{465: (-0.9565795639718769, -1.0), 139: (-0.965300574161217, -1.0), 365: (-0.9656255341973935, -1.0), 608: (-0.9666006215963455, -1.0), 412: (-0.9672588639962603, -0.98)}","{'noise': 0.3582851696037144, 'amp': 0.5714172545679208, 'ls': 1.2095008632875088}","[(-1.0, -1.0)]",[]
