impression,user_id,app_version,model_version,mturk_id,status,NUM_INITIAL_RATINGS,NUM_REFINE_RATINGS,TOTAL_TRAINING_RATINGS,NUM_TEST_RATINGS,TIME_INITIAL,TIME_REFINE,TIME_TEST,random_test_predictions_ratings,good_test_predictions_ratings,hypers,redisplay_check,arbitrary_check
0,29e95d2a-d372-47b2-ae83-dd8527da63d0,5.1.2-aggregated-ar-dresses10,2.0,A32GGHVM2WI33B,Completed,1,50,51,15,8.269787311553955,232.02414894104004,65.62420606613159,"{422: (-0.06570619062920938, -0.6), 148: (-0.07729849737330502, -0.4), 303: (-0.2895180443733741, -0.4), 732: (0.14591080953053087, 0.6000000000000001), 260: (0.07545162625664648, 0.19999999999999996), 579: (-0.05752912398423811, 0.3999999999999999), 54: (-0.20366774892954737, -0.19999999999999996), 555: (-0.07595976257209919, 0.6000000000000001), 37: (-0.2566826555267532, -0.4), 50: (-0.36217590774216657, -0.6)}","{597: (0.3468539381770834, 0.8), 769: (0.23940217953199727, 0.0), 323: (0.22873495386638631, 0.3999999999999999), 1: (0.2150372178482357, 0.19999999999999996), 398: (0.20919141196129304, 0.6000000000000001)}","{'noise': 0.3582851696037144, 'amp': 0.5714172545679208, 'ls': 1.2095008632875088}","[(-0.8, -0.6)]",[]
