impression,user_id,app_version,model_version,mturk_id,status,NUM_INITIAL_RATINGS,NUM_REFINE_RATINGS,TOTAL_TRAINING_RATINGS,NUM_TEST_RATINGS,TIME_INITIAL,TIME_REFINE,TIME_TEST,random_test_predictions_ratings,good_test_predictions_ratings,hypers,redisplay_check,arbitrary_check
0,2a1c1a34-e966-4400-951b-0be9e9c7b253,5.1.2-aggregated-ar-dresses10,2.0,A25B548FUCQD04,Completed,1,40,41,15,12.303680896759033,254.4113576412201,74.52901029586792,"{477: (-0.33920410661556133, -0.19999999999999996), 350: (-0.16706470343587262, -0.9), 483: (0.0012226358569670318, 0.19999999999999996), 430: (-0.02642264746837171, 0.3999999999999999), 321: (0.200124361776012, 0.6000000000000001), 726: (-0.15059392237782707, 0.0), 108: (0.42311740152765137, 0.8), 362: (0.46743867359282154, 0.6000000000000001), 67: (0.035598784851743615, -0.4), 450: (0.038916498305269456, -0.4)}","{585: (0.6536794142649722, 0.8), 263: (0.6260317442370975, 0.6000000000000001), 141: (0.6255654020192174, 0.8), 457: (0.6185593288503578, 1.0), 166: (0.6020652176471494, 0.0)}","{'noise': 0.3582851696037144, 'amp': 0.5714172545679208, 'ls': 1.2095008632875088}","[(0.0, 0.6000000000000001)]",[]
