impression,user_id,app_version,model_version,mturk_id,status,NUM_INITIAL_RATINGS,NUM_REFINE_RATINGS,TOTAL_TRAINING_RATINGS,NUM_TEST_RATINGS,TIME_INITIAL,TIME_REFINE,TIME_TEST,random_test_predictions_ratings,good_test_predictions_ratings,hypers,redisplay_check,arbitrary_check
0,2ac3edca-ecb8-4023-9ccb-ffd18a51ec3c,5.1.2-aggregated-ar-dresses10,2.0,A3DDD8MWVKSQL,Completed,1,20,21,15,16.523078203201294,168.06816387176514,142.6317105293274,"{31: (-0.5384506909607794, -0.6), 757: (-0.4609392004347913, 0.0), 725: (-0.24442000109257692, -0.4), 466: (-0.2794072404462467, -0.4), 197: (-0.31359497229384514, -0.19999999999999996), 462: (-0.3645158344565461, -0.6), 787: (-0.461256547354786, -0.6), 1: (-0.13326348613763359, -0.4), 560: (-0.45069203239738537, -0.6), 408: (-0.4608022071455371, -0.6)}","{597: (-0.024905652752787444, 0.3999999999999999), 523: (-0.051076479503889965, -0.4), 558: (-0.05455333583683879, -0.19999999999999996), 651: (-0.06718954587381343, 0.6000000000000001), 263: (-0.07157307234428609, -0.19999999999999996)}","{'noise': 0.3582851696037144, 'amp': 0.5714172545679208, 'ls': 1.2095008632875088}","[(-0.4, -0.4)]",[]
