impression,user_id,app_version,model_version,mturk_id,status,NUM_INITIAL_RATINGS,NUM_REFINE_RATINGS,TOTAL_TRAINING_RATINGS,NUM_TEST_RATINGS,TIME_INITIAL,TIME_REFINE,TIME_TEST,random_test_predictions_ratings,good_test_predictions_ratings,hypers,redisplay_check,arbitrary_check
0,2cbee2d2-c405-4293-b1d2-792314be95b2,5.1.2-aggregated-ar-dresses10,2.0,AKHKMEPXX1YZ9,Completed,1,20,21,15,8.84501338005066,102.4483597278595,76.16105055809021,"{32: (0.3208801014898879, 0.3999999999999999), 621: (-0.14000854473007357, -0.19999999999999996), 231: (-0.5025272427541629, -0.8), 698: (-0.012748213063342626, -0.8), 0: (0.03862149618739669, 0.3999999999999999), 804: (0.2014426873590766, -0.6), 799: (0.276032781712481, 0.8), 11: (0.06978090943813715, 0.6000000000000001), 487: (-0.1514041299710672, 0.0), 250: (0.2581532609752094, 0.3999999999999999)}","{545: (0.46500048849421616, 0.3999999999999999), 139: (0.4427047033296303, 0.6000000000000001), 721: (0.4046108751126987, 0.19999999999999996), 480: (0.4023796449344649, 0.3999999999999999), 174: (0.3906975082398007, 0.3999999999999999)}","{'noise': 0.3582851696037144, 'amp': 0.5714172545679208, 'ls': 1.2095008632875088}","[(-0.19999999999999996, 0.3999999999999999)]",[]
