impression,user_id,app_version,model_version,mturk_id,status,NUM_INITIAL_RATINGS,NUM_REFINE_RATINGS,TOTAL_TRAINING_RATINGS,NUM_TEST_RATINGS,TIME_INITIAL,TIME_REFINE,TIME_TEST,random_test_predictions_ratings,good_test_predictions_ratings,hypers,redisplay_check,arbitrary_check
0,2ee168c8-4c84-45f8-996d-478add44b21c,5.1.2-aggregated-ar-dresses10,2.0,A23WTODPHXZ68Y,Completed,1,50,51,15,11.721273183822632,431.72332763671875,174.7336699962616,"{704: (0.23854101572444894, 0.19999999999999996), 185: (0.4719837009568976, 0.48), 579: (0.35915892908002883, 0.8800000000000001), 675: (0.1360042474892448, -0.19999999999999996), 696: (0.5996802558696406, 0.78), 152: (0.15156707741026054, -0.38), 783: (0.35983922701208637, 0.45999999999999996), 76: (0.0009627355953828742, -0.5), 808: (0.6106745241909387, 0.78), 688: (0.41032299085257146, 0.78)}","{290: (0.8205164998000417, 0.94), 147: (0.7667115068624717, 0.8800000000000001), 682: (0.7497613474730551, 0.8199999999999998), 608: (0.7495588020945938, 0.5800000000000001), 597: (0.7185751162511871, 0.5)}","{'noise': 0.3582851696037144, 'amp': 0.5714172545679208, 'ls': 1.2095008632875088}","[(0.19999999999999996, 0.19999999999999996)]",[]
