impression,user_id,app_version,model_version,mturk_id,status,NUM_INITIAL_RATINGS,NUM_REFINE_RATINGS,TOTAL_TRAINING_RATINGS,NUM_TEST_RATINGS,TIME_INITIAL,TIME_REFINE,TIME_TEST,random_test_predictions_ratings,good_test_predictions_ratings,hypers,redisplay_check,arbitrary_check
0,2faafefe-70bf-4449-8be2-32d077fed330,5.1.2-aggregated-ar-dresses10,2.0,A74IW1OD4R9QS,Completed,1,30,31,15,107.86545610427856,181.34237933158875,746.4144616127014,"{432: (0.27937280133073905, 1.0), 187: (-0.3256569548806511, 0.0), 748: (-0.42351797548107756, 0.0), 22: (-0.32780416441653865, 0.0), 278: (0.11574058484245206, 0.0), 479: (-0.3707267923704708, -0.8), 297: (0.164137777032469, 0.8), 281: (0.018333911863228608, 0.3999999999999999), 310: (0.12874690272819078, -1.0), 733: (0.15873837775255353, 0.6000000000000001)}","{60: (0.6586316598272691, 0.8), 747: (0.5539914836533076, 0.8), 315: (0.5012998254771799, 0.8), 682: (0.49460535172426556, 0.6000000000000001), 423: (0.48361187922488835, 1.0)}","{'noise': 0.3582851696037144, 'amp': 0.5714172545679208, 'ls': 1.2095008632875088}","[(0.19999999999999996, 0.0)]",[]
