impression,user_id,app_version,model_version,mturk_id,status,NUM_INITIAL_RATINGS,NUM_REFINE_RATINGS,TOTAL_TRAINING_RATINGS,NUM_TEST_RATINGS,TIME_INITIAL,TIME_REFINE,TIME_TEST,random_test_predictions_ratings,good_test_predictions_ratings,hypers,redisplay_check,arbitrary_check
0,3083f256-2dcc-4d7b-9934-9c44babef309,5.1.2-aggregated-ar-dresses10,2.0,A1UXSPA640D4HZ,Completed,1,40,41,15,12.284251689910889,232.52380633354187,59.13766813278198,"{687: (-0.17637500128978198, 0.3999999999999999), 283: (-0.019460730299806796, 0.19999999999999996), 473: (-0.16256523505730927, -0.19999999999999996), 185: (-0.12242140222943222, -0.4), 135: (-0.18040181426972324, -0.4), 162: (-0.0683357090399249, 0.3999999999999999), 298: (-0.23101575550637832, -0.6), 652: (-0.07418731574114656, 0.3999999999999999), 402: (-0.08144252192269298, 0.6000000000000001), 492: (-0.04525296911684308, -0.19999999999999996)}","{49: (0.12218147243818155, 0.19999999999999996), 263: (0.10621525844146662, -0.19999999999999996), 311: (0.1034935980972862, 0.6000000000000001), 18: (0.10116011752584148, 0.3999999999999999), 296: (0.09965040722542601, 0.6000000000000001)}","{'noise': 0.3582851696037144, 'amp': 0.5714172545679208, 'ls': 1.2095008632875088}","[(-0.4, -0.4)]",[]
