impression,user_id,app_version,model_version,mturk_id,status,NUM_INITIAL_RATINGS,NUM_REFINE_RATINGS,TOTAL_TRAINING_RATINGS,NUM_TEST_RATINGS,TIME_INITIAL,TIME_REFINE,TIME_TEST,random_test_predictions_ratings,good_test_predictions_ratings,hypers,redisplay_check,arbitrary_check
0,31ab085a-3812-42e4-8f8a-c09c45681a61,5.1.2-aggregated-ar-dresses10,2.0,A25BUC3EXB6FNO,Completed,1,40,41,15,21.920380353927612,478.6490406990051,146.49298191070557,"{252: (0.6994343479538065, 0.7), 561: (0.19078795887779454, -0.30000000000000004), 719: (0.5563014857616417, 0.6000000000000001), 77: (0.6538819984250551, 1.0), 540: (0.5977053911531967, 0.8600000000000001), 338: (0.4796379915689347, 1.0), 466: (0.4099345414284887, 0.52), 648: (0.42976175058067934, 0.5), 72: (0.40065756938819824, 0.6000000000000001), 11: (0.4352257827847051, 0.5)}","{272: (0.86189110383268, 0.72), 12: (0.850223766287848, 1.0), 289: (0.8466383741041716, 0.7399999999999998), 172: (0.8338431086060704, 0.8199999999999998), 95: (0.8305036771537598, 0.7)}","{'noise': 0.3582851696037144, 'amp': 0.5714172545679208, 'ls': 1.2095008632875088}","[(-0.4, -0.30000000000000004)]",[]
