impression,user_id,app_version,model_version,mturk_id,status,NUM_INITIAL_RATINGS,NUM_REFINE_RATINGS,TOTAL_TRAINING_RATINGS,NUM_TEST_RATINGS,TIME_INITIAL,TIME_REFINE,TIME_TEST,random_test_predictions_ratings,good_test_predictions_ratings,hypers,redisplay_check,arbitrary_check
0,31ffd758-646a-4755-85c2-32684f980ac9,5.1.2-aggregated-ar-dresses10,2.0,AGBW9W637YQ6C,Completed,1,30,31,15,7.642485857009888,167.5626790523529,49.59528923034668,"{709: (-0.25891706507768486, 0.3999999999999999), 84: (-0.41058611914323606, 0.0), 353: (-0.22631559701266932, -0.4), 807: (-0.28122001255466694, 0.6000000000000001), 616: (-0.15770684017879893, -0.19999999999999996), 384: (-0.15130875748124348, 0.6000000000000001), 336: (0.04672757989188524, 1.0), 111: (-0.08336188243698625, -0.4), 70: (-0.29263695199457884, -0.4), 745: (0.06823541335415129, 0.3999999999999999)}","{153: (0.37737319663771335, 1.0), 289: (0.36537966065278427, 1.0), 519: (0.35801950632432405, 1.0), 780: (0.31640231918929823, 1.0), 639: (0.31159639675552764, 0.19999999999999996)}","{'noise': 0.3582851696037144, 'amp': 0.5714172545679208, 'ls': 1.2095008632875088}","[(1.0, 1.0)]",[]
