impression,user_id,app_version,model_version,mturk_id,status,NUM_INITIAL_RATINGS,NUM_REFINE_RATINGS,TOTAL_TRAINING_RATINGS,NUM_TEST_RATINGS,TIME_INITIAL,TIME_REFINE,TIME_TEST,random_test_predictions_ratings,good_test_predictions_ratings,hypers,redisplay_check,arbitrary_check
0,342162bd-5689-4cd4-98d4-ce0a93a46856,5.1.2-aggregated-ar-dresses10,2.0,A15UZVA0DPEBPG,Completed,1,30,31,15,15.302990913391113,161.2917284965515,74.4810791015625,"{473: (0.029360471154569526, -0.19999999999999996), 717: (-0.05912580932192768, 0.3999999999999999), 661: (0.23465538085106197, 0.0), 611: (0.21297085492902496, 0.3999999999999999), 648: (0.15407262407092123, 0.19999999999999996), 492: (-0.0014666913267341961, 0.0), 130: (0.17257748034836456, 0.0), 471: (0.013143004596227206, 0.3999999999999999), 353: (-0.06228576829313317, 0.0), 361: (0.06608101135484848, 0.8)}","{737: (0.47904595798609956, 0.3999999999999999), 404: (0.43316629164361964, 0.6000000000000001), 224: (0.425777574958603, 0.3999999999999999), 556: (0.4233529679530282, 0.0), 59: (0.41598010510122774, 0.6000000000000001)}","{'noise': 0.3582851696037144, 'amp': 0.5714172545679208, 'ls': 1.2095008632875088}","[(0.0, 0.0)]",[]
