impression,user_id,app_version,model_version,mturk_id,status,NUM_INITIAL_RATINGS,NUM_REFINE_RATINGS,TOTAL_TRAINING_RATINGS,NUM_TEST_RATINGS,TIME_INITIAL,TIME_REFINE,TIME_TEST,random_test_predictions_ratings,good_test_predictions_ratings,hypers,redisplay_check,arbitrary_check
0,34e4e1f5-4671-49d9-8aef-344c3b5a6802,5.1.2-aggregated-ar-dresses10,2.0,ALAOEYIYW0CW7,Completed,1,20,21,15,17.74647545814514,325.90881729125977,151.41589999198914,"{281: (0.2264425824491632, -0.19999999999999996), 662: (0.17427304380448938, 0.0), 188: (0.041163790203792516, -0.19999999999999996), 734: (0.14335210316559505, -0.19999999999999996), 679: (0.09094488536234623, -0.19999999999999996), 463: (0.07164515655110285, 0.19999999999999996), 321: (0.08136396165746923, 0.3999999999999999), 678: (-0.011660791982104124, 0.3999999999999999), 480: (0.26130223822811, 0.0), 213: (0.06003924710410917, 0.0)}","{530: (0.31972304566719045, 0.6000000000000001), 312: (0.31874186859230486, 0.19999999999999996), 98: (0.3142299358422636, 0.3999999999999999), 668: (0.29695868874700904, -0.4), 143: (0.29326445553004254, 0.3999999999999999)}","{'noise': 0.3582851696037144, 'amp': 0.5714172545679208, 'ls': 1.2095008632875088}","[(0.19999999999999996, 0.0)]",[]
