impression,user_id,app_version,model_version,mturk_id,status,NUM_INITIAL_RATINGS,NUM_REFINE_RATINGS,TOTAL_TRAINING_RATINGS,NUM_TEST_RATINGS,TIME_INITIAL,TIME_REFINE,TIME_TEST,random_test_predictions_ratings,good_test_predictions_ratings,hypers,redisplay_check,arbitrary_check
0,36c336c9-948a-4c3b-ac50-d247d299437f,5.1.2-aggregated-ar-dresses10,2.0,A1WXKJZ2QSPY,Completed,1,20,21,15,6.049312114715576,101.41116452217102,106.77910590171814,"{42: (0.18487767980397896, 0.8), 170: (0.016705540778177357, 0.0), 344: (0.5112965209666196, 0.8), 114: (0.28194338234614436, 0.6000000000000001), 590: (-0.006390393547798648, -0.19999999999999996), 708: (0.292866310613636, -0.19999999999999996), 690: (0.15922746123394046, 0.3999999999999999), 330: (-0.005917046023208736, -0.19999999999999996), 642: (0.19102738757001603, 0.6000000000000001), 553: (0.15138849870181328, -0.4)}","{105: (0.6664285306118348, 0.3999999999999999), 153: (0.6417629114214891, 0.6000000000000001), 720: (0.6378740568085787, 0.8), 625: (0.6294624663109368, 0.6000000000000001), 53: (0.6242683709850425, 0.3999999999999999)}","{'noise': 0.3582851696037144, 'amp': 0.5714172545679208, 'ls': 1.2095008632875088}","[(-0.4, -0.19999999999999996)]",[]
