impression,user_id,app_version,model_version,mturk_id,status,NUM_INITIAL_RATINGS,NUM_REFINE_RATINGS,TOTAL_TRAINING_RATINGS,NUM_TEST_RATINGS,TIME_INITIAL,TIME_REFINE,TIME_TEST,random_test_predictions_ratings,good_test_predictions_ratings,hypers,redisplay_check,arbitrary_check
0,375b35f3-9228-4c48-b234-9f0b59c4125e,5.1.2-aggregated-ar-dresses10,2.0,AC5PVOOS79W2B,Completed,1,40,41,15,8.787633180618286,174.51856589317322,57.06469225883484,"{44: (0.12317352438096965, -0.19999999999999996), 775: (-0.24491941663060796, -0.6), 466: (-0.25365318365080713, -0.4), 94: (-0.1543660790008108, -0.4), 198: (-0.18410747512792613, -0.6), 349: (0.028446281608634078, 0.19999999999999996), 396: (-0.10913318406601027, -0.4), 660: (-0.21079354090383196, 0.3999999999999999), 776: (-0.2381309566162783, -0.4), 303: (0.1418376756767553, 0.6000000000000001)}","{613: (0.25732801211203615, 0.6000000000000001), 67: (0.2413687344198848, 0.0), 751: (0.2410185089621446, 0.0), 420: (0.23124128174947214, 0.0), 355: (0.22151949151275213, 0.3999999999999999)}","{'noise': 0.3582851696037144, 'amp': 0.5714172545679208, 'ls': 1.2095008632875088}","[(-0.19999999999999996, 0.0)]",[]
