impression,user_id,app_version,model_version,mturk_id,status,NUM_INITIAL_RATINGS,NUM_REFINE_RATINGS,TOTAL_TRAINING_RATINGS,NUM_TEST_RATINGS,TIME_INITIAL,TIME_REFINE,TIME_TEST,random_test_predictions_ratings,good_test_predictions_ratings,hypers,redisplay_check,arbitrary_check
0,38057ab0-0f29-40d1-bc01-39c4c31057b2,5.1.2-aggregated-ar-dresses10,2.0,A35TBQAL6Q8O02,Completed,1,20,21,15,6.845347881317139,55.84763813018799,49.72278118133545,"{736: (-0.5792301537366817, -0.19999999999999996), 587: (-0.4909442318546059, -0.4), 131: (-0.6431198161926008, -0.8), 338: (-0.2636317752226455, -0.19999999999999996), 158: (-0.5330869185163407, -0.8), 687: (-0.40161844515368, -0.8), 43: (-0.5834092473016611, -0.4), 218: (-0.18640783760387802, -0.4), 745: (-0.514325389095511, -0.19999999999999996), 470: (-0.6765761317418608, -0.8)}","{178: (-0.12184621258455991, 0.6000000000000001), 811: (-0.14199291703214428, 0.19999999999999996), 78: (-0.14871635579730838, -0.4), 663: (-0.1598027662271234, -0.8), 179: (-0.16250507313131599, 0.19999999999999996)}","{'noise': 0.3582851696037144, 'amp': 0.5714172545679208, 'ls': 1.2095008632875088}","[(-0.6, -0.8)]",[]
