impression,user_id,app_version,model_version,mturk_id,status,NUM_INITIAL_RATINGS,NUM_REFINE_RATINGS,TOTAL_TRAINING_RATINGS,NUM_TEST_RATINGS,TIME_INITIAL,TIME_REFINE,TIME_TEST,random_test_predictions_ratings,good_test_predictions_ratings,hypers,redisplay_check,arbitrary_check
0,3a318cf7-1d19-4549-812d-a06c7fa98196,5.1.2-aggregated-ar-dresses10,2.0,A2AH0SKMFGJ5AO,Completed,1,30,31,15,5.6768317222595215,118.2822322845459,53.916905879974365,"{158: (0.025486296267687062, 0.6000000000000001), 202: (0.0202992027742042, 0.19999999999999996), 454: (-0.08942947435700378, 0.8), 87: (-0.007047075784859734, 0.19999999999999996), 708: (0.06695821599433552, 0.3999999999999999), 259: (0.030816117327827318, 0.3999999999999999), 334: (-0.10077363901797642, 0.0), 82: (0.19279155457765362, -0.19999999999999996), 162: (0.12083106072355956, 0.0), 85: (-0.09256901147113153, 0.19999999999999996)}","{234: (0.5288199175808301, 0.3999999999999999), 27: (0.5072228444364308, 0.3999999999999999), 56: (0.5064399127808471, 0.8), 65: (0.4743771114572304, 0.6000000000000001), 705: (0.46326664766687325, 0.6000000000000001)}","{'noise': 0.3582851696037144, 'amp': 0.5714172545679208, 'ls': 1.2095008632875088}","[(0.6000000000000001, 0.3999999999999999)]",[]
