impression,user_id,app_version,model_version,mturk_id,status,NUM_INITIAL_RATINGS,NUM_REFINE_RATINGS,TOTAL_TRAINING_RATINGS,NUM_TEST_RATINGS,TIME_INITIAL,TIME_REFINE,TIME_TEST,random_test_predictions_ratings,good_test_predictions_ratings,hypers,redisplay_check,arbitrary_check
0,3a637722-1638-4372-9435-07e716dd32f5,5.1.2-aggregated-ar-dresses10,2.0,A9J48W1C9IZAI,Completed,1,50,51,15,5.407854080200195,217.9415466785431,62.98191857337952,"{99: (-0.16193555910218707, -0.19999999999999996), 283: (0.12523585104013493, 0.8), 365: (0.08597212855446361, 0.19999999999999996), 684: (0.3690288976919358, 0.6000000000000001), 764: (0.0815738300913019, -0.4), 170: (0.21013767062979918, 0.3999999999999999), 448: (-0.08109968108802579, -0.19999999999999996), 807: (-0.17438138112549606, -0.19999999999999996), 297: (0.45910315832436527, 0.6000000000000001), 207: (0.24972100208148662, 0.5)}","{49: (0.6268991876859776, 0.8), 785: (0.5634070667078274, 0.19999999999999996), 32: (0.5529283311784958, 0.3999999999999999), 18: (0.5478941293191464, 0.6000000000000001), 578: (0.5411250245197764, 0.6000000000000001)}","{'noise': 0.3582851696037144, 'amp': 0.5714172545679208, 'ls': 1.2095008632875088}","[(0.8, 0.6000000000000001)]",[]
