impression,user_id,app_version,model_version,mturk_id,status,NUM_INITIAL_RATINGS,NUM_REFINE_RATINGS,TOTAL_TRAINING_RATINGS,NUM_TEST_RATINGS,TIME_INITIAL,TIME_REFINE,TIME_TEST,random_test_predictions_ratings,good_test_predictions_ratings,hypers,redisplay_check,arbitrary_check
0,3ab3b15b-8233-4596-a224-2dfb8505dd61,5.1.2-aggregated-ar-dresses10,2.0,A18V6RXKP4CQP,Completed,1,20,21,15,8.017598152160645,87.57082653045654,45.33387351036072,"{58: (-0.03025011876420773, -0.19999999999999996), 16: (-0.027835143924124645, 0.0), 30: (-0.1231102831449302, -0.4), 344: (0.009746526963437113, 0.0), 483: (0.03836668483188581, 0.0), 477: (-0.04796294384205135, -0.4), 620: (0.10537949344510575, 0.3999999999999999), 721: (-0.03916953738928526, -0.19999999999999996), 357: (0.07668005309152646, 0.0), 377: (0.012455187823849023, 0.0)}","{118: (0.2601741009890626, 0.0), 599: (0.24707762082794005, 0.19999999999999996), 138: (0.24164303909607543, 0.0), 557: (0.23264448818730885, -0.19999999999999996), 510: (0.231991219776374, 0.3999999999999999)}","{'noise': 0.3582851696037144, 'amp': 0.5714172545679208, 'ls': 1.2095008632875088}","[(-0.19999999999999996, 0.0)]",[]
