impression,user_id,app_version,model_version,mturk_id,status,NUM_INITIAL_RATINGS,NUM_REFINE_RATINGS,TOTAL_TRAINING_RATINGS,NUM_TEST_RATINGS,TIME_INITIAL,TIME_REFINE,TIME_TEST,random_test_predictions_ratings,good_test_predictions_ratings,hypers,redisplay_check,arbitrary_check
0,3af8f2d7-a9b3-41e8-b2ed-bdf8debc5f0c,5.1.2-aggregated-ar-dresses10,2.0,A2YB18JHC2C7GF,Completed,1,40,41,15,13.039649724960327,361.6320765018463,119.77891135215759,"{131: (0.509902569720249, 0.0), 585: (0.44291610306490065, 0.3400000000000001), 303: (0.3864643057071238, 0.08000000000000007), 511: (0.3628118247066429, 0.30000000000000004), 796: (0.526202703540327, 0.6199999999999999), 788: (0.6194042853634807, 0.6000000000000001), 313: (0.5563188717159866, -0.05999999999999994), 130: (0.4717592476094826, 0.8999999999999999), 384: (0.3300790621724382, 0.06000000000000005), 425: (0.3410768970970404, -0.11999999999999988)}","{392: (0.8312925840661082, 0.5800000000000001), 444: (0.8033166024374462, 1.0), 232: (0.7887462233425917, 1.0), 343: (0.7845708195517083, 0.6000000000000001), 19: (0.7762542560418909, 0.19999999999999996)}","{'noise': 0.3582851696037144, 'amp': 0.5714172545679208, 'ls': 1.2095008632875088}","[(1.0, 0.3400000000000001)]",[]
