impression,user_id,app_version,model_version,mturk_id,status,NUM_INITIAL_RATINGS,NUM_REFINE_RATINGS,TOTAL_TRAINING_RATINGS,NUM_TEST_RATINGS,TIME_INITIAL,TIME_REFINE,TIME_TEST,random_test_predictions_ratings,good_test_predictions_ratings,hypers,redisplay_check,arbitrary_check
0,3b08f946-2013-40d1-808b-0e3b41650e6d,5.1.2-aggregated-ar-dresses10,2.0,AO5OVXUIINRVD,Completed,1,50,51,15,11.48872971534729,312.09826588630676,83.08056020736694,"{594: (-0.31851788816525206, -0.19999999999999996), 487: (-0.4639748036629249, -0.8), 53: (-0.22187672895407048, -0.8), 9: (0.016748277427610647, -0.4), 325: (-0.23274348300269296, -0.8), 478: (-0.2689579312878749, 1.0), 64: (0.06051549428056854, -0.4), 277: (-0.189264317394391, -0.19999999999999996), 62: (-0.15068886888026778, 1.0), 404: (-0.13195065114730514, -0.8)}","{358: (0.3983673563770148, 0.3999999999999999), 288: (0.3881950606115457, 0.8), 297: (0.3842761303061989, 0.6000000000000001), 237: (0.3532998709882692, 1.0), 214: (0.3513412888537192, -0.19999999999999996)}","{'noise': 0.3582851696037144, 'amp': 0.5714172545679208, 'ls': 1.2095008632875088}","[(-0.8, -0.8)]",[]
