impression,user_id,app_version,model_version,mturk_id,status,NUM_INITIAL_RATINGS,NUM_REFINE_RATINGS,TOTAL_TRAINING_RATINGS,NUM_TEST_RATINGS,TIME_INITIAL,TIME_REFINE,TIME_TEST,random_test_predictions_ratings,good_test_predictions_ratings,hypers,redisplay_check,arbitrary_check
0,3b7aade0-f7f6-46ab-9cdf-28e0103dc562,5.1.2-aggregated-ar-dresses10,2.0,AERGHZBQFT309,Completed,1,50,51,15,9.344760417938232,260.04666090011597,74.98300433158875,"{655: (-0.023466209075058912, 0.3999999999999999), 576: (-0.06790641349538958, 0.0), 741: (0.19794255732679275, 0.6000000000000001), 670: (0.18751630408106298, 0.19999999999999996), 530: (0.001824578950385975, 0.19999999999999996), 185: (-0.15938987360807402, -0.4), 217: (-0.5517690409715261, -1.0), 200: (-0.23117377952052331, -0.19999999999999996), 681: (-0.517989452583335, -1.0), 117: (-0.25578042702054754, -1.0)}","{318: (0.40421251393828966, 0.6000000000000001), 635: (0.4022932853015726, 0.8), 22: (0.3857244320122678, 0.8), 792: (0.35480632525249595, 0.6000000000000001), 323: (0.3450758322497802, 0.19999999999999996)}","{'noise': 0.3582851696037144, 'amp': 0.5714172545679208, 'ls': 1.2095008632875088}","[(0.19999999999999996, 0.19999999999999996)]",[]
