impression,user_id,app_version,model_version,mturk_id,status,NUM_INITIAL_RATINGS,NUM_REFINE_RATINGS,TOTAL_TRAINING_RATINGS,NUM_TEST_RATINGS,TIME_INITIAL,TIME_REFINE,TIME_TEST,random_test_predictions_ratings,good_test_predictions_ratings,hypers,redisplay_check,arbitrary_check
0,3c9f5175-c77e-4a90-b29d-e5cf3b5ba690,5.1.2-aggregated-ar-dresses10,2.0,A3U7KCX5530RT4,Completed,1,30,31,15,8.567919969558716,141.4559395313263,97.03245568275452,"{673: (-0.435890566189791, -0.4), 193: (-0.19975925972355776, 0.0), 172: (-0.018011442402216915, 0.6000000000000001), 635: (-0.44355828378485396, 0.3999999999999999), 243: (-0.4637396093262314, -0.19999999999999996), 133: (-0.6062301989311638, -0.6), 300: (-0.5453540186122998, 0.8), 23: (-0.2016759356436053, 0.0), 624: (-0.21605066370441306, -0.4), 739: (-0.3461487476969673, -0.19999999999999996)}","{297: (0.29844427380782923, 1.0), 782: (0.2515563841722843, 0.8), 808: (0.24992729094002014, 0.8), 270: (0.24361655654904069, 1.0), 636: (0.2235251414048146, 0.6000000000000001)}","{'noise': 0.3582851696037144, 'amp': 0.5714172545679208, 'ls': 1.2095008632875088}","[(0.6000000000000001, 0.8)]",[]
