impression,user_id,app_version,model_version,mturk_id,status,NUM_INITIAL_RATINGS,NUM_REFINE_RATINGS,TOTAL_TRAINING_RATINGS,NUM_TEST_RATINGS,TIME_INITIAL,TIME_REFINE,TIME_TEST,random_test_predictions_ratings,good_test_predictions_ratings,hypers,redisplay_check,arbitrary_check
0,3ca4e932-c799-4682-b0f3-54435251d255,5.1.2-aggregated-ar-dresses10,2.0,A1B1QLHLKP7JXB,Completed,1,30,31,15,9.984082698822021,195.89787006378174,90.53834915161133,"{629: (0.23033337973703713, 0.3999999999999999), 277: (-0.18204039835316277, 0.19999999999999996), 566: (0.15449685031721572, 0.30000000000000004), 796: (0.10766434651431016, 0.3999999999999999), 272: (0.3723761904464122, 0.3999999999999999), 168: (0.15450094935514336, 0.30000000000000004), 166: (0.17820518119303824, 0.19999999999999996), 678: (0.11855111013975349, 0.30000000000000004), 34: (0.38650705986442585, 0.3999999999999999), 642: (0.11538025325851387, 0.5)}","{738: (0.44456991177792543, 0.5), 154: (0.43133567521742944, 0.8), 579: (0.42353654486320313, 0.8), 67: (0.4206065295960031, 0.30000000000000004), 793: (0.41840624641642143, 0.6000000000000001)}","{'noise': 0.3582851696037144, 'amp': 0.5714172545679208, 'ls': 1.2095008632875088}","[(0.3999999999999999, 0.3999999999999999)]",[]
