impression,user_id,app_version,model_version,mturk_id,status,NUM_INITIAL_RATINGS,NUM_REFINE_RATINGS,TOTAL_TRAINING_RATINGS,NUM_TEST_RATINGS,TIME_INITIAL,TIME_REFINE,TIME_TEST,random_test_predictions_ratings,good_test_predictions_ratings,hypers,redisplay_check,arbitrary_check
0,402b8ce8-caf3-4ba0-a06a-2b45641d7ba3,5.1.2-aggregated-ar-dresses10,2.0,A14S0ETTIV9GSJ,Completed,1,30,31,15,36.642364501953125,212.10115504264832,101.92194867134094,"{667: (-0.5546694976474943, -0.8), 782: (-0.7645217174366075, -0.8), 107: (-0.22714432676021712, -0.19999999999999996), 790: (-0.7951345898117966, -0.6), 639: (-0.5852012413951789, -0.8), 745: (-0.5302908796949752, -0.6), 312: (-0.5030293340208141, -0.6), 122: (-0.5430185386251878, -0.8), 453: (-0.43973890657327014, -0.6), 336: (-0.5289191522919863, -0.6)}","{800: (-0.120105998374873, -0.6), 560: (-0.13496638521963025, -0.4), 82: (-0.1523622464188339, -0.8), 282: (-0.17010575060337624, -0.6), 91: (-0.175165566935354, -0.6)}","{'noise': 0.3582851696037144, 'amp': 0.5714172545679208, 'ls': 1.2095008632875088}","[(-0.4, -0.8)]",[]
