impression,user_id,app_version,model_version,mturk_id,status,NUM_INITIAL_RATINGS,NUM_REFINE_RATINGS,TOTAL_TRAINING_RATINGS,NUM_TEST_RATINGS,TIME_INITIAL,TIME_REFINE,TIME_TEST,random_test_predictions_ratings,good_test_predictions_ratings,hypers,redisplay_check,arbitrary_check
0,4121d975-ef3b-4ccc-a12a-876b2f846d24,5.1.2-aggregated-ar-dresses10,2.0,A19WCJSUL2V88G,Completed,1,50,51,15,13.396555185317993,395.61167764663696,110.59964418411255,"{154: (0.0679647892084655, 0.15999999999999992), 264: (-0.3233443894077976, -0.09999999999999998), 601: (-0.42149072207315924, -0.5), 434: (-0.44622120579716457, -0.88), 175: (-0.8477098278881391, -0.94), 640: (-0.1506793038359802, 0.30000000000000004), 343: (-0.3948947744610646, -0.6), 711: (-0.3256115375224659, -0.32000000000000006), 793: (-0.049766116620042336, -0.15999999999999992), 368: (-0.7017043376535398, -0.8)}","{12: (0.3859911770914819, -0.5), 212: (0.38057123071217125, 0.14000000000000012), 266: (0.3676268572001155, -0.09999999999999998), 390: (0.3467708691462348, -0.8), 303: (0.29724775739680304, 0.24)}","{'noise': 0.3582851696037144, 'amp': 0.5714172545679208, 'ls': 1.2095008632875088}","[(-0.9, -0.8)]",[]
