impression,user_id,app_version,model_version,mturk_id,status,NUM_INITIAL_RATINGS,NUM_REFINE_RATINGS,TOTAL_TRAINING_RATINGS,NUM_TEST_RATINGS,TIME_INITIAL,TIME_REFINE,TIME_TEST,random_test_predictions_ratings,good_test_predictions_ratings,hypers,redisplay_check,arbitrary_check
0,43dfd055-2c38-405a-8288-73f574b1822e,5.1.2-aggregated-ar-dresses10,2.0,AG8PCITDPLLKU,Completed,1,30,31,15,16.91875982284546,156.91609477996826,82.97738361358643,"{479: (-0.21314835095117357, -0.6), 550: (-0.19829818995133502, 0.19999999999999996), 210: (0.10639619621788571, 0.3999999999999999), 711: (-0.011728447016044821, -0.6), 128: (-0.12887269939454293, -0.4), 204: (-0.11181195094235816, -0.4), 318: (-0.11170442247467428, 0.0), 177: (0.13300077199721508, 0.6000000000000001), 653: (0.20453664390631948, 0.3999999999999999), 774: (0.33906147764297223, 0.0)}","{132: (0.41069783706054275, 0.19999999999999996), 769: (0.4066860230884121, 0.19999999999999996), 504: (0.4034349756704119, 0.19999999999999996), 690: (0.38980617154660946, 0.19999999999999996), 746: (0.378703362032771, 0.6000000000000001)}","{'noise': 0.3582851696037144, 'amp': 0.5714172545679208, 'ls': 1.2095008632875088}","[(-0.4, -0.4)]",[]
