impression,user_id,app_version,model_version,mturk_id,status,NUM_INITIAL_RATINGS,NUM_REFINE_RATINGS,TOTAL_TRAINING_RATINGS,NUM_TEST_RATINGS,TIME_INITIAL,TIME_REFINE,TIME_TEST,random_test_predictions_ratings,good_test_predictions_ratings,hypers,redisplay_check,arbitrary_check
0,445bee8e-ea04-421b-a057-858f7ac17209,5.1.2-aggregated-ar-dresses10,2.0,A31S0PN05VAPE1,Completed,1,50,51,15,10.921262979507446,188.9265685081482,48.83684062957764,"{574: (0.13041801338194442, 0.19999999999999996), 317: (0.19711314767766847, 0.19999999999999996), 551: (0.20220465150049569, -0.19999999999999996), 622: (0.39763594198176394, -0.4), 312: (0.2477938249153235, 0.8), 549: (0.21978591298748806, 0.0), 58: (-0.01203466458807119, 0.0), 365: (0.1399909685337117, -0.8), 165: (0.2979849298920714, -0.19999999999999996), 27: (0.33102015901711984, 0.3999999999999999)}","{265: (0.4954914550641004, -0.19999999999999996), 754: (0.4745525985096653, 0.19999999999999996), 431: (0.47348473153150883, 0.0), 644: (0.47179193024767957, 0.6000000000000001), 228: (0.4670484869152016, -0.6)}","{'noise': 0.3582851696037144, 'amp': 0.5714172545679208, 'ls': 1.2095008632875088}","[(-0.4, 0.19999999999999996)]",[]
