impression,user_id,app_version,model_version,mturk_id,status,NUM_INITIAL_RATINGS,NUM_REFINE_RATINGS,TOTAL_TRAINING_RATINGS,NUM_TEST_RATINGS,TIME_INITIAL,TIME_REFINE,TIME_TEST,random_test_predictions_ratings,good_test_predictions_ratings,hypers,redisplay_check,arbitrary_check
0,445ed64e-fbb6-46b7-9746-5fa9a6e42b60,5.1.2-aggregated-ar-dresses10,2.0,A2H8PEGI28NKZD,Completed,1,40,41,15,7.121573209762573,176.85058665275574,124.69493985176086,"{328: (0.11772953879350395, 0.19999999999999996), 571: (0.15466940320889153, -0.19999999999999996), 19: (0.19512995087772517, 0.5), 752: (-0.0009333922225769654, 0.0), 517: (0.358602994990677, 0.0), 757: (0.3876848617461651, 0.5), 594: (0.25878663269161006, 0.0), 345: (0.09425174194755652, 0.3999999999999999), 106: (0.2795941870048676, 0.5), 384: (0.4535007544791894, 0.3999999999999999)}","{397: (0.6278761074811978, 1.0), 605: (0.6135411188920752, 0.6000000000000001), 93: (0.5938110149331478, 0.6000000000000001), 64: (0.5920084831034343, 0.3999999999999999), 267: (0.5734068575104027, 0.3999999999999999)}","{'noise': 0.3582851696037144, 'amp': 0.5714172545679208, 'ls': 1.2095008632875088}","[(0.5, 0.5)]",[]
