impression,user_id,app_version,model_version,mturk_id,status,NUM_INITIAL_RATINGS,NUM_REFINE_RATINGS,TOTAL_TRAINING_RATINGS,NUM_TEST_RATINGS,TIME_INITIAL,TIME_REFINE,TIME_TEST,random_test_predictions_ratings,good_test_predictions_ratings,hypers,redisplay_check,arbitrary_check
0,458d8f56-6ecf-4fe2-b8b7-68d5e3c2ce08,5.1.2-aggregated-ar-dresses10,2.0,A2TZAXWOB3JMNV,Completed,1,30,31,15,6.895764350891113,225.94875025749207,63.364534854888916,"{691: (-0.622722220984443, -1.0), 50: (-0.3750802767164326, -0.4), 286: (-0.4607954744631617, 0.0), 107: (0.20352572204828634, 1.0), 279: (-0.18219450069238974, 0.0), 416: (-0.5009028522971808, 0.6000000000000001), 80: (0.07326396485143702, 0.0), 210: (0.17263259277615028, 1.0), 152: (-0.8159318809428981, -1.0), 60: (-0.9033061447829075, -1.0)}","{236: (0.4319912446467254, 1.0), 720: (0.4203405653857834, 1.0), 405: (0.41107550909040386, 0.3999999999999999), 635: (0.3829883371241894, 1.0), 560: (0.37995403997114097, 0.0)}","{'noise': 0.3582851696037144, 'amp': 0.5714172545679208, 'ls': 1.2095008632875088}","[(-1.0, -0.4)]",[]
