impression,user_id,app_version,model_version,mturk_id,status,NUM_INITIAL_RATINGS,NUM_REFINE_RATINGS,TOTAL_TRAINING_RATINGS,NUM_TEST_RATINGS,TIME_INITIAL,TIME_REFINE,TIME_TEST,random_test_predictions_ratings,good_test_predictions_ratings,hypers,redisplay_check,arbitrary_check
0,45db24f2-600e-4c37-9679-1fb56795ad81,5.1.2-aggregated-ar-dresses10,2.0,A4BDXOXC4D8FX,Completed,1,30,31,15,7.476481199264526,113.10796451568604,73.43800139427185,"{645: (-0.541717953142433, -1.0), 752: (-0.7544655856664457, -1.0), 433: (-0.6335026687747362, -1.0), 763: (-0.5022286776340309, 0.0), 373: (-0.6965759345768211, -0.4), 582: (-0.7387867099113968, -1.0), 84: (-0.7659452462981758, -1.0), 240: (-0.4536789838233219, -1.0), 791: (-0.6876185587893133, -0.19999999999999996), 756: (-0.697018654330813, 0.0)}","{762: (-0.1293555749708199, 0.3999999999999999), 681: (-0.1307406532406361, 0.6000000000000001), 312: (-0.14805022020098002, -1.0), 661: (-0.15457892259381503, -1.0), 389: (-0.15939868708086874, -1.0)}","{'noise': 0.3582851696037144, 'amp': 0.5714172545679208, 'ls': 1.2095008632875088}","[(-1.0, -1.0)]",[]
