impression,user_id,app_version,model_version,mturk_id,status,NUM_INITIAL_RATINGS,NUM_REFINE_RATINGS,TOTAL_TRAINING_RATINGS,NUM_TEST_RATINGS,TIME_INITIAL,TIME_REFINE,TIME_TEST,random_test_predictions_ratings,good_test_predictions_ratings,hypers,redisplay_check,arbitrary_check
0,47290ba2-845b-4b96-bdc4-e9a52bbdf573,5.1.2-aggregated-ar-dresses10,2.0,A1FHMHJ3MB3QTS,Completed,1,40,41,15,11.967299461364746,186.6100583076477,61.17493939399719,"{702: (0.15667731524204098, 0.19999999999999996), 402: (0.3250925277872804, 0.6000000000000001), 284: (0.3769587989169042, 0.6000000000000001), 328: (0.09320776284497806, 0.3999999999999999), 683: (0.27141474938742616, 0.8), 503: (0.10165749231472296, 0.0), 65: (0.4352727686879522, 0.8), 519: (0.33828323929092535, 0.8), 709: (0.06961497819694402, 0.0), 722: (0.2855944973173843, 0.3999999999999999)}","{740: (0.7426017889477566, 0.6000000000000001), 792: (0.7251776087115863, 0.8), 141: (0.7229990938028857, 0.8), 23: (0.6954924577608459, 0.8), 635: (0.6924919229145705, 0.3999999999999999)}","{'noise': 0.3582851696037144, 'amp': 0.5714172545679208, 'ls': 1.2095008632875088}","[(0.8, 0.8)]",[]
