impression,user_id,app_version,model_version,mturk_id,status,NUM_INITIAL_RATINGS,NUM_REFINE_RATINGS,TOTAL_TRAINING_RATINGS,NUM_TEST_RATINGS,TIME_INITIAL,TIME_REFINE,TIME_TEST,random_test_predictions_ratings,good_test_predictions_ratings,hypers,redisplay_check,arbitrary_check
0,4aabd6ed-7d06-45f9-843a-9b9e09a5151a,5.1.2-aggregated-ar-dresses10,2.0,A2MDFKOD2G3R4D,Completed,1,20,21,15,9.178531885147095,118.66280221939087,80.99411106109619,"{295: (-0.02881906834969259, -0.8), 31: (0.2657341490603392, -0.19999999999999996), 568: (0.2769765624377857, -0.6), 788: (-0.04326465862340822, -0.19999999999999996), 404: (0.31562602312488197, -0.19999999999999996), 424: (0.4053450009235915, 0.19999999999999996), 67: (0.2898613051207291, 0.3999999999999999), 525: (0.32114884861138765, 0.0), 189: (0.10688735724247811, 0.19999999999999996), 798: (-0.021143540245617334, -0.4)}","{760: (0.6046212964219131, 0.6000000000000001), 522: (0.5908175045403954, 0.6000000000000001), 546: (0.5725957251071778, 0.3999999999999999), 57: (0.571823517709247, 0.19999999999999996), 303: (0.5648509637181915, 0.8)}","{'noise': 0.3582851696037144, 'amp': 0.5714172545679208, 'ls': 1.2095008632875088}","[(-0.6, -0.6)]",[]
