impression,user_id,app_version,model_version,mturk_id,status,NUM_INITIAL_RATINGS,NUM_REFINE_RATINGS,TOTAL_TRAINING_RATINGS,NUM_TEST_RATINGS,TIME_INITIAL,TIME_REFINE,TIME_TEST,random_test_predictions_ratings,good_test_predictions_ratings,hypers,redisplay_check,arbitrary_check
0,4af7b3ff-a1fc-4d04-9f6b-1f06cfe1b71e,5.1.2-aggregated-ar-dresses10,2.0,AIO8DX5OGCGN1,Completed,1,20,21,15,17.490411281585693,107.70217871665955,76.94517278671265,"{527: (-0.051218651988826844, 0.0), 760: (0.06435939621918475, 0.19999999999999996), 395: (-0.18762719272784303, -0.8), 23: (0.10369194968542575, 0.6000000000000001), 547: (-0.08689922487676865, -0.19999999999999996), 124: (-0.18369118868627868, -0.6), 470: (0.00895490538119903, -0.19999999999999996), 181: (0.04742464236295264, 0.3999999999999999), 307: (-0.20095427270324004, -0.4), 380: (-0.06526973406444299, 0.0)}","{263: (0.28622434389235457, 0.19999999999999996), 597: (0.2847116662830023, 0.6000000000000001), 581: (0.2716810471914132, 0.19999999999999996), 523: (0.25889124731574537, 0.0), 457: (0.2573560909616801, 0.0)}","{'noise': 0.3582851696037144, 'amp': 0.5714172545679208, 'ls': 1.2095008632875088}","[(0.19999999999999996, 0.19999999999999996)]",[]
