impression,user_id,app_version,model_version,mturk_id,status,NUM_INITIAL_RATINGS,NUM_REFINE_RATINGS,TOTAL_TRAINING_RATINGS,NUM_TEST_RATINGS,TIME_INITIAL,TIME_REFINE,TIME_TEST,random_test_predictions_ratings,good_test_predictions_ratings,hypers,redisplay_check,arbitrary_check
0,4b611d51-bbfc-4322-b70b-e30c42e260cc,5.1.2-aggregated-ar-dresses10,2.0,A1T0ND039EWAVV,Completed,1,30,31,15,7.904058218002319,84.81998634338379,35.826523303985596,"{283: (0.4309959556938229, 0.8), 579: (0.17111085504399762, 0.6000000000000001), 458: (-0.012641974399594719, 0.6000000000000001), 216: (0.11404832055287888, 0.19999999999999996), 188: (0.4290593618943697, 0.3999999999999999), 119: (0.09708283949223756, 0.19999999999999996), 36: (0.2639956294779479, 0.3999999999999999), 262: (0.36707996864342946, 0.3999999999999999), 395: (0.3406232590882801, 0.3999999999999999), 410: (0.2632815959394238, 0.6000000000000001)}","{60: (0.5770951837662829, 0.6000000000000001), 336: (0.5622883190846841, 0.6000000000000001), 676: (0.5568793447469141, 0.6000000000000001), 565: (0.5468957389117602, 0.6000000000000001), 290: (0.5423444484778819, 0.3999999999999999)}","{'noise': 0.3582851696037144, 'amp': 0.5714172545679208, 'ls': 1.2095008632875088}","[(0.19999999999999996, 0.3999999999999999)]",[]
