impression,user_id,app_version,model_version,mturk_id,status,NUM_INITIAL_RATINGS,NUM_REFINE_RATINGS,TOTAL_TRAINING_RATINGS,NUM_TEST_RATINGS,TIME_INITIAL,TIME_REFINE,TIME_TEST,random_test_predictions_ratings,good_test_predictions_ratings,hypers,redisplay_check,arbitrary_check
0,4c4156c3-0731-4ca4-a38e-2a656a11e535,5.1.2-aggregated-ar-dresses10,2.0,A3K1JTEB70E4FV,Completed,1,50,51,15,18.506856679916382,393.424916267395,113.50843048095703,"{704: (-0.4489944868677413, -1.0), 390: (-0.42333682629457225, -0.8), 739: (-0.2740494332346284, -0.6), 301: (-0.5344619525439427, -0.8), 762: (-0.28216222786553874, -0.6), 514: (-0.24206419223078407, -0.8), 800: (-0.14339744519823583, -0.19999999999999996), 9: (-0.34658759890019897, -0.19999999999999996), 662: (-0.6216065205241277, -0.8), 198: (-0.33229847655884576, -1.0)}","{793: (0.016438170092015484, 0.19999999999999996), 523: (0.0033412452169790594, 0.0), 643: (-0.017500048324877414, 0.6000000000000001), 789: (-0.027891664511925488, -0.19999999999999996), 677: (-0.029514511803339957, -0.4)}","{'noise': 0.3582851696037144, 'amp': 0.5714172545679208, 'ls': 1.2095008632875088}","[(-0.8, -0.8)]",[]
