impression,user_id,app_version,model_version,mturk_id,status,NUM_INITIAL_RATINGS,NUM_REFINE_RATINGS,TOTAL_TRAINING_RATINGS,NUM_TEST_RATINGS,TIME_INITIAL,TIME_REFINE,TIME_TEST,random_test_predictions_ratings,good_test_predictions_ratings,hypers,redisplay_check,arbitrary_check
0,4c9b26e4-fa50-4c9e-9f2c-f5a773075d9d,5.1.2-aggregated-ar-dresses10,2.0,A7VQJN8H4QMI6,Completed,1,20,21,15,6.840766191482544,77.0127420425415,62.93808627128601,"{31: (0.11586598070022092, -1.0), 86: (-0.05369973163458323, 0.19999999999999996), 667: (0.22515374029282342, -1.0), 555: (0.26726662837643733, 0.0), 534: (0.06240344434870307, -1.0), 272: (0.0012375961181995895, -1.0), 694: (-0.08308583446768145, -0.19999999999999996), 662: (-0.20753926633830275, -1.0), 393: (-0.055758598697070214, 0.8), 496: (-0.14339347669851762, -1.0)}","{65: (0.35582581626874, 1.0), 234: (0.3231741137948296, 0.6000000000000001), 811: (0.3124898378349042, 0.3999999999999999), 343: (0.311959649591865, -0.6), 151: (0.3073186825850204, -0.8)}","{'noise': 0.3582851696037144, 'amp': 0.5714172545679208, 'ls': 1.2095008632875088}","[(-0.8, -0.8)]",[]
