impression,user_id,app_version,model_version,mturk_id,status,NUM_INITIAL_RATINGS,NUM_REFINE_RATINGS,TOTAL_TRAINING_RATINGS,NUM_TEST_RATINGS,TIME_INITIAL,TIME_REFINE,TIME_TEST,random_test_predictions_ratings,good_test_predictions_ratings,hypers,redisplay_check,arbitrary_check
0,4f0e194b-461a-4dbb-b78e-744b2fed29cf,5.1.2-aggregated-ar-dresses10,2.0,A12UG3RFGE32QA,Completed,1,50,51,15,7.262608051300049,272.2464771270752,91.53297662734985,"{95: (0.029229910494671316, 0.0), 655: (-0.020153644377442017, 0.19999999999999996), 128: (0.013539263369051202, 0.3999999999999999), 276: (-0.1521009936043206, -0.6), 546: (-0.036243055023301024, 0.0), 509: (-0.029793887438454094, -0.6), 316: (-0.08640226947106878, -0.6), 93: (0.03714636786290408, 0.0), 697: (0.05634520212189532, -0.19999999999999996), 17: (0.00978752672140381, -0.6)}","{270: (0.21041866671005544, 0.6000000000000001), 297: (0.20474156718256664, 0.19999999999999996), 426: (0.20259384531943644, -0.19999999999999996), 808: (0.18908625850217142, 0.0), 443: (0.18614398233536675, -0.4)}","{'noise': 0.3582851696037144, 'amp': 0.5714172545679208, 'ls': 1.2095008632875088}","[(0.6000000000000001, 0.6000000000000001)]",[]
