impression,user_id,app_version,model_version,mturk_id,status,NUM_INITIAL_RATINGS,NUM_REFINE_RATINGS,TOTAL_TRAINING_RATINGS,NUM_TEST_RATINGS,TIME_INITIAL,TIME_REFINE,TIME_TEST,random_test_predictions_ratings,good_test_predictions_ratings,hypers,redisplay_check,arbitrary_check
0,4f609d58-00ac-42f4-be81-591d85ab2817,5.1.2-aggregated-ar-dresses10,2.0,A3O3NJQ5AUXUVV,Completed,1,20,21,15,44.7332706451416,131.2955391407013,270.58502531051636,"{96: (-0.21007613221260335, 0.19999999999999996), 317: (-0.4400904724529205, 0.19999999999999996), 454: (-0.050200696502829475, 0.8), 56: (-0.3430721872099776, 0.0), 456: (-0.469806626616154, 0.19999999999999996), 362: (-0.21574473163338265, 0.6000000000000001), 232: (-0.04070003284535555, 0.8), 472: (-0.38395103486709226, 0.3999999999999999), 667: (-0.05857287590164892, 0.8), 285: (-0.0019831989722759596, 0.0)}","{169: (0.12089283454892225, -0.4), 609: (0.09504253180977529, 0.8), 122: (0.09116788053508124, 0.0), 524: (0.08858945254018183, 0.3999999999999999), 758: (0.08525895630318174, 0.8)}","{'noise': 0.3582851696037144, 'amp': 0.5714172545679208, 'ls': 1.2095008632875088}","[(0.3999999999999999, -0.4)]",[]
