impression,user_id,app_version,model_version,mturk_id,status,NUM_INITIAL_RATINGS,NUM_REFINE_RATINGS,TOTAL_TRAINING_RATINGS,NUM_TEST_RATINGS,TIME_INITIAL,TIME_REFINE,TIME_TEST,random_test_predictions_ratings,good_test_predictions_ratings,hypers,redisplay_check,arbitrary_check
0,5010846b-9fda-4211-8f4b-9099db3b5795,5.1.2-aggregated-ar-dresses10,2.0,A3PDOZ6I8PE9ZK,Completed,1,30,31,15,7.3090174198150635,239.89268279075623,109.48460507392883,"{303: (0.15374442739882718, -0.19999999999999996), 136: (0.4791451464450637, 0.19999999999999996), 317: (0.39091831045927494, 0.6000000000000001), 615: (0.1519335727585462, 0.6000000000000001), 229: (-0.23843180419818766, -0.8), 247: (0.48325054426561365, 0.3999999999999999), 785: (0.21920731019655734, 0.3999999999999999), 375: (0.17581779048815138, 0.3999999999999999), 640: (0.4000045265709663, 1.0), 751: (0.3114180236656271, 0.8)}","{208: (0.6629869599668347, 0.8), 27: (0.650559693121693, 0.8), 705: (0.6331542020193222, 0.8), 306: (0.6224403946068426, 0.8), 190: (0.6016663922970402, 1.0)}","{'noise': 0.3582851696037144, 'amp': 0.5714172545679208, 'ls': 1.2095008632875088}","[(-0.19999999999999996, 0.3999999999999999)]",[]
