impression,user_id,app_version,model_version,mturk_id,status,NUM_INITIAL_RATINGS,NUM_REFINE_RATINGS,TOTAL_TRAINING_RATINGS,NUM_TEST_RATINGS,TIME_INITIAL,TIME_REFINE,TIME_TEST,random_test_predictions_ratings,good_test_predictions_ratings,hypers,redisplay_check,arbitrary_check
0,51680e96-5270-4c52-88db-014235a966e2,5.1.2-aggregated-ar-dresses10,2.0,A2ZSL0EDN3H4AT,Completed,1,30,31,15,7.5781090259552,381.2107148170471,74.28119373321533,"{554: (0.24059295953432946, -0.30000000000000004), 448: (0.368182009759875, 0.19999999999999996), 137: (0.40917637850920474, 0.3999999999999999), 509: (0.2899143806195102, -0.42000000000000004), 186: (0.3337950914581754, -0.09999999999999998), 791: (0.3908694141547643, 0.15999999999999992), 312: (0.4841029206251848, 0.18000000000000016), 763: (0.4366359828224883, 0.3999999999999999), 758: (0.23965422916055593, 0.10000000000000009), 353: (0.20534936483798377, 0.0)}","{323: (0.5987147330118836, 0.43999999999999995), 601: (0.5962602191131043, 0.43999999999999995), 597: (0.5732873982583663, 0.19999999999999996), 164: (0.5642630507652925, 0.3999999999999999), 701: (0.5606630065962507, 0.14000000000000012)}","{'noise': 0.3582851696037144, 'amp': 0.5714172545679208, 'ls': 1.2095008632875088}","[(0.3999999999999999, 0.43999999999999995)]",[]
