impression,user_id,app_version,model_version,mturk_id,status,NUM_INITIAL_RATINGS,NUM_REFINE_RATINGS,TOTAL_TRAINING_RATINGS,NUM_TEST_RATINGS,TIME_INITIAL,TIME_REFINE,TIME_TEST,random_test_predictions_ratings,good_test_predictions_ratings,hypers,redisplay_check,arbitrary_check
0,52f90959-f8e0-4c81-af1e-a41a7ca64989,5.1.2-aggregated-ar-dresses10,2.0,A27INSDNTACWAM,Completed,1,40,41,15,18.727957725524902,355.4324824810028,129.47913312911987,"{736: (-0.6404996919814232, -0.8), 339: (-0.7806531301173367, -1.0), 472: (-0.6205548966634029, -1.0), 18: (-0.6319557175760028, -0.8), 502: (-0.6412945877270292, -0.6), 561: (-0.8565366544494635, -1.0), 267: (-0.7485603660359137, -1.0), 636: (-0.7950231742614897, -1.0), 120: (-0.7959096647815008, -1.0), 104: (-0.7208407781172317, -0.4)}","{732: (-0.28274516852206966, 0.3999999999999999), 792: (-0.3923973594372234, 0.6000000000000001), 369: (-0.3989090906025931, -0.6), 400: (-0.40488463967295296, -0.8), 323: (-0.4193308947476819, 0.3999999999999999)}","{'noise': 0.3582851696037144, 'amp': 0.5714172545679208, 'ls': 1.2095008632875088}","[(-0.6, -0.8)]",[]
