impression,user_id,app_version,model_version,mturk_id,status,NUM_INITIAL_RATINGS,NUM_REFINE_RATINGS,TOTAL_TRAINING_RATINGS,NUM_TEST_RATINGS,TIME_INITIAL,TIME_REFINE,TIME_TEST,random_test_predictions_ratings,good_test_predictions_ratings,hypers,redisplay_check,arbitrary_check
0,546b9822-8d9c-4e3c-b0f1-c100f5e9a6e6,5.1.2-aggregated-ar-dresses10,2.0,A1KUV27T2EOJJH,Completed,1,20,21,15,12.59083104133606,158.49450302124023,131.08695077896118,"{635: (-0.3326354563387139, -0.6), 58: (-0.42844552329197383, -0.6), 320: (-0.10137824285673809, -0.8), 557: (-0.06862731900659835, -0.19999999999999996), 461: (-0.07021950279221836, -0.30000000000000004), 482: (-0.3414536494390486, -1.0), 678: (-0.3589008792863015, -0.4), 453: (-0.3686477554084643, -0.8), 64: (-0.17120690290128615, 0.0), 456: (-0.29764164976299023, -0.4)}","{197: (0.18615802565683415, -0.19999999999999996), 636: (0.12756642511475527, -0.19999999999999996), 520: (0.10090839981821911, 0.5), 223: (0.08768134872019745, -0.19999999999999996), 295: (0.07981657636855673, 0.30000000000000004)}","{'noise': 0.3582851696037144, 'amp': 0.5714172545679208, 'ls': 1.2095008632875088}","[(-0.19999999999999996, -0.8)]",[]
