impression,user_id,app_version,model_version,mturk_id,status,NUM_INITIAL_RATINGS,NUM_REFINE_RATINGS,TOTAL_TRAINING_RATINGS,NUM_TEST_RATINGS,TIME_INITIAL,TIME_REFINE,TIME_TEST,random_test_predictions_ratings,good_test_predictions_ratings,hypers,redisplay_check,arbitrary_check
0,5494da16-ee98-48c9-875b-4780cd76de86,5.1.2-aggregated-ar-dresses10,2.0,A1MFVFBH60MBSU,Completed,1,20,21,15,21.0444598197937,162.71774578094482,120.78894639015198,"{754: (-0.028259669154088826, -0.4), 496: (-0.1580767073168169, 0.3999999999999999), 340: (0.1621660032623718, -0.8), 260: (-0.15689368491166528, -0.8), 448: (-0.4738101444700592, -0.19999999999999996), 184: (-0.1595787930649058, -0.19999999999999996), 735: (-0.4607885324399064, -0.4), 76: (-0.58428894254829, -0.8), 801: (-0.6669501364928335, -0.8), 505: (-0.35782515436280676, -0.19999999999999996)}","{66: (0.670261960014495, -0.4), 765: (0.5457389626488914, 0.8), 598: (0.5272098132937807, 0.0), 37: (0.517828473244776, -0.6), 52: (0.5080847776494157, 0.8)}","{'noise': 0.3582851696037144, 'amp': 0.5714172545679208, 'ls': 1.2095008632875088}","[(-1.0, -0.8)]",[]
