impression,user_id,app_version,model_version,mturk_id,status,NUM_INITIAL_RATINGS,NUM_REFINE_RATINGS,TOTAL_TRAINING_RATINGS,NUM_TEST_RATINGS,TIME_INITIAL,TIME_REFINE,TIME_TEST,random_test_predictions_ratings,good_test_predictions_ratings,hypers,redisplay_check,arbitrary_check
0,554ff8e5-c102-4bf3-a54c-f92a3c682cc8,5.1.2-aggregated-ar-dresses10,2.0,A8FAQQHLVROLG,Completed,1,50,51,15,6.903033971786499,262.0631694793701,69.23713326454163,"{652: (0.1479960801139397, 0.8), 223: (0.10444651239628965, -0.19999999999999996), 337: (0.2390769793668236, 0.6000000000000001), 256: (0.28953943759975376, 0.6000000000000001), 734: (0.17344982438341833, 0.6000000000000001), 314: (0.27695104749273414, 0.6000000000000001), 323: (0.50413645805422, 0.19999999999999996), 364: (0.42332146918978036, 0.3999999999999999), 214: (0.20545273361039956, 0.3999999999999999), 318: (0.46381449418330123, 0.3999999999999999)}","{306: (0.6763378701074808, 0.8), 340: (0.6440870700192409, 0.19999999999999996), 591: (0.6433591411207994, 0.3999999999999999), 664: (0.6425186681846808, 0.3999999999999999), 804: (0.6399977723321393, 0.0)}","{'noise': 0.3582851696037144, 'amp': 0.5714172545679208, 'ls': 1.2095008632875088}","[(0.0, 0.0)]",[]
