impression,user_id,app_version,model_version,mturk_id,status,NUM_INITIAL_RATINGS,NUM_REFINE_RATINGS,TOTAL_TRAINING_RATINGS,NUM_TEST_RATINGS,TIME_INITIAL,TIME_REFINE,TIME_TEST,random_test_predictions_ratings,good_test_predictions_ratings,hypers,redisplay_check,arbitrary_check
0,577da16d-30d3-4590-9694-f8b579a056b2,5.1.2-aggregated-ar-dresses10,2.0,A2Z9CX8IFBCBXX,Completed,1,30,31,15,5.993496894836426,132.72147965431213,80.05880069732666,"{363: (-0.09019494423388574, -0.14), 812: (-0.44661675501646014, -0.019999999999999907), 46: (-0.15297599136092838, -0.72), 294: (-0.47461612839917156, -0.86), 14: (-0.29263439454467355, 0.3599999999999999), 699: (0.0880409389171542, -0.5599999999999999), 15: (-0.4098055518051882, 0.56), 395: (0.05913848611952226, -0.74), 789: (-0.03496637522349801, 0.3400000000000001), 536: (-0.08821802012647151, 0.040000000000000036)}","{242: (0.19485577965321246, 0.30000000000000004), 711: (0.19430081706050084, 0.0), 594: (0.18978215456070818, 0.08000000000000007), 559: (0.17231319266072323, -0.040000000000000036), 27: (0.16725101097531048, -0.11999999999999988)}","{'noise': 0.3582851696037144, 'amp': 0.5714172545679208, 'ls': 1.2095008632875088}","[(-0.9, -0.74)]",[]
