impression,user_id,app_version,model_version,mturk_id,status,NUM_INITIAL_RATINGS,NUM_REFINE_RATINGS,TOTAL_TRAINING_RATINGS,NUM_TEST_RATINGS,TIME_INITIAL,TIME_REFINE,TIME_TEST,random_test_predictions_ratings,good_test_predictions_ratings,hypers,redisplay_check,arbitrary_check
0,57b6fc9e-322a-4ef1-8bae-5666f1d3aea1,5.1.2-aggregated-ar-dresses10,2.0,A2EED3HLTA96CP,Completed,1,50,51,15,12.088301420211792,335.7672197818756,81.39549350738525,"{364: (0.008617220846669712, 0.0), 208: (0.29086411463397055, 0.5), 499: (0.12069242256450824, 0.6000000000000001), 140: (0.23390280026345073, 0.8), 320: (0.12855289226199879, 0.6000000000000001), 396: (0.06911920161066806, 0.19999999999999996), 164: (0.24363962709113418, -0.26), 25: (0.15547276552537395, -0.4), 102: (0.2634592209858243, -0.4), 641: (0.2533548958128058, 0.6399999999999999)}","{420: (0.41350574981999966, 0.19999999999999996), 185: (0.41268977457247225, 0.19999999999999996), 407: (0.4077248343626334, 0.6399999999999999), 241: (0.4038511483558435, 0.19999999999999996), 531: (0.3929758083473835, 0.6000000000000001)}","{'noise': 0.3582851696037144, 'amp': 0.5714172545679208, 'ls': 1.2095008632875088}","[(0.8, 0.5)]",[]
