impression,user_id,app_version,model_version,mturk_id,status,NUM_INITIAL_RATINGS,NUM_REFINE_RATINGS,TOTAL_TRAINING_RATINGS,NUM_TEST_RATINGS,TIME_INITIAL,TIME_REFINE,TIME_TEST,random_test_predictions_ratings,good_test_predictions_ratings,hypers,redisplay_check,arbitrary_check
0,57eb3964-10eb-4e9c-a95a-6e3927008e5f,5.1.2-aggregated-ar-dresses10,2.0,A1561P9VVA3C1C,Completed,1,30,31,15,8.26676630973816,165.89546394348145,72.24703240394592,"{429: (-0.17650248460246132, 0.0), 267: (-0.02702282425404151, 0.19999999999999996), 103: (0.10896606134011808, 0.6000000000000001), 51: (-0.04829275339006294, 1.0), 444: (-0.08520258897220885, -0.4), 744: (-0.04115991131396704, 0.19999999999999996), 418: (-0.16412908060106898, 0.0), 467: (-0.02766599160729613, 1.0), 671: (-0.1868122225818228, -0.6), 405: (-0.04775081868449824, 0.8)}","{597: (0.4627839434448028, 0.8), 290: (0.38106803799676836, 0.6000000000000001), 523: (0.37235493584998586, 1.0), 263: (0.3531399765920078, 0.8), 651: (0.3461642522525405, -0.19999999999999996)}","{'noise': 0.3582851696037144, 'amp': 0.5714172545679208, 'ls': 1.2095008632875088}","[(0.0, 0.0)]",[]
