impression,user_id,app_version,model_version,mturk_id,status,NUM_INITIAL_RATINGS,NUM_REFINE_RATINGS,TOTAL_TRAINING_RATINGS,NUM_TEST_RATINGS,TIME_INITIAL,TIME_REFINE,TIME_TEST,random_test_predictions_ratings,good_test_predictions_ratings,hypers,redisplay_check,arbitrary_check
0,58aa2b35-c041-488f-a410-4c79b74607ad,5.1.2-aggregated-ar-dresses10,2.0,A2OYC41VHK6QVH,Completed,1,30,31,15,5.95745325088501,80.07745170593262,39.5185112953186,"{90: (-0.0031253259121406113, -0.19999999999999996), 365: (0.12997088555125402, 0.3999999999999999), 48: (0.18452586455972564, 0.3999999999999999), 668: (-0.05501349577313465, 0.19999999999999996), 142: (0.15306723097890854, 0.6000000000000001), 30: (-0.09758224411863714, -0.4), 364: (-0.08725706518858352, 0.0), 354: (0.03737258899963142, 0.19999999999999996), 409: (-0.10624119074034134, 0.19999999999999996), 664: (0.12215190930849333, 0.19999999999999996)}","{714: (0.3248492630586863, 0.6000000000000001), 713: (0.31249053365041707, 0.3999999999999999), 345: (0.30776190040130696, 0.19999999999999996), 612: (0.3003973887380317, 0.3999999999999999), 704: (0.29634210807346223, 0.0)}","{'noise': 0.3582851696037144, 'amp': 0.5714172545679208, 'ls': 1.2095008632875088}","[(0.3999999999999999, 0.19999999999999996)]",[]
