impression,user_id,app_version,model_version,mturk_id,status,NUM_INITIAL_RATINGS,NUM_REFINE_RATINGS,TOTAL_TRAINING_RATINGS,NUM_TEST_RATINGS,TIME_INITIAL,TIME_REFINE,TIME_TEST,random_test_predictions_ratings,good_test_predictions_ratings,hypers,redisplay_check,arbitrary_check
0,5aee837c-938d-4184-b8ea-56808cb0e0e0,5.1.2-aggregated-ar-dresses10,2.0,A2LPRUXRREYKGO,Completed,1,50,51,15,17.81139898300171,337.46127343177795,92.14517951011658,"{335: (0.2224628177574467, 0.19999999999999996), 673: (0.14840348547038015, 0.3999999999999999), 235: (0.04807438840671335, 0.0), 544: (0.02490704443060111, 0.0), 550: (0.06463197694511241, 0.8), 513: (0.15413965100280244, 0.3999999999999999), 78: (0.45573781396147556, 0.8), 170: (-0.12811951683966966, -0.8), 654: (0.18432199337628946, 0.0), 160: (0.0902863866097193, 0.0)}","{44: (0.5043538326312507, 0.7), 618: (0.4845272312185588, 0.7), 514: (0.48197015664693554, 0.7), 594: (0.4749632904732271, 0.10000000000000009), 412: (0.46909513705267747, 0.3999999999999999)}","{'noise': 0.3582851696037144, 'amp': 0.5714172545679208, 'ls': 1.2095008632875088}","[(-0.8, 0.0)]",[]
