impression,user_id,app_version,model_version,mturk_id,status,NUM_INITIAL_RATINGS,NUM_REFINE_RATINGS,TOTAL_TRAINING_RATINGS,NUM_TEST_RATINGS,TIME_INITIAL,TIME_REFINE,TIME_TEST,random_test_predictions_ratings,good_test_predictions_ratings,hypers,redisplay_check,arbitrary_check
0,5c6ec510-b046-42f7-988f-ffd80ad8b2d0,5.1.2-aggregated-ar-dresses10,2.0,A2E9M97EHQ8KS3,Completed,1,50,51,15,17.484575986862183,354.69397926330566,93.50205874443054,"{20: (0.28356341894434484, 0.8), 242: (0.3979927376921197, 0.8), 393: (0.2621445728851019, 0.8), 620: (0.2756183450980823, 0.3999999999999999), 582: (-0.08002185188787189, 0.8), 602: (0.1985296160208595, 1.0), 808: (0.149762901489953, -0.6), 45: (0.18302151632962504, 0.8), 55: (-0.3609805715429958, -0.8), 72: (0.21621825491643154, 0.6000000000000001)}","{151: (0.6155494699036264, 0.8), 705: (0.5985136251821556, 1.0), 127: (0.5971955871946191, 0.8), 803: (0.5954828077360961, 1.0), 340: (0.5895982247005715, 0.3999999999999999)}","{'noise': 0.3582851696037144, 'amp': 0.5714172545679208, 'ls': 1.2095008632875088}","[(0.8, 0.8)]",[]
