impression,user_id,app_version,model_version,mturk_id,status,NUM_INITIAL_RATINGS,NUM_REFINE_RATINGS,TOTAL_TRAINING_RATINGS,NUM_TEST_RATINGS,TIME_INITIAL,TIME_REFINE,TIME_TEST,random_test_predictions_ratings,good_test_predictions_ratings,hypers,redisplay_check,arbitrary_check
0,5d7101a5-7dd5-4ef4-8b4e-36ba06e3bd0e,5.1.2-aggregated-ar-dresses10,2.0,A1OBB3PWYWK9KK,Completed,1,40,41,15,5.417690753936768,192.46922898292542,83.72703957557678,"{807: (-0.16246224455015945, -0.19999999999999996), 431: (-0.010930148462070303, 0.6000000000000001), 365: (0.22328597837727093, 0.19999999999999996), 210: (0.10855723670038926, 0.19999999999999996), 774: (0.11041449780515857, 0.0), 632: (0.1912041694069325, 0.0), 602: (-0.23193983743466334, -0.4), 176: (0.09491489489004802, -0.4), 482: (-0.20317242544700176, 0.19999999999999996), 481: (0.18585382762298147, -0.8)}","{378: (0.39120086748213756, 0.6000000000000001), 71: (0.3836906947123404, 0.3999999999999999), 785: (0.37442532403634826, 0.3999999999999999), 702: (0.35573128013016847, -0.6), 169: (0.3477706428031611, 0.0)}","{'noise': 0.3582851696037144, 'amp': 0.5714172545679208, 'ls': 1.2095008632875088}","[(0.3999999999999999, 0.19999999999999996)]",[]
