impression,user_id,app_version,model_version,mturk_id,status,NUM_INITIAL_RATINGS,NUM_REFINE_RATINGS,TOTAL_TRAINING_RATINGS,NUM_TEST_RATINGS,TIME_INITIAL,TIME_REFINE,TIME_TEST,random_test_predictions_ratings,good_test_predictions_ratings,hypers,redisplay_check,arbitrary_check
0,5db3de56-fa4a-499d-aaf7-88757328f05b,5.1.2-aggregated-ar-dresses10,2.0,A3PLJF78SGCOBY,Completed,1,20,21,15,11.48662781715393,116.08753299713135,69.96411681175232,"{563: (-0.06571749357213914, 0.8), 175: (0.1714023055810411, 0.8), 67: (0.13041314133158774, 0.19999999999999996), 316: (0.19136623841307557, 1.0), 763: (0.2104072220245808, 1.0), 31: (0.03085860978169766, 0.19999999999999996), 646: (0.2189994205010077, 0.6000000000000001), 294: (0.018769484685877417, 0.3999999999999999), 511: (0.06262699138839661, -0.19999999999999996), 710: (0.325324631957533, 0.8)}","{2: (0.45704628594720387, 1.0), 392: (0.44530640298053703, 0.8), 504: (0.414617650738701, 1.0), 284: (0.3887499997753424, 1.0), 580: (0.3649347517130231, 1.0)}","{'noise': 0.3582851696037144, 'amp': 0.5714172545679208, 'ls': 1.2095008632875088}","[(1.0, 1.0)]",[]
