impression,user_id,app_version,model_version,mturk_id,status,NUM_INITIAL_RATINGS,NUM_REFINE_RATINGS,TOTAL_TRAINING_RATINGS,NUM_TEST_RATINGS,TIME_INITIAL,TIME_REFINE,TIME_TEST,random_test_predictions_ratings,good_test_predictions_ratings,hypers,redisplay_check,arbitrary_check
0,5e088004-bed7-47a2-9d49-2c134576a8b4,5.1.2-aggregated-ar-dresses10,2.0,A38N2MBXP7IOPS,Completed,1,40,41,15,6.89476466178894,174.70352840423584,64.60111474990845,"{153: (-0.04587755670264284, 0.0), 8: (-0.185244266723475, 0.6000000000000001), 279: (-0.06651759588135836, 0.8), 623: (0.2887098279134048, 0.3999999999999999), 127: (0.300615959204329, 0.8), 612: (-0.26193672659916956, -0.19999999999999996), 101: (0.13896832017351526, -0.4), 115: (0.0278677921869645, -0.6), 365: (0.2994075385052097, 0.19999999999999996), 134: (0.5230193291129847, 0.3999999999999999)}","{180: (0.6242137223330775, 0.6000000000000001), 301: (0.616567226874722, 0.6000000000000001), 252: (0.614838875865227, -0.4), 303: (0.5950198920967265, 0.19999999999999996), 383: (0.5917307023700794, 0.6000000000000001)}","{'noise': 0.3582851696037144, 'amp': 0.5714172545679208, 'ls': 1.2095008632875088}","[(0.3999999999999999, 0.19999999999999996)]",[]
