impression,user_id,app_version,model_version,mturk_id,status,NUM_INITIAL_RATINGS,NUM_REFINE_RATINGS,TOTAL_TRAINING_RATINGS,NUM_TEST_RATINGS,TIME_INITIAL,TIME_REFINE,TIME_TEST,random_test_predictions_ratings,good_test_predictions_ratings,hypers,redisplay_check,arbitrary_check
0,5e1cd40d-414c-48c0-b763-a9f3dd3aad92,5.1.2-aggregated-ar-dresses10,2.0,A1A6UVH1CCP8CD,Completed,1,50,51,15,8.131170749664307,165.12933897972107,39.164430379867554,"{326: (-0.9814493141804094, -1.0), 259: (-1.0699567869765851, -1.0), 386: (-0.6872586235487147, -1.0), 534: (-0.3547041615400881, -1.0), 159: (-0.2572388469586482, 0.0), 667: (-1.240024622733873, -1.0), 794: (-0.9684807976960416, -1.0), 624: (-0.6373134784599873, -0.6), 63: (-0.39197208878903295, -1.0), 49: (-0.901214613126365, -0.8)}","{149: (-0.009001804280592971, -0.6), 706: (-0.012676996928531317, 0.0), 455: (-0.02479427865889961, 0.0), 449: (-0.026085999417937253, -0.19999999999999996), 224: (-0.038825507772883766, 0.3999999999999999)}","{'noise': 0.3582851696037144, 'amp': 0.5714172545679208, 'ls': 1.2095008632875088}","[(-1.0, -1.0)]",[]
