impression,user_id,app_version,model_version,mturk_id,status,NUM_INITIAL_RATINGS,NUM_REFINE_RATINGS,TOTAL_TRAINING_RATINGS,NUM_TEST_RATINGS,TIME_INITIAL,TIME_REFINE,TIME_TEST,random_test_predictions_ratings,good_test_predictions_ratings,hypers,redisplay_check,arbitrary_check
0,5e3a26cc-38a8-492d-a8bc-3f70bf0c1722,5.1.2-aggregated-ar-dresses10,2.0,A1T21AFJP4COSR,Completed,1,30,31,15,12.225656986236572,241.0550937652588,116.29181694984436,"{184: (-0.20618136585680352, -0.8), 657: (-0.3138589715503489, -0.8), 623: (0.34656394336880686, -0.19999999999999996), 246: (0.15476239579681106, -0.4), 428: (0.0691000661018514, -0.19999999999999996), 74: (-0.2983081812623485, 0.0), 698: (0.20169688438325312, -0.6), 46: (0.1694223777362161, -0.8), 719: (0.20195563014262158, 0.6000000000000001), 590: (0.05039014153044015, -0.4)}","{67: (0.50328512778628, 0.19999999999999996), 523: (0.4918684043646069, 0.8), 241: (0.48117735294729247, 0.0), 420: (0.46481154499842453, 0.30000000000000004), 154: (0.4244442525145896, 0.8)}","{'noise': 0.3582851696037144, 'amp': 0.5714172545679208, 'ls': 1.2095008632875088}","[(-0.19999999999999996, -0.19999999999999996)]",[]
