impression,user_id,app_version,model_version,mturk_id,status,NUM_INITIAL_RATINGS,NUM_REFINE_RATINGS,TOTAL_TRAINING_RATINGS,NUM_TEST_RATINGS,TIME_INITIAL,TIME_REFINE,TIME_TEST,random_test_predictions_ratings,good_test_predictions_ratings,hypers,redisplay_check,arbitrary_check
0,60b0bdf2-5fdf-4cdb-a3e7-e4bf34ab182a,5.1.2-aggregated-ar-dresses10,2.0,A11ILN5YSUDVG8,Completed,1,20,21,15,13.829307556152344,103.24975991249084,78.40034222602844,"{259: (-0.22163997258605347, -0.6), 201: (-0.4305919429994946, -0.6), 339: (-0.10977671145938316, -0.19999999999999996), 344: (-0.058320299330507905, -0.19999999999999996), 567: (-0.11726458670609656, -0.6), 732: (-0.15030266017729632, -0.19999999999999996), 368: (-0.2490693028292898, -0.4), 128: (-0.3773753290031178, -0.8), 806: (-0.12832772301302015, 0.3999999999999999), 313: (0.13590999242115595, 0.19999999999999996)}","{151: (0.15910413896462283, 0.3999999999999999), 666: (0.15466265096162055, 0.19999999999999996), 403: (0.14694343777702604, 0.0), 78: (0.13834213383594884, 0.3999999999999999), 646: (0.13741319887587844, 0.3999999999999999)}","{'noise': 0.3582851696037144, 'amp': 0.5714172545679208, 'ls': 1.2095008632875088}","[(-0.8, -0.8)]",[]
