impression,user_id,app_version,model_version,mturk_id,status,NUM_INITIAL_RATINGS,NUM_REFINE_RATINGS,TOTAL_TRAINING_RATINGS,NUM_TEST_RATINGS,TIME_INITIAL,TIME_REFINE,TIME_TEST,random_test_predictions_ratings,good_test_predictions_ratings,hypers,redisplay_check,arbitrary_check
0,61111b2f-82b5-4a1f-bd12-6590024cc8c2,5.1.2-aggregated-ar-dresses10,2.0,AHN581DMLZMK5,Completed,1,20,21,15,7.4159996509552,118.22390961647034,92.34433126449585,"{494: (-0.028603599405151753, -0.38), 265: (0.09948714513578727, 0.43999999999999995), 523: (0.27511928372544675, 0.41999999999999993), 289: (0.06654958569641015, -0.4), 728: (-0.18747265425275836, 0.3800000000000001), 119: (0.09190139488742576, -0.48), 663: (0.28146639091774023, 0.41999999999999993), 348: (0.05794919150031343, 0.31999999999999984), 462: (-0.16192856455394136, 0.30000000000000004), 428: (-0.16118293218468766, -0.040000000000000036)}","{340: (0.527399954437594, 0.24), 108: (0.5235811363654903, 0.30000000000000004), 292: (0.514517268156354, 0.28), 724: (0.5096178094571496, 0.7), 773: (0.49026534523792736, 0.3999999999999999)}","{'noise': 0.3582851696037144, 'amp': 0.5714172545679208, 'ls': 1.2095008632875088}","[(0.3800000000000001, 0.30000000000000004)]",[]
