impression,user_id,app_version,model_version,mturk_id,status,NUM_INITIAL_RATINGS,NUM_REFINE_RATINGS,TOTAL_TRAINING_RATINGS,NUM_TEST_RATINGS,TIME_INITIAL,TIME_REFINE,TIME_TEST,random_test_predictions_ratings,good_test_predictions_ratings,hypers,redisplay_check,arbitrary_check
0,61dda59f-291f-413d-8e72-40b088db429b,5.1.2-aggregated-ar-dresses10,2.0,AO2M8J1H30OZF,Completed,1,20,21,15,9.905353784561157,155.18903923034668,95.58720517158508,"{399: (0.1634233982689024, 0.3999999999999999), 230: (-0.15962474983381125, 0.19999999999999996), 683: (0.15216168291010435, 0.6000000000000001), 9: (-0.001064271133582484, 0.6000000000000001), 336: (-0.016008256373765906, 0.19999999999999996), 773: (0.18375466297264198, 0.8), 263: (0.1429653246273032, 0.6000000000000001), 633: (-0.14526226709246168, 0.19999999999999996), 557: (-0.10228496506547823, 0.19999999999999996), 777: (0.0041517642080347444, 0.8)}","{533: (0.24648450563157048, 0.8), 501: (0.24603175819072168, 0.6000000000000001), 127: (0.22617352431708507, 0.8), 564: (0.21153499037889706, 0.3999999999999999), 47: (0.2055905142587041, 0.6000000000000001)}","{'noise': 0.3582851696037144, 'amp': 0.5714172545679208, 'ls': 1.2095008632875088}","[(0.19999999999999996, 0.19999999999999996)]",[]
