impression,user_id,app_version,model_version,mturk_id,status,NUM_INITIAL_RATINGS,NUM_REFINE_RATINGS,TOTAL_TRAINING_RATINGS,NUM_TEST_RATINGS,TIME_INITIAL,TIME_REFINE,TIME_TEST,random_test_predictions_ratings,good_test_predictions_ratings,hypers,redisplay_check,arbitrary_check
0,6ab336bf-1d99-469f-932d-9ba69d02c04d,5.1.2-aggregated-ar-dresses10,2.0,A1Y83AFQQO1JM,Completed,1,50,51,15,17.758528232574463,142.2597360610962,68.65878987312317,"{107: (0.4744955669094425, 0.6000000000000001), 397: (0.4180380119298972, 0.8), 691: (0.41873073112546055, 0.19999999999999996), 748: (0.392363977111064, 0.19999999999999996), 209: (0.4607123766945558, 0.6000000000000001), 587: (0.5597331172931785, 0.6000000000000001), 586: (0.38242200310219476, 0.3999999999999999), 448: (0.29573664468006733, 0.6000000000000001), 511: (0.4585171957198985, 0.6000000000000001), 54: (0.32358287951821757, 0.3999999999999999)}","{800: (0.6543176973647611, 0.19999999999999996), 133: (0.6442361163467203, 0.19999999999999996), 539: (0.6434494166467482, 0.6000000000000001), 46: (0.642914880266713, 0.6000000000000001), 510: (0.6427144659071934, 0.19999999999999996)}","{'noise': 0.3582851696037144, 'amp': 0.5714172545679208, 'ls': 1.2095008632875088}","[(0.6000000000000001, 0.3999999999999999)]",[]
