impression,user_id,app_version,model_version,mturk_id,status,NUM_INITIAL_RATINGS,NUM_REFINE_RATINGS,TOTAL_TRAINING_RATINGS,NUM_TEST_RATINGS,TIME_INITIAL,TIME_REFINE,TIME_TEST,random_test_predictions_ratings,good_test_predictions_ratings,hypers,redisplay_check,arbitrary_check
0,6bac2def-cde7-4f20-9ef1-11d29957b3e8,5.1.2-aggregated-ar-dresses10,2.0,A1LBJ5IX3YHCUK,Completed,1,30,31,15,10.077115058898926,423.1035602092743,176.60415697097778,"{788: (-0.06643182483498881, -0.8), 257: (-0.03329398728997503, 0.6000000000000001), 318: (0.004837732690147693, 0.6000000000000001), 746: (0.32239958218828896, 1.0), 271: (0.12215285405242216, 0.0), 525: (0.19897204939569935, 1.0), 670: (0.15595018736781463, 0.6000000000000001), 129: (0.2562592418954606, 0.6000000000000001), 280: (0.12442814342571189, 0.8), 248: (-0.07983752023556334, -0.8)}","{608: (0.37820312988343885, 0.6000000000000001), 722: (0.3742562850429549, 1.0), 624: (0.372696553011624, 1.0), 597: (0.3578972724776215, 0.8), 266: (0.3572952717495747, 0.8)}","{'noise': 0.3582851696037144, 'amp': 0.5714172545679208, 'ls': 1.2095008632875088}","[(1.0, 1.0)]",[]
