impression,user_id,app_version,model_version,mturk_id,status,NUM_INITIAL_RATINGS,NUM_REFINE_RATINGS,TOTAL_TRAINING_RATINGS,NUM_TEST_RATINGS,TIME_INITIAL,TIME_REFINE,TIME_TEST,random_test_predictions_ratings,good_test_predictions_ratings,hypers,redisplay_check,arbitrary_check
0,6be891e8-4519-47a9-9f6b-8133671a36d7,5.1.2-aggregated-ar-dresses10,2.0,A2WKXNTZMG0EK6,Completed,1,50,51,15,7.480878591537476,153.90864205360413,115.64580416679382,"{348: (0.07125788839943169, -0.19999999999999996), 223: (0.36726226005695806, 0.19999999999999996), 229: (0.28208320438383433, 0.3999999999999999), 676: (0.4588718203472536, 0.8), 80: (0.28315068046574404, 0.19999999999999996), 603: (0.014882447417399441, 0.3999999999999999), 82: (0.3031569874007295, 0.0), 652: (0.38831778539544715, 0.8), 793: (0.4460612601382119, 0.3999999999999999), 539: (0.0690840375093491, -0.4)}","{290: (0.6381567989659324, 0.8), 336: (0.6112886854436683, 0.6000000000000001), 751: (0.5924258525079747, 0.3999999999999999), 759: (0.5874135965895666, 0.6000000000000001), 802: (0.5774589673130319, 1.0)}","{'noise': 0.3582851696037144, 'amp': 0.5714172545679208, 'ls': 1.2095008632875088}","[(0.3999999999999999, 0.8)]",[]
