impression,user_id,app_version,model_version,mturk_id,status,NUM_INITIAL_RATINGS,NUM_REFINE_RATINGS,TOTAL_TRAINING_RATINGS,NUM_TEST_RATINGS,TIME_INITIAL,TIME_REFINE,TIME_TEST,random_test_predictions_ratings,good_test_predictions_ratings,hypers,redisplay_check,arbitrary_check
0,6d7ec719-d518-4c06-8d52-0ba73b9709ee,5.1.2-aggregated-ar-dresses10,2.0,AYT5Z602BJ3SV,Completed,1,20,21,15,8.001169204711914,106.22435998916626,65.03126549720764,"{199: (-0.7980747771505924, -1.0), 278: (-0.6402802049251952, -1.0), 571: (-0.12097149420203225, -1.0), 660: (-0.2250918701094886, -0.6), 796: (-0.1466292102838222, -0.19999999999999996), 703: (-0.3282648364246118, -0.8), 412: (0.06349330379384792, 0.6000000000000001), 602: (0.13545616150096806, 0.8), 47: (-0.28723227310500216, -0.6), 128: (-0.4214476154830237, -0.8)}","{640: (0.40697450238972865, 1.0), 417: (0.37395409603519253, -0.19999999999999996), 456: (0.34876514735057684, 1.0), 516: (0.3390007651811434, 0.3999999999999999), 26: (0.33095632320332546, -1.0)}","{'noise': 0.3582851696037144, 'amp': 0.5714172545679208, 'ls': 1.2095008632875088}","[(-1.0, -0.8)]",[]
