impression,user_id,app_version,model_version,mturk_id,status,NUM_INITIAL_RATINGS,NUM_REFINE_RATINGS,TOTAL_TRAINING_RATINGS,NUM_TEST_RATINGS,TIME_INITIAL,TIME_REFINE,TIME_TEST,random_test_predictions_ratings,good_test_predictions_ratings,hypers,redisplay_check,arbitrary_check
0,6eec9ab3-8669-4d57-bd19-409e19fa564e,5.1.2-aggregated-ar-dresses10,2.0,A125AOX978LDG7,Completed,1,40,41,15,12.830524921417236,180.62298774719238,61.23988127708435,"{777: (0.060351560028434004, -0.6), 152: (0.022849589407363972, -0.6), 691: (-0.23228827633033458, -0.6), 278: (-0.030085848421646497, -0.4), 346: (-0.1414939646037426, -0.4), 792: (0.158391033352467, 0.3999999999999999), 756: (0.18086724295527665, -0.19999999999999996), 391: (0.07964423105341376, -0.19999999999999996), 782: (0.1266368990471418, -0.6), 486: (0.1637546026764631, 0.6000000000000001)}","{308: (0.5014882538013368, 0.6000000000000001), 23: (0.46593839570701656, 0.3999999999999999), 207: (0.4612474254861802, -0.6), 235: (0.42689015280110676, -0.4), 521: (0.4263576620591911, 0.0)}","{'noise': 0.3582851696037144, 'amp': 0.5714172545679208, 'ls': 1.2095008632875088}","[(-0.4, -0.6)]",[]
