impression,user_id,app_version,model_version,mturk_id,status,NUM_INITIAL_RATINGS,NUM_REFINE_RATINGS,TOTAL_TRAINING_RATINGS,NUM_TEST_RATINGS,TIME_INITIAL,TIME_REFINE,TIME_TEST,random_test_predictions_ratings,good_test_predictions_ratings,hypers,redisplay_check,arbitrary_check
0,6ef8d819-0a7d-435a-a886-481b4afd17cf,5.1.2-aggregated-ar-dresses10,2.0,A10NDRBWGT78R2,Completed,1,30,31,15,13.865329265594482,215.54951214790344,98.37920451164246,"{13: (0.4270987142106754, 0.0), 334: (-0.5047985381976312, -0.19999999999999996), 619: (0.15998991386388262, 1.0), 294: (-0.4342184335816296, 0.0), 312: (0.0679299398636238, -0.8), 534: (0.1749844943237691, 0.6000000000000001), 279: (0.06098587836710568, 1.0), 314: (0.2960144452952108, -0.4), 688: (0.5825563339718262, -0.4), 673: (0.27045756078510486, 0.19999999999999996)}","{67: (1.031324237535419, 0.19999999999999996), 355: (1.0103933481134346, 0.8), 374: (0.9974105342331167, 0.6000000000000001), 753: (0.9611094755861186, 0.8), 214: (0.9534643104077565, 0.8)}","{'noise': 0.3582851696037144, 'amp': 0.5714172545679208, 'ls': 1.2095008632875088}","[(1.0, 1.0)]",[]
