impression,user_id,app_version,model_version,mturk_id,status,NUM_INITIAL_RATINGS,NUM_REFINE_RATINGS,TOTAL_TRAINING_RATINGS,NUM_TEST_RATINGS,TIME_INITIAL,TIME_REFINE,TIME_TEST,random_test_predictions_ratings,good_test_predictions_ratings,hypers,redisplay_check,arbitrary_check
0,6efab70e-14b2-410e-ba60-b61b21c13094,5.1.2-aggregated-ar-dresses10,2.0,A1CFPKUOCGJIM6,Completed,1,50,51,15,8.531695127487183,355.81832909584045,142.84963059425354,"{658: (-0.22037757255736243, -1.0), 296: (-0.3839825022740307, -0.4), 433: (-0.24150285752826164, -0.6), 259: (-0.14031329806436718, -0.4), 396: (-0.4141682360954991, -0.4), 644: (-0.19373993146030313, -0.19999999999999996), 194: (-0.2882095207367582, -0.8), 470: (-0.42179380752054835, 0.0), 404: (-0.24694210929460486, 0.3999999999999999), 102: (-0.49075515848749046, -1.0)}","{420: (0.18427590431840696, 0.3999999999999999), 266: (0.151301434991313, -0.8), 270: (0.12335976038887053, 0.3999999999999999), 523: (0.11688468843729996, 1.0), 759: (0.11569747493573827, 0.19999999999999996)}","{'noise': 0.3582851696037144, 'amp': 0.5714172545679208, 'ls': 1.2095008632875088}","[(-0.4, -0.4)]",[]
