impression,user_id,app_version,model_version,mturk_id,status,NUM_INITIAL_RATINGS,NUM_REFINE_RATINGS,TOTAL_TRAINING_RATINGS,NUM_TEST_RATINGS,TIME_INITIAL,TIME_REFINE,TIME_TEST,random_test_predictions_ratings,good_test_predictions_ratings,hypers,redisplay_check,arbitrary_check
0,72dc9321-b2d5-4f21-bc10-8c4f144654c8,5.1.2-aggregated-ar-dresses10,2.0,A3RNGN5WLE1OBU,Completed,1,20,21,15,13.418626546859741,148.40834140777588,75.82059478759766,"{691: (-0.6826995321626065, -0.8), 481: (-0.6786066933257431, -0.6), 461: (-0.21041925813919413, -0.19999999999999996), 735: (-0.7306252096060681, -0.8), 445: (-0.703623895552886, -1.0), 386: (-0.3308764293778412, -0.8), 85: (-0.5587862294500225, -0.8), 563: (-0.6847222707723919, -1.0), 750: (-0.46881507705459924, -1.0), 741: (-0.46207099492249126, -0.4)}","{743: (-0.1095099229697157, -0.6), 25: (-0.1129882610353501, -0.8), 612: (-0.14188729681707546, -0.19999999999999996), 306: (-0.1579639902305037, 0.0), 713: (-0.16328112459142238, -0.4)}","{'noise': 0.3582851696037144, 'amp': 0.5714172545679208, 'ls': 1.2095008632875088}","[(-0.6, -0.8)]",[]
