impression,user_id,app_version,model_version,mturk_id,status,NUM_INITIAL_RATINGS,NUM_REFINE_RATINGS,TOTAL_TRAINING_RATINGS,NUM_TEST_RATINGS,TIME_INITIAL,TIME_REFINE,TIME_TEST,random_test_predictions_ratings,good_test_predictions_ratings,hypers,redisplay_check,arbitrary_check
0,73144399-135d-4733-82f5-ff7e441088ff,5.1.2-aggregated-ar-dresses10,2.0,A3NQ4ZG8PEN9X4,Completed,1,40,41,15,33.581812620162964,283.2835705280304,84.58169293403625,"{627: (-0.03909853305504235, -0.8), 350: (-0.1262772149092846, -0.19999999999999996), 52: (-0.10882906828979282, 0.8), 726: (0.14087594353376257, -0.6), 643: (0.10378344888982709, 0.19999999999999996), 683: (-0.5014109477387404, 0.8), 691: (-0.522232791150839, 0.19999999999999996), 369: (-0.016556742099440587, -0.8), 692: (-0.1694473645740292, 0.0), 166: (-0.16316535418608283, -0.6)}","{425: (0.566082023000471, 0.8), 523: (0.5586452894518361, 1.0), 597: (0.5431094435861393, 0.8), 263: (0.4795351527357195, 0.8), 297: (0.45486513515224825, 0.8)}","{'noise': 0.3582851696037144, 'amp': 0.5714172545679208, 'ls': 1.2095008632875088}","[(0.19999999999999996, 0.19999999999999996)]",[]
