impression,user_id,app_version,model_version,mturk_id,status,NUM_INITIAL_RATINGS,NUM_REFINE_RATINGS,TOTAL_TRAINING_RATINGS,NUM_TEST_RATINGS,TIME_INITIAL,TIME_REFINE,TIME_TEST,random_test_predictions_ratings,good_test_predictions_ratings,hypers,redisplay_check,arbitrary_check
0,744d86bb-2655-436b-86c1-80bfcb3f2453,5.1.2-aggregated-ar-dresses10,2.0,A235DXY5FJN0IW,Completed,1,30,31,15,6.463891506195068,97.20379948616028,49.01817178726196,"{237: (-0.22934361705667303, 0.3999999999999999), 98: (0.17713150275483222, -0.6), 789: (-0.131997724382005, -0.4), 298: (-0.12040096534783926, -0.4), 778: (0.0238291968626307, -0.19999999999999996), 412: (-0.23088243674597592, -0.19999999999999996), 606: (-0.10188287140825943, -0.6), 501: (-0.18984635470807576, -0.4), 357: (0.22895771431564962, 0.3999999999999999), 694: (-0.22448953273815797, 0.19999999999999996)}","{25: (0.42240490247780055, -0.4), 743: (0.4044057557601017, 0.6000000000000001), 612: (0.3745526439134615, 0.6000000000000001), 658: (0.36873161572036023, 0.3999999999999999), 440: (0.3571534031216543, 0.3999999999999999)}","{'noise': 0.3582851696037144, 'amp': 0.5714172545679208, 'ls': 1.2095008632875088}","[(-0.4, -0.4)]",[]
