impression,user_id,app_version,model_version,mturk_id,status,NUM_INITIAL_RATINGS,NUM_REFINE_RATINGS,TOTAL_TRAINING_RATINGS,NUM_TEST_RATINGS,TIME_INITIAL,TIME_REFINE,TIME_TEST,random_test_predictions_ratings,good_test_predictions_ratings,hypers,redisplay_check,arbitrary_check
0,746284f1-eee7-49d4-aac8-2c56879e6dd4,5.1.2-aggregated-ar-dresses10,2.0,A2NXDGNJXC6KFJ,Completed,1,40,41,15,7.2071874141693115,162.94682121276855,53.2201828956604,"{0: (-0.26445029785803914, -0.19999999999999996), 369: (-0.14988583078216997, -0.6), 252: (-0.07904417944603276, -0.4), 789: (-0.004729943010308421, 0.19999999999999996), 682: (-0.16461442947848676, 0.0), 169: (-0.25148946693722996, -0.4), 202: (-0.23791334754777851, 0.19999999999999996), 784: (-0.4186102039850217, -0.6), 189: (-0.19240325316425178, -0.4), 20: (-0.27650807486166445, -0.19999999999999996)}","{234: (0.045623572283528244, 0.3999999999999999), 65: (0.03357257780585698, 0.6000000000000001), 608: (0.027785699164414902, -0.4), 208: (0.027041573538130116, 0.6000000000000001), 386: (0.017620357592866516, -0.19999999999999996)}","{'noise': 0.3582851696037144, 'amp': 0.5714172545679208, 'ls': 1.2095008632875088}","[(0.0, -0.19999999999999996)]",[]
