impression,user_id,app_version,model_version,mturk_id,status,NUM_INITIAL_RATINGS,NUM_REFINE_RATINGS,TOTAL_TRAINING_RATINGS,NUM_TEST_RATINGS,TIME_INITIAL,TIME_REFINE,TIME_TEST,random_test_predictions_ratings,good_test_predictions_ratings,hypers,redisplay_check,arbitrary_check
0,753cd5f7-d296-45ac-92be-521b416af035,5.1.2-aggregated-ar-dresses10,2.0,A2VR9O234UCT9T,Completed,1,20,21,15,7.523840665817261,117.91570091247559,89.85946607589722,"{671: (-0.017332725602465047, 0.3999999999999999), 717: (0.14496523247011078, 0.6000000000000001), 505: (0.11187149027005266, 0.3999999999999999), 246: (0.21259356546843783, 0.3999999999999999), 542: (0.05315059072049483, 0.3999999999999999), 349: (0.07895618921297765, 0.0), 147: (0.09844638034855085, 0.8), 101: (-0.1355601515325351, -0.6), 434: (0.07409298387639598, 0.19999999999999996), 96: (0.19620277483960955, 0.6000000000000001)}","{40: (0.35782881751632883, 0.3999999999999999), 127: (0.34425648366598466, 0.8), 445: (0.34075790923647625, 0.6000000000000001), 773: (0.3397243126226625, 0.6000000000000001), 166: (0.32478180901520676, 1.0)}","{'noise': 0.3582851696037144, 'amp': 0.5714172545679208, 'ls': 1.2095008632875088}","[(0.8, 0.6000000000000001)]",[]
