impression,user_id,app_version,model_version,mturk_id,status,NUM_INITIAL_RATINGS,NUM_REFINE_RATINGS,TOTAL_TRAINING_RATINGS,NUM_TEST_RATINGS,TIME_INITIAL,TIME_REFINE,TIME_TEST,random_test_predictions_ratings,good_test_predictions_ratings,hypers,redisplay_check,arbitrary_check
0,78e40142-3399-46e4-80d2-402631f1cae1,5.1.2-aggregated-ar-dresses10,2.0,AHEV7O3L0DWJE,Completed,1,30,31,15,17.088038682937622,249.03491377830505,115.92406511306763,"{434: (-0.32472232998500744, -0.8), 166: (0.05934039726809345, -0.8), 604: (0.005489122752069933, 0.0), 425: (0.3378183103641744, 0.3999999999999999), 258: (0.08502245799366338, 0.8), 584: (-0.10679364941150302, 0.0), 596: (0.044121881571289795, -0.19999999999999996), 591: (-0.00277806957178707, -0.8), 420: (0.26685520168596616, 0.19999999999999996), 440: (0.25548763395234303, 0.19999999999999996)}","{44: (0.5318528499296438, 0.0), 580: (0.5228470667074969, 0.8), 325: (0.5153581710167655, 0.0), 663: (0.5030883130080422, 0.8999999999999999), 811: (0.49441571579896954, 0.6000000000000001)}","{'noise': 0.3582851696037144, 'amp': 0.5714172545679208, 'ls': 1.2095008632875088}","[(0.19999999999999996, 0.19999999999999996)]",[]
