impression,user_id,app_version,model_version,mturk_id,status,NUM_INITIAL_RATINGS,NUM_REFINE_RATINGS,TOTAL_TRAINING_RATINGS,NUM_TEST_RATINGS,TIME_INITIAL,TIME_REFINE,TIME_TEST,random_test_predictions_ratings,good_test_predictions_ratings,hypers,redisplay_check,arbitrary_check
0,7944d416-68eb-47a4-a227-f1baf4f50a3c,5.1.2-aggregated-ar-dresses10,2.0,A2UWEAIX8UZXAQ,Completed,1,20,21,15,9.555447816848755,73.34149265289307,52.958781242370605,"{227: (-0.11078457213273614, 0.0), 415: (-0.06291172914405867, 0.3999999999999999), 418: (-0.25452664128299074, 0.19999999999999996), 386: (0.10176015129152219, 0.3999999999999999), 269: (-0.06500193558173903, -0.4), 349: (-0.1536075267731819, 0.6000000000000001), 166: (0.1401139071934275, 0.19999999999999996), 167: (-0.3786353300092993, -0.4), 88: (-0.5175113689250223, -0.4), 727: (-0.3556158356520397, 0.3999999999999999)}","{40: (0.31648972940522513, -0.6), 635: (0.31326526181763925, 0.8), 472: (0.2729510491131471, 0.6000000000000001), 468: (0.26928141492279034, 0.6000000000000001), 773: (0.24695325838839552, 0.19999999999999996)}","{'noise': 0.3582851696037144, 'amp': 0.5714172545679208, 'ls': 1.2095008632875088}","[(-0.19999999999999996, 0.0)]",[]
