impression,user_id,app_version,model_version,mturk_id,status,NUM_INITIAL_RATINGS,NUM_REFINE_RATINGS,TOTAL_TRAINING_RATINGS,NUM_TEST_RATINGS,TIME_INITIAL,TIME_REFINE,TIME_TEST,random_test_predictions_ratings,good_test_predictions_ratings,hypers,redisplay_check,arbitrary_check
0,794792cf-fa96-46c4-892e-e92e3132432a,5.1.2-aggregated-ar-dresses10,2.0,A1VB2LP675RP8E,Completed,1,20,21,15,13.217161893844604,118.29925560951233,92.63864159584045,"{730: (-0.18922270002887906, 0.19999999999999996), 359: (-0.4806542540648965, -1.0), 273: (-0.5200142941585992, -0.19999999999999996), 59: (-0.49726237549378927, -0.8), 456: (-0.7213990500639784, -1.0), 449: (-0.4382136497909762, -0.19999999999999996), 128: (-0.33048675456317944, -1.0), 759: (-0.24677496893412562, -0.4), 689: (-0.6539038718545472, -1.0), 519: (-0.3944001161857773, -0.4)}","{397: (0.024767839645096806, 0.3999999999999999), 324: (0.01068608061704252, 0.6000000000000001), 512: (0.005641315560189916, -1.0), 695: (-0.008433733545760352, 0.3999999999999999), 384: (-0.013626762164590661, 0.6000000000000001)}","{'noise': 0.3582851696037144, 'amp': 0.5714172545679208, 'ls': 1.2095008632875088}","[(-0.19999999999999996, -0.4)]",[]
