impression,user_id,app_version,model_version,mturk_id,status,NUM_INITIAL_RATINGS,NUM_REFINE_RATINGS,TOTAL_TRAINING_RATINGS,NUM_TEST_RATINGS,TIME_INITIAL,TIME_REFINE,TIME_TEST,random_test_predictions_ratings,good_test_predictions_ratings,hypers,redisplay_check,arbitrary_check
0,79ecfc44-7bcd-44d6-9ea7-cb9f86703394,5.1.2-aggregated-ar-dresses10,2.0,A2YBRWIUM45CAJ,Completed,1,20,21,15,3.2388148307800293,378.63934206962585,107.31251001358032,"{81: (-0.12479240585137798, -0.19999999999999996), 253: (-0.06483352037576545, 0.3999999999999999), 808: (-0.2703523746081049, -0.19999999999999996), 529: (-0.18057436826277254, -0.4), 102: (-0.03784510565280913, 0.19999999999999996), 462: (-0.20030145112833445, 0.19999999999999996), 269: (-0.21911558663952585, -0.19999999999999996), 139: (-0.2025779227551483, 0.0), 91: (-0.09444063584925785, 0.0), 469: (-0.10088875800222853, -0.19999999999999996)}","{453: (0.06726842380881116, 0.0), 257: (0.049813682098577325, 0.0), 276: (0.044593155559842314, 0.3999999999999999), 373: (0.044231268139878877, -0.19999999999999996), 446: (0.03947375939587328, 0.0)}","{'noise': 0.3582851696037144, 'amp': 0.5714172545679208, 'ls': 1.2095008632875088}","[(0.19999999999999996, 0.19999999999999996)]",[]
