impression,user_id,app_version,model_version,mturk_id,status,NUM_INITIAL_RATINGS,NUM_REFINE_RATINGS,TOTAL_TRAINING_RATINGS,NUM_TEST_RATINGS,TIME_INITIAL,TIME_REFINE,TIME_TEST,random_test_predictions_ratings,good_test_predictions_ratings,hypers,redisplay_check,arbitrary_check
0,7a5713c3-72b1-422a-8988-ce05f64f98fc,5.1.2-aggregated-ar-dresses10,2.0,A32UPOIV8K3W0Z,Completed,1,20,21,15,5.004079341888428,94.5513985157013,64.68721675872803,"{677: (-0.20895044767594903, 0.0), 464: (-0.6264409610996822, -0.8), 745: (-0.11915823531280088, 0.6000000000000001), 629: (-0.2527206884851077, -0.6), 529: (-0.6191717575893185, -0.8), 478: (-0.17545613415824868, 0.6000000000000001), 335: (-0.4360642501843157, -0.4), 311: (-0.020664937737947447, -0.4), 711: (-0.23945022029751303, -0.6), 364: (-0.3850108975519062, 0.19999999999999996)}","{756: (0.4021558325235299, 0.19999999999999996), 405: (0.3642442209346091, 0.8), 614: (0.32463438118327953, 0.0), 621: (0.29953053473850344, -0.4), 46: (0.24967264659362462, -0.6)}","{'noise': 0.3582851696037144, 'amp': 0.5714172545679208, 'ls': 1.2095008632875088}","[(-0.19999999999999996, 0.0)]",[]
