impression,user_id,app_version,model_version,mturk_id,status,NUM_INITIAL_RATINGS,NUM_REFINE_RATINGS,TOTAL_TRAINING_RATINGS,NUM_TEST_RATINGS,TIME_INITIAL,TIME_REFINE,TIME_TEST,random_test_predictions_ratings,good_test_predictions_ratings,hypers,redisplay_check,arbitrary_check
0,7aac4209-b032-4039-8460-cf92c1e96d07,5.1.2-aggregated-ar-dresses10,2.0,A202BACMRH2JRQ,Completed,1,20,21,15,10.080861568450928,146.4409990310669,122.45877957344055,"{373: (-0.45240714638695295, -0.4), 123: (-0.22101061976659198, -1.0), 99: (-0.29520169395792056, 0.19999999999999996), 228: (-0.468526617746053, -1.0), 542: (-0.46629869233397875, 0.6000000000000001), 504: (-0.19514422773789014, -0.09999999999999998), 262: (-0.5229668157722182, -0.4), 749: (-0.21792667969269502, 0.19999999999999996), 735: (-0.5403725799422908, -0.8), 184: (-0.6902465663555608, 0.30000000000000004)}","{338: (0.2351099073758855, 0.30000000000000004), 588: (0.17507332405876322, -0.19999999999999996), 462: (0.17121724817864495, -0.6), 696: (0.17022572079200407, -0.6), 526: (0.12116181410264014, 0.3999999999999999)}","{'noise': 0.3582851696037144, 'amp': 0.5714172545679208, 'ls': 1.2095008632875088}","[(-0.09999999999999998, -0.4)]",[]
