impression,user_id,app_version,model_version,mturk_id,status,NUM_INITIAL_RATINGS,NUM_REFINE_RATINGS,TOTAL_TRAINING_RATINGS,NUM_TEST_RATINGS,TIME_INITIAL,TIME_REFINE,TIME_TEST,random_test_predictions_ratings,good_test_predictions_ratings,hypers,redisplay_check,arbitrary_check
0,7bdfc291-ba3a-46a5-8974-68e12d2dad6e,5.1.2-aggregated-ar-dresses10,2.0,A3DZVN0RJGJ8XM,Completed,1,20,21,15,136.6450457572937,159.05908942222595,255.58373713493347,"{675: (0.08571577742054393, 0.0), 701: (-0.13979652101140325, -0.8), 665: (0.07867747964958781, 0.0), 161: (-0.12153494698458082, -0.4), 360: (-0.2488004310910853, -0.6), 545: (0.02793435563479932, -0.4), 96: (0.035045770046165395, 0.10000000000000009), 210: (0.0981812428608605, 0.19999999999999996), 270: (0.19969330089515144, 0.7399999999999998), 328: (-0.046059412811293804, -0.19999999999999996)}","{769: (0.3089238873851349, 0.0), 722: (0.2924286575926271, 0.3999999999999999), 671: (0.28087228349432947, -0.4), 549: (0.27844666565368525, 0.5), 774: (0.2784187717056752, -0.19999999999999996)}","{'noise': 0.3582851696037144, 'amp': 0.5714172545679208, 'ls': 1.2095008632875088}","[(0.3999999999999999, 0.0)]",[]
