impression,user_id,app_version,model_version,mturk_id,status,NUM_INITIAL_RATINGS,NUM_REFINE_RATINGS,TOTAL_TRAINING_RATINGS,NUM_TEST_RATINGS,TIME_INITIAL,TIME_REFINE,TIME_TEST,random_test_predictions_ratings,good_test_predictions_ratings,hypers,redisplay_check,arbitrary_check
0,7c339dab-7b87-431c-bc38-3a518a6cb921,5.1.2-aggregated-ar-dresses10,2.0,AZ57JUG01RURB,Completed,1,50,51,15,5.798693895339966,217.70598220825195,60.209389448165894,"{381: (0.07190299055493707, 0.0), 752: (0.2773600784926662, 0.19999999999999996), 219: (0.2733295710201159, 0.6000000000000001), 561: (-0.047725626143436756, -0.4), 348: (-0.004576358168751666, -0.4), 543: (0.7292593460961622, 0.8999999999999999), 448: (-0.06258125470750756, -0.19999999999999996), 235: (-0.20027385579951598, -0.6), 773: (-0.1639262378348763, -0.6), 464: (-0.12122389826356084, -0.6)}","{599: (0.7998340263659633, 1.0), 267: (0.797047590938974, 0.8999999999999999), 772: (0.7837644277169685, 1.0), 503: (0.7811656720190531, 0.8), 242: (0.7753015982316627, 0.8)}","{'noise': 0.3582851696037144, 'amp': 0.5714172545679208, 'ls': 1.2095008632875088}","[(-0.4, -0.4)]",[]
