impression,user_id,app_version,model_version,mturk_id,status,NUM_INITIAL_RATINGS,NUM_REFINE_RATINGS,TOTAL_TRAINING_RATINGS,NUM_TEST_RATINGS,TIME_INITIAL,TIME_REFINE,TIME_TEST,random_test_predictions_ratings,good_test_predictions_ratings,hypers,redisplay_check,arbitrary_check
0,7d13310b-ca05-487a-a94b-8dd6cef35441,5.1.2-aggregated-ar-dresses10,2.0,A3EM5SJYGZNFTG,Completed,1,20,21,15,6.81961727142334,69.90447926521301,54.42836022377014,"{524: (-0.5673684231579329, 0.19999999999999996), 681: (-0.5097872421842009, -0.6), 109: (-0.5413899944832338, 0.19999999999999996), 543: (-0.38723173641065534, 0.19999999999999996), 41: (-0.5466667286939312, -0.6), 389: (-0.5286913138735262, -0.6), 515: (-0.39873578120981085, -0.6), 781: (-0.34559096034117026, -0.8), 768: (-0.5484433839889492, -0.19999999999999996), 301: (-0.5809886224198558, -0.6)}","{25: (-0.21608352700184488, -0.19999999999999996), 440: (-0.22079373824802, 0.6000000000000001), 269: (-0.23220983308274917, 0.19999999999999996), 754: (-0.23681143634928215, -0.8), 734: (-0.24695946039711228, 0.19999999999999996)}","{'noise': 0.3582851696037144, 'amp': 0.5714172545679208, 'ls': 1.2095008632875088}","[(0.6000000000000001, 0.19999999999999996)]",[]
