impression,user_id,app_version,model_version,mturk_id,status,NUM_INITIAL_RATINGS,NUM_REFINE_RATINGS,TOTAL_TRAINING_RATINGS,NUM_TEST_RATINGS,TIME_INITIAL,TIME_REFINE,TIME_TEST,random_test_predictions_ratings,good_test_predictions_ratings,hypers,redisplay_check,arbitrary_check
0,7db888dd-ee28-4bfe-b2e1-e9a0f2eafa25,5.1.2-aggregated-ar-dresses10,2.0,AMC79JNNDINXM,Completed,1,50,51,15,13.415442943572998,308.50047302246094,88.90703678131104,"{656: (0.15480036708262956, 0.3999999999999999), 356: (0.0639448603049971, 0.6000000000000001), 793: (0.3139335471880617, 1.0), 556: (0.11977002020983123, 0.19999999999999996), 369: (0.2294651227382094, 0.3999999999999999), 81: (-0.004586455519524735, -0.8), 242: (0.1607123360410327, 0.0), 788: (-0.15303483384124894, -0.19999999999999996), 668: (-0.06181387172164968, -0.8), 274: (0.20240740394021517, 0.6000000000000001)}","{738: (0.37367821725416905, 0.8), 523: (0.3452472112377895, 0.6000000000000001), 677: (0.3361676828494065, 1.0), 800: (0.3345877186479862, 0.8), 306: (0.3327903876249434, 1.0)}","{'noise': 0.3582851696037144, 'amp': 0.5714172545679208, 'ls': 1.2095008632875088}","[(0.8, 0.6000000000000001)]",[]
