impression,user_id,app_version,model_version,mturk_id,status,NUM_INITIAL_RATINGS,NUM_REFINE_RATINGS,TOTAL_TRAINING_RATINGS,NUM_TEST_RATINGS,TIME_INITIAL,TIME_REFINE,TIME_TEST,random_test_predictions_ratings,good_test_predictions_ratings,hypers,redisplay_check,arbitrary_check
0,7ec10d80-0711-434b-a70b-b9941472d2cb,5.1.2-aggregated-ar-dresses10,2.0,AR95C0P53AFWJ,Completed,1,20,21,15,14.313331127166748,103.60772252082825,73.7437391281128,"{106: (-0.23308886889466549, 0.19999999999999996), 482: (-0.18236026831891777, -0.8), 558: (-0.007326030881709393, 0.19999999999999996), 442: (-0.46854852565584465, -0.4), 56: (-0.4991411261447588, -0.4), 591: (-0.06220354069986464, 0.19999999999999996), 262: (-0.5112633044523532, -0.6), 645: (-0.6235086476959669, -0.6), 231: (-0.4452302459725035, -0.6), 80: (-0.6264726206994864, -1.0)}","{263: (0.14613013198120836, 0.19999999999999996), 358: (0.1309820639058591, -0.4), 290: (0.11018347740391604, 0.19999999999999996), 303: (0.10261933203125333, 0.19999999999999996), 597: (0.10061932560078189, 0.3999999999999999)}","{'noise': 0.3582851696037144, 'amp': 0.5714172545679208, 'ls': 1.2095008632875088}","[(-0.8, -1.0)]",[]
