impression,user_id,app_version,model_version,mturk_id,status,NUM_INITIAL_RATINGS,NUM_REFINE_RATINGS,TOTAL_TRAINING_RATINGS,NUM_TEST_RATINGS,TIME_INITIAL,TIME_REFINE,TIME_TEST,random_test_predictions_ratings,good_test_predictions_ratings,hypers,redisplay_check,arbitrary_check
0,7ec70458-f67e-4f75-8063-7f5f8f074ddc,5.1.2-aggregated-ar-dresses10,2.0,A34N1P4U149MKD,Completed,1,20,21,15,8.987892150878906,120.73995232582092,71.9856071472168,"{215: (-0.6530431371821761, -0.6), 724: (-0.1649236967546867, -0.19999999999999996), 259: (-0.2704345231727017, -0.19999999999999996), 90: (-0.13870448617536588, -0.6), 680: (-0.4475217403292644, -0.4), 695: (-0.5003253030795087, 0.6000000000000001), 303: (-0.129045918378391, 0.19999999999999996), 110: (-0.246650365051888, -0.8), 256: (-0.6637618378925281, -0.4), 184: (0.0033824296763030545, -0.19999999999999996)}","{744: (0.08563443346376438, 0.19999999999999996), 527: (0.07296390535483395, -0.4), 740: (0.06954331025448925, 0.3999999999999999), 198: (0.06536390160256383, 0.0), 716: (0.06463272366894911, -0.19999999999999996)}","{'noise': 0.3582851696037144, 'amp': 0.5714172545679208, 'ls': 1.2095008632875088}","[(-0.19999999999999996, 0.0)]",[]
