impression,user_id,app_version,model_version,mturk_id,status,NUM_INITIAL_RATINGS,NUM_REFINE_RATINGS,TOTAL_TRAINING_RATINGS,NUM_TEST_RATINGS,TIME_INITIAL,TIME_REFINE,TIME_TEST,random_test_predictions_ratings,good_test_predictions_ratings,hypers,redisplay_check,arbitrary_check
0,7f087174-4754-4811-9d6b-ea5f538a10ab,5.1.2-aggregated-ar-dresses10,2.0,A3FOKP72T5I4FR,Completed,1,40,41,15,7.193980932235718,136.5826027393341,44.41242790222168,"{619: (-0.13765501361824395, 0.6000000000000001), 429: (-0.45546036577588056, -0.19999999999999996), 124: (-0.500488982867031, -0.8), 89: (-0.09805592335584411, 0.19999999999999996), 108: (-0.39181974953366094, 0.6000000000000001), 248: (-0.6214883935252684, -0.8), 455: (-0.1834989986160353, 0.6000000000000001), 761: (-0.2739021406377958, -0.8), 623: (-0.12666888799519915, 0.0), 537: (-0.5224817208770132, -0.8)}","{303: (0.18982379549939002, 0.19999999999999996), 167: (0.17303474778035335, -0.8), 212: (0.17068147231090028, 0.3999999999999999), 64: (0.1612627058464078, 0.6000000000000001), 420: (0.16087593486178495, -0.19999999999999996)}","{'noise': 0.3582851696037144, 'amp': 0.5714172545679208, 'ls': 1.2095008632875088}","[(-0.8, -0.8)]",[]
