impression,user_id,app_version,model_version,mturk_id,status,NUM_INITIAL_RATINGS,NUM_REFINE_RATINGS,TOTAL_TRAINING_RATINGS,NUM_TEST_RATINGS,TIME_INITIAL,TIME_REFINE,TIME_TEST,random_test_predictions_ratings,good_test_predictions_ratings,hypers,redisplay_check,arbitrary_check
0,814ec729-435d-4f7b-be6a-371d8856c8a3,5.1.2-aggregated-ar-dresses10,2.0,A24NKUCAX1LURL,Completed,1,20,21,15,58.392332792282104,575.1849644184113,300.1303668022156,"{393: (-0.5234959024071116, -1.0), 576: (-0.54422080173141, -0.4), 763: (-0.5726753842648376, -1.0), 286: (-0.3176005446776463, -0.09999999999999998), 117: (-0.2663592350621986, -1.0), 619: (-0.33119417362408216, -1.0), 78: (-0.573588444574271, -0.19999999999999996), 248: (-0.738954614070684, -1.0), 291: (-0.7900703287521306, -0.8), 491: (-0.34925973346467987, 0.72)}","{229: (-0.024660241054044713, -0.09999999999999998), 214: (-0.043981363597723144, -0.19999999999999996), 268: (-0.049193658835463276, 0.19999999999999996), 150: (-0.05935955657218034, -0.19999999999999996), 726: (-0.06968031289581117, 0.19999999999999996)}","{'noise': 0.3582851696037144, 'amp': 0.5714172545679208, 'ls': 1.2095008632875088}","[(0.19999999999999996, 0.19999999999999996)]",[]
