impression,user_id,app_version,model_version,mturk_id,status,NUM_INITIAL_RATINGS,NUM_REFINE_RATINGS,TOTAL_TRAINING_RATINGS,NUM_TEST_RATINGS,TIME_INITIAL,TIME_REFINE,TIME_TEST,random_test_predictions_ratings,good_test_predictions_ratings,hypers,redisplay_check,arbitrary_check
0,8334d6da-9490-445d-93db-8c202da08a7c,5.1.2-aggregated-ar-dresses10,2.0,A2BPD7YAWI00VN,Completed,1,20,21,15,9.954445838928223,118.26832699775696,84.76121473312378,"{73: (-0.07218507379921318, -0.4), 227: (-0.26785989509878977, -0.8), 411: (-0.2894744698138295, -0.19999999999999996), 554: (-0.058682229152154736, -0.19999999999999996), 351: (0.021293388070234592, -0.19999999999999996), 435: (-0.11604096787869839, 0.0), 167: (0.07505426195626785, -0.19999999999999996), 211: (-0.22669161031478258, 0.0), 573: (0.06347116601725099, 0.0), 647: (-0.18389434990086195, -0.6)}","{677: (0.18222493911804447, 0.19999999999999996), 64: (0.17736939129679008, 0.3999999999999999), 605: (0.17658936660777114, 0.0), 730: (0.17575992792313, 0.3999999999999999), 543: (0.16556638072104812, 0.19999999999999996)}","{'noise': 0.3582851696037144, 'amp': 0.5714172545679208, 'ls': 1.2095008632875088}","[(0.6000000000000001, 0.3999999999999999)]",[]
