impression,user_id,app_version,model_version,mturk_id,status,NUM_INITIAL_RATINGS,NUM_REFINE_RATINGS,TOTAL_TRAINING_RATINGS,NUM_TEST_RATINGS,TIME_INITIAL,TIME_REFINE,TIME_TEST,random_test_predictions_ratings,good_test_predictions_ratings,hypers,redisplay_check,arbitrary_check
0,83eaad02-a27f-4819-8cb7-58f1925acbe1,5.1.2-aggregated-ar-dresses10,2.0,A2GIT09BQEUM9M,Completed,1,50,51,15,6.6523473262786865,215.7432165145874,56.06547665596008,"{483: (0.21216952034410475, 0.3999999999999999), 781: (-0.006644581982693909, 0.3999999999999999), 189: (-0.1798553182963159, -0.19999999999999996), 89: (0.35340053251482834, 0.3999999999999999), 791: (0.3663734254300341, -0.4), 107: (0.4427285474738041, 0.3999999999999999), 373: (-0.10572102712918158, -0.4), 237: (0.19599866319685647, -0.4), 727: (0.301169333772626, 0.6000000000000001), 740: (0.12793756002143117, 0.0)}","{523: (0.6754029741917005, 0.19999999999999996), 597: (0.6621498326532452, -0.19999999999999996), 420: (0.6364385587698728, 0.3999999999999999), 388: (0.6287703125675282, 0.19999999999999996), 751: (0.6203613345497663, 0.8)}","{'noise': 0.3582851696037144, 'amp': 0.5714172545679208, 'ls': 1.2095008632875088}","[(0.6000000000000001, 0.19999999999999996)]",[]
