impression,user_id,app_version,model_version,mturk_id,status,NUM_INITIAL_RATINGS,NUM_REFINE_RATINGS,TOTAL_TRAINING_RATINGS,NUM_TEST_RATINGS,TIME_INITIAL,TIME_REFINE,TIME_TEST,random_test_predictions_ratings,good_test_predictions_ratings,hypers,redisplay_check,arbitrary_check
0,854ea606-3eb2-4942-8373-b22fc06db61f,5.1.2-aggregated-ar-dresses10,2.0,A3591MJIGGPQ7F,Completed,1,30,31,15,9.26548719406128,171.5425546169281,94.97761487960815,"{788: (-0.7298954069906674, -1.0), 60: (-0.39317893301022966, -0.19999999999999996), 448: (-0.5537257220563294, -0.4), 777: (-0.5532265132791743, -0.4), 474: (-0.3707742061385467, -0.19999999999999996), 279: (-0.3463808991128921, -0.4), 485: (-0.7232022261954252, -0.6), 191: (-0.4654435650110098, -0.8), 307: (-0.6574253336406515, -1.0), 168: (-0.22777767126523107, -0.4)}","{290: (-0.0843943589978796, 0.0), 358: (-0.09246850750914745, -0.19999999999999996), 137: (-0.11362710163399604, -1.0), 297: (-0.1239660642878305, -0.19999999999999996), 12: (-0.12582414939276101, 0.3999999999999999)}","{'noise': 0.3582851696037144, 'amp': 0.5714172545679208, 'ls': 1.2095008632875088}","[(-0.19999999999999996, -0.19999999999999996)]",[]
