impression,user_id,app_version,model_version,mturk_id,status,NUM_INITIAL_RATINGS,NUM_REFINE_RATINGS,TOTAL_TRAINING_RATINGS,NUM_TEST_RATINGS,TIME_INITIAL,TIME_REFINE,TIME_TEST,random_test_predictions_ratings,good_test_predictions_ratings,hypers,redisplay_check,arbitrary_check
0,859b7e15-ed61-45ce-8948-86cda4e6ef13,5.1.2-aggregated-ar-dresses10,2.0,A3PQVDFT21IISU,Completed,1,20,21,15,7.33581805229187,67.5524799823761,48.78408694267273,"{287: (-0.6920449857513825, -0.19999999999999996), 735: (-0.835851083913282, -1.0), 536: (-0.7550124373188127, -0.8), 473: (-0.5996526248799141, -0.6), 242: (-0.5683630281479667, 0.0), 580: (-0.6675474675205506, -0.19999999999999996), 193: (-0.6321822919994113, 0.19999999999999996), 614: (-0.615225132112759, -0.4), 421: (-0.7518229355971384, -1.0), 562: (-0.5966116949310191, 0.0)}","{739: (-0.442631102829803, -0.4), 311: (-0.4433967045214323, -0.8), 362: (-0.4491724655829431, -0.6), 234: (-0.46535831651042, 0.0), 746: (-0.46666484542316117, 0.6000000000000001)}","{'noise': 0.3582851696037144, 'amp': 0.5714172545679208, 'ls': 1.2095008632875088}","[(-0.19999999999999996, -0.4)]",[]
