impression,user_id,app_version,model_version,mturk_id,status,NUM_INITIAL_RATINGS,NUM_REFINE_RATINGS,TOTAL_TRAINING_RATINGS,NUM_TEST_RATINGS,TIME_INITIAL,TIME_REFINE,TIME_TEST,random_test_predictions_ratings,good_test_predictions_ratings,hypers,redisplay_check,arbitrary_check
0,85d2fc9c-65a5-4325-bd2a-869c47c021ff,5.1.2-aggregated-ar-dresses10,2.0,A9PHLJ5ISSJV5,Completed,1,40,41,15,14.422963619232178,450.0385003089905,158.51968955993652,"{62: (0.4965172841533883, 0.3999999999999999), 438: (0.290994267128858, 0.0), 618: (0.5018764393628456, 0.6000000000000001), 293: (0.32651071893786143, 0.3999999999999999), 175: (0.14327244027754485, -0.19999999999999996), 577: (0.5990889587776549, 0.8), 435: (0.634243763522464, 0.6000000000000001), 653: (0.47642461099236144, 0.6000000000000001), 804: (0.36073812370782365, 0.3999999999999999), 103: (0.39800629074663085, 0.3999999999999999)}","{297: (0.7195317033743471, 0.8), 358: (0.7127623071175774, 0.8), 290: (0.7068661069664324, 0.6000000000000001), 270: (0.7041779209919552, 0.6000000000000001), 129: (0.6966494585613234, 0.6000000000000001)}","{'noise': 0.3582851696037144, 'amp': 0.5714172545679208, 'ls': 1.2095008632875088}","[(0.3999999999999999, 0.3999999999999999)]",[]
