impression,user_id,app_version,model_version,mturk_id,status,NUM_INITIAL_RATINGS,NUM_REFINE_RATINGS,TOTAL_TRAINING_RATINGS,NUM_TEST_RATINGS,TIME_INITIAL,TIME_REFINE,TIME_TEST,random_test_predictions_ratings,good_test_predictions_ratings,hypers,redisplay_check,arbitrary_check
0,8671c2bc-89c4-41d3-8d6f-71032530d08e,5.1.2-aggregated-ar-dresses10,2.0,AXXFNNU3O0D5M,Completed,1,50,51,15,6.826168775558472,505.70917415618896,63.13181710243225,"{803: (0.23179956514839456, 0.6000000000000001), 375: (0.28928713776749887, 0.6000000000000001), 42: (-0.011459229157267162, -0.19999999999999996), 479: (-0.37790572890971624, -0.6), 561: (-0.04466989115989349, 0.19999999999999996), 435: (0.44792059500657827, 0.3999999999999999), 416: (0.03664374567988221, 0.19999999999999996), 531: (0.2859237866644212, 0.6000000000000001), 235: (0.1068818831948235, 0.3999999999999999), 398: (0.24945041939987211, 0.3999999999999999)}","{605: (0.5977069913947192, 0.8), 324: (0.5774544740093512, 0.8), 290: (0.5574420093262745, 0.6000000000000001), 188: (0.5549279184010398, 0.6000000000000001), 388: (0.554745559102332, 0.0)}","{'noise': 0.3582851696037144, 'amp': 0.5714172545679208, 'ls': 1.2095008632875088}","[(0.19999999999999996, 0.8)]",[]
