impression,user_id,app_version,model_version,mturk_id,status,NUM_INITIAL_RATINGS,NUM_REFINE_RATINGS,TOTAL_TRAINING_RATINGS,NUM_TEST_RATINGS,TIME_INITIAL,TIME_REFINE,TIME_TEST,random_test_predictions_ratings,good_test_predictions_ratings,hypers,redisplay_check,arbitrary_check
0,86a59a11-ff32-4f4c-91a7-f618c94bf787,5.1.2-aggregated-ar-dresses10,2.0,A3IMM3YOEK9D3H,Completed,1,50,51,15,7.214664936065674,298.8998293876648,101.18499040603638,"{469: (-0.13473958129140906, 0.0), 41: (-0.2743782555282765, 0.0), 428: (-0.3737242859805583, 0.0), 88: (-0.2905390222639976, 0.6000000000000001), 421: (-0.3258487338971631, -0.4), 52: (-0.06045386058634216, 0.0), 693: (-0.3178819350261789, -0.4), 413: (-0.24109111673393413, 0.0), 192: (-0.16784100181417672, -0.4), 128: (-0.20995897738251934, -0.4)}","{190: (0.04540368578602831, 0.0), 624: (-0.002812188748220701, 0.0), 12: (-0.004992305259571048, 0.0), 283: (-0.030966316282839204, 0.0), 461: (-0.03452601994252799, 0.0)}","{'noise': 0.3582851696037144, 'amp': 0.5714172545679208, 'ls': 1.2095008632875088}","[(-0.4, -0.4)]",[]
