impression,user_id,app_version,model_version,mturk_id,status,NUM_INITIAL_RATINGS,NUM_REFINE_RATINGS,TOTAL_TRAINING_RATINGS,NUM_TEST_RATINGS,TIME_INITIAL,TIME_REFINE,TIME_TEST,random_test_predictions_ratings,good_test_predictions_ratings,hypers,redisplay_check,arbitrary_check
0,88c48e8e-9e77-4291-839f-95c0a85f085b,5.1.2-aggregated-ar-dresses10,2.0,A1WL3NZ50YEOWP,Completed,1,50,51,15,7.51500940322876,191.8888783454895,57.08344888687134,"{115: (-0.7512849088610888, -0.8), 364: (-0.7875571370677057, -0.8), 257: (-0.7614396846032749, -0.8), 92: (-0.7713122978240268, -0.8), 669: (-0.8059157354952673, -0.8), 573: (-0.7930446158823643, -0.8), 64: (-0.7712144245872818, -0.8), 449: (-0.7733338328886208, -0.8), 189: (-0.7749382044705156, -0.8), 777: (-0.7758291427118001, -0.6)}","{634: (-0.734503240046715, -0.8), 280: (-0.7351734497187925, -0.8), 236: (-0.7386975052038647, -0.8), 251: (-0.7400934285416017, -0.8), 392: (-0.7404217658267821, -0.8)}","{'noise': 0.3582851696037144, 'amp': 0.5714172545679208, 'ls': 1.2095008632875088}","[(-0.8, -0.8)]",[]
