impression,user_id,app_version,model_version,mturk_id,status,NUM_INITIAL_RATINGS,NUM_REFINE_RATINGS,TOTAL_TRAINING_RATINGS,NUM_TEST_RATINGS,TIME_INITIAL,TIME_REFINE,TIME_TEST,random_test_predictions_ratings,good_test_predictions_ratings,hypers,redisplay_check,arbitrary_check
0,8927db9f-b718-4d1c-a848-33c70f73f900,5.1.2-aggregated-ar-dresses10,2.0,A1EMKR3TP9UL9F,Completed,1,40,41,15,3.6529722213745117,94.70902729034424,27.032630681991577,"{239: (-0.0802690944803644, -0.19999999999999996), 228: (-0.22081390459749656, -0.4), 169: (-0.2342569683053885, -0.4), 544: (-0.08929009329131718, -0.4), 720: (0.10100017057390959, 0.3999999999999999), 756: (-0.16118407152164246, -0.4), 408: (0.00961908245626835, -0.6), 306: (-0.09253351765291921, 0.0), 611: (-0.0360960146814835, 0.0), 375: (-0.2106048709400445, -0.4)}","{547: (0.2445192142666486, 0.3999999999999999), 604: (0.22629135929750685, -0.19999999999999996), 706: (0.22093529853113988, -0.4), 236: (0.2084564812694906, 0.19999999999999996), 368: (0.18394520127647, -0.6)}","{'noise': 0.3582851696037144, 'amp': 0.5714172545679208, 'ls': 1.2095008632875088}","[(-0.6, -0.19999999999999996)]",[]
