impression,user_id,app_version,model_version,mturk_id,status,NUM_INITIAL_RATINGS,NUM_REFINE_RATINGS,TOTAL_TRAINING_RATINGS,NUM_TEST_RATINGS,TIME_INITIAL,TIME_REFINE,TIME_TEST,random_test_predictions_ratings,good_test_predictions_ratings,hypers,redisplay_check,arbitrary_check
0,895bfe2c-f4a1-4fb1-9794-b9e54151712e,5.1.2-aggregated-ar-dresses10,2.0,A1COZVBQTSVTGL,Completed,1,40,41,15,36.37418580055237,339.1232419013977,136.41194653511047,"{485: (-0.24043266740216385, -1.0), 473: (0.36190874194577743, -1.0), 370: (0.6848675968344922, 0.8), 353: (-0.20112565698054688, 0.0), 506: (0.5089900909047635, -0.4), 627: (0.676647785535666, -0.6), 286: (0.08639632102514655, -1.0), 401: (0.5088682764183173, 1.0), 351: (0.04576385186141125, -0.6), 813: (0.3584162257987222, -0.8)}","{270: (1.1722090070461408, 0.8), 297: (1.06473661878295, 1.0), 426: (1.0572629204146287, 0.6000000000000001), 597: (1.0205013857569427, 0.0), 425: (1.0016233108338386, 1.0)}","{'noise': 0.3582851696037144, 'amp': 0.5714172545679208, 'ls': 1.2095008632875088}","[(-1.0, -1.0)]",[]
