impression,user_id,app_version,model_version,mturk_id,status,NUM_INITIAL_RATINGS,NUM_REFINE_RATINGS,TOTAL_TRAINING_RATINGS,NUM_TEST_RATINGS,TIME_INITIAL,TIME_REFINE,TIME_TEST,random_test_predictions_ratings,good_test_predictions_ratings,hypers,redisplay_check,arbitrary_check
0,8a4cec5a-5867-4a2a-84ec-39bc691eb4fc,5.1.2-aggregated-ar-dresses10,2.0,A2HOEI5M6G883O,Completed,1,40,41,15,15.965007305145264,216.8164346218109,73.9498348236084,"{324: (0.3266097644166904, 0.0), 61: (0.6459810195517661, 0.6000000000000001), 90: (0.4660623161590355, 0.3999999999999999), 540: (0.3759308052524263, 0.0), 59: (0.5007702353167229, 0.0), 97: (0.5493866105796213, 0.3999999999999999), 732: (0.57526794750592, 0.8), 738: (0.47331645209912165, 0.19999999999999996), 191: (0.48895304015435426, 0.0), 188: (0.3185932295701879, 0.3999999999999999)}","{96: (0.726461027728181, 0.8), 392: (0.7253995516347537, 0.6000000000000001), 786: (0.7198164932754877, 0.19999999999999996), 391: (0.7112690202925177, 0.19999999999999996), 446: (0.7031610450780006, 0.8)}","{'noise': 0.3582851696037144, 'amp': 0.5714172545679208, 'ls': 1.2095008632875088}","[(0.3999999999999999, 0.6000000000000001)]",[]
