impression,user_id,app_version,model_version,mturk_id,status,NUM_INITIAL_RATINGS,NUM_REFINE_RATINGS,TOTAL_TRAINING_RATINGS,NUM_TEST_RATINGS,TIME_INITIAL,TIME_REFINE,TIME_TEST,random_test_predictions_ratings,good_test_predictions_ratings,hypers,redisplay_check,arbitrary_check
0,8a8b9e73-0370-456e-9362-af1423f458c6,5.1.2-aggregated-ar-dresses10,2.0,A1WY553JKY79ZF,Completed,1,20,21,15,6.741713285446167,71.57544374465942,45.29346060752869,"{749: (-0.3263602967122887, 0.3999999999999999), 637: (0.05091365372225805, -0.4), 492: (-0.44840519892074754, -0.6), 29: (-0.10663647545155608, 0.0), 291: (-0.30142524813670435, -0.4), 660: (-0.2995669842714901, 0.0), 720: (-0.4552377469325075, -0.4), 215: (-0.43588068583171014, 0.0), 579: (-0.25341764814662887, 0.3999999999999999), 611: (-0.1391209512441848, -0.6)}","{23: (0.2855641998280133, -0.4), 420: (0.2532311462124653, 0.0), 797: (0.25096329640566867, -0.4), 212: (0.24122451086578875, -0.6), 608: (0.23801566777725724, 0.19999999999999996)}","{'noise': 0.3582851696037144, 'amp': 0.5714172545679208, 'ls': 1.2095008632875088}","[(-0.4, -0.4)]",[]
