impression,user_id,app_version,model_version,mturk_id,status,NUM_INITIAL_RATINGS,NUM_REFINE_RATINGS,TOTAL_TRAINING_RATINGS,NUM_TEST_RATINGS,TIME_INITIAL,TIME_REFINE,TIME_TEST,random_test_predictions_ratings,good_test_predictions_ratings,hypers,redisplay_check,arbitrary_check
0,8f5bf6e8-0f8d-4bcf-8315-df2727661757,5.1.2-aggregated-ar-dresses10,2.0,A253RKS1MZTGFU,Completed,1,50,51,15,18.809261798858643,341.03764510154724,159.46334218978882,"{787: (0.7467405010226364, 1.0), 441: (0.6737469269244238, 0.8), 378: (0.9158558190104789, 1.0), 514: (0.9798097621321878, 1.0), 160: (0.7329968481076136, 1.0), 499: (0.891651743625885, 1.0), 521: (0.8533586326060614, 1.0), 147: (1.0717369447833365, 1.0), 751: (0.7918301251726917, 0.6000000000000001), 611: (0.6670739097160145, 0.6000000000000001)}","{404: (1.1065505258392472, 1.0), 690: (1.0947518754344379, 1.0), 746: (1.0870228024486719, 1.0), 336: (1.0779954486913412, 0.8), 290: (1.0719004258272942, 1.0)}","{'noise': 0.3582851696037144, 'amp': 0.5714172545679208, 'ls': 1.2095008632875088}","[(0.3999999999999999, 1.0)]",[]
