impression,user_id,app_version,model_version,mturk_id,status,NUM_INITIAL_RATINGS,NUM_REFINE_RATINGS,TOTAL_TRAINING_RATINGS,NUM_TEST_RATINGS,TIME_INITIAL,TIME_REFINE,TIME_TEST,random_test_predictions_ratings,good_test_predictions_ratings,hypers,redisplay_check,arbitrary_check
0,8f736249-ccfd-4caa-b4f7-c278c0e3712e,5.1.2-aggregated-ar-dresses10,2.0,A3JUAF18AAZI1K,Completed,1,40,41,15,8.13862919807434,272.6403114795685,98.82806181907654,"{694: (-0.20016661925450807, 0.0), 366: (-0.5487383243509022, -1.0), 564: (-0.18387190820510882, -0.4), 171: (0.12612661539117115, 0.3999999999999999), 420: (0.1341679746630729, -1.0), 80: (-0.6077795919044418, -1.0), 655: (-0.5896063471706577, -0.19999999999999996), 112: (-0.819158552383358, -1.0), 463: (-0.49797447420273483, -0.8), 73: (-0.07202989655229222, -1.0)}","{272: (0.29495032842053426, 0.3999999999999999), 643: (0.23969167516689738, 0.19999999999999996), 726: (0.1725172091167359, -1.0), 95: (0.16608894310659025, -0.6), 172: (0.16080106774170408, 0.19999999999999996)}","{'noise': 0.3582851696037144, 'amp': 0.5714172545679208, 'ls': 1.2095008632875088}","[(-0.19999999999999996, 0.19999999999999996)]",[]
