impression,user_id,app_version,model_version,mturk_id,status,NUM_INITIAL_RATINGS,NUM_REFINE_RATINGS,TOTAL_TRAINING_RATINGS,NUM_TEST_RATINGS,TIME_INITIAL,TIME_REFINE,TIME_TEST,random_test_predictions_ratings,good_test_predictions_ratings,hypers,redisplay_check,arbitrary_check
0,901bf0fc-1cce-4c1c-b957-7976b04c2f30,5.1.2-aggregated-ar-dresses10,2.0,A1ONOW464OZBLU,Completed,1,50,51,15,8.227901697158813,263.90462017059326,67.29361987113953,"{731: (0.4668982918750959, 0.3999999999999999), 572: (0.42089387132802036, 0.3999999999999999), 774: (0.3262212747525679, 0.3999999999999999), 26: (0.3866943454105097, 0.3999999999999999), 93: (0.4863964469985479, 0.19999999999999996), 246: (0.548565926886574, 0.19999999999999996), 20: (0.3634929888748112, 0.19999999999999996), 134: (0.3506363168490389, 0.19999999999999996), 680: (0.4346921360400271, 0.6000000000000001), 286: (0.45248958789073224, 0.19999999999999996)}","{306: (0.6468518471472043, 0.6000000000000001), 576: (0.6350221760470027, 0.3999999999999999), 362: (0.6227396736893738, 0.6000000000000001), 559: (0.6184775465607915, 0.19999999999999996), 684: (0.6154615197354312, 0.3999999999999999)}","{'noise': 0.3582851696037144, 'amp': 0.5714172545679208, 'ls': 1.2095008632875088}","[(0.19999999999999996, 0.19999999999999996)]",[]
