impression,user_id,app_version,model_version,mturk_id,status,NUM_INITIAL_RATINGS,NUM_REFINE_RATINGS,TOTAL_TRAINING_RATINGS,NUM_TEST_RATINGS,TIME_INITIAL,TIME_REFINE,TIME_TEST,random_test_predictions_ratings,good_test_predictions_ratings,hypers,redisplay_check,arbitrary_check
0,905a18af-f87e-474a-9c86-723b72207853,5.1.2-aggregated-ar-dresses10,2.0,A2KN0VXTMJI4RV,Completed,1,50,51,15,40.837432861328125,332.03700947761536,99.12636280059814,"{684: (0.15442196671310557, 0.3999999999999999), 693: (-0.4770489578601783, 0.19999999999999996), 183: (-0.04966357675136596, 0.3999999999999999), 292: (-0.3238685030566974, 0.0), 188: (0.03644367396584328, -0.6), 154: (0.1042365461813606, 0.19999999999999996), 694: (-0.2528884243217441, -0.6), 7: (-0.38094643926991323, 0.0), 736: (-0.5807318908987785, -0.8), 48: (-0.2988573288506452, -0.19999999999999996)}","{214: (0.3192774395469414, 0.3999999999999999), 165: (0.3155286850958661, 0.6000000000000001), 86: (0.3036577881952529, 0.6000000000000001), 355: (0.29396270723770607, 0.3999999999999999), 150: (0.29368121136867525, 0.0)}","{'noise': 0.3582851696037144, 'amp': 0.5714172545679208, 'ls': 1.2095008632875088}","[(-0.19999999999999996, 0.0)]",[]
