impression,user_id,app_version,model_version,mturk_id,status,NUM_INITIAL_RATINGS,NUM_REFINE_RATINGS,TOTAL_TRAINING_RATINGS,NUM_TEST_RATINGS,TIME_INITIAL,TIME_REFINE,TIME_TEST,random_test_predictions_ratings,good_test_predictions_ratings,hypers,redisplay_check,arbitrary_check
0,909c816c-fbd2-43ff-aa87-22f818d81d0d,5.1.2-aggregated-ar-dresses10,2.0,A2RZLYO5QJT4AS,Completed,1,40,41,15,22.638505935668945,434.2796046733856,99.546471118927,"{127: (0.15792146837560905, 0.19999999999999996), 306: (0.18998989478949038, 0.3999999999999999), 263: (0.3227314292091058, 0.3999999999999999), 213: (0.14525522121830914, 0.0), 415: (-0.001067471593909834, 0.0), 503: (0.1171883461398804, 0.0), 350: (0.06482992246342531, 0.0), 573: (0.051172037095822506, 0.19999999999999996), 810: (0.12415301306364031, 0.3999999999999999), 119: (0.013250180391954353, 0.0)}","{290: (0.3948207015223231, 0.3999999999999999), 597: (0.37968299265077377, 0.3999999999999999), 663: (0.37094955857212986, 0.3999999999999999), 270: (0.35063691694122384, 0.6000000000000001), 504: (0.3490266034528589, 0.3999999999999999)}","{'noise': 0.3582851696037144, 'amp': 0.5714172545679208, 'ls': 1.2095008632875088}","[(0.3999999999999999, 0.3999999999999999)]",[]
