impression,user_id,app_version,model_version,mturk_id,status,NUM_INITIAL_RATINGS,NUM_REFINE_RATINGS,TOTAL_TRAINING_RATINGS,NUM_TEST_RATINGS,TIME_INITIAL,TIME_REFINE,TIME_TEST,random_test_predictions_ratings,good_test_predictions_ratings,hypers,redisplay_check,arbitrary_check
0,91c9b381-1b53-4fa9-a984-9eea2f6edb34,5.1.2-aggregated-ar-dresses10,2.0,ANIB4G4AWM9FC,Completed,1,40,41,15,14.162115573883057,196.26805591583252,84.99838328361511,"{422: (0.07246663790173492, -0.4), 661: (0.5681404495845548, 0.8999999999999999), 162: (0.17895425330125758, 0.5), 131: (0.05060438199505638, 0.5), 24: (0.15945242951982497, 1.0), 653: (0.10926825446456034, 0.6000000000000001), 170: (-0.026373554412502297, -0.19999999999999996), 39: (0.11494589021050602, 0.19999999999999996), 268: (0.08148480598318379, -0.19999999999999996), 11: (0.06978053946653828, 0.5)}","{142: (0.6767322675133487, 0.3999999999999999), 746: (0.6360674253976725, 0.8), 168: (0.6320024077808594, 0.19999999999999996), 556: (0.598881354674958, 0.8), 190: (0.5896737924736095, 0.30000000000000004)}","{'noise': 0.3582851696037144, 'amp': 0.5714172545679208, 'ls': 1.2095008632875088}","[(0.8, 0.8)]",[]
