impression,user_id,app_version,model_version,mturk_id,status,NUM_INITIAL_RATINGS,NUM_REFINE_RATINGS,TOTAL_TRAINING_RATINGS,NUM_TEST_RATINGS,TIME_INITIAL,TIME_REFINE,TIME_TEST,random_test_predictions_ratings,good_test_predictions_ratings,hypers,redisplay_check,arbitrary_check
0,9235b969-ed11-4063-9130-2a9f59752171,5.1.2-aggregated-ar-dresses10,2.0,A1P4RP206OT6XD,Completed,1,50,51,15,13.425378322601318,261.82874298095703,68.26307559013367,"{645: (0.21273884553568934, 0.19999999999999996), 409: (0.1666642023583722, 0.19999999999999996), 173: (0.2581336804760304, 0.6000000000000001), 157: (0.23981453929176294, 0.0), 688: (0.18516306137141111, -0.19999999999999996), 136: (0.28025514619935843, 0.0), 286: (0.14213651233425717, 0.3999999999999999), 502: (0.1557268919728542, 0.19999999999999996), 232: (0.2735419835135141, 0.6000000000000001), 628: (0.000625103012807706, 0.0)}","{149: (0.49841230438557693, 0.8), 233: (0.4935439552102984, 0.19999999999999996), 318: (0.4888028866412826, 0.3999999999999999), 340: (0.4859212417137418, 0.8), 710: (0.48560174177985316, 0.6000000000000001)}","{'noise': 0.3582851696037144, 'amp': 0.5714172545679208, 'ls': 1.2095008632875088}","[(0.6000000000000001, 0.6000000000000001)]",[]
