impression,user_id,app_version,model_version,mturk_id,status,NUM_INITIAL_RATINGS,NUM_REFINE_RATINGS,TOTAL_TRAINING_RATINGS,NUM_TEST_RATINGS,TIME_INITIAL,TIME_REFINE,TIME_TEST,random_test_predictions_ratings,good_test_predictions_ratings,hypers,redisplay_check,arbitrary_check
0,9287fdac-0118-4dbd-8371-363e26ba6ae2,5.1.2-aggregated-ar-dresses10,2.0,a3ehyjze97cyzy,Completed,1,20,21,15,12.138032913208008,123.88270616531372,162.521968126297,"{609: (0.24134718872457314, -0.4), 23: (-0.007374715075027249, -0.19999999999999996), 638: (-0.2683424695765426, 0.0), 87: (-0.06745395324454866, -0.6), 520: (-0.35435137616953477, -0.6), 311: (0.2661817012626886, 0.6000000000000001), 165: (0.11181640957025492, -0.6), 745: (-0.15416236535009487, 0.6000000000000001), 606: (-0.23267312283120628, 0.6000000000000001), 365: (-0.06758061151255917, -0.19999999999999996)}","{589: (0.4594156325293084, 0.0), 445: (0.4566273542196069, 1.0), 125: (0.4420422621324954, 0.6000000000000001), 21: (0.42959704685039074, 0.6000000000000001), 452: (0.4117606346872928, 0.6000000000000001)}","{'noise': 0.3582851696037144, 'amp': 0.5714172545679208, 'ls': 1.2095008632875088}","[(0.6000000000000001, -0.19999999999999996)]",[]
