impression,user_id,app_version,model_version,mturk_id,status,NUM_INITIAL_RATINGS,NUM_REFINE_RATINGS,TOTAL_TRAINING_RATINGS,NUM_TEST_RATINGS,TIME_INITIAL,TIME_REFINE,TIME_TEST,random_test_predictions_ratings,good_test_predictions_ratings,hypers,redisplay_check,arbitrary_check
0,94546580-4617-404a-9b1d-bb0d37804e8e,5.1.2-aggregated-ar-dresses10,2.0,AJTH3H9E7WPS7,Completed,1,30,31,15,8.294203281402588,137.4981050491333,61.46495008468628,"{1: (0.32634762698005315, 0.0), 111: (0.011841514319909308, -0.19999999999999996), 786: (0.21204631064963408, 0.19999999999999996), 281: (0.03556615447343039, -0.19999999999999996), 696: (0.16971017715857195, 0.0), 585: (0.10013984569330152, 0.19999999999999996), 223: (-0.0037074261685521685, -0.19999999999999996), 236: (0.18915274011226746, 0.6000000000000001), 790: (0.09951612503119756, -0.19999999999999996), 661: (0.24578011943482067, -0.19999999999999996)}","{704: (0.40167124779233837, -0.19999999999999996), 274: (0.3929622237702556, -0.19999999999999996), 224: (0.38372658723641195, 0.3999999999999999), 208: (0.37886628149296653, 0.0), 449: (0.37649306499772134, 0.19999999999999996)}","{'noise': 0.3582851696037144, 'amp': 0.5714172545679208, 'ls': 1.2095008632875088}","[(0.0, 0.0)]",[]
