impression,user_id,app_version,model_version,mturk_id,status,NUM_INITIAL_RATINGS,NUM_REFINE_RATINGS,TOTAL_TRAINING_RATINGS,NUM_TEST_RATINGS,TIME_INITIAL,TIME_REFINE,TIME_TEST,random_test_predictions_ratings,good_test_predictions_ratings,hypers,redisplay_check,arbitrary_check
0,96fc7e1b-8e9b-4fa9-83fa-e42a60a90f5b,5.1.2-aggregated-ar-dresses10,2.0,A1WRINBMKV7CP6,Completed,1,30,31,15,14.581716299057007,227.31951355934143,110.44634938240051,"{628: (0.2095289554798724, 0.19999999999999996), 291: (0.020030230993959192, 0.6000000000000001), 406: (0.38599761056137666, 0.0), 771: (0.32272428157089983, 0.6000000000000001), 177: (0.294244270372393, -0.19999999999999996), 137: (0.6313417506620388, 0.8), 170: (0.551036512599278, 0.30000000000000004), 208: (0.2340099819838139, 0.0), 698: (0.532383053757535, 0.28), 727: (0.553192537269606, 0.3999999999999999)}","{338: (0.7033147221026184, 0.3999999999999999), 785: (0.6991600991629707, 0.48), 669: (0.6870466123739237, 0.8), 4: (0.6769520970131876, 0.3599999999999999), 760: (0.6695151662916908, 0.6000000000000001)}","{'noise': 0.3582851696037144, 'amp': 0.5714172545679208, 'ls': 1.2095008632875088}","[(0.3599999999999999, 0.30000000000000004)]",[]
