impression,user_id,app_version,model_version,mturk_id,status,NUM_INITIAL_RATINGS,NUM_REFINE_RATINGS,TOTAL_TRAINING_RATINGS,NUM_TEST_RATINGS,TIME_INITIAL,TIME_REFINE,TIME_TEST,random_test_predictions_ratings,good_test_predictions_ratings,hypers,redisplay_check,arbitrary_check
0,977a20be-69d9-47f4-adec-b16d4e56d0a8,5.1.2-aggregated-ar-dresses10,2.0,A1ROEDVMTO9Y3X,Completed,1,50,51,15,5.216267824172974,217.58728408813477,58.38351130485535,"{468: (-0.0275539184787004, 0.19999999999999996), 504: (0.2911302032564165, 0.7), 391: (0.027663875742128183, -0.19999999999999996), 383: (0.2182561783670809, 0.19999999999999996), 24: (0.11054903230059412, -0.19999999999999996), 430: (0.04248730339529409, 0.19999999999999996), 493: (0.23970571447552855, -0.19999999999999996), 495: (0.23958548187863798, 0.3999999999999999), 163: (0.4297216079642208, -0.4), 261: (-0.007898883337726093, -0.8)}","{4: (0.5137880565803673, 0.0), 270: (0.5123671162314817, -0.6), 297: (0.5008519460890513, 0.19999999999999996), 12: (0.49925318703175925, 0.6000000000000001), 367: (0.4950105421487841, 0.30000000000000004)}","{'noise': 0.3582851696037144, 'amp': 0.5714172545679208, 'ls': 1.2095008632875088}","[(0.6000000000000001, -0.4)]",[]
