impression,user_id,app_version,model_version,mturk_id,status,NUM_INITIAL_RATINGS,NUM_REFINE_RATINGS,TOTAL_TRAINING_RATINGS,NUM_TEST_RATINGS,TIME_INITIAL,TIME_REFINE,TIME_TEST,random_test_predictions_ratings,good_test_predictions_ratings,hypers,redisplay_check,arbitrary_check
0,97d26736-ea56-462a-b74c-beeab5d4e028,5.1.2-aggregated-ar-dresses10,2.0,A1DIYFGQT1QDV2,Completed,1,20,21,15,10.13845181465149,205.61739230155945,119.4503219127655,"{697: (-0.04328663834161797, 0.6000000000000001), 351: (0.24952973572852458, 0.0), 708: (0.40949221744444175, 0.6000000000000001), 797: (0.046221059743860315, -0.8), 332: (0.10464329095974335, 0.19999999999999996), 226: (-0.0216647584044229, 0.6000000000000001), 424: (0.35307153512456824, 0.0), 620: (0.10112318912177107, 0.3999999999999999), 278: (0.2603841434730166, -0.8), 467: (0.20224429164410174, 0.6000000000000001)}","{263: (0.489729164807714, 0.3999999999999999), 147: (0.4822711661943188, 0.6000000000000001), 785: (0.47627564773516884, 0.19999999999999996), 18: (0.47623970350737915, 0.3999999999999999), 358: (0.46793751931693583, 0.19999999999999996)}","{'noise': 0.3582851696037144, 'amp': 0.5714172545679208, 'ls': 1.2095008632875088}","[(0.19999999999999996, 0.3999999999999999)]",[]
