impression,user_id,app_version,model_version,mturk_id,status,NUM_INITIAL_RATINGS,NUM_REFINE_RATINGS,TOTAL_TRAINING_RATINGS,NUM_TEST_RATINGS,TIME_INITIAL,TIME_REFINE,TIME_TEST,random_test_predictions_ratings,good_test_predictions_ratings,hypers,redisplay_check,arbitrary_check
0,97ec8458-dd7e-4814-8a47-deb15695b345,5.1.2-aggregated-ar-dresses10,2.0,A3IJ76H1FTEEHH,Completed,1,50,51,15,6.794147729873657,281.75977635383606,79.2202832698822,"{690: (-0.5241282550381241, -0.8), 365: (-0.22667111426268238, 0.8), 138: (0.21620921871618093, 0.6000000000000001), 507: (-0.26115832391889693, -0.6), 322: (-0.40508038700509047, -0.6), 97: (-0.09276418257490499, 1.0), 343: (-0.16120163829788056, -0.6), 425: (-0.18882745547620505, -0.4), 281: (-0.36738149496811484, -0.6), 441: (-0.17330078962978449, -0.19999999999999996)}","{612: (0.3785648690922846, 1.0), 25: (0.3385397480173002, -0.19999999999999996), 190: (0.32942008932943573, 0.3999999999999999), 713: (0.31209662213011824, 1.0), 461: (0.307956923568222, 1.0)}","{'noise': 0.3582851696037144, 'amp': 0.5714172545679208, 'ls': 1.2095008632875088}","[(0.19999999999999996, -0.19999999999999996)]",[]
