impression,user_id,app_version,model_version,mturk_id,status,NUM_INITIAL_RATINGS,NUM_REFINE_RATINGS,TOTAL_TRAINING_RATINGS,NUM_TEST_RATINGS,TIME_INITIAL,TIME_REFINE,TIME_TEST,random_test_predictions_ratings,good_test_predictions_ratings,hypers,redisplay_check,arbitrary_check
0,98457c7f-395e-43dd-9137-20d1ccffc854,5.1.2-aggregated-ar-dresses10,2.0,A3DKM1KM4C4G05,Completed,1,40,41,15,6.621581315994263,146.6120057106018,58.240262269973755,"{543: (-0.12708868820210137, 0.8), 775: (-0.5266155260394559, -0.4), 27: (-0.11813563976345864, -0.4), 748: (-0.36373412550318124, -0.8), 408: (-0.4467862932579991, -0.6), 754: (-0.2150896156370748, 0.19999999999999996), 516: (-0.4500166683537045, -0.6), 410: (-0.2494499896468826, -0.19999999999999996), 644: (-0.23136785004018373, -0.6), 697: (-0.2718647466265318, -0.6)}","{605: (0.008967191707932646, 0.6000000000000001), 420: (0.00712340778090304, 0.19999999999999996), 461: (0.006889027583877611, 0.6000000000000001), 93: (-0.0006675228900818037, 0.3999999999999999), 64: (-0.006179312721985226, 0.19999999999999996)}","{'noise': 0.3582851696037144, 'amp': 0.5714172545679208, 'ls': 1.2095008632875088}","[(0.3999999999999999, 0.19999999999999996)]",[]
