impression,user_id,app_version,model_version,mturk_id,status,NUM_INITIAL_RATINGS,NUM_REFINE_RATINGS,TOTAL_TRAINING_RATINGS,NUM_TEST_RATINGS,TIME_INITIAL,TIME_REFINE,TIME_TEST,random_test_predictions_ratings,good_test_predictions_ratings,hypers,redisplay_check,arbitrary_check
0,9b9b3fb8-71fc-4e91-8d75-a310b0cbb617,5.1.2-aggregated-ar-dresses10,2.0,A2M9END41TCKSB,Completed,1,50,51,15,10.075973510742188,218.92409300804138,72.95577692985535,"{93: (0.06940611718535615, 0.0), 698: (0.002077317474192819, -0.6), 401: (-0.4755418317823904, -0.4), 517: (-0.43735114261504254, -1.0), 573: (-0.226398495788586, -1.0), 799: (-0.6753959707135263, -1.0), 397: (0.010924349881927392, 0.3999999999999999), 572: (-0.6662945163557216, -1.0), 750: (-0.7053844284489365, -1.0), 549: (-0.5377532426285139, -0.4)}","{374: (0.2449424340124986, 0.0), 496: (0.21248096354530688, 0.6000000000000001), 631: (0.20932943503867682, 0.6000000000000001), 520: (0.19759617249518957, 0.19999999999999996), 150: (0.16672811885886235, 0.6000000000000001)}","{'noise': 0.3582851696037144, 'amp': 0.5714172545679208, 'ls': 1.2095008632875088}","[(-1.0, -1.0)]",[]
