impression,user_id,app_version,model_version,mturk_id,status,NUM_INITIAL_RATINGS,NUM_REFINE_RATINGS,TOTAL_TRAINING_RATINGS,NUM_TEST_RATINGS,TIME_INITIAL,TIME_REFINE,TIME_TEST,random_test_predictions_ratings,good_test_predictions_ratings,hypers,redisplay_check,arbitrary_check
0,9d907e1e-d7fd-465a-921a-9fefbabe53ac,5.1.2-aggregated-ar-dresses10,2.0,ARM9RPY5V2V5S,Completed,1,20,21,15,9.9830482006073,103.40836334228516,109.38199758529663,"{571: (-0.39856343581472903, 0.19999999999999996), 216: (-0.47251560135049175, 0.0), 141: (-0.19837217528007636, 0.0), 197: (0.14183011561459483, 0.0), 163: (0.13346610955873725, 0.3999999999999999), 551: (-0.22492372370902497, 0.19999999999999996), 0: (-0.5512851974380633, 0.3999999999999999), 164: (-0.10077275575793655, 0.0), 71: (-0.19758989557653783, 0.3999999999999999), 302: (-0.19730180586131968, -1.0)}","{12: (0.4482319358737758, 0.3999999999999999), 461: (0.4356395123800623, 0.3999999999999999), 324: (0.3831568243099624, 0.3999999999999999), 420: (0.3822257602638469, 0.19999999999999996), 605: (0.3785939372112392, 0.6000000000000001)}","{'noise': 0.3582851696037144, 'amp': 0.5714172545679208, 'ls': 1.2095008632875088}","[(0.3999999999999999, 0.3999999999999999)]",[]
