impression,user_id,app_version,model_version,mturk_id,status,NUM_INITIAL_RATINGS,NUM_REFINE_RATINGS,TOTAL_TRAINING_RATINGS,NUM_TEST_RATINGS,TIME_INITIAL,TIME_REFINE,TIME_TEST,random_test_predictions_ratings,good_test_predictions_ratings,hypers,redisplay_check,arbitrary_check
0,9ea5d58a-cf30-44d7-b6b3-8c3ce036c8d1,5.1.2-aggregated-ar-dresses10,2.0,A35SMYFMU8KBP4,Completed,1,30,31,15,5.764800071716309,161.79689049720764,62.547741413116455,"{193: (0.1449527558255088, -0.19999999999999996), 487: (-0.15370231179350852, -0.6), 407: (0.12372670766686725, 0.0), 380: (-0.25038576270028884, 0.19999999999999996), 223: (0.4088219968556489, -0.19999999999999996), 583: (-0.15784238270742182, 0.3999999999999999), 619: (0.3738977154458149, 0.8), 178: (0.48175744702874174, 0.8), 262: (0.02047434656964294, -0.6), 509: (0.5738684424180248, 0.8)}","{358: (0.7581763656801352, 0.8), 303: (0.7151667210712637, 1.0), 60: (0.7081292443686595, 1.0), 682: (0.7036298433393791, 1.0), 435: (0.6907153911345397, 1.0)}","{'noise': 0.3582851696037144, 'amp': 0.5714172545679208, 'ls': 1.2095008632875088}","[(0.19999999999999996, 0.0)]",[]
