impression,user_id,app_version,model_version,mturk_id,status,NUM_INITIAL_RATINGS,NUM_REFINE_RATINGS,TOTAL_TRAINING_RATINGS,NUM_TEST_RATINGS,TIME_INITIAL,TIME_REFINE,TIME_TEST,random_test_predictions_ratings,good_test_predictions_ratings,hypers,redisplay_check,arbitrary_check
0,9eb84684-7a5c-4b83-9265-5f18fab6342f,5.1.2-aggregated-ar-dresses10,2.0,A2H7TJMKND1ZWU,Completed,1,30,31,15,9.050554752349854,139.29705429077148,59.011985063552856,"{340: (-0.16249881040312092, 0.0), 164: (-0.1408857190115761, -0.19999999999999996), 356: (0.001428171747773127, 0.19999999999999996), 211: (-0.2344230808496704, -0.19999999999999996), 310: (-0.11728237014219872, -0.19999999999999996), 190: (-0.03449535184070511, 0.0), 669: (0.015473259708481485, 0.19999999999999996), 467: (0.023577236395364982, 0.0), 318: (-0.1307196227111183, 0.0), 152: (0.021300643618616687, 0.0)}","{753: (0.1770202010881023, 0.3999999999999999), 95: (0.1677440929670596, 0.19999999999999996), 631: (0.1506931082452816, 0.3999999999999999), 272: (0.1498979104880114, 0.3999999999999999), 150: (0.14943988956776805, 0.19999999999999996)}","{'noise': 0.3582851696037144, 'amp': 0.5714172545679208, 'ls': 1.2095008632875088}","[(-0.4, -0.19999999999999996)]",[]
