impression,user_id,app_version,model_version,mturk_id,status,NUM_INITIAL_RATINGS,NUM_REFINE_RATINGS,TOTAL_TRAINING_RATINGS,NUM_TEST_RATINGS,TIME_INITIAL,TIME_REFINE,TIME_TEST,random_test_predictions_ratings,good_test_predictions_ratings,hypers,redisplay_check,arbitrary_check
0,a04a44d6-b2cb-488e-89a5-94bb8ae78108,5.1.2-aggregated-ar-dresses10,2.0,A26ZENZ5G8AEGM,Completed,1,40,41,15,10.72496771812439,298.46018052101135,65.92555260658264,"{600: (-0.5898240801471107, -0.6), 778: (-0.3497826958913112, -0.6), 483: (-0.3348958399565913, -0.6), 626: (-0.46465683206170305, -0.6), 691: (-0.4459149631832504, -0.6), 624: (-0.4224271926035845, -0.6), 790: (-0.5901087859521831, -0.6), 38: (-0.36809649756850077, -0.6), 84: (-0.4453510755703155, 0.0), 325: (-0.27390235904342997, 0.0)}","{710: (-0.12397162716866109, -0.6), 594: (-0.12430936008495523, -0.6), 107: (-0.14528672188701772, -0.6), 282: (-0.1497762920751491, -0.6), 444: (-0.1559670546505384, -0.6)}","{'noise': 0.3582851696037144, 'amp': 0.5714172545679208, 'ls': 1.2095008632875088}","[(-0.6, -0.6)]",[]
