impression,user_id,app_version,model_version,mturk_id,status,NUM_INITIAL_RATINGS,NUM_REFINE_RATINGS,TOTAL_TRAINING_RATINGS,NUM_TEST_RATINGS,TIME_INITIAL,TIME_REFINE,TIME_TEST,random_test_predictions_ratings,good_test_predictions_ratings,hypers,redisplay_check,arbitrary_check
0,a13b8fb5-8160-4070-a755-7305e7176b6d,5.1.2-aggregated-ar-dresses10,2.0,A2WMSIPUKEIBNS,Completed,1,20,21,15,9.172759532928467,73.60123205184937,60.12299871444702,"{115: (0.23138289854367103, 0.8), 581: (0.13217516834277143, 0.6000000000000001), 725: (0.2926862029640871, 0.6000000000000001), 778: (0.19818806256029964, 0.6000000000000001), 165: (-0.3635891058922856, -0.19999999999999996), 583: (-0.04632894262153235, -0.4), 348: (0.03862672027804734, 0.19999999999999996), 204: (0.18972604901729553, -0.19999999999999996), 388: (0.10315750486420396, 0.6000000000000001), 613: (-0.061455090808885546, -0.6)}","{306: (0.6787100284440627, 1.0), 25: (0.6528153622992553, 0.8), 141: (0.6074761064083714, -0.19999999999999996), 243: (0.5983162369329701, 1.0), 724: (0.5961596683426053, 0.8)}","{'noise': 0.3582851696037144, 'amp': 0.5714172545679208, 'ls': 1.2095008632875088}","[(1.0, 1.0)]",[]
