impression,user_id,app_version,model_version,mturk_id,status,NUM_INITIAL_RATINGS,NUM_REFINE_RATINGS,TOTAL_TRAINING_RATINGS,NUM_TEST_RATINGS,TIME_INITIAL,TIME_REFINE,TIME_TEST,random_test_predictions_ratings,good_test_predictions_ratings,hypers,redisplay_check,arbitrary_check
0,a1a66e05-5402-4888-a340-15b23c2aae29,5.1.2-aggregated-ar-dresses10,2.0,A1VA9QXDZ3F0CW,Completed,1,30,31,15,10.25739860534668,243.69336414337158,119.30486702919006,"{798: (-0.1475120873536437, -0.19999999999999996), 153: (-0.07828532532427802, 0.19999999999999996), 2: (-0.01962784319362516, 0.19999999999999996), 684: (0.1585710466298368, 0.3999999999999999), 219: (-0.04225665889270763, -0.19999999999999996), 658: (0.009379281959007411, -0.4), 662: (-0.26407397232976487, -0.19999999999999996), 796: (0.11023497482138693, -0.4), 24: (-0.11155466399892958, -0.19999999999999996), 664: (0.22335109315858337, 0.0)}","{263: (0.48374319403758104, 0.19999999999999996), 597: (0.41708096047675636, 0.3999999999999999), 457: (0.40255264485926684, 0.6000000000000001), 523: (0.39999439234957834, 0.6000000000000001), 581: (0.39647469496522725, 0.3999999999999999)}","{'noise': 0.3582851696037144, 'amp': 0.5714172545679208, 'ls': 1.2095008632875088}","[(0.6000000000000001, 0.6000000000000001)]",[]
