impression,user_id,app_version,model_version,mturk_id,status,NUM_INITIAL_RATINGS,NUM_REFINE_RATINGS,TOTAL_TRAINING_RATINGS,NUM_TEST_RATINGS,TIME_INITIAL,TIME_REFINE,TIME_TEST,random_test_predictions_ratings,good_test_predictions_ratings,hypers,redisplay_check,arbitrary_check
0,a2a9fdf5-2eb3-4d1d-9143-018fefed3628,5.1.2-aggregated-ar-dresses10,2.0,A34S6AHUQ7RWR,Completed,1,50,51,15,15.339906215667725,235.73486590385437,61.30090665817261,"{600: (-0.6263691909391546, -0.4), 54: (-0.13125461904437924, -0.4), 717: (-0.09311179955045247, -0.19999999999999996), 471: (-0.036973002671228494, 0.0), 222: (-0.334364748722539, -0.6), 672: (-0.08821110331729587, -0.19999999999999996), 363: (-0.043720750776221125, 0.6000000000000001), 398: (0.21046502239487108, 0.6000000000000001), 127: (-0.07000067778161094, -0.19999999999999996), 231: (-0.29874917114919347, -0.6)}","{517: (0.37881646895080207, 0.3999999999999999), 607: (0.35933196608730367, 0.3999999999999999), 208: (0.3518138065422413, 0.6000000000000001), 190: (0.33300113380935487, 0.8), 665: (0.3287437483168109, -0.4)}","{'noise': 0.3582851696037144, 'amp': 0.5714172545679208, 'ls': 1.2095008632875088}","[(-0.6, -0.6)]",[]
