impression,user_id,app_version,model_version,mturk_id,status,NUM_INITIAL_RATINGS,NUM_REFINE_RATINGS,TOTAL_TRAINING_RATINGS,NUM_TEST_RATINGS,TIME_INITIAL,TIME_REFINE,TIME_TEST,random_test_predictions_ratings,good_test_predictions_ratings,hypers,redisplay_check,arbitrary_check
0,a30296e2-a36e-4b57-a38b-9bb21369b709,5.1.2-aggregated-ar-dresses10,2.0,A3TPCXJD1H8UNY,Completed,1,50,51,15,5.835408687591553,263.1353130340576,78.28519797325134,"{159: (0.2853996351708246, -0.30000000000000004), 190: (0.5857021199496353, 0.5), 125: (0.11565421286036932, -0.19999999999999996), 588: (0.30264196281951716, 0.0), 116: (0.41631676320449285, -0.8), 640: (0.2193730433953882, 0.30000000000000004), 50: (0.5564857665618104, 0.19999999999999996), 808: (0.3283024686520578, 0.6000000000000001), 157: (-0.027790933194802303, 0.10000000000000009), 21: (0.25530611901654376, -0.6)}","{306: (0.6234516526189916, 0.5), 632: (0.5899066395043872, 0.6000000000000001), 567: (0.5883381746183176, 0.3999999999999999), 739: (0.5880927304550543, 0.7), 451: (0.5875902502650601, 0.6000000000000001)}","{'noise': 0.3582851696037144, 'amp': 0.5714172545679208, 'ls': 1.2095008632875088}","[(0.3999999999999999, 0.30000000000000004)]",[]
