impression,user_id,app_version,model_version,mturk_id,status,NUM_INITIAL_RATINGS,NUM_REFINE_RATINGS,TOTAL_TRAINING_RATINGS,NUM_TEST_RATINGS,TIME_INITIAL,TIME_REFINE,TIME_TEST,random_test_predictions_ratings,good_test_predictions_ratings,hypers,redisplay_check,arbitrary_check
0,a40c4d04-36f3-49dc-bc40-8354edf32f2c,5.1.2-aggregated-ar-dresses10,2.0,AKMOBFEEKW378,Completed,1,30,31,15,5.343972444534302,164.3016037940979,80.73328948020935,"{466: (0.14762497898036056, 0.0), 531: (0.23179511104440134, 0.19999999999999996), 322: (0.030355981764497865, 0.0), 804: (-0.09925559085490153, 0.19999999999999996), 691: (0.08140281052792188, 0.3999999999999999), 110: (0.16521456775397791, -0.4), 295: (-0.006893168010256568, -0.19999999999999996), 50: (0.1351686227000987, -0.6), 381: (0.12559537106343854, -0.6), 68: (0.3495362726072575, -0.19999999999999996)}","{682: (0.6092213620974009, 1.0), 651: (0.6045779118480401, -0.19999999999999996), 168: (0.5913241513411563, 0.6000000000000001), 57: (0.5909760369738875, 0.8), 290: (0.5859909310084449, 0.19999999999999996)}","{'noise': 0.3582851696037144, 'amp': 0.5714172545679208, 'ls': 1.2095008632875088}","[(0.6000000000000001, 0.8)]",[]
