impression,user_id,app_version,model_version,mturk_id,status,NUM_INITIAL_RATINGS,NUM_REFINE_RATINGS,TOTAL_TRAINING_RATINGS,NUM_TEST_RATINGS,TIME_INITIAL,TIME_REFINE,TIME_TEST,random_test_predictions_ratings,good_test_predictions_ratings,hypers,redisplay_check,arbitrary_check
0,a4b8eef3-f345-4ffc-acaa-4d373b05f2ae,5.1.2-aggregated-ar-dresses10,2.0,A2IJEKMVEHQ90W,Completed,1,40,41,15,8.848190307617188,248.38653922080994,88.77985310554504,"{10: (0.23960033766361927, 0.8), 18: (0.015638959110757307, 0.6000000000000001), 671: (0.2410610575226141, 0.0), 315: (0.19152296884736397, 0.0), 551: (0.16610240632995113, 0.19999999999999996), 769: (0.2108093989731848, 1.0), 508: (0.06308340799108783, 0.19999999999999996), 276: (-0.257803604876535, -0.19999999999999996), 704: (0.25373651658029894, -0.4), 773: (-0.10879776415086212, -0.4)}","{789: (0.5934920670030747, 0.3999999999999999), 462: (0.5173926011960885, 0.0), 418: (0.5044326787243445, 0.6000000000000001), 336: (0.5009673714507017, 0.6000000000000001), 517: (0.4991132874936928, 0.6000000000000001)}","{'noise': 0.3582851696037144, 'amp': 0.5714172545679208, 'ls': 1.2095008632875088}","[(-0.4, -0.4)]",[]
