impression,user_id,app_version,model_version,mturk_id,status,NUM_INITIAL_RATINGS,NUM_REFINE_RATINGS,TOTAL_TRAINING_RATINGS,NUM_TEST_RATINGS,TIME_INITIAL,TIME_REFINE,TIME_TEST,random_test_predictions_ratings,good_test_predictions_ratings,hypers,redisplay_check,arbitrary_check
0,a800865c-5d17-4c9e-9d48-49391eb56030,5.1.2-aggregated-ar-dresses10,2.0,AFVY38VJYS1ET,Completed,1,20,21,15,16.745512008666992,116.74869894981384,89.1253297328949,"{319: (-0.5009554787378027, -1.0), 1: (-0.1211542382383186, -1.0), 393: (-0.2095672547269964, -1.0), 49: (-0.45293032812509515, -0.19999999999999996), 115: (-0.47906731284232446, -1.0), 130: (-0.4808389557577955, -1.0), 770: (-0.3124974875291162, -0.19999999999999996), 606: (-0.3249691892850357, -1.0), 67: (-0.5579245700180158, -1.0), 103: (-0.32622661299681477, -0.19999999999999996)}","{190: (0.09532256833630812, -0.4), 619: (0.08202913897985256, 0.19999999999999996), 722: (0.07502031036164533, -0.6), 661: (0.06830664350953086, -0.19999999999999996), 624: (0.06411257959147927, -1.0)}","{'noise': 0.3582851696037144, 'amp': 0.5714172545679208, 'ls': 1.2095008632875088}","[(-1.0, -1.0)]",[]
