impression,user_id,app_version,model_version,mturk_id,status,NUM_INITIAL_RATINGS,NUM_REFINE_RATINGS,TOTAL_TRAINING_RATINGS,NUM_TEST_RATINGS,TIME_INITIAL,TIME_REFINE,TIME_TEST,random_test_predictions_ratings,good_test_predictions_ratings,hypers,redisplay_check,arbitrary_check
0,a8a5f57c-1a9e-479c-87dd-9c73184e662d,5.1.2-aggregated-ar-dresses10,2.0,A1143GKN5T807X,Completed,1,30,31,15,17.663828372955322,436.6611783504486,107.95993518829346,"{210: (-0.10779588843997186, -0.19999999999999996), 656: (-0.06183746811978669, 0.3999999999999999), 457: (0.2423772230097457, 0.6000000000000001), 374: (-0.20676848768735087, -0.6), 553: (0.3414941627026672, 0.6000000000000001), 215: (-0.40272567789138153, -0.19999999999999996), 682: (-0.07111520952707315, 0.3999999999999999), 489: (-0.1894227318017787, -0.4), 782: (-0.36494112781286897, -0.4), 344: (-0.009081376711902702, 0.3999999999999999)}","{302: (0.5384801741166959, 0.6000000000000001), 468: (0.5377507941143648, 0.3999999999999999), 482: (0.5033667256941615, 0.6000000000000001), 527: (0.4958663730767808, 0.6000000000000001), 184: (0.46397650772292637, 0.3999999999999999)}","{'noise': 0.3582851696037144, 'amp': 0.5714172545679208, 'ls': 1.2095008632875088}","[(0.6000000000000001, 0.6000000000000001)]",[]
