impression,user_id,app_version,model_version,mturk_id,status,NUM_INITIAL_RATINGS,NUM_REFINE_RATINGS,TOTAL_TRAINING_RATINGS,NUM_TEST_RATINGS,TIME_INITIAL,TIME_REFINE,TIME_TEST,random_test_predictions_ratings,good_test_predictions_ratings,hypers,redisplay_check,arbitrary_check
0,a8c0260d-d042-42be-a672-b5ec08c1712c,5.1.2-aggregated-ar-dresses10,2.0,A2Q0MA0YFVXWD5,Completed,1,40,41,15,8.663959503173828,276.1183726787567,96.66956639289856,"{367: (-0.1974606024248866, -0.8), 376: (-0.38590792743766233, -0.7), 535: (-0.37661974966799355, -0.9), 405: (0.23356016624685316, 0.3999999999999999), 69: (-0.3560568317880133, 0.10000000000000009), 96: (0.05332983494385708, 0.6000000000000001), 172: (-0.26722060217948607, 0.0), 647: (-0.17946634295000796, 0.19999999999999996), 574: (0.2863051319357878, 1.0), 489: (-0.2132683903832979, -1.0)}","{208: (0.5114550156916731, 0.8), 542: (0.44650500364238754, 0.5), 283: (0.439413558396605, 0.7), 765: (0.42108156338279384, 0.8), 210: (0.41016142952992934, 1.0)}","{'noise': 0.3582851696037144, 'amp': 0.5714172545679208, 'ls': 1.2095008632875088}","[(-1.0, -1.0)]",[]
