impression,user_id,app_version,model_version,mturk_id,status,NUM_INITIAL_RATINGS,NUM_REFINE_RATINGS,TOTAL_TRAINING_RATINGS,NUM_TEST_RATINGS,TIME_INITIAL,TIME_REFINE,TIME_TEST,random_test_predictions_ratings,good_test_predictions_ratings,hypers,redisplay_check,arbitrary_check
0,a97acfe3-726f-49d9-ac6d-c29cab1232a5,5.1.2-aggregated-ar-dresses10,2.0,AX1THMSZH9Y80 ,Completed,1,50,51,15,11.600813150405884,256.1856737136841,85.79365611076355,"{649: (-0.8867316397783056, -0.86), 550: (-0.9446737536769295, -0.9), 12: (-0.8823112328724149, -0.88), 770: (-0.8933793644026204, -0.86), 731: (-0.9336629621540901, -0.94), 91: (-0.9031916731384098, -0.9), 764: (-0.9044521009132801, -0.86), 751: (-0.9015816317433893, -0.92), 428: (-0.9289188326688538, -0.9), 104: (-0.9799801381103489, -0.86)}","{420: (-0.8624936834465308, -0.92), 523: (-0.8736963919456925, -0.84), 283: (-0.8738707193682645, -0.86), 23: (-0.8743919070389536, -0.86), 190: (-0.8757509203291586, -0.84)}","{'noise': 0.3582851696037144, 'amp': 0.5714172545679208, 'ls': 1.2095008632875088}","[(-0.88, -0.86)]",[]
