impression,user_id,app_version,model_version,mturk_id,status,NUM_INITIAL_RATINGS,NUM_REFINE_RATINGS,TOTAL_TRAINING_RATINGS,NUM_TEST_RATINGS,TIME_INITIAL,TIME_REFINE,TIME_TEST,random_test_predictions_ratings,good_test_predictions_ratings,hypers,redisplay_check,arbitrary_check
0,aa01a5ff-af82-4790-890e-f8a317290ebf,5.1.2-aggregated-ar-dresses10,2.0,A3U0K4A3LQXQO4,Completed,1,20,21,15,9.145469903945923,117.07379651069641,60.98241186141968,"{58: (-0.4565168662838402, -1.0), 381: (-0.5094930153339335, 0.0), 111: (-0.14426174546943119, 0.8), 548: (-0.053572909814628304, -1.0), 3: (-0.32708710060239754, -0.4), 125: (-0.2692234646396775, -0.4), 386: (-0.400715894056468, -0.6), 64: (-0.23590697071316416, 0.8999999999999999), 4: (-0.1267877328902558, 0.8999999999999999), 647: (-0.48727926422375095, -1.0)}","{358: (0.11197065577190207, -1.0), 808: (0.10283234885146218, 0.19999999999999996), 682: (0.10265068922559772, 0.6000000000000001), 636: (0.09423144987336271, 0.0), 435: (0.06439206638005285, 0.7600000000000002)}","{'noise': 0.3582851696037144, 'amp': 0.5714172545679208, 'ls': 1.2095008632875088}","[(0.19999999999999996, 0.7600000000000002)]",[]
