impression,user_id,app_version,model_version,mturk_id,status,NUM_INITIAL_RATINGS,NUM_REFINE_RATINGS,TOTAL_TRAINING_RATINGS,NUM_TEST_RATINGS,TIME_INITIAL,TIME_REFINE,TIME_TEST,random_test_predictions_ratings,good_test_predictions_ratings,hypers,redisplay_check,arbitrary_check
0,ab6f894d-677d-4ddc-82f9-f80fe8de99f2,5.1.2-aggregated-ar-dresses10,2.0,A2CP6MLJVJYBO7,Completed,1,30,31,15,11.855353355407715,235.59792613983154,1225.5372574329376,"{50: (0.0599788128390851, 0.10000000000000009), 159: (0.10290257965594383, 0.0), 267: (0.35042377473071235, 0.19999999999999996), 612: (0.019406202003840974, 0.3999999999999999), 470: (-0.04379642340931062, -0.4), 30: (-0.14869759466441732, -0.6), 340: (-0.026992631647179993, 0.3999999999999999), 564: (0.1895929800710193, 0.6000000000000001), 54: (0.0423795959586099, -0.09999999999999998), 269: (-0.14715794811408042, -0.6)}","{388: (0.46762134026891966, 0.3999999999999999), 751: (0.4223761716458138, 0.19999999999999996), 605: (0.41204420909345596, 0.19999999999999996), 44: (0.4072386431244149, 0.30000000000000004), 241: (0.4056315801595547, -0.19999999999999996)}","{'noise': 0.3582851696037144, 'amp': 0.5714172545679208, 'ls': 1.2095008632875088}","[(0.19999999999999996, 0.3999999999999999)]",[]
