impression,user_id,app_version,model_version,mturk_id,status,NUM_INITIAL_RATINGS,NUM_REFINE_RATINGS,TOTAL_TRAINING_RATINGS,NUM_TEST_RATINGS,TIME_INITIAL,TIME_REFINE,TIME_TEST,random_test_predictions_ratings,good_test_predictions_ratings,hypers,redisplay_check,arbitrary_check
0,ad229471-edd1-4f63-b583-6a99b5286ca4,5.1.2-aggregated-ar-dresses10,2.0,A1G5EPLJEGL381,Completed,1,50,51,15,6.961049795150757,207.06324672698975,58.77297592163086,"{243: (-0.5897266916344187, 0.19999999999999996), 470: (-0.5209543079814691, 0.0), 580: (-0.5180031305665261, -0.8), 301: (-0.6529978370369296, -0.8), 55: (-0.4663114116794826, -0.8), 454: (-0.5019105383505327, -0.8), 500: (-0.6137766312765127, -0.19999999999999996), 409: (-0.440724634677381, -0.8), 313: (-0.6022244426586412, -0.8), 659: (-0.6365110888083747, -0.8)}","{215: (-0.17975230025000366, -0.19999999999999996), 54: (-0.20421454831090174, 0.3999999999999999), 389: (-0.2197058429453578, -0.4), 601: (-0.22546611232114516, 0.0), 381: (-0.22901862812533746, 0.0)}","{'noise': 0.3582851696037144, 'amp': 0.5714172545679208, 'ls': 1.2095008632875088}","[(0.3999999999999999, 0.0)]",[]
