impression,user_id,app_version,model_version,mturk_id,status,NUM_INITIAL_RATINGS,NUM_REFINE_RATINGS,TOTAL_TRAINING_RATINGS,NUM_TEST_RATINGS,TIME_INITIAL,TIME_REFINE,TIME_TEST,random_test_predictions_ratings,good_test_predictions_ratings,hypers,redisplay_check,arbitrary_check
0,af1c86d8-8967-4421-a4c8-77058c5815a0,5.1.2-aggregated-ar-dresses10,2.0,A1KN5CEN4GQ3E8,Completed,1,50,51,15,20.479636430740356,1065.3978064060211,470.7672917842865,"{166: (-0.25002296615386493, -0.5), 483: (-0.04862988479191224, -0.38), 252: (-0.05638416152898902, -0.32000000000000006), 288: (0.00014897170031148883, -0.64), 619: (0.12487433038521517, -0.45999999999999996), 129: (0.1352946027968864, -0.4), 745: (-0.13858028612249645, -0.58), 110: (-0.019754040475642193, -0.36), 587: (0.13801427235346092, -0.66), 738: (0.09691282834645261, -0.64)}","{118: (0.2936336869692951, -0.64), 144: (0.24067177949014057, -0.08000000000000007), 197: (0.23239434444894724, -0.5599999999999999), 39: (0.2280454989377656, -0.14), 73: (0.22686407238421774, -0.62)}","{'noise': 0.3582851696037144, 'amp': 0.5714172545679208, 'ls': 1.2095008632875088}","[(-0.62, -0.58)]",[]
