impression,user_id,app_version,model_version,mturk_id,status,NUM_INITIAL_RATINGS,NUM_REFINE_RATINGS,TOTAL_TRAINING_RATINGS,NUM_TEST_RATINGS,TIME_INITIAL,TIME_REFINE,TIME_TEST,random_test_predictions_ratings,good_test_predictions_ratings,hypers,redisplay_check,arbitrary_check
0,af7df479-3fe2-4223-a16a-38ec725f9877,5.1.2-aggregated-ar-dresses10,2.0,AOQ9YNK1SX72Q,Completed,1,20,21,15,15.609238386154175,87.54776096343994,56.52384042739868,"{420: (0.6748105620581224, 0.3999999999999999), 52: (0.5173455782316883, 0.8), 796: (0.47239837518561684, 0.6000000000000001), 662: (0.40158230614492996, 0.0), 129: (0.48622075537634896, 0.3999999999999999), 557: (0.3376680467668388, 0.8), 515: (0.4970144428850767, 0.3999999999999999), 454: (0.2458887213092392, 0.3999999999999999), 380: (0.3703134047240659, 0.3999999999999999), 698: (0.3261147557582789, 0.3999999999999999)}","{263: (0.7512912043880295, 0.6000000000000001), 344: (0.7381102038235565, 0.6000000000000001), 23: (0.7299209846532257, 1.0), 352: (0.721904480085257, 0.3999999999999999), 265: (0.7123361747688741, 0.3999999999999999)}","{'noise': 0.3582851696037144, 'amp': 0.5714172545679208, 'ls': 1.2095008632875088}","[(0.0, 0.3999999999999999)]",[]
