impression,user_id,app_version,model_version,mturk_id,status,NUM_INITIAL_RATINGS,NUM_REFINE_RATINGS,TOTAL_TRAINING_RATINGS,NUM_TEST_RATINGS,TIME_INITIAL,TIME_REFINE,TIME_TEST,random_test_predictions_ratings,good_test_predictions_ratings,hypers,redisplay_check,arbitrary_check
0,b0beb5ad-d726-4503-ad1d-cb3efcfb5fca,5.1.2-aggregated-ar-dresses10,2.0,A2NKFS0H16IXIM,Completed,1,50,51,15,8.034566164016724,198.5221483707428,60.22041893005371,"{605: (0.04524695692738389, 0.0), 792: (0.2273213296070056, 0.6000000000000001), 422: (0.26681584343132675, 0.0), 405: (0.15998784170944763, 0.3999999999999999), 621: (0.12508919598520435, 0.19999999999999996), 746: (0.3070111164162407, 0.6000000000000001), 579: (-0.008554479324253076, 0.6000000000000001), 284: (0.32175129990468165, 0.8), 213: (-0.09301205526551586, -0.4), 667: (0.19372419031426866, 0.3999999999999999)}","{198: (0.49802867633589265, 0.6000000000000001), 475: (0.48138746391390297, 0.6000000000000001), 234: (0.46164552191964126, 0.6000000000000001), 311: (0.45167562344856915, 0.6000000000000001), 527: (0.44586605887340414, 0.5)}","{'noise': 0.3582851696037144, 'amp': 0.5714172545679208, 'ls': 1.2095008632875088}","[(0.6000000000000001, 0.5)]",[]
