impression,user_id,app_version,model_version,mturk_id,status,NUM_INITIAL_RATINGS,NUM_REFINE_RATINGS,TOTAL_TRAINING_RATINGS,NUM_TEST_RATINGS,TIME_INITIAL,TIME_REFINE,TIME_TEST,random_test_predictions_ratings,good_test_predictions_ratings,hypers,redisplay_check,arbitrary_check
0,b11fc525-ea89-4bbd-b53e-113781f12c89,5.1.2-aggregated-ar-dresses10,2.0,A3P7XSX4AH6VRP,Completed,1,40,41,15,10.205392122268677,198.31892323493958,68.26701712608337,"{568: (-0.45365459124190216, -1.0), 522: (0.0008649337255593158, 0.0), 106: (-0.3300679120922712, 0.0), 462: (-0.36940656051437537, -1.0), 26: (-0.6595855105654315, -1.0), 512: (-0.19403321230836099, -1.0), 255: (-0.8395096901435066, -1.0), 562: (-0.6045726772827473, -0.8), 114: (-0.5937751050277846, 0.0), 36: (-0.48266740415196496, -1.0)}","{194: (0.5500339056739053, 0.8), 67: (0.4167861798409216, 0.0), 327: (0.40397653305377274, 0.0), 374: (0.355687947380689, -1.0), 213: (0.3405525922267374, -1.0)}","{'noise': 0.3582851696037144, 'amp': 0.5714172545679208, 'ls': 1.2095008632875088}","[(-1.0, 0.0)]",[]
