impression,user_id,app_version,model_version,mturk_id,status,NUM_INITIAL_RATINGS,NUM_REFINE_RATINGS,TOTAL_TRAINING_RATINGS,NUM_TEST_RATINGS,TIME_INITIAL,TIME_REFINE,TIME_TEST,random_test_predictions_ratings,good_test_predictions_ratings,hypers,redisplay_check,arbitrary_check
0,b1808ef1-625d-427d-bd8e-97e44e0ca48b,5.1.2-aggregated-ar-dresses10,2.0,A1HT98ZL49HZTX,Completed,1,40,41,15,5.621993541717529,133.84985256195068,59.021464109420776,"{377: (-0.2014872216816276, -0.8), 672: (-0.54058640300764, -0.8), 48: (-0.6118144291435826, -0.6), 685: (-0.3542031384275975, -0.8), 12: (-0.33729215352560354, 0.8), 395: (-0.1160325001553498, -0.8), 549: (-0.457462388336693, -0.8), 261: (-0.595321292148058, -1.0), 683: (-0.4922902418984777, -0.8), 126: (-0.3805808712449603, -1.0)}","{784: (0.22977336973047185, 0.6000000000000001), 693: (0.20276203578972696, -0.6), 572: (0.18544200945658593, -0.8), 674: (0.17100799290360674, -0.8), 98: (0.17074270081880447, -0.8)}","{'noise': 0.3582851696037144, 'amp': 0.5714172545679208, 'ls': 1.2095008632875088}","[(0.8, 0.8)]",[]
