impression,user_id,app_version,model_version,mturk_id,status,NUM_INITIAL_RATINGS,NUM_REFINE_RATINGS,TOTAL_TRAINING_RATINGS,NUM_TEST_RATINGS,TIME_INITIAL,TIME_REFINE,TIME_TEST,random_test_predictions_ratings,good_test_predictions_ratings,hypers,redisplay_check,arbitrary_check
0,b1f463b1-7d1b-434d-9722-f4c620ee9a47,5.1.2-aggregated-ar-dresses10,2.0,A2VUF0V7HT51Q3,Completed,1,40,41,15,14.732139825820923,157.38809537887573,56.97819447517395,"{187: (-0.062296086699179035, 0.0), 526: (0.23170204896870797, 0.19999999999999996), 639: (0.0865231476991789, -0.4), 490: (-0.13738873318862269, 0.0), 637: (0.09557241030215188, 0.3999999999999999), 510: (0.028089175990378627, 0.19999999999999996), 472: (0.07935559773774152, 0.0), 138: (0.1265998888031854, 0.19999999999999996), 228: (0.036245704755415095, 0.19999999999999996), 351: (0.06295565616071411, -0.19999999999999996)}","{303: (0.3015601794704862, 0.3999999999999999), 290: (0.28712553326935514, 0.3999999999999999), 263: (0.28335701672570485, 0.0), 344: (0.27979561410566123, 0.3999999999999999), 420: (0.2778345355488028, 0.19999999999999996)}","{'noise': 0.3582851696037144, 'amp': 0.5714172545679208, 'ls': 1.2095008632875088}","[(0.19999999999999996, 0.3999999999999999)]",[]
