impression,user_id,app_version,model_version,mturk_id,status,NUM_INITIAL_RATINGS,NUM_REFINE_RATINGS,TOTAL_TRAINING_RATINGS,NUM_TEST_RATINGS,TIME_INITIAL,TIME_REFINE,TIME_TEST,random_test_predictions_ratings,good_test_predictions_ratings,hypers,redisplay_check,arbitrary_check
0,b46ebbd3-536a-4386-b4c8-e5f68c0677ad,5.1.2-aggregated-ar-dresses10,2.0,AS6FM754MF2B2,Completed,1,20,21,15,8.074769020080566,168.36231064796448,130.12648034095764,"{605: (0.5371534199960251, 0.6000000000000001), 635: (0.41563551819694355, 0.19999999999999996), 372: (0.15456214320520645, 0.5), 527: (0.09535952054217559, -0.6), 96: (-0.046133778693607935, -0.19999999999999996), 748: (0.19797120543735836, 0.19999999999999996), 27: (0.21367437188944158, -0.09999999999999998), 443: (0.24651332792872646, 0.5), 227: (0.27768779862690035, 0.8999999999999999), 723: (0.1265562809248268, -0.09999999999999998)}","{212: (0.7167792880864702, 0.7), 390: (0.6316841617284199, 0.19999999999999996), 420: (0.6210569164460841, -0.4), 266: (0.6156292587096611, 0.3999999999999999), 81: (0.6044324567785431, 1.0)}","{'noise': 0.3582851696037144, 'amp': 0.5714172545679208, 'ls': 1.2095008632875088}","[(0.10000000000000009, -0.09999999999999998)]",[]
