impression,user_id,app_version,model_version,mturk_id,status,NUM_INITIAL_RATINGS,NUM_REFINE_RATINGS,TOTAL_TRAINING_RATINGS,NUM_TEST_RATINGS,TIME_INITIAL,TIME_REFINE,TIME_TEST,random_test_predictions_ratings,good_test_predictions_ratings,hypers,redisplay_check,arbitrary_check
0,b4d53739-7225-41bd-955e-1fb4616eb4fd,5.1.2-aggregated-ar-dresses10,2.0,AB4X9VOLQVTHW,Completed,1,30,31,15,9.120032548904419,209.00984239578247,141.64166927337646,"{577: (0.22187713298053768, 0.8), 395: (0.15292487890769996, -0.6), 782: (0.28278578961644724, 1.0), 93: (0.16424540210396282, 0.8), 369: (0.2959803209230665, 0.19999999999999996), 798: (0.041644278982591085, 0.0), 134: (0.3157375956321319, -0.8), 171: (0.2171146477430116, 0.19999999999999996), 758: (0.33211252147770093, 0.19999999999999996), 530: (-0.05754177028360498, -0.6)}","{392: (0.5274827148640805, 0.19999999999999996), 286: (0.46732501185798014, -0.19999999999999996), 280: (0.4552159173676921, 0.8), 139: (0.4353987604587791, 0.3999999999999999), 514: (0.4324593770958509, -0.6)}","{'noise': 0.3582851696037144, 'amp': 0.5714172545679208, 'ls': 1.2095008632875088}","[(1.0, 0.8)]",[]
