impression,user_id,app_version,model_version,mturk_id,status,NUM_INITIAL_RATINGS,NUM_REFINE_RATINGS,TOTAL_TRAINING_RATINGS,NUM_TEST_RATINGS,TIME_INITIAL,TIME_REFINE,TIME_TEST,random_test_predictions_ratings,good_test_predictions_ratings,hypers,redisplay_check,arbitrary_check
0,b520d6b0-69e3-463b-95c4-23bc3ed68a77,5.1.2-aggregated-ar-dresses10,2.0,A3KRY1Q0WZXPRI,Completed,1,40,41,15,18.81861972808838,161.548344373703,107.6103003025055,"{185: (-0.4868362838241218, -0.4), 715: (-0.3953340353627674, -0.4), 451: (-0.4598316835335079, 0.0), 763: (-0.7144071182060213, -0.6), 791: (-0.3318424395870726, 0.0), 486: (-0.4322010532328273, -0.4), 331: (-0.37287278941059554, -0.19999999999999996), 180: (-0.4914055850969047, -0.6), 739: (-0.42032772875728486, -0.19999999999999996), 603: (-0.5832756078776766, -0.6)}","{12: (-0.11860020314700863, 0.3999999999999999), 605: (-0.17555905926945037, 0.3999999999999999), 138: (-0.1844534509697806, -0.4), 290: (-0.19308683172418212, -0.19999999999999996), 654: (-0.19355430470165774, 0.19999999999999996)}","{'noise': 0.3582851696037144, 'amp': 0.5714172545679208, 'ls': 1.2095008632875088}","[(-0.19999999999999996, 0.0)]",[]
