impression,user_id,app_version,model_version,mturk_id,status,NUM_INITIAL_RATINGS,NUM_REFINE_RATINGS,TOTAL_TRAINING_RATINGS,NUM_TEST_RATINGS,TIME_INITIAL,TIME_REFINE,TIME_TEST,random_test_predictions_ratings,good_test_predictions_ratings,hypers,redisplay_check,arbitrary_check
0,b5a15ef7-e054-48ab-8910-d7e4bf283abf,5.1.2-aggregated-ar-dresses10,2.0,A3U0JKK8IXEP7D,Completed,1,40,41,15,13.839208364486694,217.32642149925232,72.3811023235321,"{298: (0.317178537332391, 0.19999999999999996), 185: (0.3895464710726611, 0.3999999999999999), 341: (0.19973236355471535, 0.3999999999999999), 54: (0.42908138843057864, 0.19999999999999996), 20: (0.28582317190848094, 0.3999999999999999), 424: (0.37845728708357007, 0.8), 702: (0.49703903431969754, 0.3999999999999999), 523: (0.5104877061562226, 1.0), 572: (0.2865958760309647, 0.6000000000000001), 589: (0.34024974785176454, 0.19999999999999996)}","{808: (0.7698915791387624, 1.0), 358: (0.7406044362083034, 0.8), 682: (0.7377681899525975, 0.6000000000000001), 290: (0.7099321035173856, 0.3999999999999999), 297: (0.7097575796444163, 0.6000000000000001)}","{'noise': 0.3582851696037144, 'amp': 0.5714172545679208, 'ls': 1.2095008632875088}","[(0.8, 1.0)]",[]
