impression,user_id,app_version,model_version,mturk_id,status,NUM_INITIAL_RATINGS,NUM_REFINE_RATINGS,TOTAL_TRAINING_RATINGS,NUM_TEST_RATINGS,TIME_INITIAL,TIME_REFINE,TIME_TEST,random_test_predictions_ratings,good_test_predictions_ratings,hypers,redisplay_check,arbitrary_check
0,b63ff63d-72ad-43c3-9320-0e5b368ba34a,5.1.2-aggregated-ar-dresses10,2.0,ANQ0RLFEZ17W0,Completed,1,50,51,15,6.383023738861084,176.13149213790894,45.0706422328949,"{750: (-0.0986013142580778, 0.19999999999999996), 267: (0.32228940723714483, 0.0), 74: (0.06959298466825557, -0.4), 372: (-0.13098057830969975, 0.19999999999999996), 325: (-0.07510137633545481, 0.0), 288: (0.07158413340732242, 0.6000000000000001), 622: (0.20111994490430204, 0.19999999999999996), 428: (-0.131756301925813, -0.4), 242: (0.2103355764034968, 0.0), 107: (0.08866534446336498, 0.0)}","{12: (0.40202401731768783, 0.8), 605: (0.3908616197330034, 0.8), 728: (0.37218686325941525, 0.8), 64: (0.3619294049061277, 0.3999999999999999), 397: (0.3561133061973133, 0.3999999999999999)}","{'noise': 0.3582851696037144, 'amp': 0.5714172545679208, 'ls': 1.2095008632875088}","[(0.0, 0.19999999999999996)]",[]
