impression,user_id,app_version,model_version,mturk_id,status,NUM_INITIAL_RATINGS,NUM_REFINE_RATINGS,TOTAL_TRAINING_RATINGS,NUM_TEST_RATINGS,TIME_INITIAL,TIME_REFINE,TIME_TEST,random_test_predictions_ratings,good_test_predictions_ratings,hypers,redisplay_check,arbitrary_check
0,b723fc6b-b3af-4c04-9864-a31bbe5dd3a9,5.1.2-aggregated-ar-dresses10,2.0,A249LDVPG27XCE,Completed,1,50,51,15,41.58310604095459,688.7185380458832,101.38309335708618,"{408: (-0.134186112960022, 0.0), 5: (0.19214242294517422, 0.3999999999999999), 370: (0.25380723675490147, 0.0), 197: (0.43880511328160676, 0.8), 280: (0.19708416156548014, 0.6000000000000001), 416: (-0.12292129590159147, 0.6000000000000001), 400: (0.30312194756876, -0.19999999999999996), 24: (-0.08229142217306648, 0.3999999999999999), 334: (-0.337890562163525, -0.8), 508: (0.19742015950654612, 0.3999999999999999)}","{194: (0.5971938069746987, 0.3999999999999999), 129: (0.5903555607452967, 0.8), 388: (0.589302793590232, 0.6000000000000001), 290: (0.5815474003058358, 0.6000000000000001), 327: (0.5599865599941503, 0.3999999999999999)}","{'noise': 0.3582851696037144, 'amp': 0.5714172545679208, 'ls': 1.2095008632875088}","[(0.0, 0.0)]",[]
