impression,user_id,app_version,model_version,mturk_id,status,NUM_INITIAL_RATINGS,NUM_REFINE_RATINGS,TOTAL_TRAINING_RATINGS,NUM_TEST_RATINGS,TIME_INITIAL,TIME_REFINE,TIME_TEST,random_test_predictions_ratings,good_test_predictions_ratings,hypers,redisplay_check,arbitrary_check
0,b9909f13-c6ce-4fc4-a3ba-b5ea29cbde6c,5.1.2-aggregated-ar-dresses10,2.0,A3MS21UJPMHLK0,Completed,1,40,41,15,4.404567003250122,152.41838788986206,27.680755853652954,"{318: (0.08828839420664206, 0.3999999999999999), 58: (0.4497711127285339, -0.19999999999999996), 85: (0.35092572967427893, 0.3999999999999999), 673: (0.13700261620900708, 0.8), 0: (0.12139024584818182, 0.3999999999999999), 284: (0.20499908316054496, 0.19999999999999996), 663: (0.2438433625296908, -0.19999999999999996), 600: (0.29650196337712154, 0.19999999999999996), 804: (0.11875495169400618, 0.0), 114: (0.20364559403344684, 0.0)}","{700: (0.6221867654416412, -0.19999999999999996), 676: (0.5907262526328263, 0.3999999999999999), 240: (0.5830161167207953, 0.19999999999999996), 314: (0.5740969290355371, 0.0), 111: (0.5724362614969175, 0.19999999999999996)}","{'noise': 0.3582851696037144, 'amp': 0.5714172545679208, 'ls': 1.2095008632875088}","[(0.6000000000000001, 0.0)]",[]
