impression,user_id,app_version,model_version,mturk_id,status,NUM_INITIAL_RATINGS,NUM_REFINE_RATINGS,TOTAL_TRAINING_RATINGS,NUM_TEST_RATINGS,TIME_INITIAL,TIME_REFINE,TIME_TEST,random_test_predictions_ratings,good_test_predictions_ratings,hypers,redisplay_check,arbitrary_check
0,ba15b9a3-8c6a-49a0-a445-8290d353117c,5.1.2-aggregated-ar-dresses10,2.0,AWAW665TQQP2F,Completed,1,30,31,15,10.045127153396606,175.98242282867432,70.36138653755188,"{347: (-0.23931591116912823, 0.0), 311: (0.08945683294945181, 0.6000000000000001), 475: (0.1641578355328903, 0.0), 184: (-0.13485583343231747, 0.19999999999999996), 121: (-0.23942604219290917, -0.19999999999999996), 322: (-0.3059114644539041, -0.4), 760: (-0.043607524954884264, -0.15999999999999992), 259: (-0.049929820325564374, -0.19999999999999996), 303: (-0.13771064233149383, -0.09999999999999998), 96: (0.18958927227993302, 0.15999999999999992)}","{495: (0.3144568183311094, 0.5800000000000001), 234: (0.30610593185179663, 0.18000000000000016), 769: (0.29428591779825547, 0.8), 398: (0.27495322559329516, 0.6000000000000001), 505: (0.2613531668531555, 0.7)}","{'noise': 0.3582851696037144, 'amp': 0.5714172545679208, 'ls': 1.2095008632875088}","[(0.0, -0.19999999999999996)]",[]
