impression,user_id,app_version,model_version,mturk_id,status,NUM_INITIAL_RATINGS,NUM_REFINE_RATINGS,TOTAL_TRAINING_RATINGS,NUM_TEST_RATINGS,TIME_INITIAL,TIME_REFINE,TIME_TEST,random_test_predictions_ratings,good_test_predictions_ratings,hypers,redisplay_check,arbitrary_check
0,bb18c52a-21a9-43bf-b8df-adc4823f93f1,5.1.2-aggregated-ar-dresses10,2.0,A3EQVDHHKZRC0K,Completed,1,50,51,15,13.851393461227417,260.3161816596985,84.27035689353943,"{636: (-0.37831064291311844, -1.0), 759: (-0.2054871483862714, 0.19999999999999996), 611: (-0.2956186292601435, -1.0), 684: (0.02564228717635786, 0.3999999999999999), 373: (-0.7024128302573688, 0.6000000000000001), 516: (-0.37673318518259563, 0.0), 432: (-0.5911431096609974, -1.0), 132: (-0.3315736037048878, -0.19999999999999996), 706: (-0.27873350632627875, -1.0), 568: (0.02589275979656551, 0.0)}","{597: (0.6291654529685891, 0.8), 306: (0.6180375248396541, 1.0), 591: (0.6055336261669474, 1.0), 190: (0.5924794395898858, 1.0), 746: (0.5688755506187191, 1.0)}","{'noise': 0.3582851696037144, 'amp': 0.5714172545679208, 'ls': 1.2095008632875088}","[(0.8, 1.0)]",[]
