impression,user_id,app_version,model_version,mturk_id,status,NUM_INITIAL_RATINGS,NUM_REFINE_RATINGS,TOTAL_TRAINING_RATINGS,NUM_TEST_RATINGS,TIME_INITIAL,TIME_REFINE,TIME_TEST,random_test_predictions_ratings,good_test_predictions_ratings,hypers,redisplay_check,arbitrary_check
0,bb1de874-aca5-4e75-ae7a-a23bdc2c6991,5.1.2-aggregated-ar-dresses10,2.0,A2R0I39QFFQKXH,Completed,1,40,41,15,15.256771087646484,272.7238848209381,76.20657348632812,"{761: (0.10570876130427491, 0.0), 791: (-0.14396141754799724, -0.4), 125: (0.03110197220891818, 0.6000000000000001), 214: (0.05422473582539094, -0.4), 255: (-0.06492846234138817, 0.0), 570: (0.1844591771459628, -0.19999999999999996), 91: (0.16914653299664859, -0.19999999999999996), 50: (-0.11640987867890304, -0.4), 534: (0.08096987581638082, 0.0), 31: (-0.14170695428272748, -0.19999999999999996)}","{504: (0.41475447996946174, 0.3999999999999999), 708: (0.37651693301234773, 0.19999999999999996), 115: (0.37174054125970535, 0.19999999999999996), 811: (0.36285289454515746, 0.6000000000000001), 523: (0.35113431814618973, 0.19999999999999996)}","{'noise': 0.3582851696037144, 'amp': 0.5714172545679208, 'ls': 1.2095008632875088}","[(-0.19999999999999996, -0.19999999999999996)]",[]
