impression,user_id,app_version,model_version,mturk_id,status,NUM_INITIAL_RATINGS,NUM_REFINE_RATINGS,TOTAL_TRAINING_RATINGS,NUM_TEST_RATINGS,TIME_INITIAL,TIME_REFINE,TIME_TEST,random_test_predictions_ratings,good_test_predictions_ratings,hypers,redisplay_check,arbitrary_check
0,bb87a2b0-2c14-492d-baaa-2dd9bf5a177a,5.1.2-aggregated-ar-dresses10,2.0,A23XM9DGWLJ2O6,Completed,1,50,51,15,8.202128648757935,162.18320035934448,38.005056381225586,"{114: (-0.7516027301063521, -0.8), 644: (-0.5096740159748795, 0.3999999999999999), 178: (-0.5740951179714971, -0.8), 748: (-0.80687057705682, -0.6), 428: (-0.7530934668950455, -0.8), 433: (-0.6681365305973701, -0.8), 97: (-0.7483316551493437, -0.8), 223: (-0.49565231239608554, -0.19999999999999996), 37: (-0.6121969220283767, -0.6), 159: (-0.8340844378541853, -0.8)}","{209: (-0.23215265088552833, -0.4), 566: (-0.2818613380333762, 0.8), 60: (-0.30121433677392023, -0.4), 230: (-0.3079065920559556, -0.6), 94: (-0.31931569147895794, -0.8)}","{'noise': 0.3582851696037144, 'amp': 0.5714172545679208, 'ls': 1.2095008632875088}","[(-0.8, -0.8)]",[]
