impression,user_id,app_version,model_version,mturk_id,status,NUM_INITIAL_RATINGS,NUM_REFINE_RATINGS,TOTAL_TRAINING_RATINGS,NUM_TEST_RATINGS,TIME_INITIAL,TIME_REFINE,TIME_TEST,random_test_predictions_ratings,good_test_predictions_ratings,hypers,redisplay_check,arbitrary_check
0,bc84eab8-2f64-4f8b-9bc2-1d658233556f,5.1.2-aggregated-ar-dresses10,2.0,A10YGFN8NW849U,Completed,1,50,51,15,15.569310188293457,292.966637134552,84.50272822380066,"{646: (-0.9120768283178141, -0.88), 378: (-0.8917910344643087, -0.86), 662: (-0.8876489408630546, -0.92), 761: (-0.8947175090241603, -0.86), 785: (-0.8829504138728448, -0.84), 642: (-0.9021027444817791, -0.92), 421: (-0.8893776654502067, -0.9), 80: (-0.8993976210785902, -0.92), 721: (-0.8841023653157691, -0.9), 98: (-0.8689777327845342, -0.9)}","{608: (-0.8570803800527624, -0.9), 420: (-0.8593283943951644, -0.86), 740: (-0.8601496227100174, -0.92), 418: (-0.860621663535486, -0.9), 23: (-0.8607053423283303, -0.88)}","{'noise': 0.3582851696037144, 'amp': 0.5714172545679208, 'ls': 1.2095008632875088}","[(-0.92, -0.92)]",[]
