impression,user_id,app_version,model_version,mturk_id,status,NUM_INITIAL_RATINGS,NUM_REFINE_RATINGS,TOTAL_TRAINING_RATINGS,NUM_TEST_RATINGS,TIME_INITIAL,TIME_REFINE,TIME_TEST,random_test_predictions_ratings,good_test_predictions_ratings,hypers,redisplay_check,arbitrary_check
0,bea40ca9-83f0-4eb9-986e-6bac6d7ad8fc,5.1.2-aggregated-ar-dresses10,2.0,A301YTXK900GP6,Completed,1,20,21,15,12.955578565597534,104.51151394844055,74.0099937915802,"{798: (-0.45556253394203206, -0.8), 445: (-0.801651537816614, -0.8), 290: (-0.1306216699907208, 0.3999999999999999), 802: (-0.255212312876388, -0.8), 448: (-0.4882560789307301, -0.8), 635: (-0.5929866633568124, -0.6), 383: (-0.3659638919399117, -0.8), 756: (-0.6123391113081248, -0.8), 657: (-0.12796464492583315, 0.3999999999999999), 405: (-0.6777112897520665, -0.8)}","{631: (0.1280057672408248, 0.19999999999999996), 496: (0.09628587386836757, 0.0), 60: (0.09397596088220181, 0.3999999999999999), 197: (0.08748693663974276, 0.3999999999999999), 150: (0.07052928523053216, 0.3999999999999999)}","{'noise': 0.3582851696037144, 'amp': 0.5714172545679208, 'ls': 1.2095008632875088}","[(-0.8, -0.8)]",[]
