impression,user_id,app_version,model_version,mturk_id,status,NUM_INITIAL_RATINGS,NUM_REFINE_RATINGS,TOTAL_TRAINING_RATINGS,NUM_TEST_RATINGS,TIME_INITIAL,TIME_REFINE,TIME_TEST,random_test_predictions_ratings,good_test_predictions_ratings,hypers,redisplay_check,arbitrary_check
0,c21bdf48-e886-4c14-91b2-fd3d9d416f84,5.1.2-aggregated-ar-dresses10,2.0,A192EJRA8LJYMV,Completed,1,50,51,15,8.48728322982788,208.7875349521637,74.3442702293396,"{162: (0.4442460126717115, 0.3999999999999999), 340: (0.16868439456844417, 0.19999999999999996), 728: (0.4537482114056777, 1.0), 248: (-0.30816075794203235, -0.8), 719: (0.16735197770547103, 0.3999999999999999), 637: (0.09390563964147106, 0.3999999999999999), 652: (-0.05826469726920281, 0.8), 514: (0.40056456400201884, 0.6000000000000001), 428: (0.2296466790833913, 0.19999999999999996), 568: (0.3882871407263268, 1.0)}","{624: (0.6228240970107612, 1.0), 597: (0.5982604195334766, 1.0), 542: (0.5951022557295402, 1.0), 324: (0.5771765424622273, 0.8), 283: (0.566969906490993, 0.8)}","{'noise': 0.3582851696037144, 'amp': 0.5714172545679208, 'ls': 1.2095008632875088}","[(1.0, 1.0)]",[]
