impression,user_id,app_version,model_version,mturk_id,status,NUM_INITIAL_RATINGS,NUM_REFINE_RATINGS,TOTAL_TRAINING_RATINGS,NUM_TEST_RATINGS,TIME_INITIAL,TIME_REFINE,TIME_TEST,random_test_predictions_ratings,good_test_predictions_ratings,hypers,redisplay_check,arbitrary_check
0,c2a06c24-58d2-4da8-9119-f33a6a9819f7,5.1.2-aggregated-ar-dresses10,2.0,AS9WXP6YBD4SO,Completed,1,20,21,15,23.541664838790894,175.69255304336548,168.83155703544617,"{116: (-0.7080955616290684, -0.8), 149: (-0.8549130614311728, -0.8), 729: (-0.9210865479563749, -1.0), 654: (-0.874119658987104, -1.0), 44: (-0.848902587589459, -0.8), 482: (-0.7163631397126594, -1.0), 19: (-1.0452676640981298, -0.4), 129: (-0.8896995021185918, -1.0), 375: (-0.9799247539584024, -0.8), 433: (-0.8841755148270212, -1.0)}","{658: (-0.5097536755401225, -1.0), 601: (-0.5940685270038251, -0.4), 75: (-0.5999104903036664, -0.6), 731: (-0.6017304997104458, -0.8), 780: (-0.6023342667809132, -1.0)}","{'noise': 0.3582851696037144, 'amp': 0.5714172545679208, 'ls': 1.2095008632875088}","[(-0.8, -1.0)]",[]
