impression,user_id,app_version,model_version,mturk_id,status,NUM_INITIAL_RATINGS,NUM_REFINE_RATINGS,TOTAL_TRAINING_RATINGS,NUM_TEST_RATINGS,TIME_INITIAL,TIME_REFINE,TIME_TEST,random_test_predictions_ratings,good_test_predictions_ratings,hypers,redisplay_check,arbitrary_check
0,c2a593a1-92b5-43c7-af7b-ab9b2ed22308,5.1.2-aggregated-ar-dresses10,2.0,A3GZXU4FUJTKZD,Completed,1,30,31,15,9.161237001419067,125.76715278625488,55.172266483306885,"{726: (-0.5401636453640433, -0.6), 261: (-0.4836339960930922, -0.6), 196: (-0.5819337498231776, -0.6), 89: (-0.5262541833821466, -0.4), 497: (-0.569208354248192, -0.4), 809: (-0.5233367301595885, -0.4), 533: (-0.6722267960076939, -0.8), 458: (-0.6453359524600355, -0.8), 622: (-0.5990982716266398, -0.8), 778: (-0.5886278653879153, -0.8)}","{247: (-0.3106262422676512, -0.6), 190: (-0.3277077668439649, -0.19999999999999996), 612: (-0.33966533777202235, 0.19999999999999996), 714: (-0.35053760127829636, 0.0), 461: (-0.36902027027066353, -0.19999999999999996)}","{'noise': 0.3582851696037144, 'amp': 0.5714172545679208, 'ls': 1.2095008632875088}","[(-0.6, -0.4)]",[]
