impression,user_id,app_version,model_version,mturk_id,status,NUM_INITIAL_RATINGS,NUM_REFINE_RATINGS,TOTAL_TRAINING_RATINGS,NUM_TEST_RATINGS,TIME_INITIAL,TIME_REFINE,TIME_TEST,random_test_predictions_ratings,good_test_predictions_ratings,hypers,redisplay_check,arbitrary_check
0,c3824395-b32e-4239-9124-19e8745363c9,5.1.2-aggregated-ar-dresses10,2.0,A3QPVH0DRW0ZQV,Completed,1,50,51,15,16.914517641067505,899.1923959255219,181.20776748657227,"{125: (0.19380876120773546, 0.19999999999999996), 467: (0.07976300933499987, -0.4), 606: (-0.2888666686802058, -0.8), 580: (-0.16980219835658802, 0.0), 618: (-0.03740029624468866, 0.0), 495: (-0.0999905596574266, -0.4), 37: (0.11543710300595067, 0.0), 651: (0.09311329161942081, 0.6000000000000001), 177: (0.21382824181024154, -0.4), 174: (0.030727042596638443, -0.8)}","{303: (0.6748945208368922, 0.3999999999999999), 162: (0.6344024333943501, 0.6000000000000001), 355: (0.6325485067853488, 1.0), 626: (0.6264165665918131, 0.6000000000000001), 613: (0.6222210861096423, 0.8999999999999999)}","{'noise': 0.3582851696037144, 'amp': 0.5714172545679208, 'ls': 1.2095008632875088}","[(0.19999999999999996, 0.0)]",[]
