impression,user_id,app_version,model_version,mturk_id,status,NUM_INITIAL_RATINGS,NUM_REFINE_RATINGS,TOTAL_TRAINING_RATINGS,NUM_TEST_RATINGS,TIME_INITIAL,TIME_REFINE,TIME_TEST,random_test_predictions_ratings,good_test_predictions_ratings,hypers,redisplay_check,arbitrary_check
0,c4b5564d-9917-4134-b506-f395ed0917c8,5.1.2-aggregated-ar-dresses10,2.0,AEM163BZVZL53,Completed,1,50,51,15,8.677958726882935,276.4359576702118,87.00764536857605,"{166: (0.16114465887753598, -0.8), 529: (-0.2683790438692101, -0.4), 136: (0.0375613040229454, 0.19999999999999996), 686: (0.24096753868972465, 0.19999999999999996), 8: (-0.576828245093102, -0.6), 695: (-0.185201614633594, 0.8), 673: (-0.16726982409831334, 0.3999999999999999), 289: (0.2645537944020962, 0.8), 546: (0.2964797952184933, -0.4), 676: (0.69232988720472, 0.6000000000000001)}","{60: (0.8699885851486204, 1.0), 565: (0.834436169828696, 0.6000000000000001), 290: (0.7768112634018502, 0.0), 682: (0.7437994750598139, 0.6000000000000001), 548: (0.7304984478244995, 0.6000000000000001)}","{'noise': 0.3582851696037144, 'amp': 0.5714172545679208, 'ls': 1.2095008632875088}","[(0.8, 0.6000000000000001)]",[]
