impression,user_id,app_version,model_version,mturk_id,status,NUM_INITIAL_RATINGS,NUM_REFINE_RATINGS,TOTAL_TRAINING_RATINGS,NUM_TEST_RATINGS,TIME_INITIAL,TIME_REFINE,TIME_TEST,random_test_predictions_ratings,good_test_predictions_ratings,hypers,redisplay_check,arbitrary_check
0,c53499ee-5bd1-45d9-96d5-e011b0fa464c,5.1.2-aggregated-ar-dresses10,2.0,A2SQRCHF1VNJ0X,Completed,1,40,41,15,19.02869987487793,228.3550636768341,76.24390912055969,"{262: (0.02943376262528912, -0.19999999999999996), 251: (0.11182847703319289, 0.19999999999999996), 416: (0.15585397152367073, 0.0), 592: (0.22366050369924195, 0.19999999999999996), 550: (0.1327558369388406, 0.19999999999999996), 558: (0.2759884197513748, 0.0), 72: (0.2326227059422635, -0.4), 436: (0.08340092503776063, 0.0), 404: (0.285444565613669, 0.0), 811: (0.2592927284282269, -0.19999999999999996)}","{362: (0.58420379473843, 0.6000000000000001), 573: (0.5478903640870675, 0.0), 139: (0.538754645563481, 0.6000000000000001), 739: (0.5203416842326715, 0.19999999999999996), 632: (0.5176856109389658, 0.0)}","{'noise': 0.3582851696037144, 'amp': 0.5714172545679208, 'ls': 1.2095008632875088}","[(0.0, 0.19999999999999996)]",[]
