impression,user_id,app_version,model_version,mturk_id,status,NUM_INITIAL_RATINGS,NUM_REFINE_RATINGS,TOTAL_TRAINING_RATINGS,NUM_TEST_RATINGS,TIME_INITIAL,TIME_REFINE,TIME_TEST,random_test_predictions_ratings,good_test_predictions_ratings,hypers,redisplay_check,arbitrary_check
0,c5fa1638-d7ff-4b44-8327-ec2dce884ec0,5.1.2-aggregated-ar-dresses10,2.0,A22QFNF1UTBK0H,Completed,1,40,41,15,7.005283832550049,133.28611207008362,42.42729711532593,"{693: (-0.7382990711529256, 0.0), 336: (-0.17554820092701312, -0.8), 21: (-0.9440723609616574, 0.19999999999999996), 328: (-0.5693443548783437, -1.0), 97: (-0.5969129729976728, -1.0), 27: (-0.42067104575369874, -0.8), 249: (-0.33201472764584317, 0.0), 215: (-1.016742771399306, -1.0), 277: (-1.20867248986695, -1.0), 789: (-0.2186390962065289, -0.6)}","{275: (0.45697392542350174, -0.4), 197: (0.40285343526715456, 1.0), 374: (0.39630227341433966, -0.8), 636: (0.34082434213338886, 0.8), 144: (0.2884518075868706, 1.0)}","{'noise': 0.3582851696037144, 'amp': 0.5714172545679208, 'ls': 1.2095008632875088}","[(-1.0, 0.19999999999999996)]",[]
