impression,user_id,app_version,model_version,mturk_id,status,NUM_INITIAL_RATINGS,NUM_REFINE_RATINGS,TOTAL_TRAINING_RATINGS,NUM_TEST_RATINGS,TIME_INITIAL,TIME_REFINE,TIME_TEST,random_test_predictions_ratings,good_test_predictions_ratings,hypers,redisplay_check,arbitrary_check
0,c612204c-a864-4500-b697-02a0ccecfa8d,5.1.2-aggregated-ar-dresses10,2.0,A3ADQ2RLQNJQDU,Completed,1,40,41,15,6.670533895492554,296.04989075660706,204.71579313278198,"{154: (0.04928794924993918, 0.3999999999999999), 298: (-0.3620692375691059, -0.62), 179: (-0.048051521101342226, 0.3999999999999999), 8: (-0.1624045829001987, -0.92), 542: (0.030594165337827283, 0.6000000000000001), 242: (-0.019107510375664303, -0.11999999999999988), 746: (0.1837650588111918, -0.19999999999999996), 625: (-0.35759581803173185, -0.4), 76: (-0.31967656020614804, -0.8), 67: (-0.15515647547164466, -0.6)}","{266: (0.2632791420792603, 0.6000000000000001), 12: (0.24544900923358015, 0.6000000000000001), 597: (0.22137407116910512, 0.8), 283: (0.21297523619099015, 0.0), 624: (0.19478841707095773, 0.18000000000000016)}","{'noise': 0.3582851696037144, 'amp': 0.5714172545679208, 'ls': 1.2095008632875088}","[(0.3999999999999999, 0.6000000000000001)]",[]
