impression,user_id,app_version,model_version,mturk_id,status,NUM_INITIAL_RATINGS,NUM_REFINE_RATINGS,TOTAL_TRAINING_RATINGS,NUM_TEST_RATINGS,TIME_INITIAL,TIME_REFINE,TIME_TEST,random_test_predictions_ratings,good_test_predictions_ratings,hypers,redisplay_check,arbitrary_check
0,c6b6d9bc-a3ee-4c55-ad62-87978936517f,5.1.2-aggregated-ar-dresses10,2.0,A2KTWBDKJW7Y4N,Completed,1,40,41,15,12.763424634933472,209.330659866333,51.3230242729187,"{475: (0.13753067164212002, 0.8), 132: (0.020727437598133357, -0.4), 807: (-0.04487793335179245, 0.6000000000000001), 278: (0.05253724101581281, 0.3999999999999999), 317: (-0.013019810453620575, -0.4), 788: (-0.3789663135657114, -0.8), 772: (-0.34196054759737976, -0.6), 310: (-0.056510048460476865, 0.3999999999999999), 339: (-0.4237255027765147, -0.8), 562: (0.03936458002170957, 1.0)}","{147: (0.5559132298955985, 0.8), 139: (0.5146241358208773, 0.0), 420: (0.5099473672016667, 0.8), 751: (0.5096084891416414, 0.3999999999999999), 129: (0.5090787368281924, 0.6000000000000001)}","{'noise': 0.3582851696037144, 'amp': 0.5714172545679208, 'ls': 1.2095008632875088}","[(0.0, 0.0)]",[]
