impression,user_id,app_version,model_version,mturk_id,status,NUM_INITIAL_RATINGS,NUM_REFINE_RATINGS,TOTAL_TRAINING_RATINGS,NUM_TEST_RATINGS,TIME_INITIAL,TIME_REFINE,TIME_TEST,random_test_predictions_ratings,good_test_predictions_ratings,hypers,redisplay_check,arbitrary_check
0,c6f94e76-b927-4717-90ce-d2d8fdb9e0d1,5.1.2-aggregated-ar-dresses10,2.0,AVI7K876BV3QL,Completed,1,40,41,15,13.74762773513794,263.3206431865692,99.02217841148376,"{583: (-0.22990824832906565, 0.19999999999999996), 16: (0.07265295522015648, -0.4), 99: (-0.06792054756207676, 0.0), 149: (-0.14233866882258706, -0.4), 129: (0.10438866485279974, 0.19999999999999996), 9: (-0.13493760213101438, 0.19999999999999996), 204: (-0.2483618505138226, -0.19999999999999996), 659: (-0.21233938362735089, -0.19999999999999996), 250: (-0.01646887221382315, 0.19999999999999996), 388: (0.08857970581050705, -0.19999999999999996)}","{669: (0.17419107402155848, 0.19999999999999996), 435: (0.150264990750692, 0.3999999999999999), 409: (0.1432327628116467, 0.0), 791: (0.14287268846429346, 0.3999999999999999), 179: (0.13361833640713786, -0.19999999999999996)}","{'noise': 0.3582851696037144, 'amp': 0.5714172545679208, 'ls': 1.2095008632875088}","[(0.19999999999999996, 0.0)]",[]
