impression,user_id,app_version,model_version,mturk_id,status,NUM_INITIAL_RATINGS,NUM_REFINE_RATINGS,TOTAL_TRAINING_RATINGS,NUM_TEST_RATINGS,TIME_INITIAL,TIME_REFINE,TIME_TEST,random_test_predictions_ratings,good_test_predictions_ratings,hypers,redisplay_check,arbitrary_check
0,c7b3151e-f83c-44aa-91a4-321c2dbeb7a7,5.1.2-aggregated-ar-dresses10,2.0,A247AI2Y2GR48,Completed,1,40,41,15,11.821460962295532,245.78558897972107,68.79563403129578,"{500: (0.4159673519379029, 1.0), 56: (0.30536464547109693, 1.0), 206: (0.3735503278525107, 1.0), 535: (0.5474311938704118, 0.0), 495: (0.2670290273110427, 0.3999999999999999), 272: (0.9730705291681035, 1.0), 455: (0.36577761155254684, -0.4), 144: (0.571044054142056, 1.0), 705: (0.29779215236274126, 0.3999999999999999), 111: (0.60344116890763, 1.0)}","{303: (1.2116944049614033, 1.0), 563: (1.1855587454307661, 1.0), 595: (1.1760436875178513, 1.0), 165: (1.1266470430745328, 1.0), 356: (1.125635443813095, 1.0)}","{'noise': 0.3582851696037144, 'amp': 0.5714172545679208, 'ls': 1.2095008632875088}","[(1.0, 1.0)]",[]
