impression,user_id,app_version,model_version,mturk_id,status,NUM_INITIAL_RATINGS,NUM_REFINE_RATINGS,TOTAL_TRAINING_RATINGS,NUM_TEST_RATINGS,TIME_INITIAL,TIME_REFINE,TIME_TEST,random_test_predictions_ratings,good_test_predictions_ratings,hypers,redisplay_check,arbitrary_check
0,c7e7ee6a-dfd7-47de-b4a1-2889533dffb0,5.1.2-aggregated-ar-dresses10,2.0,ANHO7XT3KW3IY,Completed,1,40,41,15,11.511344194412231,122.96558952331543,45.52859973907471,"{795: (-0.02931898521564104, -0.8), 628: (-0.16376333412606028, 0.0), 750: (-0.24773532447496188, -0.6), 149: (-0.24228929538994406, -0.6), 245: (-0.05998753556499528, 0.3999999999999999), 332: (-0.2023943928147621, 0.0), 578: (-0.31804254549099026, 0.0), 447: (-0.40212473389509096, -0.8), 471: (-0.22131595667234744, 0.0), 550: (-0.27328075648273453, -0.8)}","{336: (0.27978692742689515, 0.3999999999999999), 404: (0.24174505539745142, -0.6), 697: (0.236507291030215, 0.0), 796: (0.2026410776549351, -0.6), 745: (0.19485211696324503, 0.3999999999999999)}","{'noise': 0.3582851696037144, 'amp': 0.5714172545679208, 'ls': 1.2095008632875088}","[(0.0, 0.0)]",[]
