impression,user_id,app_version,model_version,mturk_id,status,NUM_INITIAL_RATINGS,NUM_REFINE_RATINGS,TOTAL_TRAINING_RATINGS,NUM_TEST_RATINGS,TIME_INITIAL,TIME_REFINE,TIME_TEST,random_test_predictions_ratings,good_test_predictions_ratings,hypers,redisplay_check,arbitrary_check
0,c8c3323a-05e6-46d0-85de-5e0d9a0f23dd,5.1.2-aggregated-ar-dresses10,2.0,AT2VPZ7T3D8I5,Completed,1,40,41,15,26.693243741989136,232.63572907447815,64.9196527004242,"{39: (0.03933321912520338, 0.3999999999999999), 659: (-0.6369067096875991, -1.0), 696: (-0.400104856957965, 0.6000000000000001), 681: (-0.30015095901700894, 0.0), 351: (-0.13588086665375484, -0.19999999999999996), 736: (-0.5033025935652319, -1.0), 458: (-0.17569083526922818, -0.6), 169: (-0.0649082149382626, -0.19999999999999996), 718: (-0.3242038202761004, -0.8), 575: (-0.2719447106632514, 0.8)}","{523: (0.39048426537319675, -0.19999999999999996), 207: (0.3559832453419724, 0.3999999999999999), 598: (0.3264247322147905, -0.19999999999999996), 597: (0.31070245168733185, 0.19999999999999996), 263: (0.31019947207341664, 0.6000000000000001)}","{'noise': 0.3582851696037144, 'amp': 0.5714172545679208, 'ls': 1.2095008632875088}","[(-1.0, -1.0)]",[]
