impression,user_id,app_version,model_version,mturk_id,status,NUM_INITIAL_RATINGS,NUM_REFINE_RATINGS,TOTAL_TRAINING_RATINGS,NUM_TEST_RATINGS,TIME_INITIAL,TIME_REFINE,TIME_TEST,random_test_predictions_ratings,good_test_predictions_ratings,hypers,redisplay_check,arbitrary_check
0,c9e74d63-1a1a-4cb8-9e52-b843dc94f6b1,5.1.2-aggregated-ar-dresses10,2.0,A25FJAJGTWFMP,Completed,1,50,51,15,311.87596368789673,277.4411051273346,83.76435971260071,"{31: (-0.21936078583159624, 0.6000000000000001), 742: (-0.11102980497182796, 0.3999999999999999), 665: (-0.12865029017711366, 0.0), 538: (-0.0073590117864460874, 0.19999999999999996), 537: (-0.23239326736203836, 0.19999999999999996), 799: (-0.06295429765560347, 0.0), 556: (-0.1994715505055204, 0.19999999999999996), 89: (-0.21921876135598095, -0.6), 539: (-0.1262560613994873, 0.8), 313: (-0.1168177712472914, 0.6000000000000001)}","{174: (0.10658064659616912, 0.8), 721: (0.09880540211012641, 0.8), 392: (0.09086734727678852, 0.8), 362: (0.08694909625521113, 0.6000000000000001), 234: (0.08318145126174704, 0.8)}","{'noise': 0.3582851696037144, 'amp': 0.5714172545679208, 'ls': 1.2095008632875088}","[(0.3999999999999999, 0.3999999999999999)]",[]
