impression,user_id,app_version,model_version,mturk_id,status,NUM_INITIAL_RATINGS,NUM_REFINE_RATINGS,TOTAL_TRAINING_RATINGS,NUM_TEST_RATINGS,TIME_INITIAL,TIME_REFINE,TIME_TEST,random_test_predictions_ratings,good_test_predictions_ratings,hypers,redisplay_check,arbitrary_check
0,ca3f73ed-b5d4-42ac-ae92-d4bc342553cc,5.1.2-aggregated-ar-dresses10,2.0,A89HSG51VTPP0,Completed,1,30,31,15,4.256618499755859,95.21323561668396,64.46498441696167,"{703: (-0.6024005690967682, -0.6), 641: (-0.5455082054496301, -0.6), 433: (-0.45868160685241094, 0.19999999999999996), 645: (-0.5826715034896157, 0.0), 262: (-0.5172227966961787, -0.6), 800: (-0.722696018309224, -0.8), 414: (-0.5307274271766417, 0.19999999999999996), 758: (-0.5598062932165293, -0.8), 206: (-0.5576802297316925, 0.0), 706: (-0.5453696009938845, 0.0)}","{401: (-0.37251752218454465, 0.0), 125: (-0.37434822182385136, 0.0), 174: (-0.38048320449429546, -0.8200000000000001), 650: (-0.38952245450275724, 0.19999999999999996), 553: (-0.39136374483177666, -0.4)}","{'noise': 0.3582851696037144, 'amp': 0.5714172545679208, 'ls': 1.2095008632875088}","[(0.0, 0.19999999999999996)]",[]
