impression,user_id,app_version,model_version,mturk_id,status,NUM_INITIAL_RATINGS,NUM_REFINE_RATINGS,TOTAL_TRAINING_RATINGS,NUM_TEST_RATINGS,TIME_INITIAL,TIME_REFINE,TIME_TEST,random_test_predictions_ratings,good_test_predictions_ratings,hypers,redisplay_check,arbitrary_check
0,ca5f40f8-d9a2-421c-a45a-608664755907,5.1.2-aggregated-ar-dresses10,2.0,A29CCD6DOOQCGB,Completed,1,20,21,15,15.279873371124268,171.6553819179535,114.49922513961792,"{171: (0.4228600053079306, 0.30000000000000004), 29: (-0.010807756132668149, 0.19999999999999996), 702: (-0.08863435319873629, -0.4), 591: (0.32596733974324144, 0.6000000000000001), 560: (0.04429058590355952, -0.19999999999999996), 529: (-0.07503941843913023, 0.0), 605: (0.43640944677276083, 0.3999999999999999), 15: (0.43487135768102103, 0.8), 644: (0.19207967914689714, 0.3999999999999999), 664: (0.34940339133999543, 0.3999999999999999)}","{67: (0.7045667964838449, 0.19999999999999996), 194: (0.7014696882195621, 0.3999999999999999), 523: (0.6895391053196986, 0.3999999999999999), 214: (0.6810047573847597, 0.3999999999999999), 213: (0.6598516359781174, 0.0)}","{'noise': 0.3582851696037144, 'amp': 0.5714172545679208, 'ls': 1.2095008632875088}","[(0.3999999999999999, 0.3999999999999999)]",[]
