impression,user_id,app_version,model_version,mturk_id,status,NUM_INITIAL_RATINGS,NUM_REFINE_RATINGS,TOTAL_TRAINING_RATINGS,NUM_TEST_RATINGS,TIME_INITIAL,TIME_REFINE,TIME_TEST,random_test_predictions_ratings,good_test_predictions_ratings,hypers,redisplay_check,arbitrary_check
0,ca7ddd4d-7f70-42ad-8f49-2fc31b213c3b,5.1.2-aggregated-ar-dresses10,2.0,A2JJIYN79SQWT7,Completed,1,40,41,15,17.37621021270752,314.50819969177246,105.5296106338501,"{246: (0.16656465142165347, -0.6), 63: (0.05325546593911411, 0.8), 459: (0.08624126781331935, 0.3999999999999999), 205: (-0.11281120145376308, 1.0), 21: (-0.020184853025228072, -1.0), 52: (-0.44566290523025737, -0.6), 376: (-0.5576808354685393, -1.0), 54: (0.0358651320815529, 1.0), 645: (-0.007634196116171492, 1.0), 647: (-0.2919894668062096, -0.8)}","{174: (0.6301746124871569, 0.0), 596: (0.5529146827643396, 1.0), 538: (0.5204703006029568, -1.0), 670: (0.5125392372285006, 1.0), 690: (0.46340388553469253, 1.0)}","{'noise': 0.3582851696037144, 'amp': 0.5714172545679208, 'ls': 1.2095008632875088}","[(-1.0, -0.6)]",[]
