impression,user_id,app_version,model_version,mturk_id,status,NUM_INITIAL_RATINGS,NUM_REFINE_RATINGS,TOTAL_TRAINING_RATINGS,NUM_TEST_RATINGS,TIME_INITIAL,TIME_REFINE,TIME_TEST,random_test_predictions_ratings,good_test_predictions_ratings,hypers,redisplay_check,arbitrary_check
0,ca8f3b1d-68fd-45ed-bc6b-f71276c67d5c,5.1.2-aggregated-ar-dresses10,2.0,A1EJ4HA4K85PBJ,Completed,1,30,31,15,10.687681198120117,131.41975831985474,60.86262536048889,"{252: (-0.4537255979544318, 0.0), 427: (-0.4873434777530282, 0.0), 570: (-0.5503146071343423, -0.4), 343: (-0.18625941117641995, 0.19999999999999996), 479: (-0.4520722355023822, -0.8), 637: (-0.2966330659833029, 0.0), 741: (-0.2637792872461491, 0.0), 614: (-0.2771715523970494, -0.4), 228: (-0.36433979553739515, 0.0), 124: (-0.30988039367264886, 0.19999999999999996)}","{313: (-0.08054291560667398, 0.3999999999999999), 403: (-0.09241295765806729, 0.19999999999999996), 78: (-0.09827142422034993, 0.0), 218: (-0.11227977807784122, -0.19999999999999996), 137: (-0.12150644497794935, 0.6000000000000001)}","{'noise': 0.3582851696037144, 'amp': 0.5714172545679208, 'ls': 1.2095008632875088}","[(0.0, -0.19999999999999996)]",[]
