impression,user_id,app_version,model_version,mturk_id,status,NUM_INITIAL_RATINGS,NUM_REFINE_RATINGS,TOTAL_TRAINING_RATINGS,NUM_TEST_RATINGS,TIME_INITIAL,TIME_REFINE,TIME_TEST,random_test_predictions_ratings,good_test_predictions_ratings,hypers,redisplay_check,arbitrary_check
0,cbb29018-c0e7-4af1-a369-92b9b20d36b8,5.1.2-aggregated-ar-dresses10,2.0,A29UN4GHR6J0WS,Completed,1,50,51,15,23.0761456489563,630.8953201770782,182.32333636283875,"{296: (0.29096319957617034, 0.3999999999999999), 404: (0.741174118981638, -0.11999999999999988), 294: (0.32500489301341756, 0.8), 132: (0.5457387357107553, 0.3999999999999999), 123: (0.8062391816655297, 1.0), 53: (0.02553618118089855, -0.4), 142: (0.9855257408279192, 0.6000000000000001), 749: (0.2605486047257607, 0.6199999999999999), 309: (0.14352806021596995, -0.6), 13: (0.42247898418083474, 0.8)}","{370: (1.056909035588755, 1.0), 709: (1.0535052844192947, 0.3999999999999999), 89: (1.0252532666918694, 1.0), 610: (1.0212519169145666, 0.8), 397: (1.0049190877730316, 0.10000000000000009)}","{'noise': 0.3582851696037144, 'amp': 0.5714172545679208, 'ls': 1.2095008632875088}","[(0.19999999999999996, -0.4)]",[]
