impression,user_id,app_version,model_version,mturk_id,status,NUM_INITIAL_RATINGS,NUM_REFINE_RATINGS,TOTAL_TRAINING_RATINGS,NUM_TEST_RATINGS,TIME_INITIAL,TIME_REFINE,TIME_TEST,random_test_predictions_ratings,good_test_predictions_ratings,hypers,redisplay_check,arbitrary_check
0,d045197b-c71e-400e-bda5-aaed4a029df6,5.1.2-aggregated-ar-dresses10,2.0,A1MV8SI9AF0XZ2,Completed,1,50,51,15,19.54371953010559,745.0067999362946,223.16144824028015,"{791: (0.12041548026664918, 1.0), 447: (-0.2090495396081744, -0.6), 123: (0.12159807708687792, 0.3999999999999999), 419: (-0.28876571503635345, -0.6), 530: (-0.47638267611415025, -0.4), 759: (-0.04654404464227265, -0.4), 328: (-0.3160468449830629, -0.6), 605: (0.14445821821307536, 0.3999999999999999), 415: (-0.4551122239639682, -0.8), 145: (-0.16153369989597205, 0.0)}","{570: (0.40476136916690886, -0.19999999999999996), 214: (0.38688135517726274, 1.0), 358: (0.3626860329289902, 0.3999999999999999), 682: (0.3616135788202861, 0.6000000000000001), 297: (0.3531453532994435, 0.8)}","{'noise': 0.3582851696037144, 'amp': 0.5714172545679208, 'ls': 1.2095008632875088}","[(0.3999999999999999, 0.3999999999999999)]",[]
