impression,user_id,app_version,model_version,mturk_id,status,NUM_INITIAL_RATINGS,NUM_REFINE_RATINGS,TOTAL_TRAINING_RATINGS,NUM_TEST_RATINGS,TIME_INITIAL,TIME_REFINE,TIME_TEST,random_test_predictions_ratings,good_test_predictions_ratings,hypers,redisplay_check,arbitrary_check
0,d24d5bc7-324b-4371-bed2-fab52216c900,5.1.2-aggregated-ar-dresses10,2.0,A3HX18G4XV5PK,Completed,1,50,51,15,7.9238362312316895,155.0815658569336,36.078452587127686,"{711: (-0.08295049000967059, -0.19999999999999996), 756: (0.3208370927951189, 0.3999999999999999), 558: (0.13034125841203886, 0.0), 770: (0.17993610796218307, 0.6000000000000001), 468: (0.30204970681544985, -0.8), 439: (-0.20337370960533177, 0.3999999999999999), 4: (-0.03817898346701011, 0.6000000000000001), 496: (0.03132503833163797, 0.6000000000000001), 187: (-0.004288981261006146, -0.6), 406: (-0.17493361683845013, 0.19999999999999996)}","{263: (0.5304626382441768, 0.6000000000000001), 585: (0.4773206646654131, 0.8), 303: (0.4719039759413544, 0.8), 296: (0.4531317202431924, 0.0), 266: (0.438781661019139, 0.8)}","{'noise': 0.3582851696037144, 'amp': 0.5714172545679208, 'ls': 1.2095008632875088}","[(0.8, 0.6000000000000001)]",[]
