impression,user_id,app_version,model_version,mturk_id,status,NUM_INITIAL_RATINGS,NUM_REFINE_RATINGS,TOTAL_TRAINING_RATINGS,NUM_TEST_RATINGS,TIME_INITIAL,TIME_REFINE,TIME_TEST,random_test_predictions_ratings,good_test_predictions_ratings,hypers,redisplay_check,arbitrary_check
0,d4ecaa64-618c-4c7e-b6f8-f61424d757e2,5.1.2-aggregated-ar-dresses10,2.0,a38nyf6r4gur94,Completed,1,20,21,15,7.1865739822387695,1185.4375019073486,494.07072281837463,"{603: (-0.46250799030027706, 0.19999999999999996), 671: (-0.3601014774886251, -0.4), 289: (0.05767400528752453, -0.4), 636: (0.07198375907938492, 0.19999999999999996), 458: (-0.29263754930254904, -0.19999999999999996), 410: (-0.34912340312388507, -0.19999999999999996), 128: (-0.10070709608014206, 0.0), 715: (-0.1062627240679847, -0.4), 723: (-0.39510898936370875, 0.0), 649: (-0.3119691515899624, 0.19999999999999996)}","{12: (0.27538047501978274, 0.19999999999999996), 355: (0.21524414841666553, 0.19999999999999996), 214: (0.19305515734519885, 0.19999999999999996), 165: (0.1870068817228532, 0.3999999999999999), 272: (0.18683590327728097, 0.19999999999999996)}","{'noise': 0.3582851696037144, 'amp': 0.5714172545679208, 'ls': 1.2095008632875088}","[(-0.19999999999999996, -0.4)]",[]
