impression,user_id,app_version,model_version,mturk_id,status,NUM_INITIAL_RATINGS,NUM_REFINE_RATINGS,TOTAL_TRAINING_RATINGS,NUM_TEST_RATINGS,TIME_INITIAL,TIME_REFINE,TIME_TEST,random_test_predictions_ratings,good_test_predictions_ratings,hypers,redisplay_check,arbitrary_check
0,d513aabf-7939-45ab-81eb-c5b3bd86c01c,5.1.2-aggregated-ar-dresses10,2.0,A3UJSDFJ9LBQ6Z,Completed,1,20,21,15,21.85172700881958,164.44200205802917,137.97165274620056,"{615: (-0.13845229020718344, -1.0), 315: (-0.1032746115770751, -0.19999999999999996), 322: (-0.09429448062144632, -0.6), 468: (-0.3295160414487706, -0.6), 745: (-0.4356663008089095, 0.3999999999999999), 261: (-0.4081507781237512, -0.6), 207: (-0.4311052009420949, 0.3999999999999999), 669: (-0.11406423863054496, -0.4), 180: (-0.349490712966868, 0.3999999999999999), 791: (-0.0717921219099586, 0.19999999999999996)}","{360: (0.25125033413248343, -0.4), 352: (0.2346234118053372, 0.3999999999999999), 522: (0.23412068388912805, 0.3999999999999999), 62: (0.22402269996002508, 0.19999999999999996), 734: (0.21147364514186356, 0.19999999999999996)}","{'noise': 0.3582851696037144, 'amp': 0.5714172545679208, 'ls': 1.2095008632875088}","[(-0.19999999999999996, 0.19999999999999996)]",[]
