impression,user_id,app_version,model_version,mturk_id,status,NUM_INITIAL_RATINGS,NUM_REFINE_RATINGS,TOTAL_TRAINING_RATINGS,NUM_TEST_RATINGS,TIME_INITIAL,TIME_REFINE,TIME_TEST,random_test_predictions_ratings,good_test_predictions_ratings,hypers,redisplay_check,arbitrary_check
0,d6a0454e-6d37-463b-b4b7-1c5a2b3feca5,5.1.2-aggregated-ar-dresses10,2.0,AKZUP3VY594E8,Completed,1,20,21,15,4.850562810897827,58.968138456344604,41.92711353302002,"{237: (-0.02699667009206456, -0.19999999999999996), 188: (0.010954559501894638, -0.6), 129: (-0.0968785450059229, -0.19999999999999996), 514: (0.08799566379976548, -0.19999999999999996), 431: (0.01941708560006826, 0.19999999999999996), 168: (-0.049890804606951555, -0.19999999999999996), 560: (0.09891659056888709, -0.4), 670: (0.2685826392528836, 0.6000000000000001), 3: (0.0579148077582773, 0.19999999999999996), 558: (-0.09873860558572453, -0.4)}","{174: (0.3864632250182921, 0.3999999999999999), 748: (0.37486303081754635, 0.0), 721: (0.36443541718542694, 0.3999999999999999), 596: (0.3621786866070551, 0.3999999999999999), 538: (0.3409870271501687, 0.19999999999999996)}","{'noise': 0.3582851696037144, 'amp': 0.5714172545679208, 'ls': 1.2095008632875088}","[(-0.19999999999999996, 0.0)]",[]
