impression,user_id,app_version,model_version,mturk_id,status,NUM_INITIAL_RATINGS,NUM_REFINE_RATINGS,TOTAL_TRAINING_RATINGS,NUM_TEST_RATINGS,TIME_INITIAL,TIME_REFINE,TIME_TEST,random_test_predictions_ratings,good_test_predictions_ratings,hypers,redisplay_check,arbitrary_check
0,dae2d6e8-4b63-4697-a89f-fe0fe99afbd6,5.1.2-aggregated-ar-dresses10,2.0,A3G26URKI59VF5,Completed,1,20,21,15,11.4621901512146,121.76288390159607,78.12806248664856,"{75: (0.008950245625958104, 0.0), 156: (-0.0770403104917439, 0.3999999999999999), 124: (-0.04135617675554544, -0.4), 46: (0.2766615021929622, -0.6), 277: (-0.4230058088734959, 0.19999999999999996), 72: (-0.16972671297542533, 0.3999999999999999), 803: (-0.19384976928827105, 0.19999999999999996), 131: (-0.2932834399356879, -0.5), 648: (-0.12982105522728987, 0.19999999999999996), 671: (-0.18083358122315277, -0.19999999999999996)}","{73: (0.610861734827481, -0.6), 374: (0.6070814034369665, 0.8), 440: (0.5870667221278194, 0.3999999999999999), 754: (0.5856436854774721, 0.5), 388: (0.5809273412266746, -0.4)}","{'noise': 0.3582851696037144, 'amp': 0.5714172545679208, 'ls': 1.2095008632875088}","[(0.7, 0.8)]",[]
