impression,user_id,app_version,model_version,mturk_id,status,NUM_INITIAL_RATINGS,NUM_REFINE_RATINGS,TOTAL_TRAINING_RATINGS,NUM_TEST_RATINGS,TIME_INITIAL,TIME_REFINE,TIME_TEST,random_test_predictions_ratings,good_test_predictions_ratings,hypers,redisplay_check,arbitrary_check
0,dd2e4160-9c2a-4c2a-9a75-6b4ee76e6e9e,5.1.2-aggregated-ar-dresses10,2.0,A1H469VSFUZCPB,Completed,1,40,41,15,5.316361665725708,145.3729386329651,55.90428590774536,"{434: (-0.7771330512470325, -0.8), 373: (-0.8355281402923834, -0.8), 202: (-0.21020328359116044, 0.0), 747: (-0.4795621359584167, -0.4), 238: (-0.30226010637354755, -0.4), 290: (0.0315191661232906, 0.0), 515: (-0.528199508650242, -0.8), 85: (-0.6659492800052802, -0.8), 385: (-0.8908434997162835, -0.8), 0: (-0.6864358422044933, -0.8)}","{355: (0.1765672456156952, 0.6000000000000001), 320: (0.14036230709022168, 0.6000000000000001), 558: (0.12838707663786883, 0.3999999999999999), 192: (0.11127279439297265, 0.0), 165: (0.1060712497959802, 0.6000000000000001)}","{'noise': 0.3582851696037144, 'amp': 0.5714172545679208, 'ls': 1.2095008632875088}","[(-0.8, -0.4)]",[]
