impression,user_id,app_version,model_version,mturk_id,status,NUM_INITIAL_RATINGS,NUM_REFINE_RATINGS,TOTAL_TRAINING_RATINGS,NUM_TEST_RATINGS,TIME_INITIAL,TIME_REFINE,TIME_TEST,random_test_predictions_ratings,good_test_predictions_ratings,hypers,redisplay_check,arbitrary_check
0,de332d63-7dce-44be-816a-59fbb85e9585,5.1.2-aggregated-ar-dresses10,2.0,A3HVFSD8K94SOR,Completed,1,50,51,15,12.498762369155884,367.8451244831085,109.22917056083679,"{201: (-0.05936066241029099, -0.4), 662: (0.07611397075950571, -0.19999999999999996), 227: (-0.032829529692467226, -0.19999999999999996), 620: (0.0955258179761917, -0.19999999999999996), 286: (-0.07675939049234903, -0.19999999999999996), 119: (-0.07973177508564741, -0.4), 513: (-0.08693866714585728, -0.19999999999999996), 240: (0.016480449281141778, -0.4), 158: (0.18931865898634762, 0.19999999999999996), 194: (0.019587194532635133, -0.4)}","{800: (0.2585534629918981, 0.3999999999999999), 635: (0.25472524796330837, 0.19999999999999996), 306: (0.24781845961708704, 0.0), 386: (0.24742742410034488, 0.0), 46: (0.2456735888365856, 0.19999999999999996)}","{'noise': 0.3582851696037144, 'amp': 0.5714172545679208, 'ls': 1.2095008632875088}","[(-0.4, -0.19999999999999996)]",[]
