impression,user_id,app_version,model_version,mturk_id,status,NUM_INITIAL_RATINGS,NUM_REFINE_RATINGS,TOTAL_TRAINING_RATINGS,NUM_TEST_RATINGS,TIME_INITIAL,TIME_REFINE,TIME_TEST,random_test_predictions_ratings,good_test_predictions_ratings,hypers,redisplay_check,arbitrary_check
0,e1f57e99-852f-4f23-abe2-532b9966dae4,5.1.2-aggregated-ar-dresses10,2.0,A3BGS0IMGLM6X0,Completed,1,40,41,15,23.623966217041016,230.69493460655212,114.83206915855408,"{209: (0.6982504186150577, 0.7), 275: (0.662848219474895, 0.8999999999999999), 286: (0.7388366558179147, 0.6000000000000001), 351: (0.7684076718979942, 0.6000000000000001), 28: (0.7744417521210106, 0.6000000000000001), 227: (0.6546900960549963, 0.8), 173: (0.7604114239196583, 0.6000000000000001), 316: (0.7229043398681618, 0.8), 287: (0.7430532470502745, 0.8), 24: (0.694783106961304, 0.6000000000000001)}","{526: (0.8028258203853679, 0.8), 478: (0.7929719899584187, 1.0), 399: (0.7924969988613766, 0.8999999999999999), 0: (0.7897152109706698, 0.8), 501: (0.789133583473399, 0.6000000000000001)}","{'noise': 0.3582851696037144, 'amp': 0.5714172545679208, 'ls': 1.2095008632875088}","[(0.3999999999999999, 0.6000000000000001)]",[]
