impression,user_id,app_version,model_version,mturk_id,status,NUM_INITIAL_RATINGS,NUM_REFINE_RATINGS,TOTAL_TRAINING_RATINGS,NUM_TEST_RATINGS,TIME_INITIAL,TIME_REFINE,TIME_TEST,random_test_predictions_ratings,good_test_predictions_ratings,hypers,redisplay_check,arbitrary_check
0,e4681239-ba1c-4638-84a3-94a12ec5452a,5.1.2-aggregated-ar-dresses10,2.0,A2WJMGV0HKQG3Z,Completed,1,40,41,15,12.0023934841156,199.0344750881195,100.88779640197754,"{94: (-0.23792343694873547, 0.3999999999999999), 789: (-0.055579796305219475, 0.8), 723: (-0.01462822148703329, -0.4), 63: (-0.47067000841742157, -0.6), 580: (0.12412413328357091, 0.8), 476: (-0.4483278909644613, -0.8), 275: (-0.1272487615654695, 0.19999999999999996), 64: (0.38622960185955496, 0.8), 806: (-0.12651421272263214, -0.8), 548: (-0.23468576269333977, -0.8)}","{73: (0.654604131889224, -0.4), 324: (0.6014011630037872, 1.0), 129: (0.6012741476467732, 0.0), 698: (0.6003974967120836, 0.0), 115: (0.5998516164669957, 0.19999999999999996)}","{'noise': 0.3582851696037144, 'amp': 0.5714172545679208, 'ls': 1.2095008632875088}","[(-0.19999999999999996, -0.8)]",[]
