impression,user_id,app_version,model_version,mturk_id,status,NUM_INITIAL_RATINGS,NUM_REFINE_RATINGS,TOTAL_TRAINING_RATINGS,NUM_TEST_RATINGS,TIME_INITIAL,TIME_REFINE,TIME_TEST,random_test_predictions_ratings,good_test_predictions_ratings,hypers,redisplay_check,arbitrary_check
0,e5ab7afc-6b52-4e6e-a8f8-a6c1c39e8b84,5.1.2-aggregated-ar-dresses10,2.0,ANX6Q4NMZL8EI,Completed,1,20,21,15,8.141796827316284,139.37936758995056,143.75908374786377,"{45: (-0.12849836833141387, 0.3999999999999999), 199: (0.2331009642969459, 0.3999999999999999), 263: (0.17894260360444553, 0.19999999999999996), 515: (0.024960159416965808, -0.8), 365: (-0.10385582669726548, 0.0), 708: (0.34946000758521906, 1.0), 246: (-0.08173837274102654, -0.4), 723: (-0.0942667751151913, 0.8), 727: (-0.11604367108025282, 0.8), 422: (-0.30375649086261736, -0.19999999999999996)}","{444: (0.451214651699518, 0.3999999999999999), 280: (0.4479236175933572, 0.6000000000000001), 96: (0.4366627881945947, 0.19999999999999996), 115: (0.41074609053638467, 0.6000000000000001), 392: (0.4068999653146167, 1.0)}","{'noise': 0.3582851696037144, 'amp': 0.5714172545679208, 'ls': 1.2095008632875088}","[(-0.19999999999999996, 0.0)]",[]
