impression,user_id,app_version,model_version,mturk_id,status,NUM_INITIAL_RATINGS,NUM_REFINE_RATINGS,TOTAL_TRAINING_RATINGS,NUM_TEST_RATINGS,TIME_INITIAL,TIME_REFINE,TIME_TEST,random_test_predictions_ratings,good_test_predictions_ratings,hypers,redisplay_check,arbitrary_check
0,e7673695-c56b-431b-9f5e-a53e5b4c0862,5.1.2-aggregated-ar-dresses10,2.0,A38KU4MKJZ7V4Q,Completed,1,20,21,15,6.559877634048462,80.5490517616272,104.92396450042725,"{77: (0.4931658041267826, 0.6000000000000001), 255: (-0.1981545871338143, 0.3999999999999999), 328: (-0.36051450588115314, 0.8999999999999999), 459: (-0.29856347586405624, -0.8), 250: (0.11427964961135628, -0.8), 305: (-0.42342273910091277, -0.19999999999999996), 599: (0.06539230061704142, -0.6), 402: (-0.19308097451193035, 0.19999999999999996), 123: (0.1582747812612305, 1.0), 424: (0.1345262757555057, -0.6)}","{522: (0.6924643327121953, 0.8), 779: (0.6690490807143372, 0.8999999999999999), 810: (0.6639311888212294, 0.0), 546: (0.6637899091958084, 1.0), 631: (0.6574300272106745, 0.6000000000000001)}","{'noise': 0.3582851696037144, 'amp': 0.5714172545679208, 'ls': 1.2095008632875088}","[(1.0, 1.0)]",[]
