impression,user_id,app_version,model_version,mturk_id,status,NUM_INITIAL_RATINGS,NUM_REFINE_RATINGS,TOTAL_TRAINING_RATINGS,NUM_TEST_RATINGS,TIME_INITIAL,TIME_REFINE,TIME_TEST,random_test_predictions_ratings,good_test_predictions_ratings,hypers,redisplay_check,arbitrary_check
0,e8c28122-ca2b-4153-ae8a-8c0952d6be4d,5.1.2-aggregated-ar-dresses10,2.0,A3G7QQTQIKYI2O,Completed,1,40,41,15,13.96686863899231,332.3071355819702,217.35248446464539,"{198: (-0.07545074321222583, -0.6), 19: (0.06904395719693224, 0.6000000000000001), 729: (-0.07238888171082018, 0.0), 408: (0.045282050829073855, -0.19999999999999996), 386: (0.02622329670880641, -0.19999999999999996), 610: (0.018329688040575026, -0.19999999999999996), 435: (-0.11297025669913079, -0.19999999999999996), 377: (-0.16143960663640594, 0.0), 71: (-0.09427791938614319, -0.6), 804: (0.12093334543166223, 0.0)}","{119: (0.25355735653687944, 0.0), 157: (0.2422558678996683, -0.6), 21: (0.21336705698038724, 0.3999999999999999), 504: (0.21294711959060403, -0.6), 14: (0.2043073597094674, 0.3999999999999999)}","{'noise': 0.3582851696037144, 'amp': 0.5714172545679208, 'ls': 1.2095008632875088}","[(-0.19999999999999996, -0.6)]",[]
