impression,user_id,app_version,model_version,mturk_id,status,NUM_INITIAL_RATINGS,NUM_REFINE_RATINGS,TOTAL_TRAINING_RATINGS,NUM_TEST_RATINGS,TIME_INITIAL,TIME_REFINE,TIME_TEST,random_test_predictions_ratings,good_test_predictions_ratings,hypers,redisplay_check,arbitrary_check
0,e8cdc5de-444c-4cee-aca5-dbdd9c051871,5.1.2-aggregated-ar-dresses10,2.0,A1IIUECI2HNG55,Completed,1,40,41,15,9.40933871269226,206.23889708518982,73.57516264915466,"{539: (-0.08172783149387984, 0.19999999999999996), 766: (-0.1845133270159285, -0.6), 335: (0.09423105018936025, -0.6), 171: (-0.034960032959133816, 0.0), 141: (0.08882726758538113, 0.19999999999999996), 7: (0.15205230976272052, -0.19999999999999996), 590: (-0.1104303469475715, 0.19999999999999996), 498: (0.08910492924466196, -0.6), 764: (-0.04219794064018275, 0.0), 172: (-0.15989177337612817, -0.19999999999999996)}","{313: (0.23206102229137543, 0.0), 27: (0.2229467111788979, 0.19999999999999996), 78: (0.22151050519408202, 0.8), 663: (0.21527666895048125, 0.6000000000000001), 403: (0.2106395959777802, 0.19999999999999996)}","{'noise': 0.3582851696037144, 'amp': 0.5714172545679208, 'ls': 1.2095008632875088}","[(0.19999999999999996, 0.19999999999999996)]",[]
