impression,user_id,app_version,model_version,mturk_id,status,NUM_INITIAL_RATINGS,NUM_REFINE_RATINGS,TOTAL_TRAINING_RATINGS,NUM_TEST_RATINGS,TIME_INITIAL,TIME_REFINE,TIME_TEST,random_test_predictions_ratings,good_test_predictions_ratings,hypers,redisplay_check,arbitrary_check
0,e92e215d-22a2-4120-b26a-17180f9921bd,5.1.2-aggregated-ar-dresses10,2.0,A2KSGTQ086KY3,Completed,1,40,41,15,10.266357183456421,213.9187216758728,70.1105842590332,"{364: (-0.446538450331275, -1.0), 285: (-0.3494371097365963, -0.4), 267: (0.3923538990869322, 0.6000000000000001), 686: (-0.7197814338282936, -1.0), 611: (-0.6764093085072616, -1.0), 654: (0.28317813395241775, -1.0), 762: (-0.1843318837977343, -0.19999999999999996), 419: (-0.2887845657471115, -1.0), 425: (-0.17087613056925574, 1.0), 563: (-0.18843355683492244, 0.0)}","{73: (0.492701151908177, 0.3999999999999999), 605: (0.46104126813357726, 0.6000000000000001), 12: (0.46050216961945367, 1.0), 324: (0.4075405721602088, 0.6000000000000001), 461: (0.4050384316791904, 0.8)}","{'noise': 0.3582851696037144, 'amp': 0.5714172545679208, 'ls': 1.2095008632875088}","[(0.8, 0.6000000000000001)]",[]
