impression,user_id,app_version,model_version,mturk_id,status,NUM_INITIAL_RATINGS,NUM_REFINE_RATINGS,TOTAL_TRAINING_RATINGS,NUM_TEST_RATINGS,TIME_INITIAL,TIME_REFINE,TIME_TEST,random_test_predictions_ratings,good_test_predictions_ratings,hypers,redisplay_check,arbitrary_check
0,ea59ad0a-dac7-4377-beb1-02cce62f07df,5.1.2-aggregated-ar-dresses10,2.0,A17C8CUROFU495,Completed,1,20,21,15,10.977929592132568,137.42365169525146,132.60433959960938,"{768: (0.15229653284674727, 0.6000000000000001), 279: (0.29158928244338894, 0.6000000000000001), 109: (0.15814562370023236, 0.19999999999999996), 39: (0.14478128335720444, 0.3999999999999999), 256: (0.039307009894615955, 0.19999999999999996), 50: (0.17236144176184123, 0.19999999999999996), 427: (0.1290884245238458, 0.3999999999999999), 23: (0.31983360681453654, 0.19999999999999996), 297: (0.14654975723525876, 0.19999999999999996), 543: (0.26928518571697424, 0.6000000000000001)}","{103: (0.3894829666738728, 0.6000000000000001), 637: (0.3840493442825191, 0.0), 760: (0.3756755023756908, 0.3999999999999999), 141: (0.37268111133935783, 0.3999999999999999), 522: (0.372406842052447, 0.19999999999999996)}","{'noise': 0.3582851696037144, 'amp': 0.5714172545679208, 'ls': 1.2095008632875088}","[(0.6000000000000001, 0.6000000000000001)]",[]
