impression,user_id,app_version,model_version,mturk_id,status,NUM_INITIAL_RATINGS,NUM_REFINE_RATINGS,TOTAL_TRAINING_RATINGS,NUM_TEST_RATINGS,TIME_INITIAL,TIME_REFINE,TIME_TEST,random_test_predictions_ratings,good_test_predictions_ratings,hypers,redisplay_check,arbitrary_check
0,ee43ed2c-4aee-4b34-b8fb-b76592758560,5.1.2-aggregated-ar-dresses10,2.0,AJQ71YIGY01HZ,Completed,1,20,21,15,7.940573692321777,49.87744903564453,43.9433114528656,"{713: (-0.18124060482668652, -0.19999999999999996), 795: (-0.29387626941072637, -0.4), 8: (-0.3314987257176632, -0.6), 349: (-0.2367091781411163, 0.19999999999999996), 560: (-0.35720510554345364, -0.6), 215: (-0.30254192503823707, -0.19999999999999996), 54: (-0.318104933940876, -0.6), 599: (-0.32712529209939994, -0.19999999999999996), 670: (-0.15279886410741217, 0.6000000000000001), 459: (-0.2750807672600606, -0.6)}","{290: (0.025110061208316565, 0.6000000000000001), 263: (0.01471263052237455, 0.0), 358: (0.011501687856637025, 0.8), 811: (0.0057456155416972, 1.0), 626: (-0.0038069160360160725, 0.0)}","{'noise': 0.3582851696037144, 'amp': 0.5714172545679208, 'ls': 1.2095008632875088}","[(-0.8, -0.19999999999999996)]",[]
