impression,user_id,app_version,model_version,mturk_id,status,NUM_INITIAL_RATINGS,NUM_REFINE_RATINGS,TOTAL_TRAINING_RATINGS,NUM_TEST_RATINGS,TIME_INITIAL,TIME_REFINE,TIME_TEST,random_test_predictions_ratings,good_test_predictions_ratings,hypers,redisplay_check,arbitrary_check
0,eec36017-54e2-45f0-9f5a-bbce25226ae0,5.1.2-aggregated-ar-dresses10,2.0,A3TZSQ79JL46JN,Completed,1,40,41,15,12.612012147903442,183.95373463630676,59.50523066520691,"{398: (0.7134618426410332, 0.7), 12: (0.332855818844494, 0.6000000000000001), 708: (0.5267453750212682, -0.19999999999999996), 214: (0.3162990796821684, -0.19999999999999996), 483: (0.6047458391389323, 0.3999999999999999), 19: (0.4478468893402734, 0.5), 376: (0.12256251876004086, 0.0), 69: (0.2018144518533586, 0.7), 778: (0.4698012708862423, 0.30000000000000004), 804: (0.21368537100186158, -0.19999999999999996)}","{663: (0.824257818215089, 0.6000000000000001), 811: (0.8150321219954874, 0.6000000000000001), 504: (0.7615066971883344, 0.7), 27: (0.7565721447022569, 0.3999999999999999), 290: (0.7546548666723495, 0.6000000000000001)}","{'noise': 0.3582851696037144, 'amp': 0.5714172545679208, 'ls': 1.2095008632875088}","[(0.0, 0.5)]",[]
