impression,user_id,app_version,model_version,mturk_id,status,NUM_INITIAL_RATINGS,NUM_REFINE_RATINGS,TOTAL_TRAINING_RATINGS,NUM_TEST_RATINGS,TIME_INITIAL,TIME_REFINE,TIME_TEST,random_test_predictions_ratings,good_test_predictions_ratings,hypers,redisplay_check,arbitrary_check
0,eeec3193-a683-4830-b4bd-0b5f3a228d1c,5.1.2-aggregated-ar-dresses10,2.0,A2BUHMLNE3LUU0,Completed,1,40,41,15,23.369791507720947,422.2771837711334,95.41707158088684,"{200: (-0.2910602463475499, -0.4), 184: (-0.3307958813613689, 0.3999999999999999), 666: (0.14464863857661273, 0.6000000000000001), 65: (-0.1398656147735157, -0.4), 141: (-0.06454456553307635, -0.19999999999999996), 276: (0.26220664459978144, 0.6000000000000001), 630: (0.0011078163806376292, 0.6000000000000001), 88: (0.02749629775101437, -0.4), 61: (0.35659286054668915, 0.3999999999999999), 469: (0.12314866593144554, -0.4)}","{455: (0.5494582127107033, 0.6000000000000001), 323: (0.525657993922236, 0.6000000000000001), 14: (0.5243901714574735, 0.6000000000000001), 87: (0.5171141740963178, 0.6000000000000001), 381: (0.5117909727540689, 0.3999999999999999)}","{'noise': 0.3582851696037144, 'amp': 0.5714172545679208, 'ls': 1.2095008632875088}","[(0.6000000000000001, 0.6000000000000001)]",[]
