impression,user_id,app_version,model_version,mturk_id,status,NUM_INITIAL_RATINGS,NUM_REFINE_RATINGS,TOTAL_TRAINING_RATINGS,NUM_TEST_RATINGS,TIME_INITIAL,TIME_REFINE,TIME_TEST,random_test_predictions_ratings,good_test_predictions_ratings,hypers,redisplay_check,arbitrary_check
0,ef47102c-e4cc-45a3-a155-1a34f66a8024,5.1.2-aggregated-ar-dresses10,2.0,AT4S5FAHC5R0D,Completed,1,50,51,15,13.361720561981201,249.24842500686646,61.49876379966736,"{646: (-0.6999783426915804, 1.0), 502: (-0.7938744560015862, -0.8), 169: (-0.7419639174791992, -0.8), 522: (-0.7628178679190099, -0.8), 584: (-0.8316650363068648, -0.8), 146: (-0.6541996091485089, -0.8), 224: (-0.6561079692027879, -0.8), 751: (-0.7865568685993989, -0.8), 154: (-0.7844412493832016, -0.8), 192: (-0.7257204089986095, -0.8)}","{762: (-0.45655710381534953, -0.8), 406: (-0.4971068320867259, -0.8), 723: (-0.4979127810315091, -0.8), 739: (-0.4986544754956424, -0.8), 139: (-0.5021354610643392, -0.8)}","{'noise': 0.3582851696037144, 'amp': 0.5714172545679208, 'ls': 1.2095008632875088}","[(-0.8, -0.8)]",[]
