impression,user_id,app_version,model_version,mturk_id,status,NUM_INITIAL_RATINGS,NUM_REFINE_RATINGS,TOTAL_TRAINING_RATINGS,NUM_TEST_RATINGS,TIME_INITIAL,TIME_REFINE,TIME_TEST,random_test_predictions_ratings,good_test_predictions_ratings,hypers,redisplay_check,arbitrary_check
0,f08d58df-0727-4e1e-8b38-39bf9db5c470,5.1.2-aggregated-ar-dresses10,2.0,A1QNL48UHRAL6T,Completed,1,50,51,15,7.760275602340698,269.9707467556,89.48511099815369,"{385: (-0.3970668637879139, -0.19999999999999996), 776: (-0.36486619930420455, -0.8), 260: (0.0018313504926473073, 0.3999999999999999), 547: (-0.18854085352086147, 0.0), 320: (-0.019070601882960257, 0.3999999999999999), 539: (-0.1538558648277597, 0.6000000000000001), 261: (-0.07663181577944922, 0.19999999999999996), 533: (-0.020953605581300272, 0.6000000000000001), 1: (0.20624628650903135, 0.19999999999999996), 249: (-0.07290215256170465, 0.3999999999999999)}","{398: (0.25427543171542827, 0.3999999999999999), 542: (0.24633042753004863, 0.7), 769: (0.23277261340783956, 0.3999999999999999), 713: (0.22347610924292072, 0.3999999999999999), 597: (0.22145086782384843, 0.3999999999999999)}","{'noise': 0.3582851696037144, 'amp': 0.5714172545679208, 'ls': 1.2095008632875088}","[(0.3999999999999999, 0.3999999999999999)]",[]
