impression,user_id,app_version,model_version,mturk_id,status,NUM_INITIAL_RATINGS,NUM_REFINE_RATINGS,TOTAL_TRAINING_RATINGS,NUM_TEST_RATINGS,TIME_INITIAL,TIME_REFINE,TIME_TEST,random_test_predictions_ratings,good_test_predictions_ratings,hypers,redisplay_check,arbitrary_check
0,f0d74a55-646f-4cff-a441-162f8d456ec2,5.1.2-aggregated-ar-dresses10,2.0,A1XM0SQUNC4EFH,Completed,1,20,21,15,11.776171445846558,165.42785739898682,117.85339736938477,"{563: (-0.2435790114311522, -0.4), 443: (-0.17176225335603623, 0.3999999999999999), 661: (0.061513462406021485, 0.19999999999999996), 89: (-0.20979095839841025, -0.19999999999999996), 379: (-0.038672729680689855, 0.3999999999999999), 518: (-0.5366686270970016, -0.8), 404: (-0.09157511207649538, 0.19999999999999996), 224: (-0.21285406841501642, -0.6), 124: (-0.402427318043208, -0.6), 615: (-0.4055594328701478, -0.4)}","{108: (0.36116287599960994, 0.6000000000000001), 263: (0.36079282727324213, 0.3999999999999999), 578: (0.35267425020395193, 0.6000000000000001), 472: (0.3449680992670051, 0.3999999999999999), 425: (0.34092242716236315, 0.8)}","{'noise': 0.3582851696037144, 'amp': 0.5714172545679208, 'ls': 1.2095008632875088}","[(0.19999999999999996, 0.3999999999999999)]",[]
