impression,user_id,app_version,model_version,mturk_id,status,NUM_INITIAL_RATINGS,NUM_REFINE_RATINGS,TOTAL_TRAINING_RATINGS,NUM_TEST_RATINGS,TIME_INITIAL,TIME_REFINE,TIME_TEST,random_test_predictions_ratings,good_test_predictions_ratings,hypers,redisplay_check,arbitrary_check
0,f11aaf8c-0225-43dd-9521-d185058da636,5.1.2-aggregated-ar-dresses10,2.0,A3A9LRD8JQUP7D,Completed,1,30,31,15,30.526735067367554,339.1910810470581,225.78961873054504,"{486: (0.4501100264885046, 0.0), 33: (0.45582894481058045, 0.19999999999999996), 309: (0.1804700955650347, -0.19999999999999996), 650: (0.257476639209671, 0.3999999999999999), 362: (0.40054007844679484, 0.3999999999999999), 472: (0.32696658444373256, 0.6000000000000001), 510: (0.4888038114610879, 0.8), 689: (0.1823669211494623, -0.19999999999999996), 207: (0.49413111729126014, 0.3999999999999999), 502: (0.3505687308960825, 0.19999999999999996)}","{624: (0.5545077473156519, 0.8), 746: (0.5504940056546317, 0.8), 64: (0.5502927548558555, 0.6000000000000001), 605: (0.5460729424399542, 0.6000000000000001), 266: (0.5439032469166278, 0.8)}","{'noise': 0.3582851696037144, 'amp': 0.5714172545679208, 'ls': 1.2095008632875088}","[(0.8, 0.8)]",[]
