impression,user_id,app_version,model_version,mturk_id,status,NUM_INITIAL_RATINGS,NUM_REFINE_RATINGS,TOTAL_TRAINING_RATINGS,NUM_TEST_RATINGS,TIME_INITIAL,TIME_REFINE,TIME_TEST,random_test_predictions_ratings,good_test_predictions_ratings,hypers,redisplay_check,arbitrary_check
0,f215d304-3fcd-4958-88ed-f92fc2ace9ea,5.1.2-aggregated-ar-dresses10,2.0,AWKE6RGEUSYZX,Completed,1,30,31,15,21.54034161567688,336.6346311569214,159.8467092514038,"{452: (-0.1826093191928781, -0.4), 209: (-0.06854151204265552, -0.15999999999999992), 34: (-0.11459706617613119, -0.38), 31: (-0.29875727092601323, -0.09999999999999998), 222: (0.23090589973321002, 0.5), 267: (-0.03494869982368644, 0.8), 149: (0.024970688520597785, 0.15999999999999992), 695: (0.13545412952903146, 0.30000000000000004), 425: (0.23236985032928553, 0.8), 785: (0.19985772886528047, -0.019999999999999907)}","{651: (0.4902660426627694, 1.0), 227: (0.41293862086999966, 0.30000000000000004), 582: (0.40291685097028845, 0.6000000000000001), 403: (0.40198315708346816, 0.7600000000000002), 760: (0.3899804546387055, 0.5)}","{'noise': 0.3582851696037144, 'amp': 0.5714172545679208, 'ls': 1.2095008632875088}","[(0.7, 0.8)]",[]
