impression,user_id,app_version,model_version,mturk_id,status,NUM_INITIAL_RATINGS,NUM_REFINE_RATINGS,TOTAL_TRAINING_RATINGS,NUM_TEST_RATINGS,TIME_INITIAL,TIME_REFINE,TIME_TEST,random_test_predictions_ratings,good_test_predictions_ratings,hypers,redisplay_check,arbitrary_check
0,f248155c-bd4e-4ae7-a1d5-198991a20a59,5.1.2-aggregated-ar-dresses10,2.0,A1IOE79K3G3VQD,Completed,1,30,31,15,9.008371591567993,125.03084087371826,50.06605362892151,"{500: (0.8579916288606048, 0.8), 590: (0.3358372378211387, 0.0), 594: (0.5187553395936266, -0.4), 764: (0.3478567064934005, 0.8), 697: (0.5197889071778714, 0.8), 322: (0.5377093495921942, 0.8), 24: (0.40722780644007583, 0.0), 426: (0.45341515053693693, 0.0), 126: (0.5712084628039613, 0.3999999999999999), 388: (0.13139737405483862, 0.19999999999999996)}","{49: (0.9201219355358541, 0.8), 495: (0.8996966600420664, -0.19999999999999996), 554: (0.8857023052803459, 0.3999999999999999), 244: (0.8720704258900904, 0.8), 675: (0.864577614623428, 0.3999999999999999)}","{'noise': 0.3582851696037144, 'amp': 0.5714172545679208, 'ls': 1.2095008632875088}","[(0.8, 0.3999999999999999)]",[]
