impression,user_id,app_version,model_version,mturk_id,status,NUM_INITIAL_RATINGS,NUM_REFINE_RATINGS,TOTAL_TRAINING_RATINGS,NUM_TEST_RATINGS,TIME_INITIAL,TIME_REFINE,TIME_TEST,random_test_predictions_ratings,good_test_predictions_ratings,hypers,redisplay_check,arbitrary_check
0,f2939909-3599-497d-9dca-0bd829b2b272,5.1.2-aggregated-ar-dresses10,2.0,A2KJJOAH2Z1D6X,Completed,1,40,41,15,26.298473834991455,190.6627128124237,58.60548686981201,"{422: (-0.22977753948268662, -0.4), 505: (-0.30284393060004733, -0.6), 431: (-0.31761634133234884, 0.19999999999999996), 136: (0.28217393617417025, 0.3999999999999999), 195: (-0.2600798808190082, -0.6), 266: (0.3406796567643818, 0.6000000000000001), 418: (0.09448439081366779, -0.19999999999999996), 24: (-0.18342791025409994, -0.6), 115: (0.09420454341048681, -0.19999999999999996), 597: (0.40005967127830744, 0.8)}","{290: (0.5612301362299265, 0.6000000000000001), 336: (0.440356699656921, 0.3999999999999999), 435: (0.4342554989409086, 0.19999999999999996), 12: (0.40931039547409087, 0.3999999999999999), 137: (0.40673376272942185, 0.3999999999999999)}","{'noise': 0.3582851696037144, 'amp': 0.5714172545679208, 'ls': 1.2095008632875088}","[(-0.6, -0.19999999999999996)]",[]
