impression,user_id,app_version,model_version,mturk_id,status,NUM_INITIAL_RATINGS,NUM_REFINE_RATINGS,TOTAL_TRAINING_RATINGS,NUM_TEST_RATINGS,TIME_INITIAL,TIME_REFINE,TIME_TEST,random_test_predictions_ratings,good_test_predictions_ratings,hypers,redisplay_check,arbitrary_check
0,f3dc7ce0-a282-4c23-b765-bc154f80a586,5.1.2-aggregated-ar-dresses10,2.0,A30FOPPL2JP6XE,Completed,1,20,21,15,8.737817764282227,78.09465312957764,42.189470529556274,"{445: (-0.32025727551736716, -0.6), 458: (-0.04543749631528353, 0.19999999999999996), 114: (0.02295862447429373, 0.0), 261: (0.07320205394376259, 0.19999999999999996), 26: (-0.06418619534275433, -0.6), 55: (-0.05164370393034181, -0.19999999999999996), 217: (-0.23536090373859714, 0.3999999999999999), 528: (-0.20270145272973614, -0.6), 588: (-0.10742001360584265, 0.0), 446: (-0.05908420500515196, -0.4)}","{743: (0.34938286549338254, 0.3999999999999999), 25: (0.3013265028047504, -0.6), 461: (0.274494923553936, 0.3999999999999999), 473: (0.25903639095941666, 0.3999999999999999), 105: (0.23791388247822404, -0.6)}","{'noise': 0.3582851696037144, 'amp': 0.5714172545679208, 'ls': 1.2095008632875088}","[(-0.6, -0.19999999999999996)]",[]
