impression,user_id,app_version,model_version,mturk_id,status,NUM_INITIAL_RATINGS,NUM_REFINE_RATINGS,TOTAL_TRAINING_RATINGS,NUM_TEST_RATINGS,TIME_INITIAL,TIME_REFINE,TIME_TEST,random_test_predictions_ratings,good_test_predictions_ratings,hypers,redisplay_check,arbitrary_check
0,f467f059-3ef0-47ba-b584-524e5c28fc22,5.1.2-aggregated-ar-dresses10,2.0,A32BQNJMLMZYG0,Completed,1,40,41,15,13.269775867462158,366.55022168159485,264.9579701423645,"{805: (0.46685429183826405, 0.8), 667: (0.5769222038191537, 0.6000000000000001), 588: (0.5916154377730729, 0.6000000000000001), 425: (0.6039977711758989, 0.8), 249: (0.7374433751291197, 0.8), 324: (0.7238742434668468, 0.8), 476: (0.4476459741853501, 0.6000000000000001), 219: (0.5999718095474299, 0.06000000000000005), 565: (0.6197014449025882, 0.8), 395: (0.7352066880832531, 0.6000000000000001)}","{260: (0.8379563281464881, 0.8), 410: (0.8227080207906163, 0.8), 483: (0.811808365512498, 0.41999999999999993), 759: (0.8030049362842445, 0.6000000000000001), 648: (0.8009262695396122, 0.8)}","{'noise': 0.3582851696037144, 'amp': 0.5714172545679208, 'ls': 1.2095008632875088}","[(0.6000000000000001, 0.6000000000000001)]",[]
