impression,user_id,app_version,model_version,mturk_id,status,NUM_INITIAL_RATINGS,NUM_REFINE_RATINGS,TOTAL_TRAINING_RATINGS,NUM_TEST_RATINGS,TIME_INITIAL,TIME_REFINE,TIME_TEST,random_test_predictions_ratings,good_test_predictions_ratings,hypers,redisplay_check,arbitrary_check
0,f4e14ba4-aa95-4330-adec-941071661fdc,5.1.2-aggregated-ar-dresses10,2.0,A1F5D3EOKNRVWT,Completed,1,40,41,15,7.794058561325073,128.1955647468567,50.525718450546265,"{694: (-0.03915818948088352, -0.4), 223: (-0.0028697137006009205, 0.6000000000000001), 152: (-0.3580491075596201, -0.6), 386: (0.17136157105474917, 0.19999999999999996), 700: (-0.22608065183049403, -0.19999999999999996), 652: (0.19577093991799668, 0.6000000000000001), 262: (-0.09410011021642817, 0.6000000000000001), 365: (0.053327321626253754, 0.0), 402: (-0.1112115484693947, 0.0), 417: (0.014082335702149265, 0.3999999999999999)}","{243: (0.5208949889115462, 0.6000000000000001), 184: (0.5050912245015774, 0.19999999999999996), 527: (0.5026312590993687, 0.6000000000000001), 611: (0.5024209480534383, 0.3999999999999999), 269: (0.5008078527756925, 0.8)}","{'noise': 0.3582851696037144, 'amp': 0.5714172545679208, 'ls': 1.2095008632875088}","[(0.3999999999999999, 0.19999999999999996)]",[]
