impression,user_id,app_version,model_version,mturk_id,status,NUM_INITIAL_RATINGS,NUM_REFINE_RATINGS,TOTAL_TRAINING_RATINGS,NUM_TEST_RATINGS,TIME_INITIAL,TIME_REFINE,TIME_TEST,random_test_predictions_ratings,good_test_predictions_ratings,hypers,redisplay_check,arbitrary_check
0,f529dc12-dba7-485b-b566-61768045229e,5.1.2-aggregated-ar-dresses10,2.0,AIF0Z30PPNINF,Completed,1,40,41,15,7.807350158691406,192.0537555217743,82.85280704498291,"{157: (0.515429260478265, 0.3999999999999999), 6: (0.4629802810489656, 0.3999999999999999), 734: (0.5606824859952233, 0.6000000000000001), 550: (0.5705619907497236, 0.3999999999999999), 516: (0.5634476893296833, 0.3999999999999999), 210: (0.47735533347885845, 0.6000000000000001), 313: (0.5325809315653447, 0.6000000000000001), 117: (0.48005820756177214, 0.3999999999999999), 659: (0.5609564974367419, 0.6000000000000001), 87: (0.4837119728935548, 0.3999999999999999)}","{783: (0.6071119724774183, 0.3999999999999999), 694: (0.6070782324101458, 0.6000000000000001), 541: (0.5999982508639536, 0.3999999999999999), 657: (0.5959827271356266, 0.3999999999999999), 566: (0.5945391733196459, 0.3999999999999999)}","{'noise': 0.3582851696037144, 'amp': 0.5714172545679208, 'ls': 1.2095008632875088}","[(0.3999999999999999, 0.6000000000000001)]",[]
