impression,user_id,app_version,model_version,mturk_id,status,NUM_INITIAL_RATINGS,NUM_REFINE_RATINGS,TOTAL_TRAINING_RATINGS,NUM_TEST_RATINGS,TIME_INITIAL,TIME_REFINE,TIME_TEST,random_test_predictions_ratings,good_test_predictions_ratings,hypers,redisplay_check,arbitrary_check
0,f5cc2b25-bb2c-40e0-b754-b6f454e9d251,5.1.2-aggregated-ar-dresses10,2.0,ASZH3Z3BOG5YG,Completed,1,20,21,15,28.4681236743927,317.44952297210693,219.8314197063446,"{87: (-0.6166450219496744, -0.4), 141: (-0.6506465932713454, -1.0), 226: (-0.5833534604713646, 0.0), 71: (-0.5120999586375847, -0.4), 439: (-0.5507321044117263, -1.0), 223: (-0.5234242628576472, -0.8), 757: (-0.5425313065048065, 0.0), 464: (-0.6557412397689402, -0.8), 610: (-0.42556826795600455, -0.4), 709: (-0.4529466648077746, 0.3999999999999999)}","{12: (-0.320253483090935, 0.0), 461: (-0.3460187531358, 0.0), 324: (-0.35329979785981636, 0.0), 605: (-0.36173842467345885, -0.4), 624: (-0.36743877618706916, -0.8)}","{'noise': 0.3582851696037144, 'amp': 0.5714172545679208, 'ls': 1.2095008632875088}","[(-0.8, -0.8)]",[]
