impression,user_id,app_version,model_version,mturk_id,status,NUM_INITIAL_RATINGS,NUM_REFINE_RATINGS,TOTAL_TRAINING_RATINGS,NUM_TEST_RATINGS,TIME_INITIAL,TIME_REFINE,TIME_TEST,random_test_predictions_ratings,good_test_predictions_ratings,hypers,redisplay_check,arbitrary_check
0,f8ff38b0-6e8c-4b4d-ab97-9220cecd19eb,5.1.2-aggregated-ar-dresses10,2.0,A1KEUUSB2OVIKC,Completed,1,20,21,15,15.167859554290771,222.93624997138977,206.31151843070984,"{536: (0.1848014698853729, -0.6), 774: (0.05070133536467311, 0.3999999999999999), 721: (0.08449497936438424, 0.3999999999999999), 462: (0.21967013064531807, 0.0), 341: (-0.06919922169575729, 0.0), 195: (0.21182345854220458, 0.3999999999999999), 617: (0.24413178784682982, -0.6), 211: (-0.16568496893012455, 0.0), 20: (0.007348153666303425, 0.19999999999999996), 236: (-0.08288464182310981, 0.19999999999999996)}","{188: (0.4717170215785169, 0.0), 677: (0.4668237278996137, 0.6000000000000001), 93: (0.43272443895033036, 0.6000000000000001), 267: (0.41910000467624725, 0.0), 147: (0.41708806693800365, 0.8)}","{'noise': 0.3582851696037144, 'amp': 0.5714172545679208, 'ls': 1.2095008632875088}","[(0.0, 0.0)]",[]
