impression,user_id,app_version,model_version,mturk_id,status,NUM_INITIAL_RATINGS,NUM_REFINE_RATINGS,TOTAL_TRAINING_RATINGS,NUM_TEST_RATINGS,TIME_INITIAL,TIME_REFINE,TIME_TEST,random_test_predictions_ratings,good_test_predictions_ratings,hypers,redisplay_check,arbitrary_check
0,fa5ba8cf-f10b-448f-9405-3ac6c4d4527f,5.1.2-aggregated-ar-dresses10,2.0,AH4LSAYFLV68I,Completed,1,20,21,15,11.939415454864502,249.13230776786804,275.1798679828644,"{456: (-0.3835156412806681, -0.42000000000000004), 34: (-0.525856557522395, -0.19999999999999996), 482: (-0.46792752752659894, -0.5), 293: (-0.4497126374135481, -0.15999999999999992), 417: (-0.4213718180433105, 0.0), 82: (-0.4810173696067248, 0.43999999999999995), 109: (-0.5075035147481248, 0.3999999999999999), 225: (-0.4869408059181028, 0.0), 436: (-0.48755694057445353, -0.11999999999999988), 287: (-0.5565362172347101, -0.45999999999999996)}","{149: (-0.34092350831378077, -0.32000000000000006), 317: (-0.3427894726339323, -0.3400000000000001), 7: (-0.34559860362412453, -0.19999999999999996), 56: (-0.3469186099326243, 0.0), 538: (-0.3577510329892463, 0.6000000000000001)}","{'noise': 0.3582851696037144, 'amp': 0.5714172545679208, 'ls': 1.2095008632875088}","[(0.19999999999999996, -0.3400000000000001)]",[]
