impression,user_id,app_version,model_version,mturk_id,status,NUM_INITIAL_RATINGS,NUM_REFINE_RATINGS,TOTAL_TRAINING_RATINGS,NUM_TEST_RATINGS,TIME_INITIAL,TIME_REFINE,TIME_TEST,random_test_predictions_ratings,good_test_predictions_ratings,hypers,redisplay_check,arbitrary_check
0,fdd58043-d39a-4edc-9f51-529464e9e99e,5.1.2-aggregated-ar-dresses10,2.0,A2FGSQJGVQCMG8,Completed,1,40,41,15,6.556607484817505,131.9988718032837,47.69601798057556,"{604: (0.12805858406709528, 0.0), 721: (0.03018794483689699, 0.0), 18: (0.1296432923198519, 0.0), 716: (0.003728560384213249, 0.0), 159: (0.19448732663551274, 0.19999999999999996), 294: (-0.13984623036181412, 0.0), 271: (-0.12677634248959482, -0.4), 566: (0.13680750231387623, -0.19999999999999996), 139: (0.07413199065149167, 0.0), 663: (0.14077954034548243, 0.3999999999999999)}","{728: (0.39326835255676346, 0.30000000000000004), 793: (0.39101480125789045, 0.3999999999999999), 579: (0.36677382675037723, 0.5), 623: (0.36297669413906175, 0.0), 587: (0.3623116780219808, 0.3999999999999999)}","{'noise': 0.3582851696037144, 'amp': 0.5714172545679208, 'ls': 1.2095008632875088}","[(0.0, 0.0)]",[]
