impression,user_id,app_version,model_version,mturk_id,status,NUM_INITIAL_RATINGS,NUM_REFINE_RATINGS,TOTAL_TRAINING_RATINGS,NUM_TEST_RATINGS,TIME_INITIAL,TIME_REFINE,TIME_TEST,random_test_predictions_ratings,good_test_predictions_ratings,hypers,redisplay_check,arbitrary_check
0,fddfaf2f-b31e-4de1-9028-121c1c409029,5.1.2-aggregated-ar-dresses10,2.0,A1XODDMY1SJ0H9,Completed,1,50,51,15,10.173780918121338,362.75097584724426,107.21849083900452,"{229: (0.3758813312946378, 0.19999999999999996), 435: (0.3496894754924092, 0.8999999999999999), 194: (0.38030440926778775, 0.6000000000000001), 212: (0.4158237225095168, 0.0), 792: (0.48270969220145227, 0.3999999999999999), 318: (0.27516386815951277, -0.19999999999999996), 54: (0.20344362135462435, -0.19999999999999996), 133: (0.3769191107270525, 0.8), 90: (0.4262659825553497, 0.8), 324: (0.36101196602308255, 0.6000000000000001)}","{686: (0.6808720218402156, 0.6000000000000001), 198: (0.6750415078731695, 0.19999999999999996), 482: (0.6568069361939528, 0.19999999999999996), 161: (0.6561336957507843, 0.8), 626: (0.6527126446345178, 0.8)}","{'noise': 0.3582851696037144, 'amp': 0.5714172545679208, 'ls': 1.2095008632875088}","[(0.19999999999999996, 0.8)]",[]
