impression,user_id,app_version,model_version,mturk_id,status,NUM_INITIAL_RATINGS,NUM_REFINE_RATINGS,TOTAL_TRAINING_RATINGS,NUM_TEST_RATINGS,TIME_INITIAL,TIME_REFINE,TIME_TEST,random_test_predictions_ratings,good_test_predictions_ratings,hypers,redisplay_check,arbitrary_check
0,ffc49166-acff-4dc4-b691-636a4f2b6935,5.1.2-aggregated-ar-dresses10,2.0,ACY3ZOOZMVS7Y,Completed,1,40,41,15,6.181764364242554,162.46349000930786,50.70765256881714,"{646: (-0.008198610225315274, 0.8), 180: (0.4071916103478859, 0.3999999999999999), 662: (-0.32590098776927057, 0.3999999999999999), 231: (-0.14062348965260774, 0.6000000000000001), 394: (-0.4471227701479067, 0.3999999999999999), 610: (0.34526162274937494, -0.8), 268: (0.2722433652819236, 0.3999999999999999), 203: (0.344737010721207, 0.3999999999999999), 238: (-0.1831582097009663, -0.19999999999999996), 19: (0.17885983867714922, 0.8)}","{362: (0.9011281844779605, 0.8), 457: (0.8827651745433431, 0.8), 18: (0.8774503964921102, 0.8), 533: (0.8576123303204968, 1.0), 263: (0.8265470408466971, 0.8)}","{'noise': 0.3582851696037144, 'amp': 0.5714172545679208, 'ls': 1.2095008632875088}","[(1.0, 0.8)]",[]
