impression,user_id,app_version,model_version,mturk_id,status,NUM_INITIAL_RATINGS,NUM_REFINE_RATINGS,TOTAL_TRAINING_RATINGS,NUM_TEST_RATINGS,TIME_INITIAL,TIME_REFINE,TIME_TEST,random_test_predictions_ratings,good_test_predictions_ratings,hypers,redisplay_check,arbitrary_check
0,ffbd76d8-2840-496f-b0e8-8fa5bea3a631,7.9-agg-binmpc-vgg,2.0,A3T9WZOUQGE2UW,Completed,1,40,41,15,4.170740842819214,201.451331615448,51.48024320602417,"{46564: (-0.11138033559652488, -0.5), 12473: (5.6907936313554605e-05, 0.5), 207127: (-0.16211608440392614, -0.5), 303602: (0.046455723211200506, -0.5), 222322: (0.22423817346363153, 0.5), 44451: (0.13410944228320615, -0.5), 170248: (0.21421439671790932, 0.5), 179814: (0.1931903930112902, 0.5), 22408: (0.06574477756695041, 0.5), 247521: (-0.18121059678333135, -0.5)}","{217647: (0.37647568093157746, 0.5), 152: (0.37626616968609294, 0.5), 311586: (0.3746886017412715, 0.5), 267740: (0.37338137111014835, 0.5), 189451: (0.37095327086414653, 0.5)}","{'noise': 4.105707235134857, 'amp': 2.594658008010263, 'ls': 1.158389347265231}","[(0.5, 0.5)]",[]
