impression,user_id,app_version,model_version,mturk_id,status,NUM_INITIAL_RATINGS,NUM_REFINE_RATINGS,TOTAL_TRAINING_RATINGS,NUM_TEST_RATINGS,TIME_INITIAL,TIME_REFINE,TIME_TEST,random_test_predictions_ratings,good_test_predictions_ratings,hypers,redisplay_check,arbitrary_check
0,184ad887-0aec-4c7a-b640-8d75e1f45f79,7.9-agg-binmpc-vgg,2.0,A2B9OD2O9CJNC0,Completed,1,40,41,15,3.2256085872650146,366.91776633262634,47.348047733306885,"{124850: (0.025713518828251875, -0.5), 65928: (-0.0966764964998239, 0.5), 277896: (0.21425947088453415, -0.5), 82260: (0.08676744181534769, -0.5), 18863: (-0.15555868219656882, -0.5), 316790: (0.12173636736637737, -0.5), 213874: (-0.059751900178324255, 0.5), 207639: (0.07771347280026503, 0.5), 22270: (-0.11357963349802108, -0.5), 221740: (-0.06321227209005398, -0.5)}","{14772: (0.3294023580714388, -0.5), 52284: (0.319834129219766, -0.5), 151485: (0.31859804370117617, 0.5), 52713: (0.3181959810419377, -0.5), 296418: (0.31731365816703183, 0.5)}","{'noise': 4.105707235134857, 'amp': 2.594658008010263, 'ls': 1.158389347265231}","[(0.5, 0.5)]",[]
