impression,user_id,app_version,model_version,mturk_id,status,NUM_INITIAL_RATINGS,NUM_REFINE_RATINGS,TOTAL_TRAINING_RATINGS,NUM_TEST_RATINGS,TIME_INITIAL,TIME_REFINE,TIME_TEST,random_test_predictions_ratings,good_test_predictions_ratings,hypers,redisplay_check,arbitrary_check
0,5b83dad3-695c-45e6-b97c-b0a9f07825e2,7.9-agg-binmpc-vgg,2.0,A1T579QEGUZKIP,Completed,1,40,41,15,2.7070343494415283,107.24924206733704,45.171608686447144,"{255613: (-0.08294119290691807, -0.5), 296883: (0.14714421343091016, 0.5), 148980: (-0.06883926153465798, 0.5), 198893: (0.008770401934005356, -0.5), 177728: (-0.11030524355036624, -0.5), 171858: (-0.0027457993001048786, -0.5), 158014: (-0.08028117921557179, 0.5), 88737: (0.009688533738198599, 0.5), 10748: (0.11598857352196547, -0.5), 210193: (0.12902057600398148, 0.5)}","{60041: (0.31459112380503945, 0.5), 25248: (0.3079919510340717, -0.5), 124327: (0.3066037060314927, 0.5), 37208: (0.3058242266573845, -0.5), 125499: (0.3040504603833438, -0.5)}","{'noise': 4.105707235134857, 'amp': 2.594658008010263, 'ls': 1.158389347265231}","[(0.5, 0.5)]",[]
