impression,user_id,app_version,model_version,mturk_id,status,NUM_INITIAL_RATINGS,NUM_REFINE_RATINGS,TOTAL_TRAINING_RATINGS,NUM_TEST_RATINGS,TIME_INITIAL,TIME_REFINE,TIME_TEST,random_test_predictions_ratings,good_test_predictions_ratings,hypers,redisplay_check,arbitrary_check
0,7676c587-063a-48b7-9e9c-f8fdfccb6024,7.9-agg-binmpc-vgg,2.0,ARN8MH7YKZKAZ,Completed,1,40,41,15,3.9755406379699707,175.60304856300354,58.827855587005615,"{311188: (0.10633843369855722, 0.5), 223800: (-0.21167586548437828, 0.5), 139215: (-0.04892378722927188, 0.5), 130593: (0.11614801797627065, -0.5), 92093: (0.1844872880031931, 0.5), 84383: (0.27371918059058675, -0.5), 131640: (-0.0353840017358751, -0.5), 309154: (-0.027686895456750522, -0.5), 261121: (-0.13176403261055264, -0.5), 106657: (-0.13057315091517985, 0.5)}","{31976: (0.4652249928462117, 0.5), 293870: (0.45097928114497043, 0.5), 285279: (0.4424054356198926, 0.5), 44813: (0.4422959992596094, 0.5), 307967: (0.4413153738808634, 0.5)}","{'noise': 4.105707235134857, 'amp': 2.594658008010263, 'ls': 1.158389347265231}","[(0.5, 0.5)]",[]
