impression,user_id,app_version,model_version,mturk_id,status,NUM_INITIAL_RATINGS,NUM_REFINE_RATINGS,TOTAL_TRAINING_RATINGS,NUM_TEST_RATINGS,TIME_INITIAL,TIME_REFINE,TIME_TEST,random_test_predictions_ratings,good_test_predictions_ratings,hypers,redisplay_check,arbitrary_check
0,f4b2dc61-fc2f-4927-a5f2-e4edcc6d1c51,7.9-agg-binmpc-vgg,2.0,A22DDO8NILSX6O,Completed,1,40,41,15,8.922879457473755,253.34026551246643,62.91954946517944,"{94322: (-0.0123949332750857, 0.5), 255852: (-0.08672272156771733, -0.5), 168829: (-0.06794622117757747, -0.5), 198079: (-0.18658682222649942, 0.5), 32293: (-0.13352703703650826, -0.5), 186221: (0.11710358542683617, 0.5), 270316: (0.11881172648703922, -0.5), 46808: (-0.07141792642572614, 0.5), 322635: (-0.025734670810126602, -0.5), 223256: (-0.04967644738553025, -0.5)}","{160590: (0.3252913946361608, 0.5), 328682: (0.3247140861159876, 0.5), 72209: (0.32271995967539296, 0.5), 103351: (0.3178710834837897, 0.5), 72434: (0.31780373413792307, 0.5)}","{'noise': 4.105707235134857, 'amp': 2.594658008010263, 'ls': 1.158389347265231}","[(-0.5, -0.5)]",[]
