impression,user_id,app_version,model_version,mturk_id,status,NUM_INITIAL_RATINGS,NUM_REFINE_RATINGS,TOTAL_TRAINING_RATINGS,NUM_TEST_RATINGS,TIME_INITIAL,TIME_REFINE,TIME_TEST,random_test_predictions_ratings,good_test_predictions_ratings,hypers,redisplay_check,arbitrary_check
0,553bd33a-0b3e-4b24-8e50-2ff0cae3a0cb,7.9-agg-binmpc-vgg,2.0,A1TPHN8CNLWT3C,Completed,1,40,41,15,4.185499429702759,187.69577074050903,57.80259728431702,"{258224: (-0.07559541475372136, -0.5), 160877: (-0.04969073249631012, -0.5), 31202: (-0.14315477506356367, -0.5), 299208: (-0.13465724392337033, 0.5), 263225: (0.22684995826660967, 0.5), 207963: (0.008833243935916751, 0.5), 38596: (-0.1352168267368157, -0.5), 325323: (-0.053027385144782446, -0.5), 109232: (-0.08336543915559794, -0.5), 88331: (0.09143146545165248, 0.5)}","{3508: (0.3105264639781194, 0.5), 3395: (0.3094687851943253, 0.5), 3681: (0.30884236933698545, 0.5), 244022: (0.30850695889841984, 0.5), 258590: (0.3048852018770035, 0.5)}","{'noise': 4.105707235134857, 'amp': 2.594658008010263, 'ls': 1.158389347265231}","[(-0.5, -0.5)]",[]
