impression,user_id,app_version,model_version,mturk_id,status,NUM_INITIAL_RATINGS,NUM_REFINE_RATINGS,TOTAL_TRAINING_RATINGS,NUM_TEST_RATINGS,TIME_INITIAL,TIME_REFINE,TIME_TEST,random_test_predictions_ratings,good_test_predictions_ratings,hypers,redisplay_check,arbitrary_check
0,323fe5a1-40ac-4349-b5f1-328b74e442ca,7.9-agg-binmpc-vgg,2.0,A39KX925HSNXUG,Completed,1,40,41,15,4.473982810974121,152.2780201435089,28.7362220287323,"{27447: (0.15764225029279427, -0.5), 23778: (-0.09346287609379175, -0.5), 42414: (-0.054271724992273354, -0.5), 119664: (-0.03817959283240363, -0.5), 239150: (0.08811969773802886, 0.5), 260559: (0.19282950953371064, 0.5), 134735: (0.3106615031582754, 0.5), 156327: (-0.22258706387196725, -0.5), 68906: (0.11597354217830981, 0.5), 13552: (0.006599185311643364, 0.5)}","{198491: (0.38629329049055194, 0.5), 194842: (0.38374191399988605, 0.5), 135823: (0.3807498551782572, 0.5), 22640: (0.37674995369043546, 0.5), 135482: (0.37591680469607075, 0.5)}","{'noise': 4.105707235134857, 'amp': 2.594658008010263, 'ls': 1.158389347265231}","[(0.5, 0.5)]",[]
