impression,user_id,app_version,model_version,mturk_id,status,NUM_INITIAL_RATINGS,NUM_REFINE_RATINGS,TOTAL_TRAINING_RATINGS,NUM_TEST_RATINGS,TIME_INITIAL,TIME_REFINE,TIME_TEST,random_test_predictions_ratings,good_test_predictions_ratings,hypers,redisplay_check,arbitrary_check
0,69e9971f-8780-4621-83dc-aeb4a442adcf,7.9-agg-binmpc-vgg,2.0,A1T21AFJP4COSR,Completed,1,40,41,15,31.936253547668457,440.6575779914856,180.929044008255,"{320149: (-0.21911076141157004, -0.5), 190125: (-0.08880004758763489, -0.5), 158359: (-0.21235908572740286, 0.5), 198753: (-0.000835785881668329, -0.5), 70744: (0.03721791251384019, 0.5), 321364: (-0.09262853585425722, -0.5), 188133: (-0.08822932908760389, -0.5), 151333: (-0.1988932018487919, -0.5), 57198: (-0.11274371318911028, -0.5), 3764: (-0.02596005225379973, 0.5)}","{141903: (0.3134415758797268, 0.5), 251096: (0.3131981498932368, 0.5), 271697: (0.3116459226093079, -0.5), 271668: (0.3114659804102638, 0.5), 141627: (0.31101953330096294, 0.5)}","{'noise': 4.105707235134857, 'amp': 2.594658008010263, 'ls': 1.158389347265231}","[(-0.5, 0.5)]",[]
