impression,user_id,app_version,model_version,mturk_id,status,NUM_INITIAL_RATINGS,NUM_REFINE_RATINGS,TOTAL_TRAINING_RATINGS,NUM_TEST_RATINGS,TIME_INITIAL,TIME_REFINE,TIME_TEST,random_test_predictions_ratings,good_test_predictions_ratings,hypers,redisplay_check,arbitrary_check
0,50e26eda-daf7-4dd7-a887-26690d6fc817,7.9-agg-binmpc-vgg,2.0,A1HQZBNZEQ4TOK,Completed,1,40,41,15,3.7733771800994873,143.9782211780548,46.5814368724823,"{1472: (0.11940161423457615, 0.5), 120199: (-0.05520138637062352, 0.5), 223587: (0.007038113088095238, -0.5), 97517: (0.053047177172865084, 0.5), 295783: (0.15938696073157316, 0.5), 258488: (0.06307029279394255, 0.5), 166900: (-0.04501193697479161, 0.5), 244290: (0.038689096361960607, 0.5), 215364: (0.06577560818882258, 0.5), 314324: (0.12823037202826434, 0.5)}","{189540: (0.2839094211202169, 0.5), 187048: (0.2835508813199292, 0.5), 189385: (0.28335300987738093, 0.5), 252971: (0.2819007982744975, 0.5), 76245: (0.28181442582327276, -0.5)}","{'noise': 4.105707235134857, 'amp': 2.594658008010263, 'ls': 1.158389347265231}","[(0.5, 0.5)]",[]
