impression,user_id,app_version,model_version,mturk_id,status,NUM_INITIAL_RATINGS,NUM_REFINE_RATINGS,TOTAL_TRAINING_RATINGS,NUM_TEST_RATINGS,TIME_INITIAL,TIME_REFINE,TIME_TEST,random_test_predictions_ratings,good_test_predictions_ratings,hypers,redisplay_check,arbitrary_check
0,8942a48d-dff7-424f-b03b-f9d57f555797,7.9-agg-binmpc-vgg,2.0,A9LYIVFG3ZU4Z,Completed,1,40,41,15,11.383652210235596,355.9508910179138,169.10969376564026,"{139997: (0.05299963494413043, 0.5), 211414: (-0.010901541549833915, 0.5), 231390: (0.1400850151035768, -0.5), 280123: (0.19685456118617028, -0.5), 103964: (0.11403679473011219, 0.5), 147149: (-0.015692508038996, 0.5), 152799: (-0.01150102269503881, -0.5), 253948: (0.11710334577323989, 0.5), 295059: (0.1345796085256165, -0.5), 3007: (-0.04658167135233336, -0.5)}","{267866: (0.2883969236584746, -0.5), 208946: (0.288014158155876, -0.5), 185952: (0.28787789443129, -0.5), 207: (0.2861103386188266, -0.5), 67837: (0.2852385461344119, 0.5)}","{'noise': 4.105707235134857, 'amp': 2.594658008010263, 'ls': 1.158389347265231}","[(0.5, 0.5)]",[]
