impression,user_id,app_version,model_version,mturk_id,status,NUM_INITIAL_RATINGS,NUM_REFINE_RATINGS,TOTAL_TRAINING_RATINGS,NUM_TEST_RATINGS,TIME_INITIAL,TIME_REFINE,TIME_TEST,random_test_predictions_ratings,good_test_predictions_ratings,hypers,redisplay_check,arbitrary_check
0,1f5a0ee7-68f2-4192-941a-8d272c0cc3d1,7.9-agg-binmpc-vgg,2.0,AIQM86IRETAJN,Completed,1,40,41,15,1.8285372257232666,94.12164545059204,24.73634624481201,"{114632: (0.1446208092999042, -0.5), 190035: (0.16049710072192944, -0.5), 206949: (0.026713278387593013, -0.5), 113266: (0.10419536767006052, -0.5), 150856: (0.028487684705336434, 0.5), 54139: (-0.036337917087977095, -0.5), 39484: (0.13791814839154717, 0.5), 114735: (-0.021858020919643895, 0.5), 207463: (-0.06902769539114008, 0.5), 309828: (0.07144419211483469, -0.5)}","{268728: (0.3197470335535509, -0.5), 268727: (0.31871656856293995, -0.5), 268599: (0.31265948337369126, 0.5), 100878: (0.3121287066073777, -0.5), 100675: (0.31201349113741, 0.5)}","{'noise': 4.105707235134857, 'amp': 2.594658008010263, 'ls': 1.158389347265231}","[(-0.5, -0.5)]",[]
