impression,user_id,app_version,model_version,mturk_id,status,NUM_INITIAL_RATINGS,NUM_REFINE_RATINGS,TOTAL_TRAINING_RATINGS,NUM_TEST_RATINGS,TIME_INITIAL,TIME_REFINE,TIME_TEST,random_test_predictions_ratings,good_test_predictions_ratings,hypers,redisplay_check,arbitrary_check
0,86ba1ef6-eea9-4a12-83ee-407018cf7191,7.9-agg-binmpc-vgg,2.0,A3B49VZZGU6XU1,Completed,1,40,41,15,18.981154441833496,261.2905468940735,65.67037081718445,"{147656: (0.09099610486897575, 0.5), 215410: (0.10397895036150305, -0.5), 96329: (0.06275581302417152, 0.5), 57945: (-0.047122609489654355, 0.5), 257869: (0.0396618088062374, 0.5), 254434: (-0.052468192367271974, 0.5), 249760: (0.04303837899836084, 0.5), 295059: (0.026158808187850158, 0.5), 131849: (-0.0108442435705546, 0.5), 199719: (-0.0038536322283185265, 0.5)}","{11656: (0.42071265868704305, 0.5), 11332: (0.417634403983884, 0.5), 11354: (0.417496821728382, 0.5), 173913: (0.4158560257999593, -0.5), 11724: (0.41514731684360073, 0.5)}","{'noise': 4.105707235134857, 'amp': 2.594658008010263, 'ls': 1.158389347265231}","[(0.5, 0.5)]",[]
