impression,user_id,app_version,model_version,mturk_id,status,NUM_INITIAL_RATINGS,NUM_REFINE_RATINGS,TOTAL_TRAINING_RATINGS,NUM_TEST_RATINGS,TIME_INITIAL,TIME_REFINE,TIME_TEST,random_test_predictions_ratings,good_test_predictions_ratings,hypers,redisplay_check,arbitrary_check
0,edf4a1d1-db3b-4767-a3a9-e912a04421c0,7.9-agg-binmpc-vgg,2.0,ABICECSTT3MWF,Completed,1,40,41,15,8.330433368682861,331.4357919692993,60.2296781539917,"{158760: (-0.1544397168479968, -0.5), 285781: (-0.04897980084013168, -0.5), 8018: (-0.011031554990293721, -0.5), 275407: (-0.11777895994202758, 0.5), 176387: (-0.21832622689210618, -0.5), 194605: (0.10766103256430064, -0.5), 122974: (-0.052437512036118905, 0.5), 120991: (0.24539810787826227, -0.5), 202848: (0.055033534350682256, -0.5), 19589: (-0.3091054906569569, -0.5)}","{305395: (0.3682296369042096, 0.5), 96713: (0.3675084169138195, 0.5), 96702: (0.36738647064132224, 0.5), 129807: (0.3653949806032676, 0.5), 25792: (0.3650456220873981, -0.5)}","{'noise': 4.105707235134857, 'amp': 2.594658008010263, 'ls': 1.158389347265231}","[(-0.5, -0.5)]",[]
