impression,user_id,app_version,model_version,mturk_id,status,NUM_INITIAL_RATINGS,NUM_REFINE_RATINGS,TOTAL_TRAINING_RATINGS,NUM_TEST_RATINGS,TIME_INITIAL,TIME_REFINE,TIME_TEST,random_test_predictions_ratings,good_test_predictions_ratings,hypers,redisplay_check,arbitrary_check
0,9924a5bd-f5f5-4168-bdfa-763534f44f8c,7.9-agg-binmpc-vgg,2.0,AZ8JL3QNIPY4U,Completed,1,40,41,15,3.354883909225464,137.84383463859558,54.61015486717224,"{103017: (0.15584122615007767, -0.5), 237512: (0.16365713893985837, 0.5), 289959: (0.027677119941060424, 0.5), 103273: (0.10891010132911778, -0.5), 276708: (-0.04646644405975178, 0.5), 164754: (0.15462725811331077, 0.5), 194864: (-0.2544593101867286, -0.5), 191761: (-0.055372483542904985, 0.5), 158389: (-0.05107609691167096, -0.5), 107763: (-0.15449038942559157, -0.5)}","{218488: (0.3702464275649021, 0.5), 156992: (0.36998864546552723, 0.5), 243390: (0.36838258487763476, 0.5), 23653: (0.367521916931532, 0.5), 254502: (0.3638031431663482, 0.5)}","{'noise': 4.105707235134857, 'amp': 2.594658008010263, 'ls': 1.158389347265231}","[(0.5, 0.5)]",[]
