impression,user_id,app_version,model_version,mturk_id,status,NUM_INITIAL_RATINGS,NUM_REFINE_RATINGS,TOTAL_TRAINING_RATINGS,NUM_TEST_RATINGS,TIME_INITIAL,TIME_REFINE,TIME_TEST,random_test_predictions_ratings,good_test_predictions_ratings,hypers,redisplay_check,arbitrary_check
0,4c17b500-a1db-4367-9f19-dd6a434197b6,7.9-agg-binmpc-vgg,2.0,A23Z8G9ARHNM96,Completed,1,40,41,15,3.8601973056793213,220.2243800163269,312.4585990905762,"{150730: (0.21119827524554113, -0.5), 213743: (-0.10387505584975246, -0.5), 251412: (0.24740495633173293, 0.5), 66409: (0.10171987790869791, -0.5), 149971: (-0.008220404787765201, -0.5), 138439: (0.11564160451202285, 0.5), 220722: (-0.09126895607942978, -0.5), 310332: (0.05986479239894721, 0.5), 232610: (0.09235953792266716, -0.5), 156901: (-0.045916949977322985, 0.5)}","{317054: (0.42371645269862435, 0.5), 88604: (0.42326727136115194, 0.5), 137546: (0.4227500837678524, 0.5), 313140: (0.42244425589572154, 0.5), 276942: (0.4213511138662238, 0.5)}","{'noise': 4.105707235134857, 'amp': 2.594658008010263, 'ls': 1.158389347265231}","[(0.5, -0.5)]",[]
