impression,user_id,app_version,model_version,mturk_id,status,NUM_INITIAL_RATINGS,NUM_REFINE_RATINGS,TOTAL_TRAINING_RATINGS,NUM_TEST_RATINGS,TIME_INITIAL,TIME_REFINE,TIME_TEST,random_test_predictions_ratings,good_test_predictions_ratings,hypers,redisplay_check,arbitrary_check
0,78d72e68-11bc-4d3b-ade6-83c3c2d33fb8,7.9-agg-binmpc-vgg,2.0,A26WVAVVE1RM47,Completed,1,40,41,15,3.7372992038726807,146.36958241462708,55.743030071258545,"{311235: (0.08421049697940734, 0.5), 192556: (0.10616152021414797, 0.5), 94358: (0.14284697139993735, 0.5), 267832: (0.1526936717668686, 0.5), 204879: (-0.2711467247041586, 0.5), 67495: (0.06412020871901364, -0.5), 297633: (0.08239104640676333, 0.5), 163710: (0.2597596305942452, -0.5), 251061: (0.1782280668448913, -0.5), 138480: (0.20801698876401237, -0.5)}","{28638: (0.44255284701695907, 0.5), 185706: (0.44002401732379615, 0.5), 267909: (0.4343917007312683, 0.5), 83725: (0.43368019006388975, 0.5), 23961: (0.4310034031648381, 0.5)}","{'noise': 4.105707235134857, 'amp': 2.594658008010263, 'ls': 1.158389347265231}","[(0.5, 0.5)]",[]
