impression,user_id,app_version,model_version,mturk_id,status,NUM_INITIAL_RATINGS,NUM_REFINE_RATINGS,TOTAL_TRAINING_RATINGS,NUM_TEST_RATINGS,TIME_INITIAL,TIME_REFINE,TIME_TEST,random_test_predictions_ratings,good_test_predictions_ratings,hypers,redisplay_check,arbitrary_check
0,93cc1f20-493e-4b6b-a83a-8b1ae1cb63fd,7.9-agg-binmpc-vgg,2.0,AS7R0KA3QNVKE,Completed,1,40,41,15,8.210285902023315,489.79962396621704,59.1244113445282,"{48898: (0.05417797505018057, 0.5), 51158: (0.2025188162424853, 0.5), 101087: (-0.027613895184291797, -0.5), 53048: (-0.11522960598840734, -0.5), 204776: (0.11301884599796046, -0.5), 51932: (0.17243591638118952, 0.5), 198570: (-0.03847339412049955, -0.5), 223808: (-0.10981828187616899, -0.5), 3818: (0.18003476775600172, 0.5), 314000: (-0.10130358115311676, -0.5)}","{289923: (0.3693064529054563, -0.5), 35168: (0.3679187459148881, 0.5), 219050: (0.36385725052893514, -0.5), 31976: (0.3620525295788446, -0.5), 289689: (0.3598433064254041, 0.5)}","{'noise': 4.105707235134857, 'amp': 2.594658008010263, 'ls': 1.158389347265231}","[(-0.5, -0.5)]",[]
