impression,user_id,app_version,model_version,mturk_id,status,NUM_INITIAL_RATINGS,NUM_REFINE_RATINGS,TOTAL_TRAINING_RATINGS,NUM_TEST_RATINGS,TIME_INITIAL,TIME_REFINE,TIME_TEST,random_test_predictions_ratings,good_test_predictions_ratings,hypers,redisplay_check,arbitrary_check
0,c0940f00-3df7-4e69-a61c-34323f553687,7.9-agg-binmpc-vgg,2.0,A3POD149IG0DIW,Completed,1,40,41,15,5.971547603607178,442.98737478256226,269.6338155269623,"{301000: (-0.07546063168413558, -0.5), 146470: (-0.02934600961088702, -0.5), 7267: (-0.1830942838048227, 0.5), 132048: (-0.19116691454485152, 0.5), 272329: (-0.06848040201589245, 0.5), 77835: (-0.06059237939159555, 0.5), 147690: (-0.043396036515738166, -0.5), 120292: (0.1653563162988416, -0.5), 312071: (0.0489767562623177, -0.5), 291078: (0.1002063521829894, -0.5)}","{317444: (0.3859673704242686, 0.5), 240195: (0.3859590307696765, 0.5), 239972: (0.38176477529243774, 0.5), 175114: (0.38054607966373105, 0.5), 240098: (0.38013601084056686, 0.5)}","{'noise': 4.105707235134857, 'amp': 2.594658008010263, 'ls': 1.158389347265231}","[(0.5, 0.5)]",[]
