impression,user_id,app_version,model_version,mturk_id,status,NUM_INITIAL_RATINGS,NUM_REFINE_RATINGS,TOTAL_TRAINING_RATINGS,NUM_TEST_RATINGS,TIME_INITIAL,TIME_REFINE,TIME_TEST,random_test_predictions_ratings,good_test_predictions_ratings,hypers,redisplay_check,arbitrary_check
0,be2eac81-6fee-43d2-978d-2f371b812575,7.9-agg-binmpc-vgg,2.0,A14LOABUGAITBM,Completed,1,40,41,15,33.9120078086853,480.26299357414246,137.4787940979004,"{289328: (0.15353164306879724, 0.5), 318272: (-0.20352096657943036, 0.5), 175076: (0.10208133598968612, -0.5), 325552: (0.11392407049741415, 0.5), 263619: (0.2311078853996078, 0.5), 268948: (-0.027418114672730608, -0.5), 187934: (-0.10795852239608633, -0.5), 100535: (-0.18625372754668967, -0.5), 194807: (-0.025119282089760935, 0.5), 150487: (0.05447188403616432, -0.5)}","{327920: (0.3710346022456979, 0.5), 90371: (0.3561720970353809, -0.5), 17606: (0.3560845159712077, 0.5), 38860: (0.35604815431977815, 0.5), 16923: (0.3544797504753116, -0.5)}","{'noise': 4.105707235134857, 'amp': 2.594658008010263, 'ls': 1.158389347265231}","[(0.5, -0.5)]",[]
