impression,user_id,app_version,model_version,mturk_id,status,NUM_INITIAL_RATINGS,NUM_REFINE_RATINGS,TOTAL_TRAINING_RATINGS,NUM_TEST_RATINGS,TIME_INITIAL,TIME_REFINE,TIME_TEST,random_test_predictions_ratings,good_test_predictions_ratings,hypers,redisplay_check,arbitrary_check
0,83d9e3cc-ea5a-4085-87d4-ed02a236d90b,7.9-agg-binmpc-vgg,2.0,A3O4O1MKKJHJSX,Completed,1,40,41,15,6.218982696533203,232.60728454589844,74.8512327671051,"{158618: (0.13007288528118488, -0.5), 207444: (0.09448856800585527, -0.5), 127491: (0.07050163624004274, 0.5), 170113: (0.1444558041266538, -0.5), 210118: (0.13717352515119982, -0.5), 115695: (0.03688199345308597, -0.5), 648: (-0.02392613096530527, -0.5), 276532: (0.31260422414307615, 0.5), 31152: (0.04637565631225106, -0.5), 261217: (-0.21266480632588636, 0.5)}","{133545: (0.44857906373359374, 0.5), 177956: (0.4484115167676063, -0.5), 206522: (0.4468551021240935, 0.5), 270849: (0.4439609319550326, 0.5), 236038: (0.44339689387627357, 0.5)}","{'noise': 4.105707235134857, 'amp': 2.594658008010263, 'ls': 1.158389347265231}","[(-0.5, -0.5)]",[]
