impression,user_id,app_version,model_version,mturk_id,status,NUM_INITIAL_RATINGS,NUM_REFINE_RATINGS,TOTAL_TRAINING_RATINGS,NUM_TEST_RATINGS,TIME_INITIAL,TIME_REFINE,TIME_TEST,random_test_predictions_ratings,good_test_predictions_ratings,hypers,redisplay_check,arbitrary_check
0,4a3f733e-dd22-4f19-8f2c-8726133d20c6,7.9-agg-binmpc-vgg,2.0,A324M5ZRHX7RUV,Completed,1,40,41,15,2.3256447315216064,414.1113796234131,86.69430327415466,"{302645: (0.033248568263398545, 0.5), 309073: (-0.18407237393196477, 0.5), 22032: (0.023473366176047027, -0.5), 284580: (-0.07639165412837659, -0.5), 301647: (-0.07405304700544366, -0.5), 114226: (0.10088412781869598, -0.5), 139035: (0.008386313759465275, -0.5), 307647: (0.03117932795154282, -0.5), 250412: (-0.013275219184653797, -0.5), 269650: (-0.052290686953297416, -0.5)}","{60014: (0.31251515770597804, 0.5), 138022: (0.31230002448008964, 0.5), 139397: (0.30785892882177135, 0.5), 24966: (0.30751624445970005, 0.5), 152403: (0.30643459989703614, -0.5)}","{'noise': 4.105707235134857, 'amp': 2.594658008010263, 'ls': 1.158389347265231}","[(-0.5, -0.5)]",[]
