impression,user_id,app_version,model_version,mturk_id,status,NUM_INITIAL_RATINGS,NUM_REFINE_RATINGS,TOTAL_TRAINING_RATINGS,NUM_TEST_RATINGS,TIME_INITIAL,TIME_REFINE,TIME_TEST,random_test_predictions_ratings,good_test_predictions_ratings,hypers,redisplay_check,arbitrary_check
0,d2f9f33c-aadd-45a0-a424-35b432e63619,7.9-agg-binmpc-vgg,2.0,A3PZASM0C12I57,Completed,1,40,41,15,13.052747249603271,267.7206196784973,132.34013485908508,"{212694: (0.13698293317114993, -0.5), 160113: (0.09906543687827385, -0.5), 286270: (0.05661969843469251, -0.5), 318588: (0.10153285106141341, -0.5), 101955: (0.14704216119518648, -0.5), 327072: (0.20034811515794115, -0.5), 234513: (-0.06255382843307782, -0.5), 263569: (0.04719578628018788, -0.5), 76965: (0.08168066435161589, -0.5), 176406: (0.0011134452287524417, -0.5)}","{69926: (0.32751809517086494, -0.5), 136118: (0.31242416694265907, -0.5), 13460: (0.3116507804676143, -0.5), 219338: (0.3083141154864576, 0.5), 82740: (0.30811012927432013, -0.5)}","{'noise': 4.105707235134857, 'amp': 2.594658008010263, 'ls': 1.158389347265231}","[(-0.5, -0.5)]",[]
