impression,user_id,app_version,model_version,mturk_id,status,NUM_INITIAL_RATINGS,NUM_REFINE_RATINGS,TOTAL_TRAINING_RATINGS,NUM_TEST_RATINGS,TIME_INITIAL,TIME_REFINE,TIME_TEST,random_test_predictions_ratings,good_test_predictions_ratings,hypers,redisplay_check,arbitrary_check
0,16aef5dd-91c6-4e76-a575-467cae202416,7.9-agg-binmpc-vgg,2.0,AVJ7MQZ6AQF5M,Completed,1,40,41,15,4.420758962631226,141.54113602638245,44.71519923210144,"{312142: (0.1847322592020163, 0.5), 207224: (0.3534443191197283, 0.5), 191677: (0.15108610605297398, 0.5), 255400: (0.08858465261051246, 0.5), 148175: (0.12954088931694888, 0.5), 295821: (0.17517672407807658, -0.5), 199223: (-0.146807696108895, 0.5), 116081: (0.04523363412563851, -0.5), 199307: (0.0567084788935342, 0.5), 207303: (0.1524053502157087, 0.5)}","{171129: (0.43160558284280426, 0.5), 11648: (0.42424487408784806, -0.5), 236931: (0.4230915693732829, 0.5), 42971: (0.42139941320616736, 0.5), 54575: (0.41685985648928214, 0.5)}","{'noise': 4.105707235134857, 'amp': 2.594658008010263, 'ls': 1.158389347265231}","[(0.5, 0.5)]",[]
