impression,user_id,app_version,model_version,mturk_id,status,NUM_INITIAL_RATINGS,NUM_REFINE_RATINGS,TOTAL_TRAINING_RATINGS,NUM_TEST_RATINGS,TIME_INITIAL,TIME_REFINE,TIME_TEST,random_test_predictions_ratings,good_test_predictions_ratings,hypers,redisplay_check,arbitrary_check
0,a54d0c06-4f90-407f-80d5-a7878e486287,7.9-agg-binmpc-vgg,2.0,A3PIHDC8LXVQ4H,Completed,1,40,41,15,10.494070529937744,252.3137743473053,91.19094753265381,"{257832: (0.20364795490369397, -0.5), 2808: (0.12633794321617198, 0.5), 298450: (0.28975312725644076, 0.5), 129733: (-0.2501037551165998, 0.5), 203707: (-0.05939822833117176, 0.5), 28065: (0.16682860200062977, 0.5), 49760: (-0.12097781924221096, -0.5), 93656: (0.05912016869800533, -0.5), 311945: (0.055893383750497065, 0.5), 67030: (-0.21398519951843803, -0.5)}","{76440: (0.36791628794538295, 0.5), 330183: (0.36249447902496224, 0.5), 73565: (0.3552651312909045, 0.5), 32617: (0.3489136577068185, 0.5), 76737: (0.3480333614072989, 0.5)}","{'noise': 4.105707235134857, 'amp': 2.594658008010263, 'ls': 1.158389347265231}","[(0.5, 0.5)]",[]
