impression,user_id,app_version,model_version,mturk_id,status,NUM_INITIAL_RATINGS,NUM_REFINE_RATINGS,TOTAL_TRAINING_RATINGS,NUM_TEST_RATINGS,TIME_INITIAL,TIME_REFINE,TIME_TEST,random_test_predictions_ratings,good_test_predictions_ratings,hypers,redisplay_check,arbitrary_check
0,995b16cd-3e32-4fa3-a89a-6a42710c493d,7.9-agg-binmpc-vgg,2.0,A2WJMGV0HKQG3Z,Completed,1,40,41,15,4.643401384353638,249.1825394630432,73.59579730033875,"{57486: (-0.008300162820755165, -0.5), 251608: (-0.05249668795267795, -0.5), 275830: (-0.0050916452153172, 0.5), 274861: (-0.22387129594718808, -0.5), 272093: (0.3142160371508274, 0.5), 240430: (-0.1644154027411702, -0.5), 322840: (0.0812760481689298, 0.5), 62853: (-0.027916153518548186, 0.5), 117904: (0.1359584466751592, 0.5), 7809: (-0.1214479750372996, -0.5)}","{134495: (0.4408826327416474, 0.5), 41736: (0.41923736662818434, 0.5), 200269: (0.4174846382962237, 0.5), 42331: (0.41545150284820487, 0.5), 247636: (0.4122818283145562, 0.5)}","{'noise': 4.105707235134857, 'amp': 2.594658008010263, 'ls': 1.158389347265231}","[(0.5, -0.5)]",[]
