impression,user_id,app_version,model_version,mturk_id,status,NUM_INITIAL_RATINGS,NUM_REFINE_RATINGS,TOTAL_TRAINING_RATINGS,NUM_TEST_RATINGS,TIME_INITIAL,TIME_REFINE,TIME_TEST,random_test_predictions_ratings,good_test_predictions_ratings,hypers,redisplay_check,arbitrary_check
0,b2700698-8333-4f5f-bd04-2cc299f74b31,7.9-agg-binmpc-vgg,2.0,AJDHPRCJ985C7,Completed,1,40,41,15,102.89776945114136,442.9846234321594,237.97451972961426,"{326758: (-0.037946568346228726, -0.5), 205032: (-0.14122456001018457, -0.5), 175208: (0.11026376898992327, 0.5), 141209: (-0.11926095764030847, -0.5), 224130: (0.043241562756700755, 0.5), 124209: (-0.03192722907156891, 0.5), 43737: (-0.004424061903784353, -0.5), 76869: (0.17384899222041938, 0.5), 230302: (-0.13706196655432326, -0.5), 278056: (-0.08724151275046223, 0.5)}","{203717: (0.28084406504475135, 0.5), 128: (0.2741721181653662, 0.5), 31: (0.2725857964255062, 0.5), 198: (0.27215887583513265, 0.5), 17438: (0.27077688316517146, 0.5)}","{'noise': 4.105707235134857, 'amp': 2.594658008010263, 'ls': 1.158389347265231}","[(0.5, 0.5)]",[]
