impression,user_id,app_version,model_version,mturk_id,status,NUM_INITIAL_RATINGS,NUM_REFINE_RATINGS,TOTAL_TRAINING_RATINGS,NUM_TEST_RATINGS,TIME_INITIAL,TIME_REFINE,TIME_TEST,random_test_predictions_ratings,good_test_predictions_ratings,hypers,redisplay_check,arbitrary_check
0,89ad51e7-6c92-4fb6-8efa-bc7fae96be1d,7.9-agg-binmpc-vgg,2.0,A1XODDMY1SJ0H9,Completed,1,40,41,15,2.748608350753784,80.16461133956909,22.607753038406372,"{178743: (0.02784601749862632, 0.5), 145783: (-0.11895548323611659, -0.5), 77010: (0.14472734274309865, -0.5), 232275: (-0.10201275204791349, -0.5), 181699: (0.061390018465694376, -0.5), 118821: (-0.03392034945332517, -0.5), 183273: (-0.11671817366121706, 0.5), 200637: (-0.016283065276832626, -0.5), 34447: (-0.15460061390389862, -0.5), 279203: (-0.03306502693162025, 0.5)}","{268186: (0.2917125310492252, -0.5), 270982: (0.2845236529054075, 0.5), 301264: (0.28268497638293044, 0.5), 293266: (0.2820319583539041, -0.5), 322704: (0.28064093090782993, -0.5)}","{'noise': 4.105707235134857, 'amp': 2.594658008010263, 'ls': 1.158389347265231}","[(-0.5, -0.5)]",[]
