impression,user_id,app_version,model_version,mturk_id,status,NUM_INITIAL_RATINGS,NUM_REFINE_RATINGS,TOTAL_TRAINING_RATINGS,NUM_TEST_RATINGS,TIME_INITIAL,TIME_REFINE,TIME_TEST,random_test_predictions_ratings,good_test_predictions_ratings,hypers,redisplay_check,arbitrary_check
0,13a1a0c5-fa91-4fe8-b66d-834f5ca0ccdc,7.9-agg-binmpc-vgg,2.0,A2ZSL0EDN3H4AT,Completed,1,40,41,15,4.368516206741333,118.20861148834229,43.748852014541626,"{126326: (-0.1024751346585859, -0.5), 162352: (0.1597170609224538, 0.5), 298073: (-0.1445643833863862, -0.5), 315865: (-0.13435082015705357, 0.5), 263978: (-0.2178088297912545, 0.5), 133260: (0.17001710986246024, 0.5), 69569: (-0.02113921480101335, -0.5), 175430: (0.08627564871955629, 0.5), 186240: (0.11475691901697516, -0.5), 319771: (-0.07878694263225697, -0.5)}","{53462: (0.4199414599818154, -0.5), 53626: (0.40480756277907226, 0.5), 71247: (0.40247262800232414, 0.5), 71085: (0.40229882432852204, 0.5), 211658: (0.4007211811593516, 0.5)}","{'noise': 4.105707235134857, 'amp': 2.594658008010263, 'ls': 1.158389347265231}","[(0.5, 0.5)]",[]
