impression,user_id,app_version,model_version,mturk_id,status,NUM_INITIAL_RATINGS,NUM_REFINE_RATINGS,TOTAL_TRAINING_RATINGS,NUM_TEST_RATINGS,TIME_INITIAL,TIME_REFINE,TIME_TEST,random_test_predictions_ratings,good_test_predictions_ratings,hypers,redisplay_check,arbitrary_check
0,991c6908-ea9c-4a5d-bcd7-f189a4ee0ffb,7.9-agg-binmpc-vgg,2.0,A1IXVPKQT4DXTG,Completed,1,40,41,15,13.845150470733643,316.14293146133423,94.66180491447449,"{91095: (0.09257120523483006, 0.5), 294455: (0.017954795958934552, -0.5), 278307: (-0.1435164145747087, 0.5), 173996: (-0.11585100011185671, 0.5), 28216: (0.12890244039901955, -0.5), 106337: (0.0996409908132882, 0.5), 42708: (0.11198005651920764, -0.5), 50855: (0.30377635117618174, 0.5), 318176: (0.09348915093209802, 0.5), 18838: (-0.032901195258859414, 0.5)}","{149767: (0.4325398973970464, 0.5), 286710: (0.4249262388870039, 0.5), 286899: (0.42337504763376566, 0.5), 20107: (0.41865670908600927, 0.5), 304977: (0.41860107609974356, -0.5)}","{'noise': 4.105707235134857, 'amp': 2.594658008010263, 'ls': 1.158389347265231}","[(0.5, 0.5)]",[]
