impression,user_id,app_version,model_version,mturk_id,status,NUM_INITIAL_RATINGS,NUM_REFINE_RATINGS,TOTAL_TRAINING_RATINGS,NUM_TEST_RATINGS,TIME_INITIAL,TIME_REFINE,TIME_TEST,random_test_predictions_ratings,good_test_predictions_ratings,hypers,redisplay_check,arbitrary_check
0,f2a46957-b5c9-4419-82e4-91e4773ec045,7.9-agg-binmpc-vgg,2.0,A3DKM1KM4C4G05,Completed,1,40,41,15,4.443241357803345,131.92478132247925,35.096452474594116,"{263550: (0.12242493932666942, 0.5), 290442: (0.019742891968274792, -0.5), 164: (0.19399178246697432, 0.5), 38665: (-0.0013231773711239354, -0.5), 285424: (-0.1821090094297941, -0.5), 85142: (0.14500361621975164, 0.5), 124829: (-0.06471378761122036, -0.5), 103921: (-0.1968671583579326, -0.5), 92766: (-0.03853035349967205, -0.5), 63222: (-0.10412482648356755, 0.5)}","{175075: (0.3388378855301315, 0.5), 90294: (0.33684965971989955, 0.5), 97342: (0.3359371427318629, 0.5), 190388: (0.3296321323855984, 0.5), 79699: (0.3291069228541298, 0.5)}","{'noise': 4.105707235134857, 'amp': 2.594658008010263, 'ls': 1.158389347265231}","[(0.5, 0.5)]",[]
