impression,user_id,app_version,model_version,mturk_id,status,NUM_INITIAL_RATINGS,NUM_REFINE_RATINGS,TOTAL_TRAINING_RATINGS,NUM_TEST_RATINGS,TIME_INITIAL,TIME_REFINE,TIME_TEST,random_test_predictions_ratings,good_test_predictions_ratings,hypers,redisplay_check,arbitrary_check
0,94399f0c-d673-4ef6-aac3-edb1eea0d502,7.9-agg-binmpc-vgg,2.0,AC7QPNOH2LELF,Completed,1,40,41,15,25.916539430618286,1795.7717962265015,221.9185380935669,"{138146: (-0.031368849506799426, 0.5), 112629: (-0.08488091671856948, 0.5), 186359: (0.11396685531294753, -0.5), 205325: (0.22343692705020046, -0.5), 5628: (0.04607560632615425, -0.5), 210471: (0.0605605084416921, -0.5), 42318: (-0.08080278143357195, -0.5), 292857: (0.06538153520127318, 0.5), 41985: (-0.0714675554603805, -0.5), 166795: (0.06594543251139744, 0.5)}","{82852: (0.38744148687692526, 0.5), 136278: (0.3831734852119726, 0.5), 135932: (0.38055521204295684, 0.5), 224375: (0.3792791974985249, 0.5), 184226: (0.3789823530834717, 0.5)}","{'noise': 4.105707235134857, 'amp': 2.594658008010263, 'ls': 1.158389347265231}","[(0.5, 0.5)]",[]
