impression,user_id,app_version,model_version,mturk_id,status,NUM_INITIAL_RATINGS,NUM_REFINE_RATINGS,TOTAL_TRAINING_RATINGS,NUM_TEST_RATINGS,TIME_INITIAL,TIME_REFINE,TIME_TEST,random_test_predictions_ratings,good_test_predictions_ratings,hypers,redisplay_check,arbitrary_check
0,8bb889ff-f58f-4cd4-a7a3-2c1c442f73d2,7.9-agg-binmpc-vgg,2.0,A23BPIDV7WMNHS,Completed,1,40,41,15,4.926658391952515,254.33657550811768,46.66551756858826,"{163191: (0.09721382941295362, -0.5), 21578: (0.02406438625520363, 0.5), 177367: (0.012816702907355277, 0.5), 284897: (-0.19995028512733243, -0.5), 279282: (-0.1288187792586855, -0.5), 186792: (-0.07848950661432813, -0.5), 248624: (-0.2004873452847789, -0.5), 112108: (0.008166338426053285, 0.5), 218776: (-0.041862823766264795, 0.5), 295770: (-0.07961239206714643, 0.5)}","{325773: (0.35559085478106606, 0.5), 77216: (0.3510859511974159, 0.5), 325751: (0.3506623141294975, 0.5), 92649: (0.3503100256907317, 0.5), 133476: (0.3492443855417436, 0.5)}","{'noise': 4.105707235134857, 'amp': 2.594658008010263, 'ls': 1.158389347265231}","[(0.5, 0.5)]",[]
