impression,user_id,app_version,model_version,mturk_id,status,NUM_INITIAL_RATINGS,NUM_REFINE_RATINGS,TOTAL_TRAINING_RATINGS,NUM_TEST_RATINGS,TIME_INITIAL,TIME_REFINE,TIME_TEST,random_test_predictions_ratings,good_test_predictions_ratings,hypers,redisplay_check,arbitrary_check
0,cc30ad52-46e9-417a-b7c4-f2f7183f90a3,7.9-agg-binmpc-vgg,2.0,ABVK8AWNYRRMQ,Completed,1,40,41,15,7.190609455108643,213.23773622512817,83.79422426223755,"{225264: (-0.007896132187309005, -0.5), 45982: (0.06614082806198711, 0.5), 15550: (-0.04800267967068531, -0.5), 68286: (0.14075082197221833, -0.5), 118586: (0.10244410976295765, -0.5), 16241: (-0.18539146894574565, -0.5), 102236: (-0.07760623339465476, -0.5), 299418: (0.13135764244443898, 0.5), 145225: (0.252386356668979, 0.5), 13114: (0.1945460167916358, 0.5)}","{253690: (0.41366306600424374, 0.5), 28010: (0.4123548158375888, -0.5), 124245: (0.41140158268048327, 0.5), 95505: (0.410491513906057, -0.5), 25277: (0.409943606874933, 0.5)}","{'noise': 4.105707235134857, 'amp': 2.594658008010263, 'ls': 1.158389347265231}","[(0.5, 0.5)]",[]
