impression,user_id,app_version,model_version,mturk_id,status,NUM_INITIAL_RATINGS,NUM_REFINE_RATINGS,TOTAL_TRAINING_RATINGS,NUM_TEST_RATINGS,TIME_INITIAL,TIME_REFINE,TIME_TEST,random_test_predictions_ratings,good_test_predictions_ratings,hypers,redisplay_check,arbitrary_check
0,35b7b35e-c605-4e2a-b540-dd2e624c460b,7.9-agg-binmpc-vgg,2.0,A2EQEQNOVLJQ71,Completed,1,40,41,15,25.70005774497986,942.4213349819183,302.536958694458,"{259492: (-0.029781131749053336, 0.5), 145374: (-0.011747170861332742, -0.5), 184684: (-0.01338510613792615, 0.5), 299994: (0.09161188743662269, 0.5), 22491: (0.12927144396771545, -0.5), 299106: (-0.045666428753292604, 0.5), 56743: (-0.1248574910679646, -0.5), 37968: (0.15852884274403795, 0.5), 199419: (-0.07995832024740825, 0.5), 24328: (0.08527061235768685, 0.5)}","{146353: (0.3913018236836667, -0.5), 146346: (0.38536412486264215, -0.5), 109609: (0.3837482978332261, -0.5), 146294: (0.3791111534341036, 0.5), 303100: (0.3790819171055858, 0.5)}","{'noise': 4.105707235134857, 'amp': 2.594658008010263, 'ls': 1.158389347265231}","[(-0.5, -0.5)]",[]
