impression,user_id,app_version,model_version,mturk_id,status,NUM_INITIAL_RATINGS,NUM_REFINE_RATINGS,TOTAL_TRAINING_RATINGS,NUM_TEST_RATINGS,TIME_INITIAL,TIME_REFINE,TIME_TEST,random_test_predictions_ratings,good_test_predictions_ratings,hypers,redisplay_check,arbitrary_check
0,9fda180b-abe2-4efe-8f34-afdb9867cbef,7.9-agg-binmpc-vgg,2.0,A1IODCJO3P2QXN,Completed,1,40,41,15,5.38600754737854,163.11682391166687,52.552101135253906,"{34399: (0.022682816072650883, 0.5), 135915: (0.020609997051256393, -0.5), 272012: (-0.03293046810648362, 0.5), 181288: (0.041733441548185535, 0.5), 11076: (0.05973693651762518, 0.5), 64: (0.15239912543634343, 0.5), 128892: (-0.048228729319460976, -0.5), 79815: (-0.1374908844029798, 0.5), 250447: (-0.16192900080971714, 0.5), 110204: (-0.039530118986136766, 0.5)}","{53679: (0.3025509709358277, 0.5), 17219: (0.29831640045153485, 0.5), 3112: (0.29602832622935327, 0.5), 53223: (0.2959914034301599, 0.5), 51824: (0.29592142553223194, -0.5)}","{'noise': 4.105707235134857, 'amp': 2.594658008010263, 'ls': 1.158389347265231}","[(-0.5, -0.5)]",[]
