impression,user_id,app_version,model_version,mturk_id,status,NUM_INITIAL_RATINGS,NUM_REFINE_RATINGS,TOTAL_TRAINING_RATINGS,NUM_TEST_RATINGS,TIME_INITIAL,TIME_REFINE,TIME_TEST,random_test_predictions_ratings,good_test_predictions_ratings,hypers,redisplay_check,arbitrary_check
0,606dd495-15e9-48ec-9139-b29f01f909ea,7.9-agg-binmpc-vgg,2.0,A14E0Y5HPALKZN,Completed,1,40,41,15,3.8550331592559814,155.44887137413025,45.63654947280884,"{109320: (-0.026801252576927392, 0.5), 231091: (-0.0025171532617571657, 0.5), 320083: (0.11253051743191417, 0.5), 159039: (0.26338624815471035, 0.5), 164526: (-0.004313941730779397, -0.5), 267605: (0.1363079314367342, -0.5), 107170: (-0.2845892986752088, 0.5), 129969: (-0.16024559907881314, 0.5), 297053: (0.3071745751968717, -0.5), 145310: (0.14227144336980277, 0.5)}","{99060: (0.44945596258033, 0.5), 9396: (0.4465652256781095, 0.5), 208443: (0.4432064783284646, 0.5), 218089: (0.43878084964240804, 0.5), 955: (0.4385510750719156, -0.5)}","{'noise': 4.105707235134857, 'amp': 2.594658008010263, 'ls': 1.158389347265231}","[(0.5, 0.5)]",[]
