impression,user_id,app_version,model_version,mturk_id,status,NUM_INITIAL_RATINGS,NUM_REFINE_RATINGS,TOTAL_TRAINING_RATINGS,NUM_TEST_RATINGS,TIME_INITIAL,TIME_REFINE,TIME_TEST,random_test_predictions_ratings,good_test_predictions_ratings,hypers,redisplay_check,arbitrary_check
0,f1339684-3b10-451b-bf1c-c0ba5e5f1c8d,7.9-agg-binmpc-vgg,2.0,AS0REDD6MMWQG,Completed,1,40,41,15,9.000145435333252,353.0755488872528,110.65328049659729,"{201861: (0.021350312744318915, -0.5), 246496: (0.13696941141677108, -0.5), 206401: (-0.08390661062881208, -0.5), 215139: (-0.07388992310823086, -0.5), 59696: (-0.0031256456085865247, -0.5), 259903: (0.07073151128454848, -0.5), 267378: (-0.10453632414831432, -0.5), 219533: (0.025133352423828498, 0.5), 136742: (0.10266223405384645, 0.5), 37688: (-0.1904088409444593, 0.5)}","{278768: (0.23285667618151512, 0.5), 166320: (0.2280557490056443, -0.5), 175925: (0.22560653754624552, 0.5), 169513: (0.22543974397867586, -0.5), 166090: (0.22514867078591635, 0.5)}","{'noise': 4.105707235134857, 'amp': 2.594658008010263, 'ls': 1.158389347265231}","[(0.5, -0.5)]",[]
