impression,user_id,app_version,model_version,mturk_id,status,NUM_INITIAL_RATINGS,NUM_REFINE_RATINGS,TOTAL_TRAINING_RATINGS,NUM_TEST_RATINGS,TIME_INITIAL,TIME_REFINE,TIME_TEST,random_test_predictions_ratings,good_test_predictions_ratings,hypers,redisplay_check,arbitrary_check
0,05139837-c055-4610-ab07-f7285137b310,7.9-agg-binmpc-vgg,2.0,A3QNV0P3W7ZOAX,Completed,1,40,41,15,6.301178455352783,221.12656354904175,62.493077754974365,"{257251: (-0.10619929187784169, 0.5), 1381: (-0.18025810266800468, -0.5), 237028: (-0.14195547092390326, -0.5), 200284: (0.31467283306376415, 0.5), 132718: (0.0413461355951602, -0.5), 297286: (0.013725265742581934, 0.5), 222275: (-0.009990345913583387, 0.5), 8856: (0.34806157259729054, 0.5), 52773: (0.06469527188851895, 0.5), 314713: (0.10831762874791157, 0.5)}","{99595: (0.4295007110785262, 0.5), 297706: (0.4267094975282697, 0.5), 113863: (0.42446883124954704, 0.5), 261296: (0.42030161077232486, 0.5), 156110: (0.420202054728369, 0.5)}","{'noise': 4.105707235134857, 'amp': 2.594658008010263, 'ls': 1.158389347265231}","[(-0.5, 0.5)]",[]
