impression,user_id,app_version,model_version,mturk_id,status,NUM_INITIAL_RATINGS,NUM_REFINE_RATINGS,TOTAL_TRAINING_RATINGS,NUM_TEST_RATINGS,TIME_INITIAL,TIME_REFINE,TIME_TEST,random_test_predictions_ratings,good_test_predictions_ratings,hypers,redisplay_check,arbitrary_check
0,e3fa948c-579a-468c-ba96-090c430051fe,7.9-agg-binmpc-vgg,2.0,A3VTOJCSGEWY3X,Completed,1,40,41,15,5.327236890792847,185.45208263397217,62.55815267562866,"{14118: (-0.12426138218770368, -0.5), 254736: (0.20312622282144105, 0.5), 79628: (-0.008523705655266937, 0.5), 57148: (0.020715146857640473, 0.5), 205031: (-0.08844330730675813, -0.5), 109576: (-0.0709157485945287, -0.5), 248634: (-0.13349469315326573, -0.5), 100007: (0.20770363127195235, 0.5), 83932: (-0.06836626203856955, -0.5), 259704: (-0.004959620102865655, -0.5)}","{102920: (0.31249516323370174, 0.5), 80651: (0.30675531213139623, 0.5), 27969: (0.3066213623501337, 0.5), 4523: (0.3057784188121935, 0.5), 167008: (0.3046691258926714, 0.5)}","{'noise': 4.105707235134857, 'amp': 2.594658008010263, 'ls': 1.158389347265231}","[(0.5, 0.5)]",[]
