impression,user_id,app_version,model_version,mturk_id,status,NUM_INITIAL_RATINGS,NUM_REFINE_RATINGS,TOTAL_TRAINING_RATINGS,NUM_TEST_RATINGS,TIME_INITIAL,TIME_REFINE,TIME_TEST,random_test_predictions_ratings,good_test_predictions_ratings,hypers,redisplay_check,arbitrary_check
0,840fbb91-1f7b-44d9-9e19-6541749c0fbb,7.9-agg-binmpc-vgg,2.0,A3V0H1DKNF9SUJ,Completed,1,40,41,15,5.259912490844727,248.57025718688965,70.28739786148071,"{248303: (-0.1831015971019628, 0.5), 84383: (-0.131194981520963, -0.5), 234130: (-0.22962265065465323, -0.5), 182475: (-0.3538713102883593, -0.5), 1080: (-0.23276867447290156, 0.5), 234494: (-0.13402290018516785, 0.5), 208993: (-0.18480965586582127, -0.5), 106867: (-0.2417323753169487, -0.5), 201493: (-0.20794993275891366, -0.5), 119614: (0.14501282967698176, 0.5)}","{306451: (0.37885994012184676, 0.5), 77362: (0.3779617218776805, 0.5), 130692: (0.37273457265477217, 0.5), 237612: (0.3690405285979633, -0.5), 315804: (0.3677165911793824, 0.5)}","{'noise': 4.105707235134857, 'amp': 2.594658008010263, 'ls': 1.158389347265231}","[(0.5, 0.5)]",[]
