impression,user_id,app_version,model_version,mturk_id,status,NUM_INITIAL_RATINGS,NUM_REFINE_RATINGS,TOTAL_TRAINING_RATINGS,NUM_TEST_RATINGS,TIME_INITIAL,TIME_REFINE,TIME_TEST,random_test_predictions_ratings,good_test_predictions_ratings,hypers,redisplay_check,arbitrary_check
0,50f66677-142d-4e72-bb5c-2521288c175f,7.9-agg-binmpc-vgg,2.0,A3TMVAECAVF9X5,Completed,1,40,41,15,10.652635097503662,363.87421226501465,135.0981912612915,"{87489: (-0.23997970148764924, -0.5), 223843: (0.04266400512926003, 0.5), 76030: (-0.11079062551237644, -0.5), 44868: (0.057481077911446146, 0.5), 193812: (-0.08888369347731442, 0.5), 136988: (0.17834435872108442, 0.5), 97667: (0.1986437854631059, 0.5), 286866: (0.10759372143800418, 0.5), 216294: (0.07696233764770996, -0.5), 312370: (-0.01920474508794312, 0.5)}","{267879: (0.3952802172707528, 0.5), 76886: (0.3926502557998762, 0.5), 158770: (0.39156748919456175, 0.5), 43053: (0.3915314320907911, 0.5), 42756: (0.39002864302115126, 0.5)}","{'noise': 4.105707235134857, 'amp': 2.594658008010263, 'ls': 1.158389347265231}","[(0.5, 0.5)]",[]
