impression,user_id,app_version,model_version,mturk_id,status,NUM_INITIAL_RATINGS,NUM_REFINE_RATINGS,TOTAL_TRAINING_RATINGS,NUM_TEST_RATINGS,TIME_INITIAL,TIME_REFINE,TIME_TEST,random_test_predictions_ratings,good_test_predictions_ratings,hypers,redisplay_check,arbitrary_check
0,55743d6a-1314-47db-aee1-a6456d955315,7.9-agg-binmpc-vgg,2.0,A24G8GL5FX1KAW,Completed,1,40,41,15,2.654029369354248,88.07567715644836,36.446940898895264,"{178302: (-2.079131394978201e-05, -0.5), 199902: (0.006284835726806159, -0.5), 68146: (-0.0711502675895209, 0.5), 19116: (0.14947329061282305, 0.5), 22571: (0.1992753732567547, 0.5), 86432: (0.011975532311402193, 0.5), 25732: (-0.039961403826288516, 0.5), 277810: (0.09771223636126669, 0.5), 48067: (0.1342714084601109, 0.5), 280556: (-0.10860978782136887, 0.5)}","{330246: (0.2943831895679891, -0.5), 270557: (0.29305513691812, 0.5), 270767: (0.292261959148043, 0.5), 262079: (0.2885080357355079, 0.5), 330239: (0.28452460751549935, -0.5)}","{'noise': 4.105707235134857, 'amp': 2.594658008010263, 'ls': 1.158389347265231}","[(-0.5, 0.5)]",[]
