impression,user_id,app_version,model_version,mturk_id,status,NUM_INITIAL_RATINGS,NUM_REFINE_RATINGS,TOTAL_TRAINING_RATINGS,NUM_TEST_RATINGS,TIME_INITIAL,TIME_REFINE,TIME_TEST,random_test_predictions_ratings,good_test_predictions_ratings,hypers,redisplay_check,arbitrary_check
0,555264d3-6461-4980-8380-e8c569de6b69,7.9-agg-binmpc-vgg,2.0,A1KN5CEN4GQ3E8,Completed,1,40,41,15,6.994431018829346,205.6799178123474,47.85705351829529,"{289851: (-0.10567795678295663, 0.5), 300382: (0.05851672208576057, 0.5), 166206: (-0.0827190453430795, -0.5), 83498: (-0.032082770146891953, 0.5), 322283: (0.03757324258828463, 0.5), 126764: (0.002925155488402904, 0.5), 101143: (-0.08979374848399391, -0.5), 24176: (-0.031747026747569754, -0.5), 289126: (-0.02033401960374584, -0.5), 114502: (0.085540853378489, 0.5)}","{16417: (0.21828060440162708, 0.5), 246799: (0.21245684089816919, 0.5), 117183: (0.21103414925155595, 0.5), 165579: (0.21064405598292987, -0.5), 116842: (0.2103518903214498, 0.5)}","{'noise': 4.105707235134857, 'amp': 2.594658008010263, 'ls': 1.158389347265231}","[(0.5, 0.5)]",[]
