impression,user_id,app_version,model_version,mturk_id,status,NUM_INITIAL_RATINGS,NUM_REFINE_RATINGS,TOTAL_TRAINING_RATINGS,NUM_TEST_RATINGS,TIME_INITIAL,TIME_REFINE,TIME_TEST,random_test_predictions_ratings,good_test_predictions_ratings,hypers,redisplay_check,arbitrary_check
0,2ab84e18-b5cf-4cbb-8159-b12d1e8122be,7.9-agg-binmpc-vgg,2.0,A2HOEI5M6G883O,Completed,1,40,41,15,7.14589262008667,227.4840064048767,86.78100442886353,"{72914: (0.06683795425581787, 0.5), 82401: (0.055144208013898875, 0.5), 328666: (0.11961779807467858, 0.5), 75069: (0.014358472676624462, 0.5), 195378: (0.11998224089029036, 0.5), 192249: (-0.294396683330571, -0.5), 312275: (-0.1657141057906435, -0.5), 91238: (-0.03273312251376271, 0.5), 168987: (0.2355577160321658, 0.5), 188865: (-0.06873888179824023, -0.5)}","{225197: (0.44737382250953917, 0.5), 121250: (0.4439304340518616, 0.5), 109086: (0.4428792770837082, 0.5), 305310: (0.4401633818095998, 0.5), 319165: (0.43943092333998257, 0.5)}","{'noise': 4.105707235134857, 'amp': 2.594658008010263, 'ls': 1.158389347265231}","[(0.5, 0.5)]",[]
