impression,user_id,app_version,model_version,mturk_id,status,NUM_INITIAL_RATINGS,NUM_REFINE_RATINGS,TOTAL_TRAINING_RATINGS,NUM_TEST_RATINGS,TIME_INITIAL,TIME_REFINE,TIME_TEST,random_test_predictions_ratings,good_test_predictions_ratings,hypers,redisplay_check,arbitrary_check
0,ad2677d9-798c-4c2a-acbf-342c7a8d4872,7.9-agg-binmpc-vgg,2.0,A3TZSQ79JL46JN,Completed,1,40,41,15,6.793795347213745,509.8280804157257,122.20105481147766,"{51528: (-0.13115037091080253, -0.5), 293523: (-0.1932151362192041, 0.5), 265041: (-0.025906975692554943, -0.5), 264858: (-0.1284146320271025, -0.5), 56642: (-0.07980387484486914, -0.5), 212420: (0.2405255942355184, -0.5), 92274: (-0.17251680484329845, -0.5), 270455: (0.05517282691916642, -0.5), 179510: (-0.07860383383675294, 0.5), 214596: (-0.09596485810937111, 0.5)}","{210255: (0.35153949391242406, 0.5), 121780: (0.34836218141873493, -0.5), 327622: (0.34808736078233066, -0.5), 68088: (0.345521276309085, 0.5), 15455: (0.3449481817142909, 0.5)}","{'noise': 4.105707235134857, 'amp': 2.594658008010263, 'ls': 1.158389347265231}","[(-0.5, -0.5)]",[]
