impression,user_id,app_version,model_version,mturk_id,status,NUM_INITIAL_RATINGS,NUM_REFINE_RATINGS,TOTAL_TRAINING_RATINGS,NUM_TEST_RATINGS,TIME_INITIAL,TIME_REFINE,TIME_TEST,random_test_predictions_ratings,good_test_predictions_ratings,hypers,redisplay_check,arbitrary_check
0,9653dfd9-8606-406d-9d33-7e4b35f1bd68,7.9-agg-binmpc-vgg,2.0,A6OS6YO0XH58S,Completed,1,40,41,15,5.633743524551392,180.97946310043335,51.18997645378113,"{328009: (0.14151183336044487, 0.5), 183081: (0.005450356084242242, 0.5), 298517: (0.11413327549273741, 0.5), 240630: (0.021888139402559306, 0.5), 109605: (0.1326835814640056, 0.5), 120541: (0.1344643013332297, 0.5), 142498: (-0.18752253912051517, -0.5), 7941: (0.14936074421029033, 0.5), 320904: (-0.2134788981000319, -0.5), 77824: (0.07192683849097413, 0.5)}","{109938: (0.3326955419980786, 0.5), 43220: (0.33138408087079585, -0.5), 263954: (0.32832515735016854, 0.5), 159658: (0.3268764295657012, -0.5), 260312: (0.3260906650689364, 0.5)}","{'noise': 4.105707235134857, 'amp': 2.594658008010263, 'ls': 1.158389347265231}","[(0.5, 0.5)]",[]
