impression,user_id,app_version,model_version,mturk_id,status,NUM_INITIAL_RATINGS,NUM_REFINE_RATINGS,TOTAL_TRAINING_RATINGS,NUM_TEST_RATINGS,TIME_INITIAL,TIME_REFINE,TIME_TEST,random_test_predictions_ratings,good_test_predictions_ratings,hypers,redisplay_check,arbitrary_check
0,c81169a1-2a40-4f35-be5e-e1f4bde66d6b,7.9-agg-binmpc-vgg,2.0,A186DC3ZYPQGE2,Completed,1,40,41,15,5.469372034072876,191.52525854110718,60.60001516342163,"{138408: (0.011227622073071035, -0.5), 7732: (-0.08426483074230179, 0.5), 40776: (-0.009318755126364868, -0.5), 135422: (-0.013212464647048193, -0.5), 35051: (-0.06900310917523127, 0.5), 169853: (0.021832677818256645, -0.5), 311986: (-0.13604334570107823, -0.5), 297813: (-0.01614435356489543, -0.5), 282438: (-0.10712982875912735, -0.5), 291017: (-0.02659787098230277, -0.5)}","{269171: (0.2457111627793089, 0.5), 210791: (0.23129616148606685, 0.5), 277621: (0.22967782105530363, 0.5), 167290: (0.22956194538824315, 0.5), 29120: (0.22768516982644418, -0.5)}","{'noise': 4.105707235134857, 'amp': 2.594658008010263, 'ls': 1.158389347265231}","[(-0.5, -0.5)]",[]
