impression,user_id,app_version,model_version,mturk_id,status,NUM_INITIAL_RATINGS,NUM_REFINE_RATINGS,TOTAL_TRAINING_RATINGS,NUM_TEST_RATINGS,TIME_INITIAL,TIME_REFINE,TIME_TEST,random_test_predictions_ratings,good_test_predictions_ratings,hypers,redisplay_check,arbitrary_check
0,87638b77-c692-45d1-8337-bc534fb154d9,6.8-mpc_fixed_og_new_priors,2.0,ARN8MH7YKZKAZ,Completed,1,40,41,15,12.906559228897095,261.37491154670715,59.83761286735535,"{79880: (-0.5266658060001945, -0.5), 34666: (0.04126671726995615, 0.5), 126582: (-1.0314878860193444, -0.5), 226450: (0.06189802263659118, 0.0), 258580: (-0.04882157935081387, 0.5), 310984: (-0.632450449067246, 0.0), 298507: (-0.016261434755658485, 0.5), 298544: (-0.09843968849151269, -0.5), 80874: (-0.42280563871862664, -0.5), 297540: (-0.5673780680004311, 0.5)}","{221678: (1.1391019474960866, 1.0), 22785: (1.1348991878692012, 0.0), 261719: (1.1279295855406808, 1.0), 27801: (1.127349374475451, 0.5), 301121: (1.1228503999199955, 0.5)}","{'noise': 0.17555019781452322, 'amp': 0.47319360737481075, 'ls': 1.0834115833600144}","[(0.0, 0.0)]",[]
