impression,user_id,app_version,model_version,mturk_id,status,NUM_INITIAL_RATINGS,NUM_REFINE_RATINGS,TOTAL_TRAINING_RATINGS,NUM_TEST_RATINGS,TIME_INITIAL,TIME_REFINE,TIME_TEST,random_test_predictions_ratings,good_test_predictions_ratings,hypers,redisplay_check,arbitrary_check
0,0b3860d9-cd64-4f83-9599-0d3efff6e34a,6.8-mpc_fixed_og_new_priors,2.0,A2Y7L7R5UTQ5R2,Completed,1,40,41,15,6.732532739639282,273.4893653392792,92.9841833114624,"{305121: (0.26632774354122934, 1.0), 72843: (-0.32986913499362724, 1.0), 121721: (-0.3941467852730548, 1.0), 299344: (-0.6127257509056112, -1.0), 198854: (0.0329677601555196, 0.5), 290864: (0.40352936922810184, 1.0), 16574: (0.191956450982376, -1.0), 74051: (-0.13550120867744972, 1.0), 121774: (-0.6834379580125259, -1.0), 179058: (-0.629868903716372, 0.0)}","{10168: (1.4782505117043256, 1.0), 171802: (1.4741019594341829, 1.0), 325785: (1.4587219337433175, 0.5), 162547: (1.4572606767124858, 1.0), 20687: (1.4469894974345208, -1.0)}","{'noise': 0.2014294779890956, 'amp': 0.9945579000293422, 'ls': 0.8124043263494791}","[(1.0, 1.0)]",[]
