impression,user_id,app_version,model_version,mturk_id,status,NUM_INITIAL_RATINGS,NUM_REFINE_RATINGS,TOTAL_TRAINING_RATINGS,NUM_TEST_RATINGS,TIME_INITIAL,TIME_REFINE,TIME_TEST,random_test_predictions_ratings,good_test_predictions_ratings,hypers,redisplay_check,arbitrary_check
0,31b79c9f-bf3a-43da-90ca-681656099507,6.8-mpc_fixed_og_new_priors,2.0,A13MAWPV4T44I2,Completed,1,40,41,15,6.97945237159729,278.1173198223114,54.889896392822266,"{256493: (-0.05311851116272265, -0.5), 151130: (-0.08293274052796198, -0.5), 37500: (-0.11769002453162575, -0.5), 140182: (0.014315433735483253, -0.5), 196205: (0.2015834496019025, -1.0), 190691: (0.03922489327164931, -1.0), 90581: (-0.0003068555817982029, -1.0), 265966: (-0.0592568656863692, -1.0), 241067: (0.05946190300584272, -0.5), 97566: (0.21658005095755872, -1.0)}","{71682: (0.8528938668763415, 0.0), 159079: (0.8503198947068958, -1.0), 122485: (0.8348270592915766, -1.0), 106197: (0.7556896272869674, -0.5), 106483: (0.7519295033051531, -0.5)}","{'noise': 0.19496209646734833, 'amp': 0.749365078734497, 'ls': 0.5994893888520441}","[(-0.5, -1.0)]",[]
