impression,user_id,app_version,model_version,mturk_id,status,NUM_INITIAL_RATINGS,NUM_REFINE_RATINGS,TOTAL_TRAINING_RATINGS,NUM_TEST_RATINGS,TIME_INITIAL,TIME_REFINE,TIME_TEST,random_test_predictions_ratings,good_test_predictions_ratings,hypers,redisplay_check,arbitrary_check
0,7dfb8da7-1b34-4600-a700-f7896b4218ae,6.8-mpc_fixed_og_new_priors,2.0,A3IJ76H1FTEEHH,Completed,1,40,41,15,4.199674367904663,200.59398913383484,93.85943007469177,"{54458: (-0.09887047964160266, 0.5), 248643: (-0.5545586223350492, -0.5), 230157: (0.9277779198987671, 0.5), 33473: (0.5683628858857463, 0.5), 81407: (-0.7408230603397912, 0.5), 229340: (0.7386734812777574, 0.0), 24586: (0.808377336402158, 1.0), 208811: (0.6617667596172475, 0.0), 81252: (0.6667329230115143, 1.0), 229750: (-0.3363471457085765, -0.5)}","{94254: (1.528237941520198, 0.0), 265869: (1.5088534356881103, 1.0), 216668: (1.478299374419085, 0.5), 94029: (1.4704007795312817, 0.5), 12833: (1.465962106421956, -0.5)}","{'noise': 0.19991786123319874, 'amp': 0.7956024612307918, 'ls': 0.8751679781899592}","[(0.5, 0.5)]",[]
