impression,user_id,app_version,model_version,mturk_id,status,NUM_INITIAL_RATINGS,NUM_REFINE_RATINGS,TOTAL_TRAINING_RATINGS,NUM_TEST_RATINGS,TIME_INITIAL,TIME_REFINE,TIME_TEST,random_test_predictions_ratings,good_test_predictions_ratings,hypers,redisplay_check,arbitrary_check
0,5fe254a9-c1c8-445e-911c-d8e66b35822c,6.8-mpc_fixed_og_new_priors,2.0,A3C5KFPIBYOQVX,Completed,1,40,41,15,4.472506999969482,208.63422989845276,74.00755548477173,"{165425: (0.39774637140750874, 1.0), 72167: (-0.1272254816900148, -0.5), 251545: (-0.21451454349371724, -0.5), 208324: (-0.028772391536861848, -0.5), 153454: (1.0704933590327812, 1.0), 271142: (0.2996067456595983, 1.0), 218757: (0.6414453239222049, 0.5), 159569: (0.8375815090352586, 1.0), 138998: (0.7453762498077813, 1.0), 151458: (0.07627813903375807, 0.0)}","{104731: (1.748252519171817, 1.0), 329778: (1.746512543038386, 1.0), 221530: (1.7098099735633308, 1.0), 278764: (1.7076463723473734, 1.0), 41167: (1.7024545249652552, 1.0)}","{'noise': 0.3386638017824296, 'amp': 0.787046289755097, 'ls': 1.2108973226056108}","[(1.0, 1.0)]",[]
