impression,user_id,app_version,model_version,mturk_id,status,NUM_INITIAL_RATINGS,NUM_REFINE_RATINGS,TOTAL_TRAINING_RATINGS,NUM_TEST_RATINGS,TIME_INITIAL,TIME_REFINE,TIME_TEST,random_test_predictions_ratings,good_test_predictions_ratings,hypers,redisplay_check,arbitrary_check
0,3cc90579-e84c-4d60-9e83-4581e2533735,6.8-mpc_fixed_og_new_priors,2.0,A10MMKNAZMBTEI,Completed,1,40,41,15,6.875322103500366,159.3166000843048,137.9924831390381,"{108253: (0.04782595483111071, 1.0), 262406: (-0.3731327788770985, -1.0), 227822: (-0.0036574253124791282, 0.5), 194760: (0.13990180184609677, 0.5), 99750: (0.22350255219445458, -0.5), 30167: (0.05909106359766089, 1.0), 93151: (-0.15893453153400136, 1.0), 45012: (0.013802832796946586, 1.0), 64313: (0.2115095090253435, 1.0), 213747: (-0.26511575111482, -0.5)}","{174790: (1.1280647217681605, 0.5), 81657: (1.1090169381318407, 0.0), 153887: (1.1006062320536563, 0.5), 269065: (1.0949850065847047, -0.5), 327438: (1.093496989151449, -0.5)}","{'noise': 0.19090908980019064, 'amp': 0.6249754661958695, 'ls': 0.8373742650617471}","[(-0.5, 0.5)]",[]
