impression,user_id,app_version,model_version,mturk_id,status,NUM_INITIAL_RATINGS,NUM_REFINE_RATINGS,TOTAL_TRAINING_RATINGS,NUM_TEST_RATINGS,TIME_INITIAL,TIME_REFINE,TIME_TEST,random_test_predictions_ratings,good_test_predictions_ratings,hypers,redisplay_check,arbitrary_check
0,50e865ed-35ef-49e6-9d37-3d0a8ad619b9,6.8-mpc_fixed_og_new_priors,2.0,AS4NIEQJWCG3M,Completed,1,40,41,15,17.07358694076538,94.7754442691803,29.349988222122192,"{114367: (-0.22519959644206347, -0.5), 255962: (0.02423838332694347, 0.0), 221488: (0.16944028938202, 0.5), 319320: (-0.22074515953899518, 0.5), 84602: (-0.17999555880731358, -0.5), 59507: (0.19147930708791336, -0.5), 23227: (0.5257941407917425, -0.5), 3168: (-0.05584266220569577, -0.5), 34032: (-0.20011909855162416, 0.0), 10247: (0.26009944813091057, 0.0)}","{116045: (0.9555185832852725, 0.5), 243002: (0.9518518941185157, 0.5), 243188: (0.9480344909683033, 1.0), 93336: (0.9408666170868463, 0.5), 127556: (0.9401397437691895, 0.5)}","{'noise': 0.25840473015938004, 'amp': 0.4658910285004638, 'ls': 0.937595211074759}","[(0.0, 0.5)]",[]
