impression,user_id,app_version,model_version,mturk_id,status,NUM_INITIAL_RATINGS,NUM_REFINE_RATINGS,TOTAL_TRAINING_RATINGS,NUM_TEST_RATINGS,TIME_INITIAL,TIME_REFINE,TIME_TEST,random_test_predictions_ratings,good_test_predictions_ratings,hypers,redisplay_check,arbitrary_check
0,8a04452e-59b7-42fe-b0fd-ddc47d868b77,6.8-mpc_fixed_og_new_priors,2.0,A2MDFKOD2G3R4D,Completed,1,40,41,15,7.989991188049316,316.9954514503479,92.83798170089722,"{14829: (-0.2732539072754751, -0.5), 306396: (0.29204414437934484, 0.5), 326765: (0.6668955085165365, 0.5), 228791: (0.3586133809069491, 0.5), 119659: (-0.6696969254725841, -0.5), 12223: (-0.24027722297842458, -0.5), 32066: (-0.1531151819714878, -0.5), 175429: (0.7283336510916709, 0.5), 143899: (-0.4755248045051007, 0.5), 73874: (0.10751551596751659, 0.5)}","{29124: (1.2611350008436875, 0.5), 278197: (1.261114456484102, 0.5), 278032: (1.2567280664429095, 0.5), 65972: (1.2528956810346652, 0.5), 290449: (1.2523344768017959, 0.5)}","{'noise': 0.18617045935683962, 'amp': 0.5536018756322385, 'ls': 1.1779607463491377}","[(0.5, 0.5)]",[]
