impression,user_id,app_version,model_version,mturk_id,status,NUM_INITIAL_RATINGS,NUM_REFINE_RATINGS,TOTAL_TRAINING_RATINGS,NUM_TEST_RATINGS,TIME_INITIAL,TIME_REFINE,TIME_TEST,random_test_predictions_ratings,good_test_predictions_ratings,hypers,redisplay_check,arbitrary_check
0,fcf68967-504e-4e18-8c18-282265c2bea6,6.8-mpc_fixed_og_new_priors,2.0,A2B9OD2O9CJNC0,Completed,1,40,41,15,9.608044147491455,230.65471959114075,93.32983875274658,"{187684: (0.03075360234765151, -0.5), 245890: (0.08515212963458345, -0.5), 9899: (0.06941156251747133, -0.5), 297606: (-0.001945761598951861, 0.5), 173266: (0.08853345995300746, 0.5), 187310: (0.022733299248289502, 0.5), 308182: (-0.13824849915205345, 1.0), 49911: (-0.013991956929313903, 0.5), 36444: (0.1226696920168449, 0.5), 187494: (-0.27915241356420956, 1.0)}","{29736: (0.8562591286537085, 0.5), 247026: (0.8012897909836211, -0.5), 30078: (0.789156265553387, 0.0), 196966: (0.7867785640116594, -0.5), 25302: (0.7836003087199453, -0.5)}","{'noise': 0.1931774179048827, 'amp': 0.6936229411299581, 'ls': 0.5854098326449347}","[(1.0, -0.5)]",[]
