impression,user_id,app_version,model_version,mturk_id,status,NUM_INITIAL_RATINGS,NUM_REFINE_RATINGS,TOTAL_TRAINING_RATINGS,NUM_TEST_RATINGS,TIME_INITIAL,TIME_REFINE,TIME_TEST,random_test_predictions_ratings,good_test_predictions_ratings,hypers,redisplay_check,arbitrary_check
0,29c8436b-9e68-4636-86f4-593acac598df,6.8-mpc_fixed_og_new_priors,2.0,A1969Q0R4Y0E3J,Completed,1,40,41,15,4.802753925323486,184.8731231689453,65.69771265983582,"{285222: (0.0926500968217926, 1.0), 173315: (0.06225215282569121, -1.0), 38361: (0.3087203055062816, 1.0), 258320: (-0.2470463093393419, -1.0), 142307: (-0.25086615640043514, -0.5), 192489: (-0.160893925458366, -1.0), 101910: (0.1350474476038983, -0.5), 251343: (0.05978516422069588, 0.5), 217852: (0.01779487686432526, -1.0), 275672: (-0.07980211955821348, -1.0)}","{86367: (1.001084565512299, 1.0), 228851: (0.9886775341275373, 1.0), 239230: (0.9808787424115615, 1.0), 191291: (0.9790713461313446, 1.0), 61722: (0.9711677529430377, 1.0)}","{'noise': 0.19870127423489164, 'amp': 0.9030778840146242, 'ls': 0.7267458688440637}","[(1.0, 1.0)]",[]
