impression,user_id,app_version,model_version,mturk_id,status,NUM_INITIAL_RATINGS,NUM_REFINE_RATINGS,TOTAL_TRAINING_RATINGS,NUM_TEST_RATINGS,TIME_INITIAL,TIME_REFINE,TIME_TEST,random_test_predictions_ratings,good_test_predictions_ratings,hypers,redisplay_check,arbitrary_check
0,b91d24dd-5a58-4cb0-9574-5c6c46ebd783,6.8-mpc_fixed_og_new_priors,2.0,A2SY0XL28MLUTW,Completed,1,40,41,15,7.258861541748047,209.02115559577942,71.2877631187439,"{224706: (-0.1273103910152324, 0.0), 311362: (0.06666175726659107, -0.5), 233874: (-0.310385911742455, -0.5), 52897: (0.6103007300532641, 1.0), 135425: (0.49919987710785224, 0.5), 143577: (0.2562509108839236, 0.5), 215191: (-0.34302335517424626, 0.5), 21092: (0.2657268556633321, 0.0), 294820: (0.1656328936186274, 0.5), 265886: (0.043225221617457614, 0.0)}","{267906: (1.1020420496599364, 1.0), 268015: (1.0982234709206287, 1.0), 267714: (1.0974858247049342, 1.0), 196491: (1.081890723055598, 1.0), 268046: (1.0785158268764419, 0.5)}","{'noise': 0.21039986732562205, 'amp': 0.6023248124723991, 'ls': 0.9191707427493938}","[(1.0, 1.0)]",[]
