impression,user_id,app_version,model_version,mturk_id,status,NUM_INITIAL_RATINGS,NUM_REFINE_RATINGS,TOTAL_TRAINING_RATINGS,NUM_TEST_RATINGS,TIME_INITIAL,TIME_REFINE,TIME_TEST,random_test_predictions_ratings,good_test_predictions_ratings,hypers,redisplay_check,arbitrary_check
0,8211414c-f130-4ea9-a5c0-ab49eacafb20,6.8-mpc_fixed_og_new_priors,2.0,A23Z8G9ARHNM96,Completed,1,40,41,15,4.276112079620361,796.0907187461853,164.82978868484497,"{292110: (0.23964122596053122, 0.5), 285459: (0.2096462122379672, 1.0), 315267: (-1.4154806694376862, -0.5), 329254: (0.9028322829969876, 1.0), 121735: (-0.14061342545634306, 0.5), 287301: (-0.0240742475301675, 0.0), 65010: (0.7815177164165684, -1.0), 303793: (0.8045236725098907, 1.0), 164600: (0.7383910949730395, -0.5), 267386: (-0.8643598463531934, -0.5)}","{219706: (1.7795980980708406, 1.0), 97825: (1.7742295650288709, 1.0), 53951: (1.758475776913818, 1.0), 191547: (1.7507550502211962, 1.0), 53978: (1.7393761412293498, 1.0)}","{'noise': 0.21110280245736923, 'amp': 0.8544292133075222, 'ls': 1.0575247799311394}","[(1.0, 1.0)]",[]
