impression,user_id,app_version,model_version,mturk_id,status,NUM_INITIAL_RATINGS,NUM_REFINE_RATINGS,TOTAL_TRAINING_RATINGS,NUM_TEST_RATINGS,TIME_INITIAL,TIME_REFINE,TIME_TEST,random_test_predictions_ratings,good_test_predictions_ratings,hypers,redisplay_check,arbitrary_check
0,eb6e371b-48d1-4833-8b56-bb6226b45709,6.8-mpc_fixed_og_new_priors,2.0,A1VBP1RMKGUXB,Completed,1,40,41,15,14.289612293243408,288.2699658870697,76.10529470443726,"{139256: (0.23512305033269262, -1.0), 76963: (0.32967071722944835, 0.5), 290023: (-0.3172085992916451, -0.5), 142902: (0.0009331492991985837, 1.0), 259749: (0.3359351594252343, 1.0), 104298: (-0.13434672623700708, 1.0), 126799: (-0.3878314564671856, 1.0), 145142: (-0.12506194942648516, 0.5), 304631: (-0.18453405298161074, 0.5), 330224: (-0.07169622061595092, 1.0)}","{232823: (0.9191374281939685, -0.5), 143760: (0.9114978305822585, 1.0), 90745: (0.906180012558191, 1.0), 90846: (0.9004805213556497, 0.5), 79712: (0.8908356258996415, 1.0)}","{'noise': 0.19579398025234485, 'amp': 0.8131157961419362, 'ls': 0.7004802040054937}","[(-1.0, -1.0)]",[]
