impression,user_id,app_version,model_version,mturk_id,status,NUM_INITIAL_RATINGS,NUM_REFINE_RATINGS,TOTAL_TRAINING_RATINGS,NUM_TEST_RATINGS,TIME_INITIAL,TIME_REFINE,TIME_TEST,random_test_predictions_ratings,good_test_predictions_ratings,hypers,redisplay_check,arbitrary_check
0,e69b67f6-9326-42c5-aea1-a28e57e05cea,6.8-mpc_fixed_og_new_priors,2.0,A345VDWYMDWTGD,Completed,1,40,41,15,34.28685784339905,157.95209789276123,87.64747047424316,"{273127: (-0.739841937592576, -1.0), 290544: (-0.02904439036788911, 0.5), 285741: (0.4348037861573876, 1.0), 86032: (0.36861502107457356, 1.0), 160729: (-0.1567560507188546, -0.5), 24690: (0.7464031162438745, 1.0), 226800: (-0.015057138332279618, -1.0), 239227: (0.016188622267978084, -1.0), 76438: (-0.1963175183496797, 0.0), 83073: (-0.07178221706883843, -0.5)}","{28925: (1.2770527791131994, 1.0), 248995: (1.2745391402205941, 1.0), 49930: (1.2731433405331891, 1.0), 108476: (1.245697944048704, 0.5), 263126: (1.2424048232684433, 1.0)}","{'noise': 0.19662657958098223, 'amp': 0.766521860517176, 'ls': 0.8849369787590327}","[(1.0, 1.0)]",[]
