impression,user_id,app_version,model_version,mturk_id,status,NUM_INITIAL_RATINGS,NUM_REFINE_RATINGS,TOTAL_TRAINING_RATINGS,NUM_TEST_RATINGS,TIME_INITIAL,TIME_REFINE,TIME_TEST,random_test_predictions_ratings,good_test_predictions_ratings,hypers,redisplay_check,arbitrary_check
0,8065f0de-4261-4724-b5c2-065430282eb1,6.8-mpc_fixed_og_new_priors,2.0,AM7FYVGVOEP66,Completed,1,40,41,15,5.044478893280029,192.4304485321045,53.75582790374756,"{191591: (-0.002255768941493813, 0.5), 62306: (0.060769393601001524, 0.0), 105738: (-0.45685833180056257, -0.5), 96877: (-0.09958548663047126, -0.5), 99423: (-0.320694464515257, -0.5), 92468: (-0.4824210804127787, 0.5), 146101: (-0.3758008235449209, -0.5), 31348: (-0.2973829655285124, -1.0), 3216: (-0.18423825126671334, -0.5), 141915: (0.530757847779722, 1.0)}","{127177: (0.9493013190632198, 1.0), 285870: (0.9432721902630609, 1.0), 127517: (0.9236717027874153, 1.0), 285815: (0.9185670753309881, 0.5), 127164: (0.9175291082395794, 1.0)}","{'noise': 0.4172283262697821, 'amp': 1.1038339062924594, 'ls': 5.1524729586199625}","[(0.5, 0.5)]",[]
