impression,user_id,app_version,model_version,mturk_id,status,NUM_INITIAL_RATINGS,NUM_REFINE_RATINGS,TOTAL_TRAINING_RATINGS,NUM_TEST_RATINGS,TIME_INITIAL,TIME_REFINE,TIME_TEST,random_test_predictions_ratings,good_test_predictions_ratings,hypers,redisplay_check,arbitrary_check
0,e9b9f76d-4c3f-40e3-a44a-b11fed0e0cfa,6.8-mpc_fixed_og_new_priors,2.0,A3CCFD0700KTPV,Completed,1,40,41,15,8.64613962173462,227.97886276245117,61.3456346988678,"{212224: (0.4881678181352088, 0.0), 159673: (0.34789613665555164, -0.5), 79187: (-0.04142846836249503, 0.0), 293435: (-0.3769753590089474, -0.5), 315735: (-0.229561865803372, 0.5), 83817: (-0.14751094657785024, 0.5), 6406: (-0.46228887659501916, 0.5), 5854: (0.36801501621771976, -1.0), 34726: (0.2818004134718709, -0.5), 321926: (0.17353697816422398, 0.0)}","{83040: (1.2676386894185865, 0.0), 155877: (1.2507753915706632, 0.5), 184526: (1.2459671671490191, 0.5), 198655: (1.221689588143244, -0.5), 35014: (1.2155514753409973, -0.5)}","{'noise': 0.18836320671574908, 'amp': 0.6260881856648931, 'ls': 0.9374820509814485}","[(0.0, -0.5)]",[]
