impression,user_id,app_version,model_version,mturk_id,status,NUM_INITIAL_RATINGS,NUM_REFINE_RATINGS,TOTAL_TRAINING_RATINGS,NUM_TEST_RATINGS,TIME_INITIAL,TIME_REFINE,TIME_TEST,random_test_predictions_ratings,good_test_predictions_ratings,hypers,redisplay_check,arbitrary_check
0,b5cbade5-254e-4f18-a196-67083b3e808f,6.8-mpc_fixed_og_new_priors,2.0,A1U52239IPV7IO,Completed,1,40,41,15,2.547398090362549,133.3987753391266,65.4466757774353,"{20913: (-0.009921122578706426, 0.5), 36575: (0.23360679460475298, 0.5), 117142: (0.04276287773250213, 0.0), 290996: (-0.14848829253504472, 0.0), 322917: (0.046694892927677846, 0.5), 112897: (0.0028571202663950765, 1.0), 202598: (-0.017495099005281435, 0.5), 173862: (0.06847756433676905, 0.5), 309145: (0.12835820135958126, 0.0), 56362: (0.01690394843585127, 0.0)}","{42470: (0.7970218426685644, -0.5), 75537: (0.7532147312317121, 0.0), 116608: (0.7516070589402017, -0.5), 293392: (0.7182548185924971, 1.0), 285341: (0.7173447563549775, -0.5)}","{'noise': 0.18701440681478074, 'amp': 0.5526772403886256, 'ls': 0.588047665838958}","[(0.5, 0.0)]",[]
