impression,user_id,app_version,model_version,mturk_id,status,NUM_INITIAL_RATINGS,NUM_REFINE_RATINGS,TOTAL_TRAINING_RATINGS,NUM_TEST_RATINGS,TIME_INITIAL,TIME_REFINE,TIME_TEST,random_test_predictions_ratings,good_test_predictions_ratings,hypers,redisplay_check,arbitrary_check
0,0a3911bd-8d8e-43e3-b2e2-77992457cafc,6.8-mpc_fixed_og_new_priors,2.0,AIQM86IRETAJN,Completed,1,40,41,15,3.009103536605835,312.3094699382782,22.27670907974243,"{117090: (-0.016727629124142454, 0.0), 189129: (0.10716363498778544, 0.0), 250487: (0.08314687640484411, -0.5), 146650: (0.10701419618545358, 0.5), 219908: (-0.023643106631643113, 0.0), 264109: (0.023045980867599593, 0.5), 219910: (0.11085386296171472, 0.5), 327463: (-0.0027251614560698315, 0.5), 279508: (-0.011769120232460262, -0.5), 260968: (0.04608810803330355, 0.0)}","{286566: (0.385869353876068, -0.5), 106555: (0.3812117797002184, 0.5), 285414: (0.3748085345916397, 0.0), 83709: (0.37431793773117705, -0.5), 25865: (0.37332779812218453, 0.0)}","{'noise': 0.16206914253954752, 'amp': 0.39005895286614356, 'ls': 0.5757696725052127}","[(0.5, 0.0)]",[]
