impression,user_id,app_version,model_version,mturk_id,status,NUM_INITIAL_RATINGS,NUM_REFINE_RATINGS,TOTAL_TRAINING_RATINGS,NUM_TEST_RATINGS,TIME_INITIAL,TIME_REFINE,TIME_TEST,random_test_predictions_ratings,good_test_predictions_ratings,hypers,redisplay_check,arbitrary_check
0,1df5f154-b6b0-4393-aa66-ab972a43f997,6.8-mpc_fixed_og_new_priors,2.0,A2HSX08DWDYJU7,Completed,1,40,41,15,7.030006170272827,243.574373960495,85.73492574691772,"{20900: (0.502579841716794, 1.0), 93211: (-0.72603794251895, -1.0), 162093: (-0.6123923148350572, -1.0), 264633: (-0.7317403720495456, -1.0), 330168: (-0.03815370718099593, -1.0), 290258: (0.13729191899465468, 1.0), 123080: (-0.7758748085132928, -1.0), 156070: (-0.3293211836631559, -1.0), 189082: (-1.58645983661983, -1.0), 138331: (0.7878271886639329, 0.5)}","{81252: (1.8767282696778973, 1.0), 43944: (1.8743386632042618, 1.0), 43641: (1.873295771345273, 1.0), 231588: (1.8514964687662594, 1.0), 199025: (1.8369862751233488, 1.0)}","{'noise': 0.235184875278617, 'amp': 0.9016335433463583, 'ls': 1.031138511074673}","[(-1.0, -1.0)]",[]
