impression,user_id,app_version,model_version,mturk_id,status,NUM_INITIAL_RATINGS,NUM_REFINE_RATINGS,TOTAL_TRAINING_RATINGS,NUM_TEST_RATINGS,TIME_INITIAL,TIME_REFINE,TIME_TEST,random_test_predictions_ratings,good_test_predictions_ratings,hypers,redisplay_check,arbitrary_check
0,f59f3f57-ab4f-41e7-8508-3c5f53a71699,6.8-mpc_fixed_og_new_priors,2.0,AUFOO8PU2BK37,Completed,1,40,41,15,5.312513113021851,136.6666181087494,37.00779604911804,"{1560: (-0.15478288787090558, -0.5), 251445: (-0.032350531541501464, 0.5), 43743: (0.13309506112420108, 0.0), 76200: (-0.282938828480678, -0.5), 28939: (-0.18485687370339893, -0.5), 326651: (-0.16201001406334054, -0.5), 99837: (0.09077953927430982, 0.5), 231914: (-0.34063900631649285, -0.5), 179341: (-0.10873896767823005, 0.5), 315550: (-0.2145879033395078, -0.5)}","{61287: (0.9029160233911, 0.5), 84948: (0.8439071729829632, 0.5), 131533: (0.8365451051752381, 0.5), 32692: (0.8238250018229811, 0.5), 152988: (0.8152253056879843, 0.5)}","{'noise': 0.35930185903738365, 'amp': 0.9426747550055048, 'ls': 5.336919498094333}","[(0.5, 0.5)]",[]
