impression,user_id,app_version,model_version,mturk_id,status,NUM_INITIAL_RATINGS,NUM_REFINE_RATINGS,TOTAL_TRAINING_RATINGS,NUM_TEST_RATINGS,TIME_INITIAL,TIME_REFINE,TIME_TEST,random_test_predictions_ratings,good_test_predictions_ratings,hypers,redisplay_check,arbitrary_check
0,30f9e975-4fb7-4cd9-8a17-6382d836a877,6.8-mpc_fixed_og_new_priors,2.0,AASWAMYQ9PXMQ,Completed,1,40,41,15,7.463086843490601,186.4042627811432,52.62092089653015,"{269949: (0.08811505768109286, -0.5), 36526: (0.017305903425097996, 0.5), 160675: (-0.05961269072362049, 0.5), 29226: (0.3592106890499194, 0.5), 290689: (-0.013670860250959052, 0.0), 171025: (0.5164426615397537, 0.5), 157430: (0.02539937105443964, 0.5), 147152: (-0.1550081520755554, -0.5), 76367: (0.0298035471008527, 0.5), 287062: (-0.27449462312366213, 0.0)}","{85063: (0.7072895796121582, 0.5), 85516: (0.7039664703037068, 0.5), 85520: (0.6888548761300738, 0.5), 85040: (0.6861817557219503, 0.5), 265886: (0.6731841992487713, 0.5)}","{'noise': 0.31737524758336694, 'amp': 1.1010101321951127, 'ls': 6.067273315071146}","[(0.5, 0.5)]",[]
