impression,user_id,app_version,model_version,mturk_id,status,NUM_INITIAL_RATINGS,NUM_REFINE_RATINGS,TOTAL_TRAINING_RATINGS,NUM_TEST_RATINGS,TIME_INITIAL,TIME_REFINE,TIME_TEST,random_test_predictions_ratings,good_test_predictions_ratings,hypers,redisplay_check,arbitrary_check
0,937dcb67-d687-48c9-99b0-59e3d74feed2,6.8-mpc_fixed_og_new_priors,2.0,A26WVAVVE1RM47,Completed,1,40,41,15,4.751714706420898,198.01202821731567,70.1953911781311,"{89704: (-0.3705919743070451, -1.0), 200624: (-0.5430102747939214, 0.5), 166537: (-0.08399155173748792, -0.5), 305426: (-0.1153132505749495, -1.0), 257519: (1.0214139791461112, 0.5), 291326: (-0.9515028673476263, -0.5), 270266: (-0.08211090073378902, -0.5), 81153: (-1.3240306042498684, -1.0), 287640: (-0.2836309140204377, 0.0), 50171: (-0.3193256811372558, -0.5)}","{115604: (1.5197840937591047, 1.0), 116028: (1.5047649002124166, 1.0), 296742: (1.5027077706365701, 0.5), 318381: (1.497460910229914, 1.0), 127665: (1.486343483328087, 1.0)}","{'noise': 0.16476996295372923, 'amp': 0.6140581666048286, 'ls': 1.2938781014571652}","[(-1.0, -1.0)]",[]
