impression,user_id,app_version,model_version,mturk_id,status,NUM_INITIAL_RATINGS,NUM_REFINE_RATINGS,TOTAL_TRAINING_RATINGS,NUM_TEST_RATINGS,TIME_INITIAL,TIME_REFINE,TIME_TEST,random_test_predictions_ratings,good_test_predictions_ratings,hypers,redisplay_check,arbitrary_check
0,e71bef4e-d487-4219-be7f-fbbe29fd27ae,6.8-mpc_fixed_og_new_priors,2.0,A14LOABUGAITBM,Completed,1,40,41,15,7.016986608505249,508.9269874095917,81.40307354927063,"{83613: (0.2852750328941739, -0.5), 31982: (0.9384442125986472, 0.5), 261678: (0.44908921896616527, 0.5), 258000: (0.6702945289224991, 1.0), 246389: (0.06976552765926138, -1.0), 148841: (-0.18180787864834147, -1.0), 89345: (0.0451831887987167, -1.0), 218589: (-0.25426109729356994, 0.5), 265605: (-0.7572679103411702, 1.0), 82009: (0.19229811275026468, -0.5)}","{186370: (1.287703977525089, 1.0), 314318: (1.266091887663188, -0.5), 124893: (1.2441231437758706, 1.0), 47676: (1.240903457661388, 0.5), 198943: (1.2196479867166201, 1.0)}","{'noise': 0.20555747451538742, 'amp': 0.8056389584518207, 'ls': 0.7799151418520279}","[(-0.5, -0.5)]",[]
