impression,user_id,app_version,model_version,mturk_id,status,NUM_INITIAL_RATINGS,NUM_REFINE_RATINGS,TOTAL_TRAINING_RATINGS,NUM_TEST_RATINGS,TIME_INITIAL,TIME_REFINE,TIME_TEST,random_test_predictions_ratings,good_test_predictions_ratings,hypers,redisplay_check,arbitrary_check
0,0e8efd87-380c-4995-8f53-f5fee31fb227,6.8-mpc_fixed_og_new_priors,2.0,A2NKFS0H16IXIM,Completed,1,40,41,15,9.78148341178894,273.9654450416565,47.67795944213867,"{37795: (0.5614993994977227, 0.5), 167437: (-0.560718363874676, -1.0), 308776: (-0.05470722758880352, -0.5), 87071: (0.46338983636266223, 0.0), 330043: (1.2126630632014315, 0.0), 305586: (0.5270465376385675, 0.0), 220623: (0.41227890417146873, -0.5), 295636: (0.1501937450211013, 0.0), 127588: (0.27836511142258585, 1.0), 2970: (0.9763048957692558, 1.0)}","{223384: (1.4286104469656558, -1.0), 220169: (1.4240535217627504, 0.5), 72927: (1.42302630040807, 0.5), 273127: (1.418966920846032, 0.5), 7116: (1.4159234555654285, 1.0)}","{'noise': 0.2016068205286239, 'amp': 0.672099230433844, 'ls': 0.912892076368287}","[(1.0, 1.0)]",[]
