impression,user_id,app_version,model_version,mturk_id,status,NUM_INITIAL_RATINGS,NUM_REFINE_RATINGS,TOTAL_TRAINING_RATINGS,NUM_TEST_RATINGS,TIME_INITIAL,TIME_REFINE,TIME_TEST,random_test_predictions_ratings,good_test_predictions_ratings,hypers,redisplay_check,arbitrary_check
0,068bfcd8-d5cf-4ef7-a1dc-3e6b50ab352f,6.8-mpc_fixed_og_new_priors,2.0,A34YDGVZKRJ0LZ,Completed,1,40,41,15,6.847455739974976,147.45975923538208,49.796757221221924,"{289661: (0.5281298397184511, 0.5), 201637: (-0.23545691075063924, 0.5), 73487: (-0.42792603593973866, -0.5), 116936: (-0.5601088298047594, -0.5), 154232: (0.4264293921341784, 0.0), 204535: (-0.06627019287340427, 0.0), 33575: (-0.13520918521001932, -0.5), 72334: (0.3058844196333953, 0.0), 282307: (-0.14169389231061014, 0.5), 241936: (-0.38206872391444097, 0.5)}","{266496: (0.977153059499828, 0.0), 187088: (0.9720826241341405, -0.5), 88764: (0.9665185757900463, 0.5), 266420: (0.9654980389614196, 0.5), 91727: (0.9623635503846577, 0.5)}","{'noise': 0.21690347694503517, 'amp': 0.4778985524063092, 'ls': 1.0448039831302558}","[(0.5, -0.5)]",[]
