impression,user_id,app_version,model_version,mturk_id,status,NUM_INITIAL_RATINGS,NUM_REFINE_RATINGS,TOTAL_TRAINING_RATINGS,NUM_TEST_RATINGS,TIME_INITIAL,TIME_REFINE,TIME_TEST,random_test_predictions_ratings,good_test_predictions_ratings,hypers,redisplay_check,arbitrary_check
0,344f6351-1c80-4716-9278-8708417b6010,6.8-mpc_fixed_og_new_priors,2.0,AJPOY5H0ZHMG2,Completed,1,40,41,15,9.802232027053833,402.92480969429016,75.81562995910645,"{320966: (-0.3478001203853585, -1.0), 46776: (0.22457548219483578, 0.5), 186068: (0.19682430296063108, 0.5), 126632: (-0.4955001281675283, 1.0), 231922: (0.17817839899245602, 1.0), 47414: (0.4258471004133806, -0.5), 231299: (0.4777640984998503, 0.5), 61400: (-0.03497931768728937, 0.0), 156524: (-0.1935506224709805, 0.5), 310992: (-0.23448484315394158, 1.0)}","{161235: (1.1111207631540903, 1.0), 198784: (1.109174504832397, 0.5), 287515: (1.097883431273373, 0.5), 47760: (1.0840727238595294, 1.0), 154547: (1.0826538346477814, 0.5)}","{'noise': 0.19306789354931891, 'amp': 0.537964628763508, 'ls': 1.0182263550516062}","[(1.0, 1.0)]",[]
