impression,user_id,app_version,model_version,mturk_id,status,NUM_INITIAL_RATINGS,NUM_REFINE_RATINGS,TOTAL_TRAINING_RATINGS,NUM_TEST_RATINGS,TIME_INITIAL,TIME_REFINE,TIME_TEST,random_test_predictions_ratings,good_test_predictions_ratings,hypers,redisplay_check,arbitrary_check
0,8d53d703-3932-4ca5-a430-f0d8aae94cca,6.8-mpc_fixed_og_new_priors,2.0,A3LN0QNXBM6NRM,Completed,1,40,41,15,15.717776536941528,283.28485345840454,75.13586163520813,"{151689: (0.3611229805618113, 0.5), 171960: (-0.12311077020318739, 0.0), 254205: (0.22656892950895047, 0.0), 85220: (-0.31786570693615307, 0.5), 292304: (0.19947635185137763, 0.5), 159289: (0.18113528682886984, 0.0), 209260: (0.3758669728911661, 0.5), 25733: (0.2065900916283331, 0.0), 266528: (0.13369391001799333, 0.5), 125176: (0.36058088955492396, 0.0)}","{126907: (0.6604438190938071, 0.5), 328827: (0.6534808931512277, 0.0), 278962: (0.6510007690916949, 0.5), 103586: (0.6480384217976897, 0.0), 301307: (0.645316581157014, 0.5)}","{'noise': 0.14163827888153407, 'amp': 0.3288563178221933, 'ls': 0.9679611292340976}","[(0.0, 0.0)]",[]
