impression,user_id,app_version,model_version,mturk_id,status,NUM_INITIAL_RATINGS,NUM_REFINE_RATINGS,TOTAL_TRAINING_RATINGS,NUM_TEST_RATINGS,TIME_INITIAL,TIME_REFINE,TIME_TEST,random_test_predictions_ratings,good_test_predictions_ratings,hypers,redisplay_check,arbitrary_check
0,9be091bb-63ba-4066-91e5-3cd7c0cef6b1,6.8-mpc_fixed_og_new_priors,2.0,A3QPVH0DRW0ZQV,Completed,1,40,41,15,21.402918577194214,547.4495985507965,94.03295469284058,"{146708: (0.17338531959015271, 0.0), 309938: (-0.5680670826818482, -0.5), 82143: (-0.32425280881771823, -0.5), 103876: (-0.21704879664345755, -0.5), 184259: (0.2206545419160183, 0.5), 273559: (0.0646575544820947, 0.5), 136818: (-0.11501516473196241, -0.5), 6998: (0.19900588082962592, 0.5), 183341: (-0.7029286953335675, -1.0), 294851: (0.030926961892047914, -0.5)}","{61629: (1.2863468265731006, 1.0), 162527: (1.286140662529183, 1.0), 221442: (1.2801626144654799, 1.0), 85290: (1.2796372258192639, 1.0), 264944: (1.2787790257698195, 0.5)}","{'noise': 0.19243373137850725, 'amp': 0.6566341516441021, 'ls': 1.2118849883272735}","[(0.0, 0.0)]",[]
