impression,user_id,app_version,model_version,mturk_id,status,NUM_INITIAL_RATINGS,NUM_REFINE_RATINGS,TOTAL_TRAINING_RATINGS,NUM_TEST_RATINGS,TIME_INITIAL,TIME_REFINE,TIME_TEST,random_test_predictions_ratings,good_test_predictions_ratings,hypers,redisplay_check,arbitrary_check
0,4303a827-26bc-4898-8bf0-867bbd4da472,6.8-mpc_fixed_og_new_priors,2.0,A1H5TB600ATGFS,Completed,1,40,41,15,4.57788610458374,164.68431520462036,42.99857783317566,"{188844: (0.12338423810655388, -0.5), 201090: (-0.29484584959546833, -0.5), 107887: (-0.20201640251672542, 0.0), 309748: (-0.3816040806401637, 0.5), 214141: (0.25792998589426835, 0.5), 200260: (-0.5633103985345058, -0.5), 257484: (0.2316700150278891, 1.0), 163231: (-0.14161220270255676, -0.5), 109509: (0.231697258576599, 1.0), 230: (0.15776640310309367, 0.0)}","{260966: (1.050243468022774, 0.5), 160650: (1.0499545510786201, 0.5), 231359: (1.040750954167129, 0.0), 231607: (1.0377076419532978, 0.5), 140036: (1.0245373361807757, 0.5)}","{'noise': 0.2025944827045811, 'amp': 0.5276682420980114, 'ls': 1.0383271081998853}","[(-0.5, 1.0)]",[]
