impression,user_id,app_version,model_version,mturk_id,status,NUM_INITIAL_RATINGS,NUM_REFINE_RATINGS,TOTAL_TRAINING_RATINGS,NUM_TEST_RATINGS,TIME_INITIAL,TIME_REFINE,TIME_TEST,random_test_predictions_ratings,good_test_predictions_ratings,hypers,redisplay_check,arbitrary_check
0,1b3ae7fd-a4e7-4d08-9ea7-d28da13371fc,6.8-mpc_fixed_og_new_priors,2.0,A3U7KCX5530RT4,Completed,1,40,41,15,5.413299560546875,194.33754587173462,54.97220420837402,"{171745: (-0.5386058706807132, -1.0), 242819: (0.09894629863156237, 1.0), 54064: (0.2799142658289921, 0.5), 194703: (0.9133083117730293, 1.0), 159830: (0.23752727668006918, 1.0), 302991: (-0.35173247958664167, 1.0), 202069: (0.054522723879412316, 0.5), 198741: (-0.009507016569502317, 1.0), 276208: (1.0523481508406805, 1.0), 151267: (-1.1488122889629715, -1.0)}","{319554: (1.7715692025165937, 1.0), 282065: (1.7574668319336977, 1.0), 64640: (1.7560575003756151, 1.0), 64256: (1.7515455552499475, 1.0), 282251: (1.7468225874327696, 1.0)}","{'noise': 0.2819954114671517, 'amp': 0.7974261243536017, 'ls': 1.401401190680696}","[(1.0, 1.0)]",[]
