impression,user_id,app_version,model_version,mturk_id,status,NUM_INITIAL_RATINGS,NUM_REFINE_RATINGS,TOTAL_TRAINING_RATINGS,NUM_TEST_RATINGS,TIME_INITIAL,TIME_REFINE,TIME_TEST,random_test_predictions_ratings,good_test_predictions_ratings,hypers,redisplay_check,arbitrary_check
0,430abc5f-9e7d-4ab6-a6a1-5ae7f370f3e3,6.8-mpc_fixed_og_new_priors,2.0,A145VSR6614O8B,Completed,1,40,41,15,13.752893686294556,852.2480788230896,69.2562038898468,"{292354: (0.08177182635458798, 0.0), 289453: (-0.0987403685460626, -0.5), 285495: (-0.14182055339758967, 0.0), 121037: (0.058041072071164636, 0.5), 36521: (0.06082972964687047, 0.0), 231087: (-0.1312694203711375, 0.0), 80821: (-0.11171730264801077, 0.0), 130301: (0.0008717287956293458, 0.0), 218963: (-0.09266886260191509, -0.5), 191590: (0.10953536227536319, 0.5)}","{170946: (0.510644078851828, 0.5), 81337: (0.5016467160047624, 0.5), 170782: (0.5005779576399445, 0.0), 234700: (0.4988478074358722, 0.5), 170771: (0.4913986434697317, 0.0)}","{'noise': 0.2226259425956157, 'amp': 0.8173583127994518, 'ls': 6.861510331478003}","[(0.0, 0.0)]",[]
