impression,user_id,app_version,model_version,mturk_id,status,NUM_INITIAL_RATINGS,NUM_REFINE_RATINGS,TOTAL_TRAINING_RATINGS,NUM_TEST_RATINGS,TIME_INITIAL,TIME_REFINE,TIME_TEST,random_test_predictions_ratings,good_test_predictions_ratings,hypers,redisplay_check,arbitrary_check
0,c7c3db90-bfe1-4743-8904-0bfbade77570,6.8-mpc_fixed_og_new_priors,2.0,A27CEAL8PWSAG5,Completed,1,40,41,15,35.99302816390991,217.02929210662842,71.12322425842285,"{129376: (-0.32605787273656056, -0.5), 325749: (-0.18564991680438028, -0.5), 306679: (0.2852123327605233, 0.5), 82896: (-0.046187715745463945, -1.0), 247189: (-0.18758803718885964, 0.0), 245253: (0.4796965802291508, 0.5), 167895: (-0.24958211347906895, 0.0), 156474: (-0.18738491321279307, 0.0), 131936: (0.2373834598881724, 1.0), 146528: (0.22722837163081627, 0.5)}","{64129: (1.3159157446338423, 1.0), 64282: (1.3111596882716365, 1.0), 64646: (1.301936979247875, 1.0), 64330: (1.2949509701928954, 1.0), 64121: (1.2939547131351756, 1.0)}","{'noise': 0.40035600429596596, 'amp': 1.8449603827711598, 'ls': 6.340765613256121}","[(-0.5, -0.5)]",[]
