impression,user_id,app_version,model_version,mturk_id,status,NUM_INITIAL_RATINGS,NUM_REFINE_RATINGS,TOTAL_TRAINING_RATINGS,NUM_TEST_RATINGS,TIME_INITIAL,TIME_REFINE,TIME_TEST,random_test_predictions_ratings,good_test_predictions_ratings,hypers,redisplay_check,arbitrary_check
0,a9587664-d7d7-4290-bc05-dfda9505d01c,6.8-mpc_fixed_og_new_priors,2.0,A292TFDMNVS0TP,Completed,1,40,41,15,5.953280210494995,146.69914388656616,51.98501372337341,"{132137: (0.04564374891716464, -0.5), 290729: (-0.3204038657497298, 0.0), 117137: (0.21945818049588697, 0.5), 206458: (0.5581741357701637, 0.5), 237739: (-0.1769218191162843, 0.5), 29648: (-0.28183587321369447, -0.5), 255175: (0.11212048695061197, 0.0), 57313: (-0.16479335757635477, 0.0), 180868: (-0.013960846098508617, 0.5), 224283: (-0.40161366571790746, 0.0)}","{115346: (0.7835201628806548, 0.0), 109919: (0.7816763387741685, 0.5), 179347: (0.7811858504648442, 0.0), 288303: (0.773358416323493, 0.5), 53559: (0.770446815608526, 0.0)}","{'noise': 0.1346876390025093, 'amp': 0.4108254608301666, 'ls': 1.000433825139309}","[(0.5, 0.5)]",[]
