impression,user_id,app_version,model_version,mturk_id,status,NUM_INITIAL_RATINGS,NUM_REFINE_RATINGS,TOTAL_TRAINING_RATINGS,NUM_TEST_RATINGS,TIME_INITIAL,TIME_REFINE,TIME_TEST,random_test_predictions_ratings,good_test_predictions_ratings,hypers,redisplay_check,arbitrary_check
0,5d1c55bf-5bcd-421c-bc71-23b4de1b955e,6.8-mpc_fixed_og_new_priors,2.0,A3EQVDHHKZRC0K,Completed,1,40,41,15,12.320149898529053,231.99583649635315,77.99617195129395,"{188591: (0.17584677429091894, -0.5), 160392: (0.052200555486624695, 0.0), 166482: (0.277850703468184, 1.0), 19532: (0.009176373334240208, 0.5), 168653: (0.25941779526942665, 1.0), 293837: (-0.08183783080189166, 0.0), 185413: (-0.4534743876936214, -1.0), 63623: (-0.10191052007028832, -1.0), 2957: (-0.09891940200555904, 0.0), 317908: (0.3073802848689034, -0.5)}","{198623: (0.9033563992950057, 0.5), 198856: (0.8872123399477679, 1.0), 198640: (0.8692544647799825, 0.0), 24939: (0.8672537152206804, 0.0), 198949: (0.8654494896860222, 1.0)}","{'noise': 0.35011297918684614, 'amp': 1.3858707744425334, 'ls': 6.051282617044507}","[(-1.0, -1.0)]",[]
