impression,user_id,app_version,model_version,mturk_id,status,NUM_INITIAL_RATINGS,NUM_REFINE_RATINGS,TOTAL_TRAINING_RATINGS,NUM_TEST_RATINGS,TIME_INITIAL,TIME_REFINE,TIME_TEST,random_test_predictions_ratings,good_test_predictions_ratings,hypers,redisplay_check,arbitrary_check
0,5f627ea1-6057-4cd9-a885-23d4d13c7dbf,6.8-mpc_fixed_og_new_priors,2.0,A3POD149IG0DIW,Completed,1,40,41,15,15.370428562164307,412.3598668575287,223.95025753974915,"{238975: (-0.25082422053967574, 0.0), 78311: (0.21242187656356273, 0.0), 179291: (0.618365428786882, 1.0), 310454: (-0.3582575061827604, 0.0), 160201: (0.8071563613523055, 0.5), 108264: (0.295632872228501, 0.5), 29102: (0.9817070982502325, 0.5), 69275: (-0.13027806902606304, 0.5), 150108: (-0.023681800112339044, 0.5), 112889: (0.2060045451705773, -0.5)}","{210658: (1.2286270790066933, 0.5), 35906: (1.2249011180078235, 0.5), 21297: (1.20665672745648, 1.0), 11993: (1.204588622698658, 0.5), 2958: (1.1929627072980924, 0.5)}","{'noise': 0.1946301553574768, 'amp': 0.6153450707138671, 'ls': 0.9874167760471377}","[(0.5, 0.5)]",[]
