impression,user_id,app_version,model_version,mturk_id,status,NUM_INITIAL_RATINGS,NUM_REFINE_RATINGS,TOTAL_TRAINING_RATINGS,NUM_TEST_RATINGS,TIME_INITIAL,TIME_REFINE,TIME_TEST,random_test_predictions_ratings,good_test_predictions_ratings,hypers,redisplay_check,arbitrary_check
0,59c1e678-a4f3-497d-83f3-08092348da76,6.8-mpc_fixed_og_new_priors,2.0,A2TZAXWOB3JMNV,Completed,1,40,41,15,8.719408512115479,297.2888488769531,109.11152005195618,"{7378: (0.35581545353869537, 1.0), 198221: (0.29128186070973183, 1.0), 57895: (0.28811758276062954, 1.0), 255564: (-0.0023341324361860136, -1.0), 143378: (0.030767759708188853, 1.0), 260302: (0.0868898613832738, -1.0), 121578: (-0.19736264146549243, 1.0), 26975: (0.5830614940863633, 1.0), 290394: (-0.5738809034022675, -1.0), 151552: (0.6866675944318381, 1.0)}","{238700: (1.8501717309444454, 1.0), 137996: (1.836916853076125, 1.0), 84455: (1.8202686435261703, 1.0), 66605: (1.795512276806562, 1.0), 238823: (1.7860643400729528, 1.0)}","{'noise': 0.6028927650832138, 'amp': 1.5362058537820764, 'ls': 4.6911186211362335}","[(1.0, 1.0)]",[]
