impression,user_id,app_version,model_version,mturk_id,status,NUM_INITIAL_RATINGS,NUM_REFINE_RATINGS,TOTAL_TRAINING_RATINGS,NUM_TEST_RATINGS,TIME_INITIAL,TIME_REFINE,TIME_TEST,random_test_predictions_ratings,good_test_predictions_ratings,hypers,redisplay_check,arbitrary_check
0,181868cd-b13c-4525-b70e-779ca555fc74,6.8-mpc_fixed_og_new_priors,2.0,AFP0IIALQHFR8,Completed,1,40,41,15,7.102088928222656,255.77986192703247,90.71628737449646,"{3208: (-0.9234053272369502, 0.0), 215609: (-0.7936460745075663, -1.0), 72423: (0.6812837643993458, 1.0), 225863: (-0.5741980697100323, -0.5), 315005: (0.34738048871651805, 0.5), 80786: (-0.18206013371183735, 1.0), 96266: (0.2622037938826847, 0.5), 163709: (-0.5405493800530125, 0.0), 304186: (-0.35214989462093704, -1.0), 26524: (-1.0074899884223791, 0.0)}","{184090: (1.6530615995420659, 1.0), 155818: (1.6079904982685245, 1.0), 108012: (1.5682156515346715, 1.0), 134642: (1.565832071254044, 1.0), 184212: (1.56060820645577, 1.0)}","{'noise': 0.17600457376838977, 'amp': 0.6591641912408934, 'ls': 1.2591101402965756}","[(1.0, 1.0)]",[]
