impression,user_id,app_version,model_version,mturk_id,status,NUM_INITIAL_RATINGS,NUM_REFINE_RATINGS,TOTAL_TRAINING_RATINGS,NUM_TEST_RATINGS,TIME_INITIAL,TIME_REFINE,TIME_TEST,random_test_predictions_ratings,good_test_predictions_ratings,hypers,redisplay_check,arbitrary_check
0,85fb1c97-5920-4ae6-94b5-f1dcf2bde2de,6.8-mpc_fixed_og_new_priors,2.0,AMBZATQDG38V0,Completed,1,40,41,15,6.435333490371704,959.2410793304443,75.22089648246765,"{13527: (0.6024537933443879, 1.0), 115350: (0.8632898748671679, 1.0), 326503: (0.45562081656239256, -1.0), 280053: (0.6782674371822686, 1.0), 34982: (0.4183937582840122, 1.0), 259582: (0.43048689973025184, 1.0), 259213: (0.738057764415775, -1.0), 326537: (-0.03376648604318672, 1.0), 112478: (0.6097295618749127, -1.0), 3201: (0.6368742479189967, 1.0)}","{82851: (1.560933223617851, 1.0), 42661: (1.5591581976079765, 1.0), 74736: (1.5238625564639183, -1.0), 282101: (1.51542445916592, -1.0), 257448: (1.5120365845581623, -1.0)}","{'noise': 0.19793252383456778, 'amp': 0.9636762888931927, 'ls': 0.7681971537305617}","[(-1.0, -1.0)]",[]
