impression,user_id,app_version,model_version,mturk_id,status,NUM_INITIAL_RATINGS,NUM_REFINE_RATINGS,TOTAL_TRAINING_RATINGS,NUM_TEST_RATINGS,TIME_INITIAL,TIME_REFINE,TIME_TEST,random_test_predictions_ratings,good_test_predictions_ratings,hypers,redisplay_check,arbitrary_check
0,73acea10-ec1f-4037-995c-10862a2d0b62,6.8-mpc_fixed_og_new_priors,2.0,A39KJNWAFOD7N1,Completed,1,40,41,15,4.009378671646118,107.4377555847168,30.56352138519287,"{299682: (0.8892647746529129, -1.0), 251651: (0.643939272782234, 1.0), 97332: (0.7690582517215584, 0.5), 6009: (0.4558663594047933, 0.0), 15621: (-0.28275425577818, 1.0), 156143: (0.5746804965297541, 1.0), 14378: (-0.07243535228399617, 0.0), 298736: (-0.7290935355075822, -1.0), 300940: (0.5712999387316654, 1.0), 196286: (0.19721854726587157, -0.5)}","{24473: (1.7004352902639688, 0.5), 270429: (1.67347492811274, 1.0), 270364: (1.6710806108001712, 1.0), 11525: (1.6678249646840726, 1.0), 115786: (1.6546496312961658, 0.0)}","{'noise': 0.2059496053580333, 'amp': 0.8076929770616565, 'ls': 1.009931796837085}","[(1.0, -1.0)]",[]
