impression,user_id,app_version,model_version,mturk_id,status,NUM_INITIAL_RATINGS,NUM_REFINE_RATINGS,TOTAL_TRAINING_RATINGS,NUM_TEST_RATINGS,TIME_INITIAL,TIME_REFINE,TIME_TEST,random_test_predictions_ratings,good_test_predictions_ratings,hypers,redisplay_check,arbitrary_check
0,a10a7819-ec79-4047-a07f-a6670fbc3509,6.8-mpc_fixed_og_new_priors,2.0,A3TMVAECAVF9X5,Completed,1,40,41,15,24.64559245109558,382.502818107605,153.3048176765442,"{206106: (0.6830689775974403, 0.5), 80645: (0.07610327294655063, 0.5), 252818: (-0.5302824282184357, 0.5), 291472: (-0.49882278547063874, -0.5), 182099: (0.8630488361262523, 0.5), 195190: (-0.03764924404827269, -0.5), 42050: (-0.09554409095891703, -0.5), 248732: (0.05582933950213206, 0.5), 106839: (-0.21544783947412352, 0.5), 315687: (0.34164811626460795, 1.0)}","{162568: (1.479151248222411, 1.0), 162775: (1.4763139168721726, 1.0), 162906: (1.4607403506952634, 1.0), 162932: (1.4582673290839372, 0.5), 63558: (1.4517497761245062, 0.5)}","{'noise': 0.21086388678927442, 'amp': 0.660175879173854, 'ls': 1.2379554283338028}","[(0.5, 0.5)]",[]
