impression,user_id,app_version,model_version,mturk_id,status,NUM_INITIAL_RATINGS,NUM_REFINE_RATINGS,TOTAL_TRAINING_RATINGS,NUM_TEST_RATINGS,TIME_INITIAL,TIME_REFINE,TIME_TEST,random_test_predictions_ratings,good_test_predictions_ratings,hypers,redisplay_check,arbitrary_check
0,e98a4921-7068-4f3f-88c9-c3c81048de71,6.8-mpc_fixed_og_new_priors,2.0,AA1IM0SAQ3XFM,Completed,1,40,41,15,7.211749076843262,196.8067638874054,57.43912887573242,"{38876: (-0.14649433322710861, -1.0), 186363: (-1.5468868734798755, -1.0), 113890: (-1.390175504822581, -0.5), 136580: (-0.6735703903347781, -0.5), 246795: (-0.25447262325322567, -0.5), 237583: (0.9017140270730877, 1.0), 265197: (0.2028100396579698, 0.0), 125494: (-0.6547626175683833, -0.5), 198573: (0.4936678228741623, 1.0), 14839: (0.5838039173047326, 1.0)}","{86416: (1.689254615929709, 1.0), 86462: (1.6742048918125774, 1.0), 178337: (1.6592613615937142, 1.0), 74397: (1.6522915835853305, 1.0), 48037: (1.6464353409110815, 1.0)}","{'noise': 0.24058833145644762, 'amp': 0.8536660197233918, 'ls': 1.1900043327816705}","[(1.0, 1.0)]",[]
