impression,user_id,app_version,model_version,mturk_id,status,NUM_INITIAL_RATINGS,NUM_REFINE_RATINGS,TOTAL_TRAINING_RATINGS,NUM_TEST_RATINGS,TIME_INITIAL,TIME_REFINE,TIME_TEST,random_test_predictions_ratings,good_test_predictions_ratings,hypers,redisplay_check,arbitrary_check
0,5aafe26a-da04-4b05-baca-a92eed9e23b5,6.8-mpc_fixed_og_new_priors,2.0,A1XXDPBNE3TW0W,Completed,1,40,41,15,6.735151052474976,170.02585768699646,64.96743416786194,"{58455: (-0.07486358403590322, 1.0), 299780: (-0.49917228070948017, -0.5), 66677: (0.00550780425460212, 0.0), 325831: (-0.13038112033895535, -0.5), 143497: (-0.17333778649859058, 0.5), 267226: (0.5129263424949122, 1.0), 270531: (0.08663530267119904, 0.0), 159234: (-0.5843314493446281, 0.0), 197135: (-0.3703234079336966, 0.0), 14342: (-0.35681852567185557, 0.0)}","{290188: (0.825673071431541, 0.5), 80183: (0.8143245187403054, -0.5), 326563: (0.8085657683522092, 1.0), 80000: (0.8034304739337602, 0.5), 80511: (0.7825233120909726, 1.0)}","{'noise': 0.18771849244195496, 'amp': 0.4709138588996711, 'ls': 0.8210326717703884}","[(-0.5, 0.0)]",[]
