impression,user_id,app_version,model_version,mturk_id,status,NUM_INITIAL_RATINGS,NUM_REFINE_RATINGS,TOTAL_TRAINING_RATINGS,NUM_TEST_RATINGS,TIME_INITIAL,TIME_REFINE,TIME_TEST,random_test_predictions_ratings,good_test_predictions_ratings,hypers,redisplay_check,arbitrary_check
0,978366c2-df51-4c11-aa00-8bfb9e9a2904,6.8-mpc_fixed_og_new_priors,2.0,A1FDPZZ4WJB7UA,Completed,1,40,41,15,22.863717079162598,323.994038105011,96.76915526390076,"{84244: (0.0007290265413281444, -0.5), 171022: (0.7192440789390918, 0.5), 82331: (-0.37924882010676614, -0.5), 252702: (0.18498475144477833, 0.5), 252592: (0.09345711852403486, 0.0), 114581: (-0.6636663732939853, -0.5), 112572: (0.3079685391196696, 0.5), 21039: (-0.34619351819675437, -0.5), 172191: (-0.004546271286900667, -0.5), 262308: (-0.4430071354110374, -1.0)}","{166130: (1.4531616255056012, 1.0), 166226: (1.4432834447358531, 0.5), 264515: (1.3859711973862079, 1.0), 165910: (1.3839700209178665, 1.0), 106466: (1.3812978327547103, 0.5)}","{'noise': 0.36834978792432493, 'amp': 1.7623498001384432, 'ls': 6.477584458205486}","[(-0.5, -0.5)]",[]
