impression,user_id,app_version,model_version,mturk_id,status,NUM_INITIAL_RATINGS,NUM_REFINE_RATINGS,TOTAL_TRAINING_RATINGS,NUM_TEST_RATINGS,TIME_INITIAL,TIME_REFINE,TIME_TEST,random_test_predictions_ratings,good_test_predictions_ratings,hypers,redisplay_check,arbitrary_check
0,7f242b17-6efc-4c07-b00e-97edee823a5f,6.8-mpc_fixed_og_new_priors,2.0,A1QJ2VPPZG16EG,Completed,1,40,41,15,10.675007581710815,368.99073815345764,68.79892897605896,"{325453: (0.4761158833586288, 0.5), 16555: (-0.4332588903169362, -0.5), 213366: (0.21708355404583732, 0.5), 50901: (0.09759308953648493, 0.5), 246658: (0.05994675815291331, -0.5), 111544: (-0.3174752430511965, -0.5), 242991: (-0.46562521816855507, -0.5), 94368: (-0.002286871090254841, 0.0), 28083: (0.6709372832117808, 0.5), 259803: (0.20927938908417754, 0.0)}","{198572: (1.2550853398210065, 0.5), 121046: (1.2071820126139023, 0.5), 198841: (1.1980770788720212, 0.5), 81018: (1.176933777996782, 0.5), 120719: (1.1756303673792112, 0.5)}","{'noise': 0.24910183633366442, 'amp': 0.5678671928236732, 'ls': 1.2120978226438406}","[(0.5, 0.5)]",[]
