impression,user_id,app_version,model_version,mturk_id,status,NUM_INITIAL_RATINGS,NUM_REFINE_RATINGS,TOTAL_TRAINING_RATINGS,NUM_TEST_RATINGS,TIME_INITIAL,TIME_REFINE,TIME_TEST,random_test_predictions_ratings,good_test_predictions_ratings,hypers,redisplay_check,arbitrary_check
0,a76a3b62-7310-40a5-836f-106ee4ab8c8c,6.8-mpc_fixed_og_new_priors,2.0,A1OFFNJXVHVI64,Completed,1,40,41,15,5.570883512496948,223.03905963897705,79.51601362228394,"{296877: (0.8016079240028007, -1.0), 47115: (-0.10779046154315536, 1.0), 241212: (-0.3110522481890378, 1.0), 247844: (-0.30051255263968113, -1.0), 200611: (0.6119469305045185, 1.0), 49119: (-0.5620808683805527, 0.5), 289477: (0.08906467446370571, 1.0), 271765: (-0.5285860357610509, -0.5), 84341: (0.04555215213445758, 0.5), 86385: (-0.5657263509855731, -1.0)}","{168727: (1.4068894817357576, 0.5), 33185: (1.3968278336835847, 1.0), 38857: (1.3964478205863753, -1.0), 164760: (1.3811895521856798, 1.0), 168963: (1.379618981219886, 0.5)}","{'noise': 0.20159257328796204, 'amp': 0.7660923785800104, 'ls': 0.9442858365912075}","[(1.0, -0.5)]",[]
