impression,user_id,app_version,model_version,mturk_id,status,NUM_INITIAL_RATINGS,NUM_REFINE_RATINGS,TOTAL_TRAINING_RATINGS,NUM_TEST_RATINGS,TIME_INITIAL,TIME_REFINE,TIME_TEST,random_test_predictions_ratings,good_test_predictions_ratings,hypers,redisplay_check,arbitrary_check
0,8f04c916-72a4-4acf-8219-416e348d9e91,6.8-mpc_fixed_og_new_priors,2.0,AS7R0KA3QNVKE,Completed,1,40,41,15,8.255699634552002,527.2792901992798,102.38300585746765,"{260349: (0.0526853510639766, -1.0), 67228: (0.25545539154155295, -1.0), 205196: (-0.2218253207803793, 1.0), 55526: (0.4426038825768423, 0.5), 70243: (0.25956106403938195, -1.0), 248933: (0.5482706542202933, -1.0), 193998: (-0.019179149116543986, -1.0), 270921: (0.1307102626106377, 1.0), 182956: (0.24760160877235013, -0.5), 215401: (0.33782545325317165, 1.0)}","{310382: (1.1602298883100635, 0.5), 325835: (1.141308159130715, 0.5), 92730: (1.1385885957766235, -1.0), 268399: (1.1274947156532475, 0.5), 40329: (1.1253266042735213, -1.0)}","{'noise': 0.20171704311799413, 'amp': 0.8609178871726004, 'ls': 0.6787616924601068}","[(-1.0, -1.0)]",[]
