impression,user_id,app_version,model_version,mturk_id,status,NUM_INITIAL_RATINGS,NUM_REFINE_RATINGS,TOTAL_TRAINING_RATINGS,NUM_TEST_RATINGS,TIME_INITIAL,TIME_REFINE,TIME_TEST,random_test_predictions_ratings,good_test_predictions_ratings,hypers,redisplay_check,arbitrary_check
0,9a90eaf5-87d6-4cbd-8abb-4058ad9aea74,6.8-mpc_fixed_og_new_priors,2.0,A2WC99P2MCT85P,Completed,1,40,41,15,10.11475157737732,393.4863748550415,125.13481068611145,"{197714: (-0.4025691431000256, 0.5), 197249: (0.2880901150663482, 0.0), 134994: (0.40859582511886594, 0.5), 283093: (0.07897227522826616, 0.0), 226601: (0.0685978444166157, -0.5), 49162: (0.6641344059985923, 0.5), 85356: (0.40044311889531936, 0.5), 237458: (0.16126871787754574, 0.0), 75928: (0.06457983613924788, 0.0), 161118: (-0.011904339987501025, 0.0)}","{196976: (1.417361479921325, 0.5), 196792: (1.3864460639987235, 0.5), 196688: (1.3836799136454339, 0.5), 27569: (1.372639869427593, 0.0), 25457: (1.361352614531065, 0.5)}","{'noise': 0.18113322552693986, 'amp': 0.601711030089216, 'ls': 1.1868650291647347}","[(0.5, 0.5)]",[]
