impression,user_id,app_version,model_version,mturk_id,status,NUM_INITIAL_RATINGS,NUM_REFINE_RATINGS,TOTAL_TRAINING_RATINGS,NUM_TEST_RATINGS,TIME_INITIAL,TIME_REFINE,TIME_TEST,random_test_predictions_ratings,good_test_predictions_ratings,hypers,redisplay_check,arbitrary_check
0,b7686c0f-590f-43d6-aac1-ec190390b3f0,6.8-mpc_fixed_og_new_priors,2.0,A2JI8LMB1EEQ4Z,Completed,1,40,41,15,9.652189493179321,178.41910004615784,66.65154147148132,"{49193: (-0.011063182390062959, -0.5), 195507: (-0.377199341129497, 0.0), 193056: (-0.2586384164775454, 0.0), 41385: (-0.3033702082137841, -1.0), 36373: (-0.0006853660802767826, 0.5), 300772: (0.48377627825689057, 0.5), 198779: (0.1189222027388271, 0.5), 93370: (-0.3561674719143929, -0.5), 312475: (-0.07463075449303369, -0.5), 78609: (-0.5940206387247517, -0.5)}","{143900: (0.907701697186985, 0.5), 239064: (0.9001270717645969, 0.5), 325820: (0.8929188015651037, 0.5), 310367: (0.884355906480157, 0.5), 4030: (0.8812800829577263, 1.0)}","{'noise': 0.1859009075535224, 'amp': 0.5196958140727237, 'ls': 0.8686672188626965}","[(0.5, 0.5)]",[]
