impression,user_id,app_version,model_version,mturk_id,status,NUM_INITIAL_RATINGS,NUM_REFINE_RATINGS,TOTAL_TRAINING_RATINGS,NUM_TEST_RATINGS,TIME_INITIAL,TIME_REFINE,TIME_TEST,random_test_predictions_ratings,good_test_predictions_ratings,hypers,redisplay_check,arbitrary_check
0,fd49f547-89d0-4e1b-96fa-4d540cf4e87c,6.8-mpc_fixed_og_new_priors,2.0,AMFRU7V598WU4,Completed,1,40,41,15,9.981935501098633,287.25223302841187,87.60755467414856,"{69350: (-0.5720839406795051, -1.0), 18689: (-0.03746016617101283, 0.0), 162392: (0.3644783445741197, 0.0), 113590: (0.39253882647370847, 0.0), 205621: (-0.05680851750305625, 1.0), 166696: (-0.5693118533671448, 0.0), 23368: (0.22151210159762177, -1.0), 301340: (-0.5276092727644686, 0.0), 16208: (-0.16317748967504989, 1.0), 6340: (-0.14540942356694286, 1.0)}","{64674: (2.0506927825510264, 1.0), 64282: (2.019233857969542, 1.0), 64427: (1.9783471100925396, 1.0), 204003: (1.966462533424147, 1.0), 64752: (1.952757416372616, 1.0)}","{'noise': 0.5572219950457441, 'amp': 2.03254142313302, 'ls': 5.457396759316024}","[(-1.0, -1.0)]",[]
