impression,user_id,app_version,model_version,mturk_id,status,NUM_INITIAL_RATINGS,NUM_REFINE_RATINGS,TOTAL_TRAINING_RATINGS,NUM_TEST_RATINGS,TIME_INITIAL,TIME_REFINE,TIME_TEST,random_test_predictions_ratings,good_test_predictions_ratings,hypers,redisplay_check,arbitrary_check
0,a364b081-e8fb-41bc-b567-874d34e92dcd,6.8-mpc_fixed_og_new_priors,2.0,A1UOGYZFJF4BKW,Completed,1,40,41,15,13.325735092163086,318.62524151802063,96.33961176872253,"{235856: (-0.25173664859057254, 0.0), 53832: (0.22057935426289482, 0.5), 41206: (-0.6099118660837534, -0.5), 44649: (-0.046008796464233566, -0.5), 63733: (-0.4505041829537206, 0.0), 53988: (-0.10301721760922374, 0.0), 112572: (-0.20644943970033486, 0.0), 107437: (-0.23460702220767055, -1.0), 68967: (-0.23568030136810186, -0.5), 256868: (0.26458750480162824, 0.0)}","{231039: (1.2355550758487601, 1.0), 171067: (1.2115082394124954, 1.0), 285840: (1.2035007350078224, 1.0), 127370: (1.2016784547157036, 0.5), 97534: (1.1902416999602285, 0.5)}","{'noise': 0.21035639541819823, 'amp': 0.5220631889845843, 'ls': 1.1218388366973076}","[(0.5, 0.5)]",[]
