impression,user_id,app_version,model_version,mturk_id,status,NUM_INITIAL_RATINGS,NUM_REFINE_RATINGS,TOTAL_TRAINING_RATINGS,NUM_TEST_RATINGS,TIME_INITIAL,TIME_REFINE,TIME_TEST,random_test_predictions_ratings,good_test_predictions_ratings,hypers,redisplay_check,arbitrary_check
0,412d04d8-5c5c-49ca-a142-ec680f77753e,6.8-mpc_fixed_og_new_priors,2.0,A13XQZ3464NIJX,Completed,1,40,41,15,13.173201560974121,240.91444063186646,66.82127094268799,"{26174: (-0.4544527916936156, -1.0), 113767: (-0.9033417260244218, -1.0), 225258: (0.4014367458062048, -1.0), 240412: (0.7645435664213721, 1.0), 48130: (0.5929311356475041, -0.5), 73449: (-0.723694826280182, 1.0), 135338: (-0.5345304097409004, 0.5), 133699: (0.05914342332437258, 1.0), 88046: (0.17690367946960908, -1.0), 157872: (-1.046237950866132, 1.0)}","{295586: (1.432135056803433, -1.0), 65946: (1.4302368830522256, 1.0), 316743: (1.4168230185914938, 1.0), 267175: (1.4126182783660883, 1.0), 192284: (1.409859691133663, 1.0)}","{'noise': 0.19742541129447555, 'amp': 0.8187700437100159, 'ls': 0.9413191606184494}","[(-1.0, -1.0)]",[]
