impression,user_id,app_version,model_version,mturk_id,status,NUM_INITIAL_RATINGS,NUM_REFINE_RATINGS,TOTAL_TRAINING_RATINGS,NUM_TEST_RATINGS,TIME_INITIAL,TIME_REFINE,TIME_TEST,random_test_predictions_ratings,good_test_predictions_ratings,hypers,redisplay_check,arbitrary_check
0,f32dc5e2-b370-4b36-b796-d5d0a65c5663,6.8-mpc_fixed_og_new_priors,2.0,A2RJSGTY72PMVW,Completed,1,40,41,15,8.989186763763428,417.6519145965576,199.46670985221863,"{106167: (0.08991365131600018, 0.0), 142028: (-0.10635294032467059, 0.0), 307815: (0.02251099280470706, -1.0), 29762: (-0.08521594764245166, -1.0), 100551: (-0.041711017288622705, 0.0), 210498: (-0.08726368000419518, 1.0), 50264: (0.01576174344605885, 0.0), 2390: (-0.03242620971098783, 0.0), 10203: (-0.3558630678677343, 0.0), 63388: (-0.02386502565695567, 0.0)}","{277464: (0.7859175395353396, 1.0), 100667: (0.7848973679630574, 0.0), 130723: (0.7789696813247465, 1.0), 314295: (0.7648520083931277, -1.0), 169025: (0.7617867722494888, 0.0)}","{'noise': 0.19808460616307746, 'amp': 0.7946754207396793, 'ls': 0.5780379717667026}","[(-1.0, -1.0)]",[]
