impression,user_id,app_version,model_version,mturk_id,status,NUM_INITIAL_RATINGS,NUM_REFINE_RATINGS,TOTAL_TRAINING_RATINGS,NUM_TEST_RATINGS,TIME_INITIAL,TIME_REFINE,TIME_TEST,random_test_predictions_ratings,good_test_predictions_ratings,hypers,redisplay_check,arbitrary_check
0,65c6382c-8778-46c8-89c5-17ec34da7305,6.8-mpc_fixed_og_new_priors,2.0,A24G8GL5FX1KAW,Completed,1,40,41,15,8.001156568527222,310.5338406562805,79.50602984428406,"{75486: (-0.45507135966189893, 1.0), 206771: (-0.5863186678541993, 1.0), 170643: (-0.7010323349848973, 1.0), 171423: (0.3188400692916061, 1.0), 85394: (0.6130494330678392, 1.0), 93030: (0.24502978880154097, 1.0), 311768: (-0.11393508218098065, 1.0), 275788: (0.10372909055940166, 1.0), 254756: (0.08217535025790478, 1.0), 189187: (-0.28848941763414354, 1.0)}","{326443: (1.3861871927851264, 1.0), 326468: (1.343525223556781, 1.0), 203049: (1.3374690074356383, 1.0), 321769: (1.2973053975075455, 1.0), 273184: (1.2942307611730288, 1.0)}","{'noise': 0.6726543078152102, 'amp': 1.319163086346863, 'ls': 4.276165052845873}","[(1.0, 1.0)]",[]
