impression,user_id,app_version,model_version,mturk_id,status,NUM_INITIAL_RATINGS,NUM_REFINE_RATINGS,TOTAL_TRAINING_RATINGS,NUM_TEST_RATINGS,TIME_INITIAL,TIME_REFINE,TIME_TEST,random_test_predictions_ratings,good_test_predictions_ratings,hypers,redisplay_check,arbitrary_check
0,7df1542b-18df-422f-a093-ef085936fea9,6.8-mpc_fixed_og_new_priors,2.0,A249LDVPG27XCE,Completed,1,40,41,15,10.40996503829956,377.74116039276123,120.56232357025146,"{179128: (0.47419144142711767, 0.5), 320650: (-0.018531080709340453, -0.5), 280310: (0.14347926924857576, 0.0), 181994: (-0.23351706988504087, -0.5), 289592: (-0.25794093157752745, -0.5), 315102: (0.4158947352697097, 0.5), 27695: (0.4812171082034281, 0.5), 29619: (0.47164000814427426, -0.5), 132794: (0.5747835364988467, 0.5), 329889: (0.27430143435734106, 0.0)}","{142789: (1.260781060318412, 0.0), 97510: (1.2339269996791862, 0.5), 143162: (1.227963394079845, 0.5), 97464: (1.2238718363008563, 0.0), 203909: (1.2193019743221558, 0.0)}","{'noise': 0.18586013174942553, 'amp': 0.6210380658479231, 'ls': 1.1061175455304386}","[(-0.5, -0.5)]",[]
