impression,user_id,app_version,model_version,mturk_id,status,NUM_INITIAL_RATINGS,NUM_REFINE_RATINGS,TOTAL_TRAINING_RATINGS,NUM_TEST_RATINGS,TIME_INITIAL,TIME_REFINE,TIME_TEST,random_test_predictions_ratings,good_test_predictions_ratings,hypers,redisplay_check,arbitrary_check
0,f3b663cd-7cf1-41d8-84a9-5a203dc979db,6.8-mpc_fixed_og_new_priors,2.0,A1UZN21EAN1HZ4,Completed,1,40,41,15,15.908161401748657,315.6021399497986,126.2621214389801,"{270197: (0.12643997125950665, 0.0), 230527: (0.18746161016532542, 0.5), 277066: (0.24612706176526436, 0.0), 73038: (-0.26099314378046573, 0.5), 157069: (-0.32383978023166143, 0.0), 237876: (-0.17317053065470372, 0.0), 270479: (-0.13437220323554827, 0.5), 274595: (0.3325767514108155, 0.0), 281267: (-0.007843778626449747, 0.5), 137400: (-0.14836151977403608, 0.5)}","{330768: (0.9614681269680923, 0.5), 76995: (0.9086504181134818, 0.5), 76836: (0.9079540044797272, 0.5), 77456: (0.9065065874716254, 0.5), 76977: (0.8998872330774594, 0.5)}","{'noise': 0.18151066839615757, 'amp': 0.5326758386828775, 'ls': 0.9317290830056093}","[(0.0, 0.0)]",[]
