impression,user_id,app_version,model_version,mturk_id,status,NUM_INITIAL_RATINGS,NUM_REFINE_RATINGS,TOTAL_TRAINING_RATINGS,NUM_TEST_RATINGS,TIME_INITIAL,TIME_REFINE,TIME_TEST,random_test_predictions_ratings,good_test_predictions_ratings,hypers,redisplay_check,arbitrary_check
0,31b7081e-77af-4bc7-9296-1cbaee5f9ff3,6.8-mpc_fixed_og_new_priors,2.0,A3JZ2WCG7JH1Q8,Completed,1,40,41,15,4.227788209915161,340.9914519786835,86.35149359703064,"{275760: (0.9549552977142546, 1.0), 298675: (-0.7406046118626409, -1.0), 43333: (-0.21561981328060298, 1.0), 15334: (-0.1418188106634548, -1.0), 182347: (0.4361805569725638, 1.0), 288517: (-0.04982646900758925, 1.0), 91024: (-0.8294381729209883, -1.0), 46617: (-0.3745318475053448, -1.0), 185914: (-0.3011109972388276, 1.0), 2082: (0.07539051405871633, -1.0)}","{78525: (1.823957984892803, 1.0), 217085: (1.8059901654180555, 1.0), 205933: (1.792621704157103, 1.0), 37672: (1.781757888734922, 1.0), 37512: (1.7573858842149792, 1.0)}","{'noise': 0.2105713147142717, 'amp': 0.9777090443442229, 'ls': 0.8645544768958382}","[(-1.0, 1.0)]",[]
