impression,user_id,app_version,model_version,mturk_id,status,NUM_INITIAL_RATINGS,NUM_REFINE_RATINGS,TOTAL_TRAINING_RATINGS,NUM_TEST_RATINGS,TIME_INITIAL,TIME_REFINE,TIME_TEST,random_test_predictions_ratings,good_test_predictions_ratings,hypers,redisplay_check,arbitrary_check
0,7d5d8cc2-f51a-49ec-b336-97fd1f8877ff,6.8-mpc_fixed_og_new_priors,2.0,A3OODPFBF6R2PL,Completed,1,40,41,15,6.945044755935669,230.00938534736633,77.32081031799316,"{153520: (-0.15441022827708306, 0.0), 74132: (0.025851604147730974, -0.5), 129529: (-0.29667043741115673, 0.0), 96818: (-0.19347829410352302, -0.5), 108758: (0.17506298475722654, 0.5), 38224: (-0.23379220073697793, -0.5), 174235: (-0.009927561877819402, 0.5), 97950: (-0.1054915928331365, 0.0), 114341: (0.14481444808097804, 0.5), 190873: (-0.257503234054883, -0.5)}","{184269: (0.6305510747027209, 0.5), 199039: (0.6218112468861646, 0.5), 184063: (0.6111427885934945, 0.5), 198833: (0.6010779077081005, 0.5), 183921: (0.5997249000866742, 0.5)}","{'noise': 0.24850827597674652, 'amp': 1.058016766353903, 'ls': 6.644804275162717}","[(0.5, 0.5)]",[]
