impression,user_id,app_version,model_version,mturk_id,status,NUM_INITIAL_RATINGS,NUM_REFINE_RATINGS,TOTAL_TRAINING_RATINGS,NUM_TEST_RATINGS,TIME_INITIAL,TIME_REFINE,TIME_TEST,random_test_predictions_ratings,good_test_predictions_ratings,hypers,redisplay_check,arbitrary_check
0,0323e693-f33e-4ebf-9d66-155d1d4ea1ad,6.8-mpc_fixed_og_new_priors,2.0,A1KWC8TW8ANBQ8,Completed,1,40,41,15,8.552243709564209,186.00518894195557,65.42442655563354,"{234379: (0.3529779936894699, -0.5), 263917: (-0.21017669496398264, 0.0), 257254: (-0.28246224851584634, 0.0), 303904: (-0.8859930228162338, -1.0), 51245: (0.24202427802929088, 0.0), 79669: (0.17118245230219392, 0.5), 13574: (-1.2261614472112305, -0.5), 211197: (0.08883345368717822, 0.0), 124767: (0.022608922931502917, 0.0), 189542: (-0.9377659807412786, -0.5)}","{34581: (1.6008963039558068, 0.5), 34350: (1.5310963236890451, 0.5), 256942: (1.5112494303553243, 0.0), 256745: (1.5082640163683774, 1.0), 308071: (1.499264465518501, 0.5)}","{'noise': 0.19168552979089137, 'amp': 0.7311721168948472, 'ls': 1.1790510967383896}","[(0.0, 0.5)]",[]
