impression,user_id,app_version,model_version,mturk_id,status,NUM_INITIAL_RATINGS,NUM_REFINE_RATINGS,TOTAL_TRAINING_RATINGS,NUM_TEST_RATINGS,TIME_INITIAL,TIME_REFINE,TIME_TEST,random_test_predictions_ratings,good_test_predictions_ratings,hypers,redisplay_check,arbitrary_check
0,88d8e382-aadc-4dae-9c6f-60530fdf44ba,6.8-mpc_fixed_og_new_priors,2.0,A1VE6VNQJO0U88,Completed,1,40,41,15,7.897315740585327,303.7718541622162,103.30534338951111,"{314559: (-0.04986968990993364, 0.5), 306702: (0.6468658283925848, 0.0), 126142: (0.10596759120398787, 1.0), 316433: (0.2738685516244196, 1.0), 287426: (0.25831284790195097, 1.0), 118057: (0.013849933468583014, 0.0), 239171: (-0.005362416810924989, -0.5), 103156: (0.18369500930844962, 0.0), 90689: (0.42968397944450415, 0.0), 112707: (0.04039829491025784, 1.0)}","{76426: (1.172826415366309, 1.0), 76979: (1.1515998569624573, 1.0), 141408: (1.1263613762011067, 1.0), 260396: (1.126095667848182, 1.0), 315252: (1.0846524095374255, 1.0)}","{'noise': 0.18160079897927747, 'amp': 0.459813015001095, 'ls': 0.9763885101977062}","[(1.0, 1.0)]",[]
