impression,user_id,app_version,model_version,mturk_id,status,NUM_INITIAL_RATINGS,NUM_REFINE_RATINGS,TOTAL_TRAINING_RATINGS,NUM_TEST_RATINGS,TIME_INITIAL,TIME_REFINE,TIME_TEST,random_test_predictions_ratings,good_test_predictions_ratings,hypers,redisplay_check,arbitrary_check
0,e15809dc-2724-4b31-89a5-186e12732ab8,6.8-mpc_fixed_og_new_priors,2.0,A1K2R6FBPUA5TQ,Completed,1,40,41,15,20.188978910446167,662.1598942279816,102.9553074836731,"{298723: (-0.19373584987204667, -0.5), 138076: (-0.3429075528413001, -0.5), 66316: (-0.4856377658901391, -0.5), 849: (-0.15955079749412032, 0.5), 96355: (0.23715726553818106, -0.5), 84051: (0.41593012378111277, 0.5), 121142: (-0.7036026806549543, -0.5), 74741: (0.058215984634666686, 0.5), 252630: (0.2373104952879148, 0.5), 41865: (0.27934805279888963, 0.5)}","{64550: (1.2189820039813455, 1.0), 285785: (1.1867816441122583, 0.5), 64348: (1.1864326533157294, 0.5), 64725: (1.1856128190478739, 0.5), 127543: (1.1828993534018513, 0.0)}","{'noise': 0.16167975594406087, 'amp': 0.5202537707459389, 'ls': 1.1932748580665569}","[(0.5, 0.5)]",[]
