impression,user_id,app_version,model_version,mturk_id,status,NUM_INITIAL_RATINGS,NUM_REFINE_RATINGS,TOTAL_TRAINING_RATINGS,NUM_TEST_RATINGS,TIME_INITIAL,TIME_REFINE,TIME_TEST,random_test_predictions_ratings,good_test_predictions_ratings,hypers,redisplay_check,arbitrary_check
0,521b96be-05e0-4d15-a397-92d2c309e22a,6.8-mpc_fixed_og_new_priors,2.0,AS0REDD6MMWQG,Completed,1,40,41,15,9.828894853591919,330.08432722091675,146.1619155406952,"{164053: (-0.06314619303690959, 1.0), 276426: (-0.38346788416121197, 1.0), 245771: (-0.38930475089543176, -1.0), 89778: (0.06826598143335104, -1.0), 121888: (0.19567257239577895, 1.0), 288439: (0.11185935753261657, -1.0), 328749: (0.11134672802325832, 1.0), 258058: (0.09803593349722207, 1.0), 276168: (0.3586294413390687, -1.0), 268367: (-0.28338915908810436, 1.0)}","{279499: (0.9615451545890393, 1.0), 218512: (0.9370754663257441, 1.0), 161790: (0.9318377304884892, 1.0), 146652: (0.9303609519645978, 1.0), 275250: (0.9301392260278972, 1.0)}","{'noise': 0.1986330249881056, 'amp': 0.9756053940439355, 'ls': 0.6663122642336424}","[(1.0, 1.0)]",[]
