impression,user_id,app_version,model_version,mturk_id,status,NUM_INITIAL_RATINGS,NUM_REFINE_RATINGS,TOTAL_TRAINING_RATINGS,NUM_TEST_RATINGS,TIME_INITIAL,TIME_REFINE,TIME_TEST,random_test_predictions_ratings,good_test_predictions_ratings,hypers,redisplay_check,arbitrary_check
0,44475828-c1be-45d0-9f2c-7c2fd6767bde,7.1.2-abernethy-binary-mpc,1.2,A2CDPJ7FMJ4WHG,Completed,1,40,41,15,7.678254842758179,180.22618770599365,65.42220425605774,"{78264: (0.2530241252477251, 0.5), 273875: (0.47300437136937046, -0.5), 148856: (0.16607813903932234, -0.5), 269065: (-0.6514091866253722, 0.5), 202647: (0.08559999538597474, 0.5), 103250: (-0.7133778543468052, 0.5), 310365: (0.283638545712549, 0.5), 19630: (-0.1879639844780674, 0.5), 167000: (-0.11396031981574867, 0.5), 64644: (-0.57186738384299, 0.5)}","{303220: (2.62279619118552, -0.5), 303366: (2.5654357731084243, -0.5), 168776: (2.5621212855967057, -0.5), 31994: (2.5592970150698306, 0.5), 82212: (2.551021176126599, -0.5)}","{'lambda': 0.012345679012345678, 'beta0': -0.0006092091805031761}","[(0.5, 0.5)]",[]
