impression,user_id,app_version,model_version,mturk_id,status,NUM_INITIAL_RATINGS,NUM_REFINE_RATINGS,TOTAL_TRAINING_RATINGS,NUM_TEST_RATINGS,TIME_INITIAL,TIME_REFINE,TIME_TEST,random_test_predictions_ratings,good_test_predictions_ratings,hypers,redisplay_check,arbitrary_check
0,390a9d82-9342-49fe-b6ed-74231f1bd0ef,7.1.2-abernethy-binary-mpc,1.2,A2050U5D303GP1,Completed,1,40,41,15,14.194581985473633,625.6802864074707,96.28804159164429,"{119245: (-0.8750177337455153, -0.5), 4574: (-0.14674278966787738, -0.5), 78132: (1.2060201136997166, 0.5), 321930: (0.9900512440160589, 0.5), 58517: (-0.17703135572382675, -0.5), 263690: (1.6036840626495859, 0.5), 319385: (-0.1766793455339707, -0.5), 140857: (-1.4635565558717047, -0.5), 221862: (-0.1710824320824602, 0.5), 297289: (-0.04532961083519921, 0.5)}","{64142: (2.709962956869278, 0.5), 285858: (2.707284386225295, 0.5), 285953: (2.69937201260345, 0.5), 64157: (2.685668747651433, 0.5), 285909: (2.6637751290064564, 0.5)}","{'lambda': 0.012345679012345678, 'beta0': 0.218849010459336}","[(-0.5, -0.5)]",[]
