impression,user_id,app_version,model_version,mturk_id,status,NUM_INITIAL_RATINGS,NUM_REFINE_RATINGS,TOTAL_TRAINING_RATINGS,NUM_TEST_RATINGS,TIME_INITIAL,TIME_REFINE,TIME_TEST,random_test_predictions_ratings,good_test_predictions_ratings,hypers,redisplay_check,arbitrary_check
0,376b2d81-b375-43ff-b0c6-e58865af9725,7.1.2-abernethy-binary-mpc,1.2,A1U4FRBWSMP8WT,Completed,1,40,41,15,3.092639207839966,131.29593801498413,49.91127157211304,"{195196: (-0.48554456011917935, 0.5), 229023: (-1.8805065154117058, -0.5), 330232: (-0.04156465341119733, 0.5), 112944: (-1.5394399927763642, 0.5), 318353: (-1.0091980309476292, -0.5), 17389: (0.15751742148293904, 0.5), 107328: (-0.3426995774143856, 0.5), 211157: (-0.752104267421481, -0.5), 143388: (-0.171805023271625, 0.5), 200551: (-2.063812496838478, -0.5)}","{140233: (2.882064014690911, 0.5), 139892: (2.8645989109082706, 0.5), 140189: (2.8552742595279597, 0.5), 198531: (2.8458436350942136, 0.5), 198190: (2.828378531311573, 0.5)}","{'lambda': 0.012345679012345678, 'beta0': -0.14758042249199085}","[(-0.5, -0.5)]",[]
