impression,user_id,app_version,model_version,mturk_id,status,NUM_INITIAL_RATINGS,NUM_REFINE_RATINGS,TOTAL_TRAINING_RATINGS,NUM_TEST_RATINGS,TIME_INITIAL,TIME_REFINE,TIME_TEST,random_test_predictions_ratings,good_test_predictions_ratings,hypers,redisplay_check,arbitrary_check
0,7190339f-681c-44de-a89b-6b674a2165d6,7.1.2-abernethy-binary-mpc,1.2,A1T579QEGUZKIP,Completed,1,40,41,15,4.86580753326416,119.4925434589386,40.88190293312073,"{297173: (-0.7862061953182826, 0.5), 239145: (-0.23691422936196715, 0.5), 193219: (0.08562553186248767, -0.5), 194813: (0.7609010114852062, 0.5), 309246: (-0.451203976894318, -0.5), 161305: (0.7460542655690534, 0.5), 10502: (-1.5291693019832897, 0.5), 314903: (0.478161017468404, 0.5), 93909: (-1.049119930530749, 0.5), 133786: (0.40854208645576623, 0.5)}","{80264: (2.74717432048599, 0.5), 80287: (2.530178292385372, -0.5), 80188: (2.487305668832238, -0.5), 80459: (2.4872543873311717, -0.5), 193516: (2.4643399396585894, -0.5)}","{'lambda': 0.012345679012345678, 'beta0': -0.2564731916229456}","[(0.5, 0.5)]",[]
