impression,user_id,app_version,model_version,mturk_id,status,NUM_INITIAL_RATINGS,NUM_REFINE_RATINGS,TOTAL_TRAINING_RATINGS,NUM_TEST_RATINGS,TIME_INITIAL,TIME_REFINE,TIME_TEST,random_test_predictions_ratings,good_test_predictions_ratings,hypers,redisplay_check,arbitrary_check
0,244745de-348f-4d19-b950-fb0fa328c8f7,7.1.2-abernethy-binary-mpc,1.2,A1143GKN5T807X,Completed,1,40,41,15,6.764922142028809,147.49973940849304,46.29463052749634,"{24506: (-1.0693407184052464, 0.5), 98520: (0.20391678861426615, 0.5), 113954: (-0.9905135712145694, 0.5), 94397: (0.8526056490386217, -0.5), 292550: (0.059579667668092556, 0.5), 173386: (0.5330077134507496, 0.5), 269582: (-0.055780293048656865, 0.5), 282532: (0.044675370728206376, -0.5), 188151: (0.03337307829024274, -0.5), 188603: (-1.111396442000911, 0.5)}","{318667: (2.7295857534411874, -0.5), 316561: (2.6057141245950515, -0.5), 293901: (2.5866307005736227, -0.5), 318692: (2.569080942370416, 0.5), 318733: (2.5674641262513074, 0.5)}","{'lambda': 0.012345679012345678, 'beta0': -0.23065319011625543}","[(0.5, 0.5)]",[]
