impression,user_id,app_version,model_version,mturk_id,status,NUM_INITIAL_RATINGS,NUM_REFINE_RATINGS,TOTAL_TRAINING_RATINGS,NUM_TEST_RATINGS,TIME_INITIAL,TIME_REFINE,TIME_TEST,random_test_predictions_ratings,good_test_predictions_ratings,hypers,redisplay_check,arbitrary_check
0,5d549c8e-73c7-4750-adda-ef399021d18e,7.1.2-abernethy-binary-mpc,1.2,A2Y7L7R5UTQ5R2,Completed,1,40,41,15,10.33578896522522,92.79865050315857,33.292402505874634,"{285311: (0.1963059160658024, 0.5), 28491: (-1.4693175152636422, 0.5), 211490: (0.16847181829893598, 0.5), 220708: (-0.00843735925141581, 0.5), 328138: (0.0915495465873175, -0.5), 50874: (1.2534516656046388, 0.5), 197120: (-0.14642778070659174, 0.5), 210429: (-0.2552684864120164, -0.5), 230638: (-0.21961651743493282, -0.5), 13601: (0.3277790157783459, -0.5)}","{320260: (2.1830049788024377, -0.5), 227105: (2.136742914469149, 0.5), 226790: (2.126504708208111, -0.5), 155317: (2.1238586800661223, -0.5), 155002: (2.1136204738050837, 0.5)}","{'lambda': 0.012345679012345678, 'beta0': 0.01961782943429878}","[(0.5, 0.5)]",[]
