impression,user_id,app_version,model_version,mturk_id,status,NUM_INITIAL_RATINGS,NUM_REFINE_RATINGS,TOTAL_TRAINING_RATINGS,NUM_TEST_RATINGS,TIME_INITIAL,TIME_REFINE,TIME_TEST,random_test_predictions_ratings,good_test_predictions_ratings,hypers,redisplay_check,arbitrary_check
0,bf90ca6e-021e-4226-b268-54be1768ec6e,7.1.2-abernethy-binary-mpc,1.2,A1UBXBFSS3O8K,Completed,1,40,41,15,31.75624680519104,635.5594754219055,266.97030806541443,"{68671: (0.12046116583140071, 0.5), 154158: (-0.08596105439002821, 0.5), 100430: (1.264621139614316, -0.5), 180870: (-0.3916663453080306, -0.5), 247813: (-1.1592421347844246, 0.5), 23600: (-0.5055532350018588, -0.5), 243194: (0.46199152298316437, -0.5), 150458: (1.3703199789635763, 0.5), 205664: (-0.10368129981348652, -0.5), 188904: (-0.3573209648964231, 0.5)}","{254387: (2.8831337139260738, 0.5), 233171: (2.8376420869469587, 0.5), 200327: (2.775505033923862, -0.5), 277004: (2.7365212663303895, 0.5), 210827: (2.7199460566902918, 0.5)}","{'lambda': 0.012345679012345678, 'beta0': -0.22345258610908045}","[(0.5, 0.5)]",[]
