impression,user_id,app_version,model_version,mturk_id,status,NUM_INITIAL_RATINGS,NUM_REFINE_RATINGS,TOTAL_TRAINING_RATINGS,NUM_TEST_RATINGS,TIME_INITIAL,TIME_REFINE,TIME_TEST,random_test_predictions_ratings,good_test_predictions_ratings,hypers,redisplay_check,arbitrary_check
0,528c597c-cb1d-448f-a1e0-1251afa0e337,7.1.2-abernethy-binary-mpc,1.2,A22PLLEZNFUMB2,Completed,1,40,41,15,5.706245422363281,191.20300841331482,59.363539695739746,"{293593: (1.774893241286311, 0.5), 25394: (1.268736421710235, -0.5), 219081: (-1.7298749934246058, -0.5), 254324: (-0.7833349037867309, 0.5), 234628: (0.719914323183311, 0.5), 96721: (-0.3309999740293524, 0.5), 241828: (2.398432880798033, 0.5), 169456: (0.3778191457698392, -0.5), 97127: (-1.0009628095256897, 0.5), 55478: (1.6750454591182782, -0.5)}","{76665: (5.296580742708218, -0.5), 76584: (5.206831555284081, -0.5), 76465: (5.1969898219450785, -0.5), 77377: (5.172880923360168, -0.5), 76440: (5.1447069672381645, -0.5)}","{'lambda': 0.012345679012345678, 'beta0': -0.0886500493485131}","[(-0.5, -0.5)]",[]
