impression,user_id,app_version,model_version,mturk_id,status,NUM_INITIAL_RATINGS,NUM_REFINE_RATINGS,TOTAL_TRAINING_RATINGS,NUM_TEST_RATINGS,TIME_INITIAL,TIME_REFINE,TIME_TEST,random_test_predictions_ratings,good_test_predictions_ratings,hypers,redisplay_check,arbitrary_check
0,bf7d7251-065d-47a4-bd77-38ab46ae6110,7.1.2-abernethy-binary-mpc,1.2,ABICECSTT3MWF,Completed,1,40,41,15,3.2499186992645264,141.6272542476654,91.77391767501831,"{189947: (0.061903870283896434, -0.5), 181472: (0.022491767447683275, -0.5), 267859: (-1.124816373599988, -0.5), 314109: (0.10905806762060902, -0.5), 163386: (2.1492897227029966, -0.5), 122493: (-1.068575842388921, -0.5), 164611: (-0.9263676420090966, 0.5), 203198: (-1.091304597599911, -0.5), 203172: (-0.9808948245493794, 0.5), 319701: (0.6091881336267733, 0.5)}","{25919: (4.0084357848512315, 0.5), 103708: (3.991740611047044, 0.5), 229933: (3.969364340090574, -0.5), 82349: (3.9577237511531327, -0.5), 217934: (3.8846059601782037, -0.5)}","{'lambda': 0.012345679012345678, 'beta0': 0.6440012847790213}","[(0.5, -0.5)]",[]
