impression,user_id,app_version,model_version,mturk_id,status,NUM_INITIAL_RATINGS,NUM_REFINE_RATINGS,TOTAL_TRAINING_RATINGS,NUM_TEST_RATINGS,TIME_INITIAL,TIME_REFINE,TIME_TEST,random_test_predictions_ratings,good_test_predictions_ratings,hypers,redisplay_check,arbitrary_check
0,8a23e17a-8732-43e0-8ea7-7a7c4d8b21fb,7.1.2-abernethy-binary-mpc,1.2,ADMTBAW0O1I30,Completed,1,40,41,15,3.6320953369140625,164.03637862205505,43.896235942840576,"{5697: (1.24746090815669, 0.5), 2562: (-1.1543830421338774, -0.5), 170263: (-0.1626111076829988, -0.5), 258671: (-0.8973371354975179, -0.5), 237033: (0.7237042224789914, -0.5), 241949: (0.4284145758394734, -0.5), 308640: (0.4742788325590754, -0.5), 243343: (1.2219735962840326, 0.5), 38213: (-0.3501483773537362, -0.5), 61916: (0.5728435965979659, 0.5)}","{110387: (2.693259322827578, 0.5), 110231: (2.6374500013393076, -0.5), 210208: (2.622122920256314, 0.5), 57812: (2.6091867256756944, 0.5), 42842: (2.603399254285731, 0.5)}","{'lambda': 0.012345679012345678, 'beta0': 1.4409747476715673}","[(-0.5, -0.5)]",[]
