impression,user_id,app_version,model_version,mturk_id,status,NUM_INITIAL_RATINGS,NUM_REFINE_RATINGS,TOTAL_TRAINING_RATINGS,NUM_TEST_RATINGS,TIME_INITIAL,TIME_REFINE,TIME_TEST,random_test_predictions_ratings,good_test_predictions_ratings,hypers,redisplay_check,arbitrary_check
0,1e098fdb-d997-433c-a5e5-dd45be1d1b0c,7.1.2-abernethy-binary-mpc,1.2,A1VAZ4O0J5QD7S,Completed,1,40,41,15,5.110944986343384,220.74634385108948,69.4025707244873,"{131603: (-0.49026398948849115, -0.5), 219616: (-0.2746731272258612, 0.5), 154636: (0.36574604809269234, 0.5), 262458: (-0.4001074301212575, 0.5), 216673: (0.2777320675587528, -0.5), 129446: (-0.6642110782956521, 0.5), 231687: (0.3150989471931518, 0.5), 292972: (-0.14416874053724638, -0.5), 320438: (1.1185740835854268, 0.5), 89807: (0.255441012203659, -0.5)}","{158640: (2.415674126319305, 0.5), 58678: (2.2554260136048736, 0.5), 158401: (2.2465242371010934, -0.5), 158400: (2.232809393267396, -0.5), 158372: (2.21061695550865, -0.5)}","{'lambda': 0.012345679012345678, 'beta0': -0.7336342193942795}","[(0.5, -0.5)]",[]
