impression,user_id,app_version,model_version,mturk_id,status,NUM_INITIAL_RATINGS,NUM_REFINE_RATINGS,TOTAL_TRAINING_RATINGS,NUM_TEST_RATINGS,TIME_INITIAL,TIME_REFINE,TIME_TEST,random_test_predictions_ratings,good_test_predictions_ratings,hypers,redisplay_check,arbitrary_check
0,8deb5fd0-c7f9-4a11-b8a8-5fc257b507ab,7.1.2-abernethy-binary-mpc,1.2,AS0REDD6MMWQG,Completed,1,40,41,15,7.116684913635254,355.88482904434204,125.53163719177246,"{141341: (0.5150291303589408, 0.5), 138007: (-1.48713616316608, 0.5), 163587: (-1.0116983902812475, 0.5), 253347: (0.773624822841829, 0.5), 298182: (0.7881918269235421, 0.5), 168179: (2.6755800578968896, 0.5), 249957: (-0.37426029349210044, -0.5), 75940: (0.003387422285299778, 0.5), 75652: (0.4060334943261801, -0.5), 227209: (-1.0944529340509057, 0.5)}","{228807: (5.043647367520268, 0.5), 83485: (4.975301578655381, 0.5), 228528: (4.919374442205674, -0.5), 228779: (4.864856625828151, -0.5), 228682: (4.8643057263090395, -0.5)}","{'lambda': 0.012345679012345678, 'beta0': 0.23573772606886742}","[(0.5, -0.5)]",[]
