impression,user_id,app_version,model_version,mturk_id,status,NUM_INITIAL_RATINGS,NUM_REFINE_RATINGS,TOTAL_TRAINING_RATINGS,NUM_TEST_RATINGS,TIME_INITIAL,TIME_REFINE,TIME_TEST,random_test_predictions_ratings,good_test_predictions_ratings,hypers,redisplay_check,arbitrary_check
0,2b94aed0-f5b6-43ac-9bae-76fc6f45d984,7.1.2-abernethy-binary-mpc,1.2,APGX2WZ59OWDN,Completed,1,40,41,15,3.179415702819824,115.21064615249634,35.05691123008728,"{261869: (-1.3802459568532786, -0.5), 325889: (-0.3739137729752404, -0.5), 233778: (-1.3008527055784638, -0.5), 284179: (1.6276713738762636, 0.5), 104172: (-0.002065022250186302, 0.5), 40056: (-0.6579046367246797, 0.5), 184648: (-0.2893932299601728, -0.5), 36847: (0.4062128081237909, -0.5), 285741: (1.6382506716268284, 0.5), 213099: (-1.0828132900657437, -0.5)}","{29394: (3.484034245217648, 0.5), 29390: (3.451370121743606, 0.5), 21579: (3.4464582193511273, 0.5), 135245: (3.4299285691456722, 0.5), 21575: (3.4137940958770856, 0.5)}","{'lambda': 0.012345679012345678, 'beta0': 0.5853972212235431}","[(0.5, 0.5)]",[]
