impression,user_id,app_version,model_version,mturk_id,status,NUM_INITIAL_RATINGS,NUM_REFINE_RATINGS,TOTAL_TRAINING_RATINGS,NUM_TEST_RATINGS,TIME_INITIAL,TIME_REFINE,TIME_TEST,random_test_predictions_ratings,good_test_predictions_ratings,hypers,redisplay_check,arbitrary_check
0,8a662e64-4665-4c58-ba30-776af1a59172,7.1.2-abernethy-binary-mpc,1.2,A26RO8GGTQAXGG,Completed,1,40,41,15,6.31239914894104,213.82211232185364,84.00608539581299,"{92400: (1.1090774044711356, 0.5), 226245: (-0.04612500770398917, 0.5), 88034: (0.6426579457388327, 0.5), 304919: (-0.13151410930197, 0.5), 43036: (-0.1075390101090038, 0.5), 145660: (-0.7839088146493732, 0.5), 303474: (0.20295812987050593, -0.5), 1845: (-0.9000679392336874, -0.5), 118629: (-0.17796154798428615, 0.5), 212834: (-0.9119089731699923, 0.5)}","{68595: (2.680815041719204, 0.5), 26511: (2.625261462556291, 0.5), 68517: (2.597024842182803, 0.5), 308021: (2.5670709689282107, 0.5), 26433: (2.54147126301989, 0.5)}","{'lambda': 0.012345679012345678, 'beta0': 0.09116376651825414}","[(0.5, 0.5)]",[]
