impression,user_id,app_version,model_version,mturk_id,status,NUM_INITIAL_RATINGS,NUM_REFINE_RATINGS,TOTAL_TRAINING_RATINGS,NUM_TEST_RATINGS,TIME_INITIAL,TIME_REFINE,TIME_TEST,random_test_predictions_ratings,good_test_predictions_ratings,hypers,redisplay_check,arbitrary_check
0,4eda2598-d272-4287-a30f-4dc2d1e0fe9a,7.1.2-abernethy-binary-mpc,1.2,A3QPVH0DRW0ZQV,Completed,1,40,41,15,29.52170705795288,246.85952067375183,54.71257209777832,"{290065: (-1.0304943187882154, -0.5), 139697: (-0.5921015152836778, -0.5), 221508: (1.1459267045350408, 0.5), 258091: (-0.031467415008423316, 0.5), 223903: (1.6115438613286557, 0.5), 177063: (0.2593451234786544, 0.5), 250609: (-0.1695789608438132, -0.5), 250301: (0.19445351726972987, -0.5), 302960: (1.067581559573738, 0.5), 45638: (0.7980875233269094, 0.5)}","{87123: (3.2499524584562582, 0.5), 70095: (3.1307217089910853, 0.5), 13966: (3.03575072867138, 0.5), 116845: (3.0292233481822493, 0.5), 73690: (3.0051306264607103, 0.5)}","{'lambda': 0.012345679012345678, 'beta0': -0.9665908207617157}","[(0.5, 0.5)]",[]
