impression,user_id,app_version,model_version,mturk_id,status,NUM_INITIAL_RATINGS,NUM_REFINE_RATINGS,TOTAL_TRAINING_RATINGS,NUM_TEST_RATINGS,TIME_INITIAL,TIME_REFINE,TIME_TEST,random_test_predictions_ratings,good_test_predictions_ratings,hypers,redisplay_check,arbitrary_check
0,514e928d-6ab6-4140-a730-1a0c71475829,7.1.2-abernethy-binary-mpc,1.2,AM7FYVGVOEP66,Completed,1,40,41,15,6.506840705871582,155.59961199760437,53.48020267486572,"{271658: (0.29311972909479367, 0.5), 307004: (-0.04503520648576477, -0.5), 84737: (0.7885608014687004, -0.5), 231758: (-0.5862182127558525, 0.5), 264387: (-1.2864781392435003, -0.5), 288212: (0.5767306539136825, -0.5), 105731: (-0.5922844475159839, -0.5), 241251: (-0.31470586739226736, 0.5), 239297: (-0.6475439888410328, 0.5), 181685: (-0.1262281317910889, -0.5)}","{158782: (2.2597925768457725, 0.5), 323147: (2.2059456024407114, 0.5), 158548: (2.1911257948783613, 0.5), 286520: (2.1799183099118333, 0.5), 115277: (2.1613107922816326, 0.5)}","{'lambda': 0.012345679012345678, 'beta0': -0.21881600901560963}","[(-0.5, -0.5)]",[]
