impression,user_id,app_version,model_version,mturk_id,status,NUM_INITIAL_RATINGS,NUM_REFINE_RATINGS,TOTAL_TRAINING_RATINGS,NUM_TEST_RATINGS,TIME_INITIAL,TIME_REFINE,TIME_TEST,random_test_predictions_ratings,good_test_predictions_ratings,hypers,redisplay_check,arbitrary_check
0,1d8f8f1f-7f66-44ab-b9f7-eae7d693bdae,7.1.2-abernethy-binary-mpc,1.2,A24G8GL5FX1KAW,Completed,1,40,41,15,8.15288257598877,243.4216558933258,54.48603630065918,"{304413: (-0.5815604172668276, 0.5), 93726: (-0.10891761949650433, 0.5), 183051: (0.18767281578620149, 0.5), 247356: (1.6744108178255037, -0.5), 280095: (-1.5782398825391757, 0.5), 176898: (-1.7470547795545541, -0.5), 158204: (-0.6375042766202774, -0.5), 2790: (-0.9569828656755547, 0.5), 136973: (1.919857211083819, 0.5), 79311: (-0.5933210123587518, 0.5)}","{272394: (3.113479736911409, 0.5), 290802: (3.0984682604175737, 0.5), 205455: (3.0911159281703675, 0.5), 272524: (3.0865837214225174, 0.5), 290932: (3.071572244928682, 0.5)}","{'lambda': 0.012345679012345678, 'beta0': 0.571055106846153}","[(-0.5, 0.5)]",[]
