impression,user_id,app_version,model_version,mturk_id,status,NUM_INITIAL_RATINGS,NUM_REFINE_RATINGS,TOTAL_TRAINING_RATINGS,NUM_TEST_RATINGS,TIME_INITIAL,TIME_REFINE,TIME_TEST,random_test_predictions_ratings,good_test_predictions_ratings,hypers,redisplay_check,arbitrary_check
0,5e57c812-0a92-45d9-9c83-a51d4423a75e,7.1.2-abernethy-binary-mpc,1.2,A2ZBNH4HMOIOM0,Completed,1,40,41,15,11.860271692276001,287.7571334838867,92.78416347503662,"{49078: (0.8033523938280593, -0.5), 317233: (-1.1172873372631253, -0.5), 317447: (-0.47899925308189817, 0.5), 246824: (0.0937509837078581, -0.5), 190658: (0.38602403244049355, -0.5), 141516: (0.6840079948445664, 0.5), 246217: (0.017563890063309273, -0.5), 265136: (-0.7799232824328167, 0.5), 7108: (0.077537963369809, 0.5), 257211: (-0.4380015820981658, -0.5)}","{320352: (2.9857298143614712, 0.5), 320407: (2.963658371979832, 0.5), 320315: (2.9072978743753133, 0.5), 75456: (2.904169980151601, 0.5), 75537: (2.89319346661304, -0.5)}","{'lambda': 0.012345679012345678, 'beta0': 1.179270623549155}","[(0.5, 0.5)]",[]
