impression,user_id,app_version,model_version,mturk_id,status,NUM_INITIAL_RATINGS,NUM_REFINE_RATINGS,TOTAL_TRAINING_RATINGS,NUM_TEST_RATINGS,TIME_INITIAL,TIME_REFINE,TIME_TEST,random_test_predictions_ratings,good_test_predictions_ratings,hypers,redisplay_check,arbitrary_check
0,6f4b84c9-de73-44e8-a4c6-934217fe92b0,7.1.2-abernethy-binary-mpc,1.2,A3POD149IG0DIW,Completed,1,40,41,15,7.226136684417725,450.1865372657776,107.3126392364502,"{263536: (0.245590958736251, -0.5), 205114: (-0.1437103432661862, -0.5), 141723: (0.07950885850877476, -0.5), 298794: (0.3385466936225807, -0.5), 249905: (-0.29255650002359523, 0.5), 271695: (-0.5907511714531503, 0.5), 162693: (1.2456933526692506, 0.5), 178814: (0.7780040505461321, -0.5), 180144: (0.4607624863869571, -0.5), 116484: (-0.30784075084653023, -0.5)}","{24567: (2.592863348130861, 0.5), 24344: (2.561432163416765, 0.5), 24677: (2.548792081318456, 0.5), 115880: (2.5295995715721817, 0.5), 115657: (2.498168386858086, 0.5)}","{'lambda': 0.012345679012345678, 'beta0': 0.11679195223116684}","[(-0.5, -0.5)]",[]
