impression,user_id,app_version,model_version,mturk_id,status,NUM_INITIAL_RATINGS,NUM_REFINE_RATINGS,TOTAL_TRAINING_RATINGS,NUM_TEST_RATINGS,TIME_INITIAL,TIME_REFINE,TIME_TEST,random_test_predictions_ratings,good_test_predictions_ratings,hypers,redisplay_check,arbitrary_check
0,f44a56ae-ad4c-4598-9d87-2461121e4d57,7.1.2-abernethy-binary-mpc,1.2,A16ENVVHDK1LQQ,Completed,1,40,41,15,19.82821559906006,479.383362531662,172.11203145980835,"{266992: (-0.8533755183430394, -0.5), 51947: (0.8223296685228634, 0.5), 175893: (0.11047181928459253, -0.5), 44588: (-0.9220736456476555, 0.5), 153669: (0.8244301557930213, -0.5), 130400: (0.022546411594250193, -0.5), 311991: (-1.0261058686215119, 0.5), 16430: (-0.12619950155897225, -0.5), 47377: (-0.3903252975954221, 0.5), 11732: (-1.4098877515937713, 0.5)}","{158464: (3.4560472847545354, -0.5), 158788: (3.416880067295052, -0.5), 158424: (3.3965725107050724, -0.5), 328465: (3.38681940015323, 0.5), 328447: (3.341924199277413, -0.5)}","{'lambda': 0.012345679012345678, 'beta0': 0.022975784273842018}","[(0.5, -0.5)]",[]
