impression,user_id,app_version,model_version,mturk_id,status,NUM_INITIAL_RATINGS,NUM_REFINE_RATINGS,TOTAL_TRAINING_RATINGS,NUM_TEST_RATINGS,TIME_INITIAL,TIME_REFINE,TIME_TEST,random_test_predictions_ratings,good_test_predictions_ratings,hypers,redisplay_check,arbitrary_check
0,c8e34832-94ef-4d34-8ebf-ecda9c704a4e,7.1.2-abernethy-binary-mpc,1.2,A21QADI77PVFJS,Completed,1,40,41,15,5.83428168296814,149.86692237854004,76.2424886226654,"{225420: (-0.33123998739986316, -0.5), 46591: (-0.39352238308976684, -0.5), 325303: (-0.13877384611035204, -0.5), 11134: (-0.3691041544474991, 0.5), 206318: (0.19124013088055047, -0.5), 280722: (-0.004464882536937997, -0.5), 20205: (0.12552973137659107, -0.5), 233246: (-0.7358104624132923, -0.5), 181705: (-0.3438435306001788, -0.5), 146324: (-0.9140400557451493, -0.5)}","{321922: (2.0013304080272274, -0.5), 267287: (1.9707700982178835, -0.5), 267108: (1.9087883563671169, 0.5), 267070: (1.8919760440735762, -0.5), 228907: (1.8759472383965845, -0.5)}","{'lambda': 0.012345679012345678, 'beta0': 0.7619333202503099}","[(-0.5, -0.5)]",[]
