impression,user_id,app_version,model_version,mturk_id,status,NUM_INITIAL_RATINGS,NUM_REFINE_RATINGS,TOTAL_TRAINING_RATINGS,NUM_TEST_RATINGS,TIME_INITIAL,TIME_REFINE,TIME_TEST,random_test_predictions_ratings,good_test_predictions_ratings,hypers,redisplay_check,arbitrary_check
0,f732156e-d5df-4825-9d98-9d1df35bae06,7.1.2-abernethy-binary-mpc,1.2,AS4NIEQJWCG3M,Completed,1,40,41,15,3.671112537384033,578.3129003047943,18.77329730987549,"{275574: (-0.6358440495393725, -0.5), 7407: (0.3408169006302575, 0.5), 318711: (-0.16608603963133955, 0.5), 330441: (1.4904492328554715, -0.5), 269295: (-0.26741474653214015, 0.5), 165718: (-0.2791952279266476, -0.5), 253898: (-0.27380377472641826, 0.5), 101529: (-0.7162559705247475, 0.5), 131363: (-0.12778174869459266, 0.5), 178490: (0.8589523666304645, -0.5)}","{112923: (2.319979562279337, 0.5), 113308: (2.224697831821567, -0.5), 112863: (2.1971921342625134, -0.5), 193367: (2.17355748397025, -0.5), 113072: (2.1585656090926113, 0.5)}","{'lambda': 0.012345679012345678, 'beta0': -0.34763072981895804}","[(0.5, 0.5)]",[]
