impression,user_id,app_version,model_version,mturk_id,status,NUM_INITIAL_RATINGS,NUM_REFINE_RATINGS,TOTAL_TRAINING_RATINGS,NUM_TEST_RATINGS,TIME_INITIAL,TIME_REFINE,TIME_TEST,random_test_predictions_ratings,good_test_predictions_ratings,hypers,redisplay_check,arbitrary_check
0,02228628-e9b5-44d7-ba2b-22f9810015b8,7.1.2-abernethy-binary-mpc,1.2,AH4LSAYFLV68I,Completed,1,40,41,15,5.2979044914245605,212.1126766204834,68.38662266731262,"{259997: (0.4380045991347115, 0.5), 261926: (-0.9466606831730724, 0.5), 69263: (-0.12193668717226015, -0.5), 31876: (0.5086081362435365, 0.5), 250534: (-0.5807317989866354, -0.5), 225072: (1.2685509280958658, 0.5), 294290: (-0.19103965738926526, 0.5), 225742: (-0.5339996418554639, 0.5), 90264: (0.8659936684858205, 0.5), 96560: (1.7802071255353495, 0.5)}","{53869: (2.858950927290707, 0.5), 275143: (2.8034517646922605, -0.5), 279394: (2.7906145344724864, -0.5), 275150: (2.774071402473689, -0.5), 279401: (2.761234172253915, -0.5)}","{'lambda': 0.012345679012345678, 'beta0': -0.47230840170547106}","[(0.5, -0.5)]",[]
