impression,user_id,app_version,model_version,mturk_id,status,NUM_INITIAL_RATINGS,NUM_REFINE_RATINGS,TOTAL_TRAINING_RATINGS,NUM_TEST_RATINGS,TIME_INITIAL,TIME_REFINE,TIME_TEST,random_test_predictions_ratings,good_test_predictions_ratings,hypers,redisplay_check,arbitrary_check
0,d39dd1aa-7466-4ced-ae11-a81a3990fdc8,7.1.2-abernethy-binary-mpc,1.2,A2QL4QXVFD2UG,Completed,1,40,41,15,6.548466444015503,225.84682631492615,73.04893732070923,"{135930: (-0.3859046602547757, -0.5), 135481: (-0.26385530338381863, 0.5), 163820: (0.4596865991319956, -0.5), 155197: (-0.10473858709596501, -0.5), 187853: (0.16582238184453307, 0.5), 293896: (-0.1938145466575111, -0.5), 198187: (0.20232197462741452, 0.5), 221922: (0.26788368020416586, 0.5), 41793: (0.6367278344744486, 0.5), 207169: (-0.09404655802872536, 0.5)}","{270737: (1.6409843335780017, 0.5), 56598: (1.6407580195373752, -0.5), 308190: (1.6301748845470163, 0.5), 158777: (1.6268372424370952, -0.5), 295788: (1.6030305125885993, -0.5)}","{'lambda': 0.012345679012345678, 'beta0': -0.20377233284140045}","[(-0.5, -0.5)]",[]
