impression,user_id,app_version,model_version,mturk_id,status,NUM_INITIAL_RATINGS,NUM_REFINE_RATINGS,TOTAL_TRAINING_RATINGS,NUM_TEST_RATINGS,TIME_INITIAL,TIME_REFINE,TIME_TEST,random_test_predictions_ratings,good_test_predictions_ratings,hypers,redisplay_check,arbitrary_check
0,630694e2-e9d4-4e15-8e47-a308b6598fd8,7.1.2-abernethy-binary-mpc,1.2,A1LBJ5IX3YHCUK,Completed,1,40,41,15,7.704868793487549,437.6415903568268,135.91308403015137,"{145271: (0.6410362770800526, 0.5), 322879: (0.7680266803480962, -0.5), 109866: (1.2169296372324994, -0.5), 24763: (-0.49661793402464494, 0.5), 171320: (-0.21824079966413387, 0.5), 320240: (-0.10215307083913347, -0.5), 262864: (1.1264679346943092, -0.5), 174906: (0.388201231183346, -0.5), 155259: (-0.16877710235865312, -0.5), 167251: (0.46433857539365986, -0.5)}","{158637: (3.2616199719809376, 0.5), 20550: (3.132924107324957, 0.5), 158562: (3.0984501262083612, -0.5), 158681: (3.063944427520691, 0.5), 286375: (3.0311303604560105, 0.5)}","{'lambda': 0.012345679012345678, 'beta0': -0.1965790284752368}","[(-0.5, -0.5)]",[]
