impression,user_id,app_version,model_version,mturk_id,status,NUM_INITIAL_RATINGS,NUM_REFINE_RATINGS,TOTAL_TRAINING_RATINGS,NUM_TEST_RATINGS,TIME_INITIAL,TIME_REFINE,TIME_TEST,random_test_predictions_ratings,good_test_predictions_ratings,hypers,redisplay_check,arbitrary_check
0,61c16dd2-90cf-47c5-be09-ff1535f96074,7.1.2-abernethy-binary-mpc,1.2,A1TPHN8CNLWT3C,Completed,1,40,41,15,5.621658802032471,136.12260699272156,46.805800676345825,"{122663: (-0.5680411207405358, -0.5), 46756: (0.07712425296927, -0.5), 248508: (0.13409603424951932, 0.5), 38559: (0.45170759812389394, 0.5), 4338: (-0.6009595340461001, -0.5), 182188: (-0.8186770420368619, -0.5), 215288: (-0.22129212851299068, 0.5), 51556: (0.12301590949000349, -0.5), 156556: (-0.9031926265828705, -0.5), 102099: (-0.2721772233012298, 0.5)}","{168737: (1.6169704292780298, 0.5), 38692: (1.6082275428962154, 0.5), 38867: (1.604227924689047, 0.5), 41738: (1.5964645893657514, 0.5), 38806: (1.5952768366673977, 0.5)}","{'lambda': 0.012345679012345678, 'beta0': -0.1034020342774968}","[(-0.5, -0.5)]",[]
