impression,user_id,app_version,model_version,mturk_id,status,NUM_INITIAL_RATINGS,NUM_REFINE_RATINGS,TOTAL_TRAINING_RATINGS,NUM_TEST_RATINGS,TIME_INITIAL,TIME_REFINE,TIME_TEST,random_test_predictions_ratings,good_test_predictions_ratings,hypers,redisplay_check,arbitrary_check
0,e110f401-331f-419e-a49d-96642e0b9f4a,7.1.2-abernethy-binary-mpc,1.2,A16YCPFPGW95OB,Completed,1,40,41,15,3.7609050273895264,212.56477046012878,46.173208236694336,"{31741: (1.816168015321318, 0.5), 286679: (-0.689261278632979, 0.5), 2686: (0.13046014954562146, 0.5), 48437: (0.5983406882124758, -0.5), 293755: (2.147094879730116, -0.5), 222527: (0.873717646219794, 0.5), 54365: (-0.36725480430310525, -0.5), 233022: (-0.45301379326294067, 0.5), 158531: (0.5006998422997746, -0.5), 101486: (-1.3232309481134177, -0.5)}","{193206: (3.72977598376524, 0.5), 320171: (3.6765630767137583, 0.5), 177575: (3.6456766214709515, -0.5), 125636: (3.577513783514425, -0.5), 128190: (3.561133339388288, -0.5)}","{'lambda': 0.012345679012345678, 'beta0': -0.9883740181617906}","[(-0.5, 0.5)]",[]
