impression,user_id,app_version,model_version,mturk_id,status,NUM_INITIAL_RATINGS,NUM_REFINE_RATINGS,TOTAL_TRAINING_RATINGS,NUM_TEST_RATINGS,TIME_INITIAL,TIME_REFINE,TIME_TEST,random_test_predictions_ratings,good_test_predictions_ratings,hypers,redisplay_check,arbitrary_check
0,1a1b4919-306d-4c8c-b204-63ec0fc52aa2,7.1.2-abernethy-binary-mpc,1.2,A2ZSL0EDN3H4AT,Completed,1,40,41,15,4.274929046630859,159.0891752243042,130.7135043144226,"{123342: (0.3792609285130425, 0.5), 37867: (-0.09157871693500227, 0.5), 317592: (0.04970511331682309, -0.5), 104281: (0.677148222053464, -0.5), 304402: (0.7600078558376749, -0.5), 17720: (0.48350932260517154, 0.5), 24978: (-0.03459388241689226, -0.5), 201795: (-0.19706724528211955, 0.5), 273508: (-0.879716413861021, -0.5), 147807: (-0.9748580125352916, 0.5)}","{311413: (2.676982666486149, 0.5), 169073: (2.6517713270791665, 0.5), 165069: (2.6328762814964413, 0.5), 124266: (2.628324861654056, -0.5), 311391: (2.6066528275522756, 0.5)}","{'lambda': 0.012345679012345678, 'beta0': -1.1861589536936674}","[(-0.5, -0.5)]",[]
