impression,user_id,app_version,model_version,mturk_id,status,NUM_INITIAL_RATINGS,NUM_REFINE_RATINGS,TOTAL_TRAINING_RATINGS,NUM_TEST_RATINGS,TIME_INITIAL,TIME_REFINE,TIME_TEST,random_test_predictions_ratings,good_test_predictions_ratings,hypers,redisplay_check,arbitrary_check
0,bf44f827-b164-4be4-a345-9879d21ab021,7.1.2-abernethy-binary-mpc,1.2,A3A6NM2JUNCY3U,Completed,1,40,41,15,11.182287693023682,145.1318380832672,53.69102168083191,"{81788: (-0.3299155934617924, -0.5), 232589: (-0.40359014583569786, -0.5), 25873: (0.6664565835890093, -0.5), 235915: (-1.604704322791135, -0.5), 276248: (-0.5006286724628564, 0.5), 12465: (-0.7244744972529389, -0.5), 304168: (0.5714656847768567, -0.5), 213382: (0.12627396371657762, 0.5), 83952: (1.4056066066608803, -0.5), 89792: (1.145022745352691, -0.5)}","{216020: (4.005219870108602, 0.5), 216177: (3.878226903629895, 0.5), 196598: (3.8656048959471354, 0.5), 215965: (3.86421003263475, 0.5), 216328: (3.772222987618474, 0.5)}","{'lambda': 0.012345679012345678, 'beta0': -0.24048068936049555}","[(-0.5, -0.5)]",[]
