impression,user_id,app_version,model_version,mturk_id,status,NUM_INITIAL_RATINGS,NUM_REFINE_RATINGS,TOTAL_TRAINING_RATINGS,NUM_TEST_RATINGS,TIME_INITIAL,TIME_REFINE,TIME_TEST,random_test_predictions_ratings,good_test_predictions_ratings,hypers,redisplay_check,arbitrary_check
0,afe61911-67f6-4a0f-802d-40192cbdfbc0,7.1.2-abernethy-binary-mpc,1.2,A25ODPN5HSEO2E,Completed,1,40,41,15,22.26789402961731,244.55604243278503,334.94692277908325,"{186989: (-0.6582236147907072, -0.5), 84351: (-1.2407078175351536, -0.5), 300648: (-0.16119308006089617, -0.5), 123785: (-0.24667571272816843, -0.5), 115630: (0.2867510227497101, 0.5), 186129: (-0.9789226924357786, -0.5), 129661: (-0.8443639815188609, 0.5), 325699: (0.17683784091732593, -0.5), 22533: (0.39982747897052884, -0.5), 33289: (0.6618375915809767, 0.5)}","{149531: (3.0170077228752508, 0.5), 149390: (2.9750057223270208, 0.5), 35904: (2.8629035854726723, 0.5), 35714: (2.8452845676587937, 0.5), 149902: (2.8288579147347472, -0.5)}","{'lambda': 0.012345679012345678, 'beta0': 0.725902630297011}","[(-0.5, -0.5)]",[]
