impression,user_id,app_version,model_version,mturk_id,status,NUM_INITIAL_RATINGS,NUM_REFINE_RATINGS,TOTAL_TRAINING_RATINGS,NUM_TEST_RATINGS,TIME_INITIAL,TIME_REFINE,TIME_TEST,random_test_predictions_ratings,good_test_predictions_ratings,hypers,redisplay_check,arbitrary_check
0,0a3b84d6-839c-42ab-b889-250846fc8b41,7.1.2-abernethy-binary-mpc,1.2,A2PEN75MMUA963,Completed,1,40,41,15,7.143678426742554,618.7054255008698,82.1908917427063,"{72565: (0.3345127408138381, -0.5), 209751: (-1.8517871802159618, -0.5), 172876: (0.42388064107825385, -0.5), 135318: (-0.4626683832198248, 0.5), 321142: (0.7412623836879532, -0.5), 115865: (-0.46517249701432284, -0.5), 146970: (0.2608527787525786, -0.5), 161365: (1.8095410514206522, 0.5), 219223: (-1.2925217036314918, -0.5), 148157: (-0.021214170022430597, -0.5)}","{260653: (2.7291652149778027, 0.5), 260460: (2.527421214430843, 0.5), 289162: (2.428275102198167, 0.5), 268650: (2.379594437398951, 0.5), 260553: (2.3744268959852763, 0.5)}","{'lambda': 0.012345679012345678, 'beta0': -0.5212833491000646}","[(-0.5, -0.5)]",[]
