impression,user_id,app_version,model_version,mturk_id,status,NUM_INITIAL_RATINGS,NUM_REFINE_RATINGS,TOTAL_TRAINING_RATINGS,NUM_TEST_RATINGS,TIME_INITIAL,TIME_REFINE,TIME_TEST,random_test_predictions_ratings,good_test_predictions_ratings,hypers,redisplay_check,arbitrary_check
0,7a9abe27-a63f-4b7c-87c8-a9436b62decf,7.1.2-abernethy-binary-mpc,1.2,AJVHIAAVCY4HI ,Completed,1,40,41,15,7.104788541793823,129.92742943763733,64.29220867156982,"{102412: (-0.8362076430850978, -0.5), 249039: (0.012225961895962357, -0.5), 150960: (0.3715464448065017, 0.5), 68022: (-0.37794444564819635, -0.5), 87290: (0.2903063939875988, -0.5), 99387: (0.8329130481317655, 0.5), 114735: (-0.6279373826182997, 0.5), 64342: (-0.2142879539987195, 0.5), 136788: (1.4434048767685972, 0.5), 307899: (0.31976077318713936, 0.5)}","{147778: (2.6046809586668784, -0.5), 218860: (2.597642873216279, -0.5), 147654: (2.569587823373521, -0.5), 147933: (2.567327245068337, 0.5), 219015: (2.5602891596177377, -0.5)}","{'lambda': 0.012345679012345678, 'beta0': 0.5934725571398619}","[(0.5, -0.5)]",[]
