impression,user_id,app_version,model_version,mturk_id,status,NUM_INITIAL_RATINGS,NUM_REFINE_RATINGS,TOTAL_TRAINING_RATINGS,NUM_TEST_RATINGS,TIME_INITIAL,TIME_REFINE,TIME_TEST,random_test_predictions_ratings,good_test_predictions_ratings,hypers,redisplay_check,arbitrary_check
0,b39f3640-47d5-4c25-a864-b14ffe96ebce,7.1.2-abernethy-binary-mpc,1.2,A1UZN21EAN1HZ4,Completed,1,40,41,15,8.866244554519653,205.50313925743103,82.59936904907227,"{230157: (-0.35633200712479474, -0.5), 17993: (-0.7634361361173186, 0.5), 92644: (0.3045156394680809, -0.5), 278878: (0.15629326827996237, 0.5), 267446: (-0.09048963291311618, -0.5), 203706: (0.2632402595541603, -0.5), 51989: (-0.10449054988855323, 0.5), 307783: (0.5704144988171229, -0.5), 325077: (0.5016489802099867, 0.5), 283368: (0.28420668448727027, -0.5)}","{260510: (2.503071576760306, -0.5), 260498: (2.4632047331429243, 0.5), 260762: (2.43524989028893, 0.5), 260712: (2.40505892486247, 0.5), 260474: (2.3843562857217275, 0.5)}","{'lambda': 0.012345679012345678, 'beta0': 0.006610780521317836}","[(0.5, 0.5)]",[]
