impression,user_id,app_version,model_version,mturk_id,status,NUM_INITIAL_RATINGS,NUM_REFINE_RATINGS,TOTAL_TRAINING_RATINGS,NUM_TEST_RATINGS,TIME_INITIAL,TIME_REFINE,TIME_TEST,random_test_predictions_ratings,good_test_predictions_ratings,hypers,redisplay_check,arbitrary_check
0,5f6d891f-6e79-4808-b46f-622196ba119b,7.1.2-abernethy-binary-mpc,1.2,A1VE6VNQJO0U88,Completed,1,40,41,15,8.357197761535645,168.0873863697052,57.55272912979126,"{240069: (-0.4482608632754451, -0.5), 97916: (-0.24046061486187154, 0.5), 185461: (0.024185702778046242, -0.5), 115171: (-0.422709042585389, -0.5), 218400: (-0.4234384508723603, 0.5), 62418: (-0.5898653160497705, -0.5), 195929: (1.1271070189438668, 0.5), 157348: (-0.5107899928564764, -0.5), 174994: (-0.7069844604760196, -0.5), 90827: (0.713852086509724, 0.5)}","{198977: (2.9959592944816893, 0.5), 198554: (2.9700002647539367, 0.5), 198735: (2.9637194901565214, 0.5), 198837: (2.937314318081163, 0.5), 198650: (2.922500378447851, 0.5)}","{'lambda': 0.012345679012345678, 'beta0': -0.06189189174424753}","[(0.5, 0.5)]",[]
