impression,user_id,app_version,model_version,mturk_id,status,NUM_INITIAL_RATINGS,NUM_REFINE_RATINGS,TOTAL_TRAINING_RATINGS,NUM_TEST_RATINGS,TIME_INITIAL,TIME_REFINE,TIME_TEST,random_test_predictions_ratings,good_test_predictions_ratings,hypers,redisplay_check,arbitrary_check
0,9b81ef6a-07b8-43f5-8c13-b78477212c69,7.1.2-abernethy-binary-mpc,1.2,A39GP79ULCP9J2,Completed,1,40,41,15,4.416105508804321,140.83442950248718,47.90860652923584,"{86180: (-0.4504604977268404, 0.5), 285861: (0.07120760657788462, 0.5), 57068: (0.2970794776611481, -0.5), 110839: (0.7905399073864241, 0.5), 186179: (0.6842838521702748, -0.5), 73229: (0.45020330775465756, -0.5), 110819: (-0.01825528620708339, 0.5), 43844: (0.3547925341290728, 0.5), 267380: (-0.19111881793282126, -0.5), 50561: (0.18257872094213196, 0.5)}","{330320: (1.306409373825451, 0.5), 314410: (1.3001974962010303, 0.5), 228050: (1.2726473432007306, 0.5), 316685: (1.2488747200384456, 0.5), 47753: (1.2473927962107823, 0.5)}","{'lambda': 0.012345679012345678, 'beta0': 0.26814423808457843}","[(-0.5, -0.5)]",[]
