impression,user_id,app_version,model_version,mturk_id,status,NUM_INITIAL_RATINGS,NUM_REFINE_RATINGS,TOTAL_TRAINING_RATINGS,NUM_TEST_RATINGS,TIME_INITIAL,TIME_REFINE,TIME_TEST,random_test_predictions_ratings,good_test_predictions_ratings,hypers,redisplay_check,arbitrary_check
0,4b4ac3d7-c9c7-4232-8d51-a187ad2c6804,7.1.2-abernethy-binary-mpc,1.2,A3TH6B3RUD1MUQ,Completed,1,40,41,15,10.685009241104126,409.50260853767395,133.82490921020508,"{123749: (-0.09389994035668577, -0.5), 263140: (-0.22376056625468912, -0.5), 145514: (-0.16519663381575864, 0.5), 299193: (0.19728442909473015, 0.5), 248836: (-0.1811662058862308, 0.5), 289142: (0.5310895751661551, -0.5), 92403: (0.7476778737213788, 0.5), 53116: (-0.03248518412921064, 0.5), 191488: (0.30882663459714144, 0.5), 154803: (-0.15342413992301068, -0.5)}","{8622: (1.7768376808083433, 0.5), 216144: (1.7683963237470044, -0.5), 23689: (1.7577767696532158, 0.5), 148519: (1.7067974194915316, 0.5), 278622: (1.7007502864709179, 0.5)}","{'lambda': 0.012345679012345678, 'beta0': -0.1783084812429656}","[(-0.5, 0.5)]",[]
