impression,user_id,app_version,model_version,mturk_id,status,NUM_INITIAL_RATINGS,NUM_REFINE_RATINGS,TOTAL_TRAINING_RATINGS,NUM_TEST_RATINGS,TIME_INITIAL,TIME_REFINE,TIME_TEST,random_test_predictions_ratings,good_test_predictions_ratings,hypers,redisplay_check,arbitrary_check
0,edc8bb85-1049-4550-899d-996ee6058396,7.1.2-abernethy-binary-mpc,1.2,A26WVAVVE1RM47,Completed,1,40,41,15,4.419089317321777,253.87366032600403,42.181795597076416,"{137352: (-0.4096652039535663, 0.5), 168402: (-0.13148439812550425, 0.5), 85191: (0.1808261470590629, 0.5), 33169: (-0.5391493144337878, 0.5), 321222: (0.10926828115618437, 0.5), 279927: (-0.35574628193814817, 0.5), 87266: (0.26482455494937324, -0.5), 217757: (-1.1868932124776053, 0.5), 53140: (-0.46898898432630315, 0.5), 73959: (-0.009471733775673397, 0.5)}","{103687: (2.0594968010996015, -0.5), 103842: (1.9952689899910931, -0.5), 103970: (1.9458839533489853, -0.5), 229013: (1.9112935540843412, 0.5), 139217: (1.9019920577593066, -0.5)}","{'lambda': 0.012345679012345678, 'beta0': 0.269213934342018}","[(-0.5, -0.5)]",[]
