impression,user_id,app_version,model_version,mturk_id,status,NUM_INITIAL_RATINGS,NUM_REFINE_RATINGS,TOTAL_TRAINING_RATINGS,NUM_TEST_RATINGS,TIME_INITIAL,TIME_REFINE,TIME_TEST,random_test_predictions_ratings,good_test_predictions_ratings,hypers,redisplay_check,arbitrary_check
0,6d13e3f1-ef16-4073-b6ec-0991fe0bfa14,7.1.2-abernethy-binary-mpc,1.2,A2UFHATEG76AO5,Completed,1,40,41,15,13.544895648956299,361.1648814678192,111.09760475158691,"{60704: (-0.9644628260605568, -0.5), 124654: (-0.007508745508843034, -0.5), 237021: (0.493472126168198, 0.5), 74195: (-0.09013625372382136, -0.5), 204833: (-0.22418805596081237, -0.5), 176993: (0.7665004265716895, -0.5), 71470: (0.10970456151660535, 0.5), 8260: (-0.4785940249025682, -0.5), 30436: (0.4413191867644106, 0.5), 181396: (0.6251949832292789, -0.5)}","{65071: (2.3157510526115765, -0.5), 70867: (2.276308682621397, 0.5), 107649: (2.2401030106105777, 0.5), 183816: (2.232793020522255, 0.5), 64980: (2.217365983072479, -0.5)}","{'lambda': 0.012345679012345678, 'beta0': 0.2574986073398361}","[(-0.5, -0.5)]",[]
