impression,user_id,app_version,model_version,mturk_id,status,NUM_INITIAL_RATINGS,NUM_REFINE_RATINGS,TOTAL_TRAINING_RATINGS,NUM_TEST_RATINGS,TIME_INITIAL,TIME_REFINE,TIME_TEST,random_test_predictions_ratings,good_test_predictions_ratings,hypers,redisplay_check,arbitrary_check
0,94c672f2-1c3a-4d1c-8a12-be642f47e05b,7.1.2-abernethy-binary-mpc,1.2,A1NFFOJC7KWFIE,Completed,1,40,41,15,52.06498956680298,305.8052635192871,59.123605251312256,"{22041: (0.6355928845328298, -0.5), 7589: (-0.8420331897808943, 0.5), 44859: (0.2758324723488181, -0.5), 38730: (-0.5772689937536547, 0.5), 259350: (0.22414759296880224, 0.5), 165867: (-0.5236554336681963, 0.5), 189996: (-0.23752242473337376, 0.5), 60534: (-0.4608866907251852, -0.5), 263504: (0.6654659283798977, 0.5), 265884: (0.2913074845833815, 0.5)}","{127177: (2.3032478381972337, 0.5), 156035: (2.262294678511073, 0.5), 171050: (2.2500634027539457, 0.5), 228584: (2.219078701230366, 0.5), 115540: (2.1988942477905375, 0.5)}","{'lambda': 0.012345679012345678, 'beta0': -0.25669474716301416}","[(0.5, 0.5)]",[]
