impression,user_id,app_version,model_version,mturk_id,status,NUM_INITIAL_RATINGS,NUM_REFINE_RATINGS,TOTAL_TRAINING_RATINGS,NUM_TEST_RATINGS,TIME_INITIAL,TIME_REFINE,TIME_TEST,random_test_predictions_ratings,good_test_predictions_ratings,hypers,redisplay_check,arbitrary_check
0,a23c5842-15ae-4e56-b136-c85f43953bc4,7.1.2-abernethy-binary-mpc,1.2,A3SIW6V6Y7CYJG,Completed,1,40,41,15,4.982686758041382,209.14306497573853,68.86985087394714,"{58152: (0.6304878072027628, -0.5), 34451: (-1.0813045939317967, 0.5), 55129: (0.6347477933401398, 0.5), 63731: (-0.21859949733579984, -0.5), 226220: (0.047877589632819614, 0.5), 211983: (0.5315665879651266, 0.5), 327223: (-0.9683737052467026, -0.5), 127913: (0.8655635517931372, 0.5), 326025: (-1.2178935282662484, -0.5), 265607: (1.4125699087230617, 0.5)}","{159410: (3.0392869863184857, 0.5), 159400: (3.031366837645598, 0.5), 159465: (3.025737308601386, 0.5), 159145: (2.9920292720373824, 0.5), 159079: (2.9676770370336283, 0.5)}","{'lambda': 0.012345679012345678, 'beta0': 0.20737183876247112}","[(0.5, 0.5)]",[]
