impression,user_id,app_version,model_version,mturk_id,status,NUM_INITIAL_RATINGS,NUM_REFINE_RATINGS,TOTAL_TRAINING_RATINGS,NUM_TEST_RATINGS,TIME_INITIAL,TIME_REFINE,TIME_TEST,random_test_predictions_ratings,good_test_predictions_ratings,hypers,redisplay_check,arbitrary_check
0,a106aec0-6854-4a4b-8f0f-44b6b9b8cb94,7.1.2-abernethy-binary-mpc,1.2,A3V2O71AQ29DRZ,Completed,1,40,41,15,8.850627899169922,320.54412627220154,72.94111680984497,"{327874: (0.2538337882675128, -0.5), 189533: (0.6030187874152901, -0.5), 214393: (0.2643257432318259, 0.5), 239176: (-0.17604269521250282, 0.5), 36873: (-0.9820486199583351, 0.5), 329360: (0.2649827300440956, -0.5), 1349: (0.5698297769346179, -0.5), 262053: (-0.23841157200246343, -0.5), 23689: (-0.9061277603098095, 0.5), 198197: (-0.6895187504802548, -0.5)}","{193883: (2.253010577193671, 0.5), 44996: (2.247526657797838, -0.5), 185933: (2.2387792570357044, 0.5), 122696: (2.1735622230979343, 0.5), 129091: (2.1681274207221413, -0.5)}","{'lambda': 0.012345679012345678, 'beta0': 0.3988268753038723}","[(-0.5, -0.5)]",[]
