impression,user_id,app_version,model_version,mturk_id,status,NUM_INITIAL_RATINGS,NUM_REFINE_RATINGS,TOTAL_TRAINING_RATINGS,NUM_TEST_RATINGS,TIME_INITIAL,TIME_REFINE,TIME_TEST,random_test_predictions_ratings,good_test_predictions_ratings,hypers,redisplay_check,arbitrary_check
0,e8bac564-9f6b-4f3d-9cfc-4af760bf914c,7.1.2-abernethy-binary-mpc,1.2,A1F9J6VGXSN3PQ,Completed,1,40,41,15,4.271266222000122,193.98430275917053,65.15577673912048,"{247034: (-0.13359620830803803, 0.5), 193734: (-0.5221160107979126, 0.5), 97842: (0.4942600098641207, -0.5), 40559: (0.33988374359392326, -0.5), 267994: (0.4260401611466991, 0.5), 147005: (1.378665187271177, -0.5), 13519: (1.2070480703220106, -0.5), 66478: (-1.4055892681960438, 0.5), 187834: (-0.14610348246812582, -0.5), 179416: (0.7473506371048325, -0.5)}","{82868: (3.4732955954258293, -0.5), 70764: (3.421136286869233, 0.5), 91238: (3.3685280326958806, -0.5), 125844: (3.3111027154157133, 0.5), 64968: (3.3085111378245227, -0.5)}","{'lambda': 0.012345679012345678, 'beta0': -0.8791118717340314}","[(-0.5, 0.5)]",[]
