impression,user_id,app_version,model_version,mturk_id,status,NUM_INITIAL_RATINGS,NUM_REFINE_RATINGS,TOTAL_TRAINING_RATINGS,NUM_TEST_RATINGS,TIME_INITIAL,TIME_REFINE,TIME_TEST,random_test_predictions_ratings,good_test_predictions_ratings,hypers,redisplay_check,arbitrary_check
0,210d5485-89bb-42ae-ae95-71780d69338a,7.1.2-abernethy-binary-mpc,1.2,A219VCQZADQ45W,Completed,1,40,41,15,8.339162826538086,221.49457144737244,85.43390488624573,"{158621: (0.09608734711710538, -0.5), 71791: (0.12165010844358645, 0.5), 220851: (-0.4921329902832673, -0.5), 255912: (0.4659761489456274, 0.5), 269367: (0.05688161291236476, -0.5), 69432: (0.14383143681256472, 0.5), 10389: (-0.06936220080487276, -0.5), 177069: (-0.17005592671130193, 0.5), 243990: (0.13639087392061086, -0.5), 211117: (0.4299692978128994, -0.5)}","{216061: (1.5777418100945722, 0.5), 216211: (1.528169220297866, 0.5), 113072: (1.526878446229483, 0.5), 27088: (1.5202158484231318, 0.5), 170647: (1.4976706809089957, 0.5)}","{'lambda': 0.012345679012345678, 'beta0': -0.17043055649940234}","[(0.5, 0.5)]",[]
