impression,user_id,app_version,model_version,mturk_id,status,NUM_INITIAL_RATINGS,NUM_REFINE_RATINGS,TOTAL_TRAINING_RATINGS,NUM_TEST_RATINGS,TIME_INITIAL,TIME_REFINE,TIME_TEST,random_test_predictions_ratings,good_test_predictions_ratings,hypers,redisplay_check,arbitrary_check
0,a4af4f89-16c7-402d-94a1-efc55b2f7d39,7.1.2-abernethy-binary-mpc,1.2,A3F4Z018GSKMWU,Completed,1,40,41,15,5.710127115249634,165.61723065376282,60.448580741882324,"{290392: (-0.21544925879178006, -0.5), 120808: (-0.4623255611760614, 0.5), 70005: (-0.09205127809455735, -0.5), 257123: (-0.21621022240935633, 0.5), 56451: (-0.09163531057715246, -0.5), 40356: (-0.7686924070498488, -0.5), 104710: (1.2427471233716458, 0.5), 327638: (-0.06641083965252248, -0.5), 141218: (0.6464429799867314, 0.5), 184074: (0.21641293678458834, 0.5)}","{198444: (2.538439351232104, 0.5), 198341: (2.463608008985376, 0.5), 321888: (2.4555758504371896, -0.5), 198519: (2.444896244519483, 0.5), 323049: (2.4409707693737706, -0.5)}","{'lambda': 0.012345679012345678, 'beta0': -0.2684814444779577}","[(-0.5, -0.5)]",[]
