impression,user_id,app_version,model_version,mturk_id,status,NUM_INITIAL_RATINGS,NUM_REFINE_RATINGS,TOTAL_TRAINING_RATINGS,NUM_TEST_RATINGS,TIME_INITIAL,TIME_REFINE,TIME_TEST,random_test_predictions_ratings,good_test_predictions_ratings,hypers,redisplay_check,arbitrary_check
0,1f8f6a48-dcb7-459b-8e20-fa7833515310,7.1.2-abernethy-binary-mpc,1.2,A27CEAL8PWSAG5,Completed,1,40,41,15,6.934173822402954,178.74881601333618,66.17861437797546,"{256046: (0.08643544776434313, -0.5), 186150: (0.8086170429844814, 0.5), 194063: (-0.6610026079456656, -0.5), 32265: (0.3141728486971515, -0.5), 15342: (-0.16937270825982143, 0.5), 37928: (0.43398569631957185, 0.5), 223051: (0.663382765156094, -0.5), 135867: (-0.1385485497223704, -0.5), 37461: (-0.11505809725300184, 0.5), 215295: (-0.15576045637992325, -0.5)}","{300537: (2.219956296436341, 0.5), 272361: (2.1573153925971695, 0.5), 300638: (2.1093123096671427, 0.5), 272329: (2.104416358818028, 0.5), 295427: (2.0881404580129646, 0.5)}","{'lambda': 0.012345679012345678, 'beta0': 0.3762808755555229}","[(0.5, 0.5)]",[]
