impression,user_id,app_version,model_version,mturk_id,status,NUM_INITIAL_RATINGS,NUM_REFINE_RATINGS,TOTAL_TRAINING_RATINGS,NUM_TEST_RATINGS,TIME_INITIAL,TIME_REFINE,TIME_TEST,random_test_predictions_ratings,good_test_predictions_ratings,hypers,redisplay_check,arbitrary_check
0,02d755bf-5b54-4b0c-81db-5dda13a42f77,7.1.2-abernethy-binary-mpc,1.2,A9G7LHA14B6K3,Completed,1,40,41,15,12.398404598236084,352.8309414386749,293.0002980232239,"{122632: (-1.1695740258503748, 0.5), 258437: (-0.26627043163268527, 0.5), 299554: (-0.17798663004614917, 0.5), 282243: (-0.13983240877962336, 0.5), 60707: (-0.4500345381699821, -0.5), 271047: (0.5727412147862152, -0.5), 188832: (0.3584017709989371, -0.5), 114458: (0.5799213083557346, -0.5), 20780: (-0.008061560685566127, -0.5), 67040: (0.6218127804420092, -0.5)}","{329231: (2.995005228315389, -0.5), 263926: (2.9785451374394514, -0.5), 324889: (2.9405287236078457, 0.5), 263804: (2.9265759595426615, 0.5), 90250: (2.9149225340610387, -0.5)}","{'lambda': 0.012345679012345678, 'beta0': -0.812408396838504}","[(0.5, 0.5)]",[]
