impression,user_id,app_version,model_version,mturk_id,status,NUM_INITIAL_RATINGS,NUM_REFINE_RATINGS,TOTAL_TRAINING_RATINGS,NUM_TEST_RATINGS,TIME_INITIAL,TIME_REFINE,TIME_TEST,random_test_predictions_ratings,good_test_predictions_ratings,hypers,redisplay_check,arbitrary_check
0,18b6547d-6322-4fac-96e9-7c72e0a1ef59,7.1.2-abernethy-binary-mpc,1.2,A1DD23J1WBGQUU,Completed,1,40,41,15,3.757730722427368,136.44086074829102,76.99032163619995,"{285483: (1.0706172906239508, -0.5), 291977: (-0.45199198374648397, -0.5), 324061: (-0.521880202521904, -0.5), 103868: (0.056687808599655526, 0.5), 189146: (1.1448056595580367, -0.5), 283502: (-1.146799742059388, -0.5), 259718: (0.2905223224063098, 0.5), 280235: (-1.6069128092761185, -0.5), 26651: (0.44765700810990916, 0.5), 32570: (0.41498310735365973, 0.5)}","{304458: (2.3551315213245507, -0.5), 278790: (2.350440672769803, 0.5), 85443: (2.333510432982887, 0.5), 162883: (2.326880170453446, 0.5), 278595: (2.296875909736465, 0.5)}","{'lambda': 0.012345679012345678, 'beta0': -0.5268628351773252}","[(-0.5, 0.5)]",[]
