impression,user_id,app_version,model_version,mturk_id,status,NUM_INITIAL_RATINGS,NUM_REFINE_RATINGS,TOTAL_TRAINING_RATINGS,NUM_TEST_RATINGS,TIME_INITIAL,TIME_REFINE,TIME_TEST,random_test_predictions_ratings,good_test_predictions_ratings,hypers,redisplay_check,arbitrary_check
0,4c47aca5-d249-42e5-8fa7-751826f4e28c,7.1.2-abernethy-binary-mpc,1.2,A1Q9FR3LG7IJAV,Completed,1,40,41,15,6.237125396728516,223.18178725242615,78.81294775009155,"{11710: (-0.43636579790504537, 0.5), 270951: (-0.24280232379109623, -0.5), 194486: (0.2832447942588864, 0.5), 294843: (1.3990284985794315, -0.5), 231742: (1.5015427626637758, 0.5), 149717: (0.8754471660080874, -0.5), 112073: (-0.1582861195083427, -0.5), 55086: (-0.6725044037466532, -0.5), 246592: (-0.0927556231951957, 0.5), 106887: (0.5737633746707993, -0.5)}","{272292: (3.701397623734421, 0.5), 90723: (3.6684677702875765, 0.5), 272347: (3.641504438655025, 0.5), 90825: (3.598462268876926, 0.5), 272498: (3.5869595527644402, 0.5)}","{'lambda': 0.012345679012345678, 'beta0': -0.006895611346737624}","[(0.5, 0.5)]",[]
