impression,user_id,app_version,model_version,mturk_id,status,NUM_INITIAL_RATINGS,NUM_REFINE_RATINGS,TOTAL_TRAINING_RATINGS,NUM_TEST_RATINGS,TIME_INITIAL,TIME_REFINE,TIME_TEST,random_test_predictions_ratings,good_test_predictions_ratings,hypers,redisplay_check,arbitrary_check
0,2883db4f-a876-4d42-b2df-01439b345fd1,7.1.2-abernethy-binary-mpc,1.2,A3IJ76H1FTEEHH,Completed,1,40,41,15,2.846092700958252,424.35741448402405,254.1328661441803,"{89382: (-1.6346990708364175, -0.5), 71040: (0.2530619200937506, 0.5), 80880: (0.6052353335100686, 0.5), 313189: (0.4314508054895569, -0.5), 314881: (0.4137532862149865, -0.5), 253087: (-0.043006468866954695, 0.5), 177857: (-0.539563239928136, -0.5), 299708: (-0.5496150408986322, -0.5), 190923: (0.46343050623665216, 0.5), 278535: (0.5049859930768833, 0.5)}","{302033: (3.5139172087445485, -0.5), 185375: (3.512203015977752, 0.5), 106251: (3.4930246946029673, 0.5), 301997: (3.4188732752861837, -0.5), 302123: (3.408736585161674, -0.5)}","{'lambda': 0.012345679012345678, 'beta0': 1.987148727132202}","[(0.5, 0.5)]",[]
