impression,user_id,app_version,model_version,mturk_id,status,NUM_INITIAL_RATINGS,NUM_REFINE_RATINGS,TOTAL_TRAINING_RATINGS,NUM_TEST_RATINGS,TIME_INITIAL,TIME_REFINE,TIME_TEST,random_test_predictions_ratings,good_test_predictions_ratings,hypers,redisplay_check,arbitrary_check
0,2e3f2972-61ad-4c8a-b208-a12b02688eb2,7.1.2-abernethy-binary-mpc,1.2,A38KU4MKJZ7V4Q,Completed,1,40,41,15,5.370532274246216,200.2543442249298,68.7532091140747,"{304973: (0.5209109076954896, 0.5), 200351: (0.6701045177858556, -0.5), 238392: (2.127529617377076, 0.5), 26050: (0.16869918329458894, 0.5), 323096: (-1.925050352828884, -0.5), 117616: (-1.2577992132250897, -0.5), 148852: (2.1192999255330314, -0.5), 87724: (-0.31897306680278237, 0.5), 207168: (-1.8299542828927793, 0.5), 298923: (2.1203349298710057, 0.5)}","{283860: (3.702550812050234, -0.5), 225720: (3.697606361846312, -0.5), 258821: (3.663992760860009, 0.5), 130803: (3.663773771821655, -0.5), 130251: (3.6246522727920283, -0.5)}","{'lambda': 0.012345679012345678, 'beta0': -0.1542672469582833}","[(-0.5, -0.5)]",[]
