impression,user_id,app_version,model_version,mturk_id,status,NUM_INITIAL_RATINGS,NUM_REFINE_RATINGS,TOTAL_TRAINING_RATINGS,NUM_TEST_RATINGS,TIME_INITIAL,TIME_REFINE,TIME_TEST,random_test_predictions_ratings,good_test_predictions_ratings,hypers,redisplay_check,arbitrary_check
0,1b9858a5-4e1b-4fc2-ab23-5ab7569cdec6,7.1.2-abernethy-binary-mpc,1.2,A1VZ47Y8HF8EKQ,Completed,1,40,41,15,6.578211307525635,235.48866415023804,93.45229077339172,"{60087: (0.6251416732045465, -0.5), 248718: (-0.14104537324686117, 0.5), 265244: (-0.13168259744376898, -0.5), 292648: (-0.767707023307445, -0.5), 317577: (-0.0826624578646667, -0.5), 118787: (0.006181421163875878, -0.5), 317372: (-0.9072438035045354, -0.5), 128997: (0.6880982442010015, 0.5), 228842: (0.48479670537522124, 0.5), 50368: (0.41310215810368633, -0.5)}","{106780: (1.854959526388893, 0.5), 124268: (1.8391446137817469, 0.5), 80655: (1.8269785388344146, 0.5), 124087: (1.822260048984166, 0.5), 280901: (1.818879432596222, 0.5)}","{'lambda': 0.012345679012345678, 'beta0': -0.6562264112362043}","[(0.5, 0.5)]",[]
