impression,user_id,app_version,model_version,mturk_id,status,NUM_INITIAL_RATINGS,NUM_REFINE_RATINGS,TOTAL_TRAINING_RATINGS,NUM_TEST_RATINGS,TIME_INITIAL,TIME_REFINE,TIME_TEST,random_test_predictions_ratings,good_test_predictions_ratings,hypers,redisplay_check,arbitrary_check
0,e006295f-79df-43e5-8f0d-4d1417b38354,7.1.2-abernethy-binary-mpc,1.2,A1EFBEBVZP3D6G,Completed,1,40,41,15,4.80098295211792,375.4593198299408,69.94386219978333,"{318132: (2.216047595895604, 0.5), 233582: (-0.10931248935612581, -0.5), 203355: (1.0097603346407773, -0.5), 101305: (0.7550695089184448, 0.5), 39640: (-1.435788425059886, -0.5), 319989: (1.7350348221474983, 0.5), 18063: (1.4206514263789431, 0.5), 302702: (-0.8301675558634913, 0.5), 116373: (0.5138373118645259, -0.5), 221376: (-0.4055871735122497, -0.5)}","{18717: (3.5948352221346735, 0.5), 276246: (3.5825051330730933, -0.5), 19206: (3.5539780671486447, 0.5), 322860: (3.477504650328486, 0.5), 121391: (3.472683013116936, -0.5)}","{'lambda': 0.012345679012345678, 'beta0': -0.05696576665269855}","[(0.5, -0.5)]",[]
