impression,user_id,app_version,model_version,mturk_id,status,NUM_INITIAL_RATINGS,NUM_REFINE_RATINGS,TOTAL_TRAINING_RATINGS,NUM_TEST_RATINGS,TIME_INITIAL,TIME_REFINE,TIME_TEST,random_test_predictions_ratings,good_test_predictions_ratings,hypers,redisplay_check,arbitrary_check
0,fe1f3551-d330-47ca-9b39-26de8750b2c5,7.1.2-abernethy-binary-mpc,1.2,A1HTK5IZEWYUCY,Completed,1,40,41,15,7.900853633880615,343.230544090271,224.463885307312,"{50716: (-0.43030488679185397, -0.5), 203411: (-0.7534522662985649, 0.5), 108147: (1.074475101285499, 0.5), 67665: (-0.6088389312379978, 0.5), 199767: (-0.05168444179364981, -0.5), 234003: (0.9301526279341809, -0.5), 70678: (1.3336437735173687, 0.5), 55366: (-0.7823759414634046, -0.5), 198739: (0.47538264221445226, 0.5), 298395: (0.020138317372749515, -0.5)}","{228807: (3.0999947877235723, 0.5), 127530: (3.0741099977933053, -0.5), 228642: (3.017304226301339, 0.5), 228794: (3.0133657486364167, 0.5), 228721: (2.9936791411021293, -0.5)}","{'lambda': 0.012345679012345678, 'beta0': 0.31087329211215275}","[(0.5, 0.5)]",[]
