impression,user_id,app_version,model_version,mturk_id,status,NUM_INITIAL_RATINGS,NUM_REFINE_RATINGS,TOTAL_TRAINING_RATINGS,NUM_TEST_RATINGS,TIME_INITIAL,TIME_REFINE,TIME_TEST,random_test_predictions_ratings,good_test_predictions_ratings,hypers,redisplay_check,arbitrary_check
0,84ad93af-b1d9-4c1d-a64c-366722415ca2,7.1.2-abernethy-binary-mpc,1.2,A37CLHPN6SWGBF,Completed,1,40,41,15,5.247644662857056,151.57153058052063,46.687666177749634,"{175393: (-0.7707740576187792, -0.5), 244882: (-0.7127011379021289, -0.5), 240849: (-0.026346291737322582, -0.5), 117691: (0.28439649783071697, -0.5), 292618: (-0.028838779339933174, 0.5), 236140: (-0.24123624663311666, -0.5), 117323: (0.05875585403356417, 0.5), 1384: (-0.27475420399229294, 0.5), 48771: (0.15728878834377838, 0.5), 310557: (-0.025361851609574937, -0.5)}","{52863: (1.3758510869843732, 0.5), 145003: (1.350607602838479, 0.5), 81883: (1.3215153647882083, 0.5), 207492: (1.2956365464913333, 0.5), 310848: (1.2940199941061508, 0.5)}","{'lambda': 0.012345679012345678, 'beta0': -0.02479790967413739}","[(0.5, 0.5)]",[]
