impression,user_id,app_version,model_version,mturk_id,status,NUM_INITIAL_RATINGS,NUM_REFINE_RATINGS,TOTAL_TRAINING_RATINGS,NUM_TEST_RATINGS,TIME_INITIAL,TIME_REFINE,TIME_TEST,random_test_predictions_ratings,good_test_predictions_ratings,hypers,redisplay_check,arbitrary_check
0,a4a7bc9f-0a88-4e37-bfe8-4865b720d8a0,7.1.2-abernethy-binary-mpc,1.2,A1HQZBNZEQ4TOK,Completed,1,40,41,15,3.7411839962005615,198.53661012649536,49.25050210952759,"{261898: (0.6351494851611503, 0.5), 70694: (-0.37574235068006345, 0.5), 48351: (-0.1153775617379508, 0.5), 80799: (0.6648154338863259, 0.5), 74656: (0.3031538396429015, -0.5), 56273: (-0.8220756088608165, 0.5), 147013: (0.49213690887476674, 0.5), 103027: (1.6095860843370406, 0.5), 17554: (-0.7484146779553194, 0.5), 12105: (-1.486678854097006, -0.5)}","{39887: (2.582738441730262, 0.5), 212249: (2.55276398578811, 0.5), 170695: (2.533573777618, 0.5), 41410: (2.5208565588583216, -0.5), 10190: (2.51770996542156, -0.5)}","{'lambda': 0.012345679012345678, 'beta0': 0.02874773419990012}","[(-0.5, 0.5)]",[]
