impression,user_id,app_version,model_version,mturk_id,status,NUM_INITIAL_RATINGS,NUM_REFINE_RATINGS,TOTAL_TRAINING_RATINGS,NUM_TEST_RATINGS,TIME_INITIAL,TIME_REFINE,TIME_TEST,random_test_predictions_ratings,good_test_predictions_ratings,hypers,redisplay_check,arbitrary_check
0,eb00a9b8-9d02-4097-ad84-64d5733f2d1d,7.8-gur_approx_sym-binary-mpc-update1-new_cand,symgur1.0,A1BFAUG4NCIINL,Completed,1,40,41,15,8.410628080368042,286.51715087890625,61.54200887680054,"{241415: (0.31405840385582395, 0.5), 71924: (-0.16865917479595974, -0.5), 285735: (-0.18250082475334364, 0.5), 27282: (0.011309609290371688, -0.5), 309263: (0.12833388111523164, -0.5), 93118: (0.27760904997696256, 0.5), 199785: (0.32102290962668945, -0.5), 190456: (-0.004667617538489389, 0.5), 306288: (-0.2379180098928419, -0.5), 228819: (0.10631422364505419, 0.5)}","{155720: (0.785909487842333, 0.5), 155908: (0.7857996945889965, 0.5), 155651: (0.7846042550097775, 0.5), 155383: (0.7806744616833301, 0.5), 155447: (0.7732984655486316, 0.5)}","{'noise': 0.4417291674103381, 'amp': 0.8217701285827631, 'ls': 3.4037199343210847}","[(0.5, 0.5)]",[]
