impression,user_id,app_version,model_version,mturk_id,status,NUM_INITIAL_RATINGS,NUM_REFINE_RATINGS,TOTAL_TRAINING_RATINGS,NUM_TEST_RATINGS,TIME_INITIAL,TIME_REFINE,TIME_TEST,random_test_predictions_ratings,good_test_predictions_ratings,hypers,redisplay_check,arbitrary_check
0,f5be9963-b542-417c-bae1-cb3e315a504b,7.8-gur_approx_sym-binary-mpc-update1-new_cand,symgur1.0,A2MFCUR8BF2IBO,Completed,1,40,41,15,7.5588109493255615,326.45557141304016,104.44480776786804,"{314957: (-0.0753129798691563, 0.5), 117961: (-0.02260446641025914, -0.5), 137573: (0.05133548244526421, -0.5), 53358: (-0.0627182774208756, -0.5), 31142: (-0.3289394463570689, 0.5), 174003: (-0.09336742241598464, -0.5), 110295: (-0.1780804271011523, -0.5), 157905: (-0.022399972527268483, 0.5), 169398: (0.29750156214871837, 0.5), 35731: (0.14748627820163202, -0.5)}","{198759: (1.4109230406331994, 0.5), 183989: (1.3596079666824696, 0.5), 198815: (1.3361758215879458, 0.5), 198817: (1.3256180314485204, 0.5), 198987: (1.319354267712345, 0.5)}","{'noise': 0.3736499459537419, 'amp': 1.2305958276076499, 'ls': 3.995736247814883}","[(-0.5, -0.5)]",[]
