impression,user_id,app_version,model_version,mturk_id,status,NUM_INITIAL_RATINGS,NUM_REFINE_RATINGS,TOTAL_TRAINING_RATINGS,NUM_TEST_RATINGS,TIME_INITIAL,TIME_REFINE,TIME_TEST,random_test_predictions_ratings,good_test_predictions_ratings,hypers,redisplay_check,arbitrary_check
0,ea31826f-8ae8-4ea9-8f65-88c1456e60e5,7.8-gur_approx_sym-binary-mpc-update1-new_cand,symgur1.0,A1M25QVKECR27,Completed,1,40,41,15,12.321324110031128,339.0614802837372,101.711993932724,"{58128: (0.26849411596062844, -0.5), 251929: (0.6242554664998892, -0.5), 322926: (-0.055809604360476765, -0.5), 319660: (0.3099488741238705, -0.5), 47405: (-0.05239389535381077, 0.5), 325417: (0.28250466709411526, 0.5), 221820: (0.1909511081665686, -0.5), 307979: (-0.4194986595769431, 0.5), 199597: (-0.14138888758094686, 0.5), 58739: (-0.9137636940219781, 0.5)}","{155426: (1.3659762692324757, 0.5), 35066: (1.3550608850597068, -0.5), 35278: (1.298894317692624, -0.5), 35452: (1.2769955872454062, -0.5), 155638: (1.2642581300374727, 0.5)}","{'noise': 0.2768477486466724, 'amp': 1.0872472246639715, 'ls': 4.02878937931122}","[(-0.5, -0.5)]",[]
