impression,user_id,app_version,model_version,mturk_id,status,NUM_INITIAL_RATINGS,NUM_REFINE_RATINGS,TOTAL_TRAINING_RATINGS,NUM_TEST_RATINGS,TIME_INITIAL,TIME_REFINE,TIME_TEST,random_test_predictions_ratings,good_test_predictions_ratings,hypers,redisplay_check,arbitrary_check
0,360f3871-3bae-4538-b9c4-68c60b385b27,7.8-gur_approx_sym-binary-mpc-update1-new_cand,symgur1.0,A2CIRSDBG6NQU1,Completed,1,40,41,15,15.057827472686768,351.2287268638611,107.54628491401672,"{158092: (-0.2421437351554624, -0.5), 166447: (0.2567842204325599, -0.5), 301740: (0.36604020145938604, 0.5), 56239: (0.07677517482431914, -0.5), 199520: (0.14078387224081096, -0.5), 16362: (0.031218660269595078, -0.5), 30496: (0.25257120500956814, 0.5), 298057: (-0.2386427683369486, 0.5), 125837: (-0.298579768962706, -0.5), 154122: (-0.11431319021633506, -0.5)}","{328732: (1.164044635593005, 0.5), 330706: (1.1343958672804684, 0.5), 90685: (1.0887872878982108, 0.5), 328736: (1.0850455510936925, 0.5), 91099: (1.0834445441436675, 0.5)}","{'noise': 0.3485509997556994, 'amp': 0.9260834979402496, 'ls': 3.610398926105102}","[(0.5, 0.5)]",[]
