impression,user_id,app_version,model_version,mturk_id,status,NUM_INITIAL_RATINGS,NUM_REFINE_RATINGS,TOTAL_TRAINING_RATINGS,NUM_TEST_RATINGS,TIME_INITIAL,TIME_REFINE,TIME_TEST,random_test_predictions_ratings,good_test_predictions_ratings,hypers,redisplay_check,arbitrary_check
0,d7a1609c-cde6-4640-9db5-d5d9c0fa05df,7.8-gur_approx_sym-binary-mpc-update1-new_cand,symgur1.0,AF0W4ZBY7VXOU,Completed,1,40,41,15,3.541795015335083,248.0179054737091,73.49051237106323,"{110968: (0.034402331902317784, 0.5), 55377: (0.05234269565147135, -0.5), 80724: (0.12837765952026603, 0.5), 134790: (0.01467722960025574, 0.5), 96089: (-0.38236414116163525, -0.5), 142945: (0.19236939826253782, 0.5), 177673: (-0.18744205443190154, 0.5), 217126: (-0.3746284764386026, -0.5), 57463: (0.058345196082376996, 0.5), 86466: (0.40726723789391533, 0.5)}","{298799: (1.3729227057545355, 0.5), 41497: (1.3639306763095342, 0.5), 298981: (1.3579456530934744, 0.5), 166408: (1.3573965091522675, 0.5), 166226: (1.3529388108905243, 0.5)}","{'noise': 0.39036204988125384, 'amp': 1.190294833086064, 'ls': 3.6987533235717747}","[(0.5, 0.5)]",[]
