impression,user_id,app_version,model_version,mturk_id,status,NUM_INITIAL_RATINGS,NUM_REFINE_RATINGS,TOTAL_TRAINING_RATINGS,NUM_TEST_RATINGS,TIME_INITIAL,TIME_REFINE,TIME_TEST,random_test_predictions_ratings,good_test_predictions_ratings,hypers,redisplay_check,arbitrary_check
0,54366948-35f5-4bad-a6a3-2bcb5dc377a2,7.8-gur_approx_sym-binary-mpc-update1-new_cand,symgur1.0,A9O65T6VRG13O,Completed,1,40,41,15,10.819689273834229,366.21732783317566,78.55104517936707,"{159857: (0.6655758225602023, 0.5), 212621: (-0.5904318969634645, -0.5), 28610: (-0.279681644077269, -0.5), 93140: (-0.30314743543040146, -0.5), 132562: (0.05147702347335413, -0.5), 277148: (0.41417506019539274, 0.5), 249634: (-0.21501478721978884, -0.5), 329598: (-0.10974860299018113, 0.5), 166130: (0.4918981643431669, 0.5), 274597: (-0.03728499464289324, -0.5)}","{264819: (1.0282373113702743, 0.5), 264611: (1.0200184026376655, 0.5), 264794: (0.9986507148162131, 0.5), 110561: (0.9899291690755984, 0.5), 277049: (0.981861687986821, 0.5)}","{'noise': 0.26830224714825324, 'amp': 0.9468895632238855, 'ls': 3.906679763302589}","[(-0.5, -0.5)]",[]
