impression,user_id,app_version,model_version,mturk_id,status,NUM_INITIAL_RATINGS,NUM_REFINE_RATINGS,TOTAL_TRAINING_RATINGS,NUM_TEST_RATINGS,TIME_INITIAL,TIME_REFINE,TIME_TEST,random_test_predictions_ratings,good_test_predictions_ratings,hypers,redisplay_check,arbitrary_check
0,424cca5a-532f-4421-8159-3e0413892477,7.8-gur_approx_sym-binary-mpc-update1-new_cand,symgur1.0,A3G7QQTQIKYI2O,Completed,1,40,41,15,6.736146688461304,253.74367666244507,68.512699842453,"{327903: (0.17544452326757273, -0.5), 160840: (-0.34671952935080336, -0.5), 9673: (0.22840391238018803, 0.5), 308877: (0.004898149830920057, -0.5), 324953: (0.08152686484738378, 0.5), 233950: (-0.07008644815649337, -0.5), 3272: (-0.23690347878280818, -0.5), 321993: (0.3278156954322492, 0.5), 72267: (-0.3000104359720989, -0.5), 122982: (-0.08800247210506776, -0.5)}","{282197: (0.7163938390471937, 0.5), 282308: (0.7037087105389019, -0.5), 64112: (0.6950762104001346, -0.5), 282355: (0.6844890059491904, 0.5), 186797: (0.6833281193804138, 0.5)}","{'noise': 0.34533066491946546, 'amp': 0.6661157057601803, 'ls': 3.4030237286197726}","[(0.5, -0.5)]",[]
