impression,user_id,app_version,model_version,mturk_id,status,NUM_INITIAL_RATINGS,NUM_REFINE_RATINGS,TOTAL_TRAINING_RATINGS,NUM_TEST_RATINGS,TIME_INITIAL,TIME_REFINE,TIME_TEST,random_test_predictions_ratings,good_test_predictions_ratings,hypers,redisplay_check,arbitrary_check
0,7a41cccb-a93e-4e21-8fcc-3c764ee4d85b,7.8-gur_approx_sym-binary-mpc-update1-new_cand,symgur1.0,AGFJR4GQ5L466,Completed,1,40,41,15,5.751795768737793,212.43906569480896,74.16934871673584,"{8830: (-0.221262805572155, 0.5), 240993: (0.7104417016766886, 0.5), 180785: (-0.8141828440197034, -0.5), 202736: (0.0896762617431796, -0.5), 30838: (-0.3882402424956329, -0.5), 226817: (-0.31364329276956865, -0.5), 165130: (0.1752758933044458, 0.5), 98893: (0.07355045780703134, -0.5), 166617: (0.4715767475377252, 0.5), 20095: (-0.04756118594371861, -0.5)}","{329213: (1.2037627946751215, 0.5), 324871: (1.1539404084767015, 0.5), 264071: (1.1478117752454866, 0.5), 175567: (1.1432784995202074, 0.5), 263979: (1.1344994037055252, 0.5)}","{'noise': 0.40239428610055394, 'amp': 1.177994362495375, 'ls': 3.5720365030736927}","[(0.5, 0.5)]",[]
