impression,user_id,app_version,model_version,mturk_id,status,NUM_INITIAL_RATINGS,NUM_REFINE_RATINGS,TOTAL_TRAINING_RATINGS,NUM_TEST_RATINGS,TIME_INITIAL,TIME_REFINE,TIME_TEST,random_test_predictions_ratings,good_test_predictions_ratings,hypers,redisplay_check,arbitrary_check
0,861133a0-97c8-4fe8-a33e-d5d5796ee16a,7.8-gur_approx_sym-binary-mpc-update1-new_cand,symgur1.0,A24G8GL5FX1KAW ,Completed,1,40,41,15,3.9876620769500732,323.66126012802124,140.0204463005066,"{232484: (0.5889025631209156, 0.5), 25605: (0.40971083269604225, 0.5), 306621: (-0.037164132983569076, 0.5), 300648: (-0.21599987304760104, 0.5), 308358: (0.22540436224930868, 0.5), 163173: (-0.12234538189683417, 0.5), 60589: (0.17296627226453173, 0.5), 91423: (0.4777447990784482, 0.5), 67981: (0.05162595972294612, 0.5), 21642: (-0.3771234630360743, 0.5)}","{42839: (0.8963900335314811, 0.5), 239110: (0.8947750108791238, 0.5), 42635: (0.8939887920326692, 0.5), 173069: (0.8840914921699613, 0.5), 43123: (0.8810871528658065, 0.5)}","{'noise': 0.11221773400524564, 'amp': 0.42748262404816056, 'ls': 0.9079099943603518}","[(0.5, 0.5)]",[]
