impression,user_id,app_version,model_version,mturk_id,status,NUM_INITIAL_RATINGS,NUM_REFINE_RATINGS,TOTAL_TRAINING_RATINGS,NUM_TEST_RATINGS,TIME_INITIAL,TIME_REFINE,TIME_TEST,random_test_predictions_ratings,good_test_predictions_ratings,hypers,redisplay_check,arbitrary_check
0,dc86f39b-878b-4c66-bb43-588c34a443dc,7.8-gur_approx_sym-binary-mpc-update1-new_cand,symgur1.0,A195MOXRMNHRVT,Completed,1,40,41,15,13.865801334381104,193.558922290802,50.59841322898865,"{187088: (0.2994896384327543, -0.5), 181027: (-0.349550420722892, -0.5), 245687: (-0.08255738972515857, -0.5), 232910: (-0.12491615604918167, -0.5), 42155: (-0.15123726651491604, -0.5), 192516: (0.4228133666248248, -0.5), 294915: (-0.23131017337896295, -0.5), 186586: (0.2853426812171865, 0.5), 18760: (-0.17944946506504672, 0.5), 6586: (0.020009326733571607, 0.5)}","{321912: (0.7858194722905142, 0.5), 321879: (0.778489704798216, 0.5), 198982: (0.772692038763244, 0.5), 319042: (0.7681446923847415, 0.5), 321935: (0.7678824244964763, 0.5)}","{'noise': 0.4145604200685424, 'amp': 0.7770705869837273, 'ls': 3.454551704438726}","[(-0.5, -0.5)]",[]
