impression,user_id,app_version,model_version,mturk_id,status,NUM_INITIAL_RATINGS,NUM_REFINE_RATINGS,TOTAL_TRAINING_RATINGS,NUM_TEST_RATINGS,TIME_INITIAL,TIME_REFINE,TIME_TEST,random_test_predictions_ratings,good_test_predictions_ratings,hypers,redisplay_check,arbitrary_check
0,5bf61b24-4b0a-4bfe-9ddf-3383b49b0a0f,7.8-gur_approx_sym-binary-mpc-update1-new_cand,symgur1.0,A2DF8W7SDWLURD,Completed,1,40,41,15,4.2125959396362305,347.0178167819977,89.1754093170166,"{136453: (0.3512123255788847, 0.5), 156872: (-0.010674925418949032, -0.5), 18401: (-0.19567383284418022, 0.5), 77530: (-0.0066130976391299175, 0.5), 95483: (-0.04537608477530972, -0.5), 186674: (-0.1035618423494757, 0.5), 80906: (0.3423952235046718, -0.5), 62164: (-0.16314400646703073, 0.5), 16342: (0.08701115598289776, -0.5), 65957: (0.033905550320810315, 0.5)}","{81131: (0.7539268627652477, 0.5), 81216: (0.7434861291266188, -0.5), 80742: (0.732741038624725, 0.5), 72581: (0.7273009152398758, 0.5), 198861: (0.722568009781412, 0.5)}","{'noise': 0.41513702426415516, 'amp': 0.7364336088014871, 'ls': 3.5514430271960116}","[(0.5, 0.5)]",[]
