impression,user_id,app_version,model_version,mturk_id,status,NUM_INITIAL_RATINGS,NUM_REFINE_RATINGS,TOTAL_TRAINING_RATINGS,NUM_TEST_RATINGS,TIME_INITIAL,TIME_REFINE,TIME_TEST,random_test_predictions_ratings,good_test_predictions_ratings,hypers,redisplay_check,arbitrary_check
0,2f60b63b-09e4-4aac-b372-f92e14cb1754,7.8-gur_approx_sym-binary-mpc-update1-new_cand,symgur1.0,A33TWNHNU3G3E8,Completed,1,40,41,15,4.5463409423828125,303.3747835159302,89.57300543785095,"{262922: (-0.1463790216320798, -0.5), 187854: (-0.13495403921617924, -0.5), 221316: (0.37657894609714104, 0.5), 319605: (-0.31748724089959696, -0.5), 107734: (0.44168302849346186, 0.5), 210407: (-0.07836746962251942, -0.5), 322853: (-0.06943306365194916, 0.5), 90745: (-0.5766404635348226, 0.5), 26320: (-0.1780823565586712, 0.5), 288662: (-0.2602374611420054, -0.5)}","{64674: (0.9745657974367622, 0.5), 64267: (0.9721335116111609, 0.5), 64307: (0.9590278686827894, 0.5), 277784: (0.9481373311066049, 0.5), 64488: (0.946243558926803, 0.5)}","{'noise': 0.39230720616194015, 'amp': 0.7576138096603953, 'ls': 3.2241593704564178}","[(-0.5, -0.5)]",[]
