impression,user_id,app_version,model_version,mturk_id,status,NUM_INITIAL_RATINGS,NUM_REFINE_RATINGS,TOTAL_TRAINING_RATINGS,NUM_TEST_RATINGS,TIME_INITIAL,TIME_REFINE,TIME_TEST,random_test_predictions_ratings,good_test_predictions_ratings,hypers,redisplay_check,arbitrary_check
0,b495e320-8446-4fff-a7bb-8ad0c9d71d4f,7.8-gur_approx_sym-binary-mpc-update1-new_cand,symgur1.0,A3L4K3AUA2A3DN,Completed,1,40,41,15,6.165539741516113,256.17299032211304,194.1793177127838,"{189712: (-0.3094761808746125, -0.5), 62235: (-0.12973981388711073, -0.5), 283040: (-0.11213283223797842, -0.5), 68165: (-0.07744665225049041, -0.5), 47486: (0.05912770048263075, -0.5), 110191: (-0.4193859175606475, -0.5), 245499: (0.1131050191271984, 0.5), 39296: (0.47706733471255935, -0.5), 70492: (-0.14798167142552968, -0.5), 330415: (0.34611115043211343, -0.5)}","{12181: (0.8417569413653199, 0.5), 12356: (0.8371650490515112, 0.5), 123956: (0.8185683252030264, 0.5), 58360: (0.8176637679354994, 0.5), 58406: (0.817218483137978, 0.5)}","{'noise': 0.3295595225121099, 'amp': 0.6469162552399279, 'ls': 2.9122135168811405}","[(0.5, 0.5)]",[]
