impression,user_id,app_version,model_version,mturk_id,status,NUM_INITIAL_RATINGS,NUM_REFINE_RATINGS,TOTAL_TRAINING_RATINGS,NUM_TEST_RATINGS,TIME_INITIAL,TIME_REFINE,TIME_TEST,random_test_predictions_ratings,good_test_predictions_ratings,hypers,redisplay_check,arbitrary_check
0,7e12eb9e-aed0-4066-a37b-90c1e4fe8937,7.8-gur_approx_sym-binary-mpc-update1-new_cand,symgur1.0,A1RE4CXDQXFQG7,Completed,1,40,41,15,4.251262187957764,216.56658482551575,56.78363394737244,"{308191: (0.1490046207148183, 0.5), 288171: (-0.2735693682714756, -0.5), 330784: (0.14811623458154835, 0.5), 197934: (-0.17112851697205486, -0.5), 177632: (-0.5716825900070156, -0.5), 43573: (-0.10316452114780615, 0.5), 261212: (-0.6402655824511211, -0.5), 260860: (-0.2107685845345314, 0.5), 133129: (0.2733818264867453, 0.5), 278194: (-0.0287229999560416, 0.5)}","{162810: (1.0736496479803683, 0.5), 162470: (1.0686927728326547, 0.5), 162527: (1.0679312973511705, 0.5), 162487: (1.063103846115425, 0.5), 127234: (1.052010512240658, 0.5)}","{'noise': 0.40282031941183416, 'amp': 0.9595321746679063, 'ls': 3.7236210807247123}","[(0.5, 0.5)]",[]
