impression,user_id,app_version,model_version,mturk_id,status,NUM_INITIAL_RATINGS,NUM_REFINE_RATINGS,TOTAL_TRAINING_RATINGS,NUM_TEST_RATINGS,TIME_INITIAL,TIME_REFINE,TIME_TEST,random_test_predictions_ratings,good_test_predictions_ratings,hypers,redisplay_check,arbitrary_check
0,91fc04c9-0e9d-4590-8cd6-752a54cfc16a,7.8-gur_approx_sym-binary-mpc-update1-new_cand,symgur1.0,A1FBEM5WECB986,Completed,1,40,41,15,106.30374693870544,432.4387800693512,96.04452538490295,"{58834: (0.15390952761007448, 0.5), 227923: (0.003591665036779483, 0.5), 137794: (0.3656061506429317, 0.5), 93351: (0.036053253110595554, 0.5), 8627: (0.3185883641680383, -0.5), 284520: (0.2216103738778354, -0.5), 239771: (-0.11539466299436923, 0.5), 154221: (0.18408209427596098, 0.5), 175330: (-0.05259950100279878, 0.5), 155072: (-0.19168247951799242, -0.5)}","{258493: (0.7862490059132068, 0.5), 258270: (0.7806015129272633, 0.5), 258176: (0.7688822937221286, 0.5), 96171: (0.7610242296441134, 0.5), 236053: (0.7610086578507534, -0.5)}","{'noise': 0.4027036976344351, 'amp': 0.7913072366186324, 'ls': 3.4537223448580736}","[(0.5, 0.5)]",[]
