impression,user_id,app_version,model_version,mturk_id,status,NUM_INITIAL_RATINGS,NUM_REFINE_RATINGS,TOTAL_TRAINING_RATINGS,NUM_TEST_RATINGS,TIME_INITIAL,TIME_REFINE,TIME_TEST,random_test_predictions_ratings,good_test_predictions_ratings,hypers,redisplay_check,arbitrary_check
0,cb4a21ad-d784-4548-9bd8-ea6783916ddd,7.8-gur_approx_sym-binary-mpc-update1-new_cand,symgur1.0,A1NXGPLI8MD9FQ,Completed,1,40,41,15,5.90086030960083,277.9501202106476,90.39727234840393,"{303756: (0.06847475336645778, -0.5), 37943: (0.21421258714695962, 0.5), 199432: (-0.15501933308069177, -0.5), 178729: (0.2528608197544776, 0.5), 217446: (-0.18497454511613476, 0.5), 120378: (0.2758491354091246, 0.5), 248501: (-0.10818059013020878, -0.5), 313793: (-0.4020559313492906, -0.5), 63017: (-0.6354782539688903, -0.5), 270975: (-0.14111598903514583, -0.5)}","{246164: (0.9386760611068921, 0.5), 270454: (0.9168625787312961, 0.5), 246166: (0.9132518966579217, 0.5), 196: (0.9067688391934098, 0.5), 143: (0.9067199752163636, 0.5)}","{'noise': 0.36853295969068656, 'amp': 0.821682098136389, 'ls': 3.5129146547570893}","[(-0.5, -0.5)]",[]
