impression,user_id,app_version,model_version,mturk_id,status,NUM_INITIAL_RATINGS,NUM_REFINE_RATINGS,TOTAL_TRAINING_RATINGS,NUM_TEST_RATINGS,TIME_INITIAL,TIME_REFINE,TIME_TEST,random_test_predictions_ratings,good_test_predictions_ratings,hypers,redisplay_check,arbitrary_check
0,3e2e15af-9b55-4d33-bffd-bda63a7ea0af,7.8-gur_approx_sym-binary-mpc-update1-new_cand,symgur1.0,A98F21Q0J4SGL,Completed,1,40,41,15,7.733229398727417,420.79079580307007,66.96581149101257,"{227172: (-0.44495355670393005, 0.5), 113200: (-0.1074966006466273, -0.5), 302695: (-0.14422923006667895, 0.5), 207880: (-0.07381228474529726, -0.5), 223448: (-0.07864630858249501, 0.5), 235624: (-0.1346395845521485, 0.5), 240383: (0.3023447498483923, 0.5), 182571: (0.10557540944906339, -0.5), 109846: (-0.26359258929637863, -0.5), 306378: (0.3101211841912955, -0.5)}","{104260: (0.776695845014329, 0.5), 104599: (0.7756752661553331, 0.5), 104307: (0.7639045391877372, 0.5), 81523: (0.7583370828540579, 0.5), 104518: (0.7501984728058037, 0.5)}","{'noise': 0.4072543170586401, 'amp': 0.7624209444853003, 'ls': 3.369948410692264}","[(0.5, -0.5)]",[]
