impression,user_id,app_version,model_version,mturk_id,status,NUM_INITIAL_RATINGS,NUM_REFINE_RATINGS,TOTAL_TRAINING_RATINGS,NUM_TEST_RATINGS,TIME_INITIAL,TIME_REFINE,TIME_TEST,random_test_predictions_ratings,good_test_predictions_ratings,hypers,redisplay_check,arbitrary_check
0,e7fa2abf-5d1f-4d52-bcc2-f84c4a5247e7,7.8-gur_approx_sym-binary-mpc-update1-new_cand,symgur1.0,A20V6AGRAKCS46,Completed,1,40,41,15,9.381836891174316,217.09188723564148,81.66161251068115,"{303381: (-0.30208961474095, 0.5), 262018: (-0.12762663820754222, -0.5), 135843: (-0.0010381837673443988, 0.5), 111000: (-0.03440987989662338, 0.5), 127748: (-0.027013252635599685, 0.5), 254247: (0.040095092848348494, -0.5), 17711: (-0.25294243832034874, 0.5), 321941: (0.25761864987889405, 0.5), 59227: (0.051527144656205316, -0.5), 279485: (-0.46995331266599394, -0.5)}","{43239: (0.6975009056385579, 0.5), 43669: (0.6869903729928574, 0.5), 233111: (0.6756858781537234, 0.5), 10542: (0.6708399309099616, 0.5), 43327: (0.6640194775459717, 0.5)}","{'noise': 0.44706716208108077, 'amp': 0.7084307139401773, 'ls': 3.447253868394837}","[(-0.5, -0.5)]",[]
