impression,user_id,app_version,model_version,mturk_id,status,NUM_INITIAL_RATINGS,NUM_REFINE_RATINGS,TOTAL_TRAINING_RATINGS,NUM_TEST_RATINGS,TIME_INITIAL,TIME_REFINE,TIME_TEST,random_test_predictions_ratings,good_test_predictions_ratings,hypers,redisplay_check,arbitrary_check
0,dfb4003c-871d-4130-b01f-e72980a52b2a,7.8-gur_approx_sym-binary-mpc-update1-new_cand,symgur1.0,A23FEELMFHLC9K,Completed,1,40,41,15,801.612948179245,507.88236141204834,133.62982630729675,"{199670: (0.031045350169189738, 0.5), 320847: (-0.023267017396502113, -0.5), 220975: (0.40659442901005444, -0.5), 297604: (-0.2765169979452295, -0.5), 299049: (0.19808059502834136, 0.5), 242281: (0.15366464236425917, -0.5), 160355: (-0.498838202208045, 0.5), 291529: (-0.30002973630957686, -0.5), 162860: (0.06401239228135172, 0.5), 193270: (-0.05048093282597184, -0.5)}","{81709: (0.9165894347495195, 0.5), 232228: (0.9144355064007108, 0.5), 126094: (0.9137092878072125, 0.5), 81655: (0.9065089833513256, 0.5), 126040: (0.9028987300201826, 0.5)}","{'noise': 0.2871003320690033, 'amp': 0.8208387855052095, 'ls': 3.5025793703480734}","[(-0.5, -0.5)]",[]
