impression,user_id,app_version,model_version,mturk_id,status,NUM_INITIAL_RATINGS,NUM_REFINE_RATINGS,TOTAL_TRAINING_RATINGS,NUM_TEST_RATINGS,TIME_INITIAL,TIME_REFINE,TIME_TEST,random_test_predictions_ratings,good_test_predictions_ratings,hypers,redisplay_check,arbitrary_check
0,b1c63cc5-0781-41d2-81fa-da025785f91f,7.8-gur_approx_sym-binary-mpc-update1-new_cand,symgur1.0,AJDHPRCJ985C7,Completed,1,40,41,15,5.349080801010132,792.1884903907776,100.01996803283691,"{28062: (-0.16128808326690258, -0.5), 305183: (0.15221989641682193, -0.5), 283167: (-0.07219443430920541, 0.5), 223749: (0.018245685571187997, 0.5), 216582: (-0.0625958918964714, 0.5), 245395: (0.009789206439087657, -0.5), 315996: (-0.09410299006898273, -0.5), 266148: (-0.05117990088267458, -0.5), 93020: (0.05685452819843154, -0.5), 208752: (0.0018642835392521694, -0.5)}","{267823: (0.38377695430413883, 0.5), 267756: (0.37348345868520066, 0.5), 267860: (0.3725873891181296, 0.5), 267806: (0.3715615986427234, 0.5), 267993: (0.3703474351970525, 0.5)}","{'noise': 0.46397449787437206, 'amp': 0.644519661383387, 'ls': 3.8312726015384695}","[(-0.5, -0.5)]",[]
