impression,user_id,app_version,model_version,mturk_id,status,NUM_INITIAL_RATINGS,NUM_REFINE_RATINGS,TOTAL_TRAINING_RATINGS,NUM_TEST_RATINGS,TIME_INITIAL,TIME_REFINE,TIME_TEST,random_test_predictions_ratings,good_test_predictions_ratings,hypers,redisplay_check,arbitrary_check
0,8c579c7d-9d30-4b10-971d-a089483d42f9,7.8-gur_approx_sym-binary-mpc-update1-new_cand,symgur1.0,AWWJ2QQ29L8LT,Completed,1,40,41,15,14.633996725082397,1363.0462238788605,130.911150932312,"{83793: (0.1774017226274812, 0.5), 326087: (0.19963620412294986, 0.5), 197343: (0.16460569662903876, -0.5), 154361: (0.5939357962505983, 0.5), 229800: (-0.07090749878203406, -0.5), 110876: (-0.0903202765258591, -0.5), 146603: (0.14903141080643834, 0.5), 109133: (-0.39848327162712505, -0.5), 266471: (0.1902636533056693, 0.5), 76010: (0.3258887975176222, 0.5)}","{321946: (1.2673735930620262, 0.5), 204101: (1.2610585797188647, 0.5), 287492: (1.2581885304999827, 0.5), 71297: (1.2493117073861217, 0.5), 83401: (1.2466415651948901, 0.5)}","{'noise': 0.31629856087962105, 'amp': 1.1143284562494724, 'ls': 3.7024770991545264}","[(0.5, 0.5)]",[]
