impression,user_id,app_version,model_version,mturk_id,status,NUM_INITIAL_RATINGS,NUM_REFINE_RATINGS,TOTAL_TRAINING_RATINGS,NUM_TEST_RATINGS,TIME_INITIAL,TIME_REFINE,TIME_TEST,random_test_predictions_ratings,good_test_predictions_ratings,hypers,redisplay_check,arbitrary_check
0,8669cd37-602e-421b-949c-1562e98d280f,7.8-gur_approx_sym-binary-mpc-update1-new_cand,symgur1.0,AZU9D7YLCTAYV,Completed,1,40,41,15,7.497719764709473,262.83704352378845,72.22356247901917,"{328880: (0.2710022420759261, -0.5), 13603: (0.3589384107790419, -0.5), 112835: (-0.494952706764039, 0.5), 166264: (-0.173645729079145, 0.5), 191610: (0.15228729422088425, 0.5), 285955: (0.6901685783277656, 0.5), 295172: (-0.2224246618233944, -0.5), 30544: (0.24475151211291588, 0.5), 35245: (-0.12890059905509763, -0.5), 191978: (0.1221386533548087, 0.5)}","{171010: (0.9419599585332908, 0.5), 171035: (0.9311627681469793, 0.5), 171270: (0.9214029821368284, 0.5), 171055: (0.9106516866774048, 0.5), 171006: (0.9068159885499583, 0.5)}","{'noise': 0.33118076841232597, 'amp': 0.8489094297395842, 'ls': 3.75283232318603}","[(0.5, 0.5)]",[]
