impression,user_id,app_version,model_version,mturk_id,status,NUM_INITIAL_RATINGS,NUM_REFINE_RATINGS,TOTAL_TRAINING_RATINGS,NUM_TEST_RATINGS,TIME_INITIAL,TIME_REFINE,TIME_TEST,random_test_predictions_ratings,good_test_predictions_ratings,hypers,redisplay_check,arbitrary_check
0,1de5d0fc-9d0c-41e0-90c1-55a5e550a8fd,7.8-gur_approx_sym-binary-mpc-update1-new_cand,symgur1.0,A2AJSEYVBTRBB3,Completed,1,40,41,15,9.988296508789062,418.05520820617676,103.8949499130249,"{174888: (0.38125015704338755, 0.5), 129829: (0.23122837835081297, 0.5), 10599: (0.35719866730800703, 0.5), 55648: (0.42614156610272136, 0.5), 303452: (-0.13676891636583807, -0.5), 213699: (-0.7777186617712776, -0.5), 316802: (-0.4043560533745673, -0.5), 16535: (0.0965071960338792, -0.5), 216652: (0.8743435672528118, 0.5), 159089: (0.34124834975952334, 0.5)}","{43788: (1.3587828309318806, 0.5), 10530: (1.3480200498245527, 0.5), 112561: (1.3390860639026352, 0.5), 233230: (1.337591973656624, 0.5), 43327: (1.334665706938279, 0.5)}","{'noise': 0.3396222889955128, 'amp': 1.0355089784672737, 'ls': 3.717103045835177}","[(-0.5, -0.5)]",[]
