impression,user_id,app_version,model_version,mturk_id,status,NUM_INITIAL_RATINGS,NUM_REFINE_RATINGS,TOTAL_TRAINING_RATINGS,NUM_TEST_RATINGS,TIME_INITIAL,TIME_REFINE,TIME_TEST,random_test_predictions_ratings,good_test_predictions_ratings,hypers,redisplay_check,arbitrary_check
0,ee3b88e5-4dba-46e8-be44-db00bba8cff5,7.8-gur_approx_sym-binary-mpc-update1-new_cand,symgur1.0,A324M5ZRHX7RUV,Completed,1,40,41,15,4.564741611480713,211.69140315055847,46.25547552108765,"{131247: (0.09238993525415032, -0.5), 310073: (-0.07677592907119535, -0.5), 109509: (-0.0963651040481672, -0.5), 179176: (-0.1801145854904958, -0.5), 163486: (0.14156623373628646, -0.5), 297909: (-0.017609645730079837, -0.5), 266801: (-0.24747547260127437, -0.5), 253999: (-0.017274758841006536, -0.5), 42173: (0.14156081231347886, -0.5), 314771: (0.21843642175640132, -0.5)}","{127891: (0.46322894717610497, 0.5), 128236: (0.46215808822800786, -0.5), 127948: (0.4617290573999515, 0.5), 128061: (0.4582004162161035, -0.5), 39484: (0.4562296306776054, 0.5)}","{'noise': 0.4448221046630817, 'amp': 0.635496260562529, 'ls': 3.9702807760368537}","[(-0.5, -0.5)]",[]
