impression,user_id,app_version,model_version,mturk_id,status,NUM_INITIAL_RATINGS,NUM_REFINE_RATINGS,TOTAL_TRAINING_RATINGS,NUM_TEST_RATINGS,TIME_INITIAL,TIME_REFINE,TIME_TEST,random_test_predictions_ratings,good_test_predictions_ratings,hypers,redisplay_check,arbitrary_check
0,51bad14b-5209-4284-9bd5-a6702d513b91,7.8-gur_approx_sym-binary-mpc-update1-new_cand,symgur1.0,A2OSV7GJGFZU4X,Completed,1,40,41,15,13.88028335571289,358.93915700912476,78.71228647232056,"{219179: (0.3934225946382721, 0.5), 307924: (-0.09046373534301794, -0.5), 185452: (-0.11780404287366897, -0.5), 263952: (0.1471295843378954, 0.5), 14874: (0.18252344185567165, 0.5), 286783: (-0.05772872384607299, 0.5), 304700: (0.28600761990457546, 0.5), 208023: (0.1955702793406448, -0.5), 202070: (-0.17246816925241568, -0.5), 15773: (-0.475977248532007, -0.5)}","{75112: (1.0547907792658926, 0.5), 75158: (1.044421699238445, 0.5), 75633: (1.0361530691529, 0.5), 320448: (1.0341149354378572, 0.5), 75097: (0.9886892253589723, 0.5)}","{'noise': 0.42086933661722864, 'amp': 0.917916450204686, 'ls': 3.1706858339367527}","[(-0.5, -0.5)]",[]
