impression,user_id,app_version,model_version,mturk_id,status,NUM_INITIAL_RATINGS,NUM_REFINE_RATINGS,TOTAL_TRAINING_RATINGS,NUM_TEST_RATINGS,TIME_INITIAL,TIME_REFINE,TIME_TEST,random_test_predictions_ratings,good_test_predictions_ratings,hypers,redisplay_check,arbitrary_check
0,1a66b221-bedf-402f-8d56-6dc28159e77e,7.8-gur_approx_sym-binary-mpc-update1-new_cand,symgur1.0,A1QXBYE81CP9N9,Completed,1,40,41,15,12.814175128936768,393.6658818721771,143.0743658542633,"{190101: (0.004972802455062821, 0.5), 86899: (-0.2423908999517569, -0.5), 13181: (0.19725644187812974, 0.5), 162663: (-0.4004060900424461, -0.5), 4694: (-0.16495753059656762, 0.5), 124327: (0.48546222141756895, 0.5), 121799: (-0.03959657340856173, 0.5), 58849: (0.1245321340676119, -0.5), 302833: (-0.21003110622487514, -0.5), 88674: (0.20801642373109747, 0.5)}","{114148: (0.7692920666795068, 0.5), 284726: (0.7620035484092017, 0.5), 123898: (0.7615399032150796, 0.5), 284583: (0.7578870348758053, 0.5), 114166: (0.7569839407486465, 0.5)}","{'noise': 0.3923563243859236, 'amp': 0.8300769369863585, 'ls': 3.484330763401305}","[(-0.5, -0.5)]",[]
