impression,user_id,app_version,model_version,mturk_id,status,NUM_INITIAL_RATINGS,NUM_REFINE_RATINGS,TOTAL_TRAINING_RATINGS,NUM_TEST_RATINGS,TIME_INITIAL,TIME_REFINE,TIME_TEST,random_test_predictions_ratings,good_test_predictions_ratings,hypers,redisplay_check,arbitrary_check
0,d09bd7f3-9c21-4829-8cf3-536477d563e5,7.8-gur_approx_sym-binary-mpc-update1-new_cand,symgur1.0,A2TDWEZM5W4PEE,Completed,1,40,41,15,4.6237852573394775,266.6111989021301,57.09143900871277,"{280232: (-0.33022992649510885, -0.5), 133076: (-0.025788546084985143, -0.5), 160597: (0.3893478975618678, -0.5), 136554: (-0.22081524772407615, 0.5), 252562: (-0.12990588551013094, 0.5), 148269: (0.09138534400311103, 0.5), 203228: (-0.5328732697920463, -0.5), 185752: (0.15964908406805647, 0.5), 14009: (-0.09361163782534951, 0.5), 135109: (-0.5153472746138057, -0.5)}","{140002: (1.0422321719199281, 0.5), 139849: (1.015190459936387, 0.5), 287290: (1.0055555715375593, 0.5), 140197: (1.0052984938452332, 0.5), 139687: (0.9977443775038489, 0.5)}","{'noise': 0.40789014241459587, 'amp': 0.8547196025324834, 'ls': 3.304121278604758}","[(0.5, 0.5)]",[]
