impression,user_id,app_version,model_version,mturk_id,status,NUM_INITIAL_RATINGS,NUM_REFINE_RATINGS,TOTAL_TRAINING_RATINGS,NUM_TEST_RATINGS,TIME_INITIAL,TIME_REFINE,TIME_TEST,random_test_predictions_ratings,good_test_predictions_ratings,hypers,redisplay_check,arbitrary_check
0,da6a0907-1d9e-4d3d-8716-6953879f44ea,7.8-gur_approx_sym-binary-mpc-update1-new_cand,symgur1.0,A747P92XNGD4W,Completed,1,40,41,15,5.011480093002319,279.7017056941986,89.92347264289856,"{286649: (0.1300995182175974, 0.5), 305240: (0.03979633656861118, 0.5), 63960: (0.13969952982592948, 0.5), 22797: (0.04859546302236805, 0.5), 83605: (0.346274931621959, 0.5), 106476: (0.1620113890578421, -0.5), 283542: (-0.11459577485895478, -0.5), 57258: (-0.022097370040628624, -0.5), 114629: (-0.2590753913211531, -0.5), 166002: (-0.3089424026295518, 0.5)}","{285909: (0.7962801305631247, 0.5), 285858: (0.7858548403315055, 0.5), 285870: (0.784381286571863, 0.5), 162849: (0.7804625718540977, 0.5), 186804: (0.7757701531743806, 0.5)}","{'noise': 0.3843502480817216, 'amp': 0.7682720339929722, 'ls': 3.612362182848899}","[(-0.5, -0.5)]",[]
