impression,user_id,app_version,model_version,mturk_id,status,NUM_INITIAL_RATINGS,NUM_REFINE_RATINGS,TOTAL_TRAINING_RATINGS,NUM_TEST_RATINGS,TIME_INITIAL,TIME_REFINE,TIME_TEST,random_test_predictions_ratings,good_test_predictions_ratings,hypers,redisplay_check,arbitrary_check
0,ebc00437-3b0e-4339-9b37-155d6d6aa496,7.8-gur_approx_sym-binary-mpc-update1-new_cand,symgur1.0,A14W0AXTJ3R19V,Completed,1,40,41,15,6.445526361465454,295.9738562107086,79.78993201255798,"{299790: (-0.04275777283319375, 0.5), 322587: (-0.24132635268773228, 0.5), 69399: (0.42895438670228236, -0.5), 138686: (0.20065969995434743, 0.5), 228440: (0.31512022282038754, 0.5), 304434: (0.1820376378689647, 0.5), 289003: (0.6456829450700295, 0.5), 219740: (0.2662685784027233, 0.5), 130115: (-0.18514458705093442, -0.5), 287985: (0.3075307082578583, 0.5)}","{260533: (0.991838810557503, -0.5), 260744: (0.9901991900276491, 0.5), 260549: (0.9525880532785759, 0.5), 260684: (0.9400564080824483, 0.5), 196755: (0.9327828423569772, -0.5)}","{'noise': 0.34730724616122627, 'amp': 0.9413965756366174, 'ls': 3.9756909899522106}","[(0.5, 0.5)]",[]
