impression,user_id,app_version,model_version,mturk_id,status,NUM_INITIAL_RATINGS,NUM_REFINE_RATINGS,TOTAL_TRAINING_RATINGS,NUM_TEST_RATINGS,TIME_INITIAL,TIME_REFINE,TIME_TEST,random_test_predictions_ratings,good_test_predictions_ratings,hypers,redisplay_check,arbitrary_check
0,17bd4003-7768-48a8-9cf2-4c9ed52f747b,7.8-gur_approx_sym-binary-mpc-update1-new_cand,symgur1.0,A3NKNOE5HIXXL,Completed,1,40,41,15,4.8195884227752686,830.565313577652,125.49485158920288,"{206030: (-0.4693704345661266, -0.5), 84649: (0.03376369926502222, 0.5), 136164: (0.06479358917800368, 0.5), 86120: (-0.09403539356700968, -0.5), 24772: (-0.15276220345244748, -0.5), 45368: (-0.17034927221453527, -0.5), 194575: (-0.18829186026107836, -0.5), 8649: (-0.12089334502629849, -0.5), 40363: (-0.07217061127852945, -0.5), 183835: (0.15097653779677386, -0.5)}","{234133: (0.7581430953835171, -0.5), 234164: (0.756084807752139, -0.5), 203988: (0.7488112108154579, 0.5), 234251: (0.7452918434088325, 0.5), 233937: (0.7397806218436962, 0.5)}","{'noise': 0.4011650578735538, 'amp': 0.818858620028993, 'ls': 3.6663970897077447}","[(0.5, -0.5)]",[]
