impression,user_id,app_version,model_version,mturk_id,status,NUM_INITIAL_RATINGS,NUM_REFINE_RATINGS,TOTAL_TRAINING_RATINGS,NUM_TEST_RATINGS,TIME_INITIAL,TIME_REFINE,TIME_TEST,random_test_predictions_ratings,good_test_predictions_ratings,hypers,redisplay_check,arbitrary_check
0,417fff45-6a85-48da-b9ec-c1a49f4c292c,7.8-gur_approx_sym-binary-mpc-update1-new_cand,symgur1.0,AIO8DX5OGCGN1,Completed,1,40,41,15,6.672609806060791,276.2155613899231,79.71001601219177,"{220423: (-0.19553184865165907, -0.5), 272386: (0.043365279598368354, 0.5), 45155: (0.2771477711981993, 0.5), 179050: (0.07215972849403844, -0.5), 152336: (0.1580743796577906, 0.5), 329495: (0.09561152368219722, -0.5), 59603: (0.6034643767859157, 0.5), 194312: (0.23543043118174503, 0.5), 205728: (0.3637430825262058, 0.5), 63379: (-0.27110633746748325, -0.5)}","{12647: (0.9205282906908442, -0.5), 80372: (0.9095762080620852, 0.5), 217600: (0.9037819392979689, 0.5), 142459: (0.9025018014993146, 0.5), 192575: (0.9020548745590045, 0.5)}","{'noise': 0.40246592913793894, 'amp': 0.8750300720883792, 'ls': 3.627986528453993}","[(0.5, 0.5)]",[]
