impression,user_id,app_version,model_version,mturk_id,status,NUM_INITIAL_RATINGS,NUM_REFINE_RATINGS,TOTAL_TRAINING_RATINGS,NUM_TEST_RATINGS,TIME_INITIAL,TIME_REFINE,TIME_TEST,random_test_predictions_ratings,good_test_predictions_ratings,hypers,redisplay_check,arbitrary_check
0,724a5091-0846-48f5-9eec-45b2e1ebc858,7.8-gur_approx_sym-binary-mpc-update1-new_cand,symgur1.0,A3LN0QNXBM6NRM,Completed,1,40,41,15,16.046385765075684,275.1567265987396,112.09932112693787,"{205392: (-0.23597852664775798, -0.5), 151912: (-0.04993590603618192, 0.5), 79445: (0.010987252435078209, 0.5), 71549: (-0.3185412226108109, -0.5), 10683: (0.12793131450350587, 0.5), 154342: (-0.22027131874698277, -0.5), 98934: (0.37564515866211806, 0.5), 157254: (0.012276324655925276, -0.5), 66537: (-0.3709608085255263, 0.5), 219487: (0.5200705100076508, 0.5)}","{33342: (1.0097235982626627, 0.5), 33956: (1.0053152064532211, 0.5), 207535: (0.9998197989460405, 0.5), 33861: (0.9932002916684428, 0.5), 207440: (0.9851811268954246, 0.5)}","{'noise': 0.30848672065724725, 'amp': 0.8390254955520958, 'ls': 3.270739458157894}","[(0.5, 0.5)]",[]
