impression,user_id,app_version,model_version,mturk_id,status,NUM_INITIAL_RATINGS,NUM_REFINE_RATINGS,TOTAL_TRAINING_RATINGS,NUM_TEST_RATINGS,TIME_INITIAL,TIME_REFINE,TIME_TEST,random_test_predictions_ratings,good_test_predictions_ratings,hypers,redisplay_check,arbitrary_check
0,c6786743-7182-40c5-bd61-e4717dcea7df,7.8-gur_approx_sym-binary-mpc-update1-new_cand,symgur1.0,A3IJ76H1FTEEHH,Completed,1,40,41,15,14.031006574630737,415.2509255409241,52.433077335357666,"{222744: (0.18855034267298923, 0.5), 303725: (0.04920281269537657, -0.5), 80763: (0.20808494658235369, -0.5), 70595: (-0.2974982594819195, -0.5), 142756: (0.3010286058839574, -0.5), 138931: (0.02802087166512389, 0.5), 144288: (0.238425688666918, -0.5), 327640: (-0.13910650390970608, -0.5), 711: (0.19608818466698433, 0.5), 176409: (-0.25952697486983756, 0.5)}","{229974: (0.6430146129876818, 0.5), 270172: (0.6341443421552746, 0.5), 230260: (0.6327099092233578, 0.5), 230020: (0.623521483952675, 0.5), 270458: (0.6215557579679046, 0.5)}","{'noise': 0.43508815351303454, 'amp': 0.7036242356159212, 'ls': 3.4301725400879035}","[(0.5, 0.5)]",[]
