impression,user_id,app_version,model_version,mturk_id,status,NUM_INITIAL_RATINGS,NUM_REFINE_RATINGS,TOTAL_TRAINING_RATINGS,NUM_TEST_RATINGS,TIME_INITIAL,TIME_REFINE,TIME_TEST,random_test_predictions_ratings,good_test_predictions_ratings,hypers,redisplay_check,arbitrary_check
0,df5b926b-b14c-4c13-83fe-3eb24fb33b8e,7.8-gur_approx_sym-binary-mpc-update1-new_cand,symgur1.0,A3F4Z018GSKMWU,Completed,1,40,41,15,6.25555157661438,221.6236171722412,55.41796016693115,"{246029: (0.10455360762571389, 0.5), 87246: (-0.10693330360547985, -0.5), 178975: (-0.3361353934399023, -0.5), 311706: (0.08228553077020756, 0.5), 211189: (0.13017922703658727, 0.5), 318219: (0.0573232841777416, -0.5), 189474: (0.18978065470176994, -0.5), 278189: (0.00597430298639526, -0.5), 86505: (-0.2763848400864916, 0.5), 232038: (-0.09135825256715645, -0.5)}","{10782: (0.6254614585175019, 0.5), 10567: (0.6196397991006858, 0.5), 152476: (0.6166432703817225, 0.5), 165357: (0.6142902889212934, 0.5), 11251: (0.6133316020188271, 0.5)}","{'noise': 0.4346628765397359, 'amp': 0.6131344471719565, 'ls': 3.0697180492713723}","[(0.5, 0.5)]",[]
