impression,user_id,app_version,model_version,mturk_id,status,NUM_INITIAL_RATINGS,NUM_REFINE_RATINGS,TOTAL_TRAINING_RATINGS,NUM_TEST_RATINGS,TIME_INITIAL,TIME_REFINE,TIME_TEST,random_test_predictions_ratings,good_test_predictions_ratings,hypers,redisplay_check,arbitrary_check
0,f1938190-ca2d-43ac-81f7-0ee51852d1ff,7.8-gur_approx_sym-binary-mpc-update1-new_cand,symgur1.0,A2NI22SB1OFE1S,Completed,1,40,41,15,7.677425146102905,541.9925162792206,91.84253549575806,"{300422: (0.09337899708213321, 0.5), 299442: (0.11101563644075971, -0.5), 158117: (-0.13875296805203452, -0.5), 198457: (0.1915518745703894, 0.5), 263852: (0.06258745244546557, 0.5), 157197: (0.08344687032826252, -0.5), 310773: (-0.16083406101652253, -0.5), 226543: (-0.13652438272185444, -0.5), 62191: (0.051634812182746286, 0.5), 221923: (-0.022569916451575335, -0.5)}","{23958: (0.9180810721841143, 0.5), 292518: (0.901611440754972, 0.5), 311634: (0.8774898700843521, 0.5), 292634: (0.8758298167204722, 0.5), 237648: (0.8749036885559154, 0.5)}","{'noise': 0.36160986927431826, 'amp': 0.8150494448240204, 'ls': 3.614189180619213}","[(0.5, 0.5)]",[]
