impression,user_id,app_version,model_version,mturk_id,status,NUM_INITIAL_RATINGS,NUM_REFINE_RATINGS,TOTAL_TRAINING_RATINGS,NUM_TEST_RATINGS,TIME_INITIAL,TIME_REFINE,TIME_TEST,random_test_predictions_ratings,good_test_predictions_ratings,hypers,redisplay_check,arbitrary_check
0,28609ba9-3fde-497e-ad33-f914bff473b6,7.8-gur_approx_sym-binary-mpc-update1-new_cand,symgur1.0,A11SDQ8ZAJ8D24,Completed,1,40,41,15,10.319074153900146,430.73823499679565,127.4594132900238,"{117991: (0.0626280902219033, 0.5), 177541: (-0.98226199649503, 0.5), 223184: (0.3377254472060444, -0.5), 239411: (0.7171513432443729, -0.5), 138597: (-0.19220639493216474, 0.5), 251329: (0.1482998487455976, -0.5), 1175: (-0.32234190619783387, 0.5), 13926: (0.38980233501929157, -0.5), 313683: (0.06996351179504617, 0.5), 187203: (0.3094405251682455, -0.5)}","{234020: (1.271465774303079, -0.5), 24447: (1.2693980808427288, 0.5), 270222: (1.2510918410515213, 0.5), 274320: (1.2296677105353269, 0.5), 33765: (1.2221236389449113, 0.5)}","{'noise': 0.36076647379245214, 'amp': 1.2018759374315309, 'ls': 3.817757135198572}","[(0.5, 0.5)]",[]
