impression,user_id,app_version,model_version,mturk_id,status,NUM_INITIAL_RATINGS,NUM_REFINE_RATINGS,TOTAL_TRAINING_RATINGS,NUM_TEST_RATINGS,TIME_INITIAL,TIME_REFINE,TIME_TEST,random_test_predictions_ratings,good_test_predictions_ratings,hypers,redisplay_check,arbitrary_check
0,19846ce8-d1ac-494e-9f52-b7d2a8a1f4af,7.8-gur_approx_sym-binary-mpc-update1-new_cand,symgur1.0,AA1IM0SAQ3XFM,Completed,1,40,41,15,6.413239479064941,219.70435333251953,64.49431800842285,"{132095: (0.13064782314377174, 0.5), 45170: (-0.24586451730971348, -0.5), 80418: (-0.573224846703431, -0.5), 266247: (0.044124562844809354, 0.5), 275927: (0.2563532728790907, 0.5), 7485: (0.14381698682084398, 0.5), 303211: (-0.4735312560066424, -0.5), 262414: (0.2785686031520081, -0.5), 139227: (-0.20533434142773024, -0.5), 329940: (0.034628510368218644, -0.5)}","{81194: (0.8113170218586261, 0.5), 80831: (0.8038334237276777, 0.5), 81216: (0.7965167610276639, 0.5), 80919: (0.7930640335997579, 0.5), 81131: (0.7865912261209698, 0.5)}","{'noise': 0.3995713434317321, 'amp': 0.6590605773247747, 'ls': 3.1487811779384156}","[(-0.5, -0.5)]",[]
