impression,user_id,app_version,model_version,mturk_id,status,NUM_INITIAL_RATINGS,NUM_REFINE_RATINGS,TOTAL_TRAINING_RATINGS,NUM_TEST_RATINGS,TIME_INITIAL,TIME_REFINE,TIME_TEST,random_test_predictions_ratings,good_test_predictions_ratings,hypers,redisplay_check,arbitrary_check
0,548d4b44-548f-4026-8a4f-ce3f586ec626,7.8-gur_approx_sym-binary-mpc-update1-new_cand,symgur1.0,AVJ7MQZ6AQF5M,Completed,1,40,41,15,31.145497798919678,256.42469692230225,45.78287744522095,"{173169: (0.5576063206549953, 0.5), 145697: (-0.1363445721286117, 0.5), 39772: (-0.03637414250555117, 0.5), 1020: (-0.18997497446107417, -0.5), 298459: (-0.5524543960938765, -0.5), 245195: (-0.07565990932194587, -0.5), 228346: (-0.7061435089760557, -0.5), 227649: (-0.04042795522599289, 0.5), 177088: (0.23004305479768855, 0.5), 176627: (-0.361628739936901, -0.5)}","{108241: (1.1663691185415226, 0.5), 108488: (1.1470134332314312, 0.5), 108326: (1.1291697654099735, 0.5), 108776: (1.1269668529026133, 0.5), 108610: (1.1228374243783372, 0.5)}","{'noise': 0.3973939698666401, 'amp': 1.0453815945128033, 'ls': 3.6681681744032444}","[(0.5, 0.5)]",[]
