impression,user_id,app_version,model_version,mturk_id,status,NUM_INITIAL_RATINGS,NUM_REFINE_RATINGS,TOTAL_TRAINING_RATINGS,NUM_TEST_RATINGS,TIME_INITIAL,TIME_REFINE,TIME_TEST,random_test_predictions_ratings,good_test_predictions_ratings,hypers,redisplay_check,arbitrary_check
0,1dce47b9-af63-4f7b-8cf6-fccd0c3d66e6,7.8-gur_approx_sym-binary-mpc-update1-new_cand,symgur1.0,AMBZATQDG38V0,Completed,1,40,41,15,7.4487175941467285,452.41465640068054,88.1964020729065,"{50022: (0.1436808373122046, 0.5), 241614: (-0.041745258927214535, 0.5), 36555: (-0.21378919096812352, 0.5), 315166: (0.17184465842511953, 0.5), 30800: (0.33551186360998875, -0.5), 46451: (-0.5569339760207924, -0.5), 113474: (0.2312163896227328, 0.5), 39816: (-0.2508976349122768, -0.5), 149628: (-0.3065238058018773, -0.5), 59571: (0.13431834533955553, -0.5)}","{233183: (0.9248544524335983, 0.5), 12321: (0.890277258641623, -0.5), 12641: (0.8874425000379169, 0.5), 82868: (0.8789081927173413, 0.5), 91238: (0.8733742261000558, -0.5)}","{'noise': 0.40870489291138434, 'amp': 0.7644273796037505, 'ls': 3.169357567721593}","[(-0.5, -0.5)]",[]
