impression,user_id,app_version,model_version,mturk_id,status,NUM_INITIAL_RATINGS,NUM_REFINE_RATINGS,TOTAL_TRAINING_RATINGS,NUM_TEST_RATINGS,TIME_INITIAL,TIME_REFINE,TIME_TEST,random_test_predictions_ratings,good_test_predictions_ratings,hypers,redisplay_check,arbitrary_check
0,b86a93ed-d2da-4ecb-a87a-4abc67b064e9,7.8-gur_approx_sym-binary-mpc-update1-new_cand,symgur1.0,A10HW8JXM17XLD,Completed,1,40,41,15,8.671237707138062,292.96292781829834,69.28643608093262,"{98987: (-0.012985343282728816, -0.5), 314467: (-0.30068921588794484, -0.5), 32387: (0.39686300632574784, 0.5), 282642: (0.47452703824030035, 0.5), 167827: (-0.0655422372107726, -0.5), 42800: (0.5153164899157783, 0.5), 266349: (0.0184809864551077, 0.5), 126301: (0.23970149877778432, -0.5), 261788: (-0.1226736307215231, -0.5), 242567: (0.0047426112171972115, 0.5)}","{24344: (1.2743607490183866, 0.5), 24385: (1.2724176464209231, 0.5), 24078: (1.2431779442117596, 0.5), 24662: (1.2361405832413501, 0.5), 24652: (1.2341082561733439, 0.5)}","{'noise': 0.33587264547410195, 'amp': 0.9703766212263272, 'ls': 3.4217481224893436}","[(-0.5, -0.5)]",[]
