impression,user_id,app_version,model_version,mturk_id,status,NUM_INITIAL_RATINGS,NUM_REFINE_RATINGS,TOTAL_TRAINING_RATINGS,NUM_TEST_RATINGS,TIME_INITIAL,TIME_REFINE,TIME_TEST,random_test_predictions_ratings,good_test_predictions_ratings,hypers,redisplay_check,arbitrary_check
0,5a259f43-efe2-4338-92df-40074d7e0665,7.8-gur_approx_sym-binary-mpc-update1-new_cand,symgur1.0,A3ENQKD0V9VHBF,Completed,1,40,41,15,4.475410223007202,163.27709484100342,48.07077670097351,"{306891: (0.17802647640887845, 0.5), 270085: (0.22175470656971152, 0.5), 186082: (-0.27920206749557874, -0.5), 137628: (0.6217079091123915, 0.5), 61175: (-0.041946661973024726, 0.5), 160806: (-0.19292183957075595, 0.5), 8564: (-0.07940692001079566, -0.5), 67333: (0.1490806622490448, 0.5), 228988: (-0.11107049500470094, 0.5), 73052: (-0.13764701425050085, 0.5)}","{125885: (0.8949212985581829, 0.5), 126264: (0.8714702716697503, 0.5), 64280: (0.8699342684351873, 0.5), 186449: (0.86181683294796, 0.5), 237216: (0.85717074651034, 0.5)}","{'noise': 0.293155207884256, 'amp': 0.7857110096326678, 'ls': 3.7324060089088698}","[(0.5, 0.5)]",[]
