impression,user_id,app_version,model_version,mturk_id,status,NUM_INITIAL_RATINGS,NUM_REFINE_RATINGS,TOTAL_TRAINING_RATINGS,NUM_TEST_RATINGS,TIME_INITIAL,TIME_REFINE,TIME_TEST,random_test_predictions_ratings,good_test_predictions_ratings,hypers,redisplay_check,arbitrary_check
0,0bc145e5-0bf3-4ec6-9d5c-929240da7183,7.8-gur_approx_sym-binary-mpc-update1-new_cand,symgur1.0,AMFRU7V598WU4,Completed,1,40,41,15,10.16810393333435,468.4103374481201,98.59573078155518,"{311781: (0.35498160943983026, 0.5), 136044: (-0.031077780042092554, 0.5), 125222: (-0.14482050103336203, 0.5), 14650: (0.1533285414543142, -0.5), 67875: (-0.48924925377719464, -0.5), 292875: (0.13624947695077108, -0.5), 122526: (-0.20451962290362757, -0.5), 242010: (0.5804060433424816, 0.5), 282230: (0.7386903367870586, 0.5), 225425: (0.10289499401242984, -0.5)}","{64316: (1.037089431682746, 0.5), 64184: (1.0198857995887871, 0.5), 64376: (0.9884515658208501, 0.5), 64453: (0.977529040417631, 0.5), 64232: (0.969250297305289, 0.5)}","{'noise': 0.2947311393185741, 'amp': 0.9336141875506683, 'ls': 4.113404310532675}","[(0.5, 0.5)]",[]
