impression,user_id,app_version,model_version,mturk_id,status,NUM_INITIAL_RATINGS,NUM_REFINE_RATINGS,TOTAL_TRAINING_RATINGS,NUM_TEST_RATINGS,TIME_INITIAL,TIME_REFINE,TIME_TEST,random_test_predictions_ratings,good_test_predictions_ratings,hypers,redisplay_check,arbitrary_check
0,f3facd89-b7a4-493f-87ea-5ae2f999b79c,7.8-gur_approx_sym-binary-mpc-update1-new_cand,symgur1.0,A4EJNWLWAUTDU,Completed,1,40,41,15,4.619534492492676,366.8826494216919,155.99235844612122,"{80640: (0.17340946875388147, 0.5), 50690: (-0.06363186895759329, 0.5), 63482: (-0.018433325420878666, 0.5), 25533: (0.14364570640457297, 0.5), 92009: (0.5418365794184796, 0.5), 212619: (-0.2948646220416998, -0.5), 28978: (0.09871011815173014, 0.5), 228345: (0.019209894574848084, 0.5), 295366: (-0.06943521321718629, -0.5), 316930: (-0.13561835208763928, -0.5)}","{183854: (1.0032762815184508, 0.5), 187085: (0.977875235478424, -0.5), 183741: (0.9731547456269877, 0.5), 183840: (0.9700553666667645, 0.5), 184154: (0.9595909972021197, 0.5)}","{'noise': 0.3895808015798377, 'amp': 0.8449051497732605, 'ls': 3.3674421811539967}","[(0.5, 0.5)]",[]
