impression,user_id,app_version,model_version,mturk_id,status,NUM_INITIAL_RATINGS,NUM_REFINE_RATINGS,TOTAL_TRAINING_RATINGS,NUM_TEST_RATINGS,TIME_INITIAL,TIME_REFINE,TIME_TEST,random_test_predictions_ratings,good_test_predictions_ratings,hypers,redisplay_check,arbitrary_check
0,69d2547b-9124-48eb-b3ec-febc16c857b5,7.8-gur_approx_sym-binary-mpc-update1-new_cand,symgur1.0,A3ADQ2RLQNJQDU,Completed,1,40,41,15,10.21096420288086,256.3008642196655,79.41865420341492,"{262041: (-0.355285498017025, -0.5), 266980: (-0.27289512502508817, -0.5), 151160: (0.17766514341662595, 0.5), 189622: (-0.19279315384978815, -0.5), 198557: (0.3149082943928938, 0.5), 23960: (-0.024102148677827537, 0.5), 322405: (0.06602237847483682, -0.5), 129292: (0.11814009202308348, 0.5), 178155: (0.21956461868219002, -0.5), 49338: (-0.4527619769649668, -0.5)}","{121185: (1.101131265659119, 0.5), 120905: (1.098583493472528, 0.5), 124410: (1.0950475411407299, 0.5), 120996: (1.0920268615153348, 0.5), 124130: (1.0862173404430964, 0.5)}","{'noise': 0.36013744990360924, 'amp': 0.9227056827561246, 'ls': 3.7463284192522006}","[(-0.5, -0.5)]",[]
