impression,user_id,app_version,model_version,mturk_id,status,NUM_INITIAL_RATINGS,NUM_REFINE_RATINGS,TOTAL_TRAINING_RATINGS,NUM_TEST_RATINGS,TIME_INITIAL,TIME_REFINE,TIME_TEST,random_test_predictions_ratings,good_test_predictions_ratings,hypers,redisplay_check,arbitrary_check
0,aab7f4ac-aa52-4a68-9a69-5272e538b0a9,7.8-gur_approx_sym-binary-mpc-update1-new_cand,symgur1.0,A1URG4XSUU07AK,Completed,1,40,41,15,5.255340099334717,323.7213888168335,67.58412623405457,"{312812: (0.055390882388059545, 0.5), 10555: (0.3821424268422452, 0.5), 180989: (-0.32148832879019384, -0.5), 313830: (0.3449572104789816, 0.5), 239575: (-0.22948572138339635, -0.5), 62964: (0.3206997326978741, 0.5), 46995: (0.22899252368114384, 0.5), 75697: (0.1290259911942305, 0.5), 169483: (0.11362572188013524, -0.5), 73857: (-0.29765357737628834, -0.5)}","{295939: (0.8134830933479871, 0.5), 267820: (0.8033758148600767, 0.5), 175252: (0.7900821380612955, 0.5), 267775: (0.7847592825439408, 0.5), 174966: (0.7838329902702248, 0.5)}","{'noise': 0.39489412315476435, 'amp': 0.7773196857386325, 'ls': 3.481435213551155}","[(0.5, 0.5)]",[]
