impression,user_id,app_version,model_version,mturk_id,status,NUM_INITIAL_RATINGS,NUM_REFINE_RATINGS,TOTAL_TRAINING_RATINGS,NUM_TEST_RATINGS,TIME_INITIAL,TIME_REFINE,TIME_TEST,random_test_predictions_ratings,good_test_predictions_ratings,hypers,redisplay_check,arbitrary_check
0,b4fb3b67-4b0b-4fd7-904d-bc0d30384811,7.8-gur_approx_sym-binary-mpc-update1-new_cand,symgur1.0,A35YK27LJTN58X,Completed,1,40,41,15,22.037814617156982,405.1198830604553,100.34509229660034,"{121361: (-0.39455754748704414, -0.5), 264794: (0.32595179856934225, -0.5), 264157: (0.3493478329191816, 0.5), 121587: (-0.10634321623751998, 0.5), 34394: (-0.21557471683436513, -0.5), 133032: (0.04797958322885595, 0.5), 134002: (-0.4888919351341324, -0.5), 189905: (-0.18580031224604548, 0.5), 319006: (0.6527374691721372, 0.5), 289763: (-0.1718687049253969, -0.5)}","{61354: (1.307412646168251, 0.5), 61452: (1.2910806934658015, 0.5), 61325: (1.2890557252539714, 0.5), 61709: (1.2888680966891393, 0.5), 61733: (1.2595644683337412, 0.5)}","{'noise': 0.3587008631999127, 'amp': 1.1094543525002645, 'ls': 3.951335443767488}","[(0.5, 0.5)]",[]
