impression,user_id,app_version,model_version,mturk_id,status,NUM_INITIAL_RATINGS,NUM_REFINE_RATINGS,TOTAL_TRAINING_RATINGS,NUM_TEST_RATINGS,TIME_INITIAL,TIME_REFINE,TIME_TEST,random_test_predictions_ratings,good_test_predictions_ratings,hypers,redisplay_check,arbitrary_check
0,5c4029f0-1a49-4ca0-954d-1c81ac359ebd,7.8-gur_approx_sym-binary-mpc-update1-new_cand,symgur1.0,AV22FQTJNBUZT,Completed,1,40,41,15,4.010435342788696,256.758348941803,32.40303635597229,"{101962: (-0.07025091331341367, -0.5), 33405: (-0.4365944607810442, -0.5), 5040: (0.34859550760761554, 0.5), 50829: (-0.01539540263287872, -0.5), 113125: (0.057069165561540125, -0.5), 238775: (0.31766777511648747, 0.5), 176688: (0.46539332136563, -0.5), 265596: (0.3846492625722667, 0.5), 319057: (0.3675953595633941, -0.5), 205742: (-0.32742684227579716, -0.5)}","{267963: (0.9525725550991327, 0.5), 267769: (0.922667451186108, 0.5), 267879: (0.9194110411854803, 0.5), 267767: (0.8977248047901963, 0.5), 267775: (0.8926048722420149, 0.5)}","{'noise': 0.3159363914197449, 'amp': 0.9106620015589779, 'ls': 4.082097987184147}","[(-0.5, -0.5)]",[]
