impression,user_id,app_version,model_version,mturk_id,status,NUM_INITIAL_RATINGS,NUM_REFINE_RATINGS,TOTAL_TRAINING_RATINGS,NUM_TEST_RATINGS,TIME_INITIAL,TIME_REFINE,TIME_TEST,random_test_predictions_ratings,good_test_predictions_ratings,hypers,redisplay_check,arbitrary_check
0,b305d008-8fa9-4bab-8028-5f8f8b9c3669,7.8-gur_approx_sym-binary-mpc-update1-new_cand,symgur1.0,A221J0YB28SBLI,Completed,1,40,41,15,9.343911409378052,359.0509731769562,135.2401762008667,"{160242: (-0.12327880454838637, -0.5), 242576: (-0.15358753464887562, 0.5), 275463: (0.12082587588709842, -0.5), 327257: (0.3232057830786225, 0.5), 323816: (-0.3291347021636274, -0.5), 308668: (0.3749673837391644, 0.5), 153030: (-0.14717665746014177, 0.5), 7308: (0.1119938268975546, -0.5), 8567: (-0.04490010088941783, -0.5), 53867: (0.05154431917216435, 0.5)}","{250966: (0.819915435423056, 0.5), 251071: (0.8151350683999278, 0.5), 250724: (0.8124425451386419, 0.5), 250896: (0.8032988244514191, 0.5), 250863: (0.7985858472076857, 0.5)}","{'noise': 0.3547811968855277, 'amp': 0.7009363882894746, 'ls': 3.0839134238039065}","[(0.5, 0.5)]",[]
