impression,user_id,app_version,model_version,mturk_id,status,NUM_INITIAL_RATINGS,NUM_REFINE_RATINGS,TOTAL_TRAINING_RATINGS,NUM_TEST_RATINGS,TIME_INITIAL,TIME_REFINE,TIME_TEST,random_test_predictions_ratings,good_test_predictions_ratings,hypers,redisplay_check,arbitrary_check
0,6a91783c-1d1f-45eb-81a8-cf1f76a7d10c,7.8-gur_approx_sym-binary-mpc-update1-new_cand,symgur1.0,A1XCE4QWZ9ZCC2,Completed,1,40,41,15,25.979426383972168,415.29123616218567,120.50359106063843,"{199435: (0.2636905202224665, -0.5), 141950: (-0.04804841164921284, -0.5), 251142: (0.0527533660380954, -0.5), 243880: (0.4481093726384859, -0.5), 330586: (0.46557727768374957, 0.5), 187476: (-0.03142612153267968, 0.5), 117110: (0.20112961714708627, 0.5), 87215: (-0.33414385950124836, 0.5), 93079: (-0.33042731761869526, -0.5), 199295: (0.12198643584543051, 0.5)}","{207488: (0.956976423361453, 0.5), 175520: (0.9532332042276411, -0.5), 175898: (0.9508652031648388, 0.5), 175987: (0.9313938995595111, 0.5), 207577: (0.9219066608317437, 0.5)}","{'noise': 0.3522975857504807, 'amp': 0.8355983343490632, 'ls': 3.3199419524332225}","[(-0.5, -0.5)]",[]
