impression,user_id,app_version,model_version,mturk_id,status,NUM_INITIAL_RATINGS,NUM_REFINE_RATINGS,TOTAL_TRAINING_RATINGS,NUM_TEST_RATINGS,TIME_INITIAL,TIME_REFINE,TIME_TEST,random_test_predictions_ratings,good_test_predictions_ratings,hypers,redisplay_check,arbitrary_check
0,6e4fd35d-a17b-42d8-af96-3627c3720219,7.8-gur_approx_sym-binary-mpc-update1-new_cand,symgur1.0,A3DW6KSQPG6GVQ,Completed,1,40,41,15,5.0934977531433105,299.97349190711975,82.50731992721558,"{316772: (-0.00554690243265258, 0.5), 64151: (0.31080719176037075, 0.5), 20403: (0.00645290400313331, -0.5), 328121: (-0.22671861257463768, -0.5), 138580: (0.03342867505778685, -0.5), 133895: (-0.05432282628772371, 0.5), 271788: (0.08375012032967172, -0.5), 326081: (-0.28424758617810836, -0.5), 303534: (-0.33606795475071133, -0.5), 225687: (-0.3585389727805771, -0.5)}","{231864: (0.8319405279334299, 0.5), 20915: (0.8281161558536618, 0.5), 286698: (0.823686562447483, 0.5), 231874: (0.8223906527957454, 0.5), 286708: (0.8149969705030526, 0.5)}","{'noise': 0.39303971562242507, 'amp': 0.738559621282711, 'ls': 3.3220113159896436}","[(0.5, 0.5)]",[]
