impression,user_id,app_version,model_version,mturk_id,status,NUM_INITIAL_RATINGS,NUM_REFINE_RATINGS,TOTAL_TRAINING_RATINGS,NUM_TEST_RATINGS,TIME_INITIAL,TIME_REFINE,TIME_TEST,random_test_predictions_ratings,good_test_predictions_ratings,hypers,redisplay_check,arbitrary_check
0,1776e6ae-c559-414d-9f09-2389050bae33,7.8-gur_approx_sym-binary-mpc-update1-new_cand,symgur1.0,A2HUAHAD7YHPZV,Completed,1,40,41,15,12.539387702941895,248.08273911476135,69.86979389190674,"{13773: (0.013985276598343602, -0.5), 179480: (0.07091260658004706, 0.5), 201682: (-0.2796245011442891, 0.5), 112422: (0.0789690392694366, 0.5), 275834: (0.08942640118125166, 0.5), 1145: (-0.17564428683327957, 0.5), 167594: (0.008412734241922135, -0.5), 185608: (-0.5349138938725584, -0.5), 271356: (0.18742668625725487, 0.5), 63278: (0.253146452947804, 0.5)}","{30946: (0.7587031233997176, 0.5), 180993: (0.7579385228036143, 0.5), 30926: (0.7520515737636378, 0.5), 160051: (0.7516398868420688, 0.5), 180973: (0.7509620309208946, 0.5)}","{'noise': 0.4106618677599434, 'amp': 0.7504135208131663, 'ls': 3.615818608078959}","[(0.5, 0.5)]",[]
