impression,user_id,app_version,model_version,mturk_id,status,NUM_INITIAL_RATINGS,NUM_REFINE_RATINGS,TOTAL_TRAINING_RATINGS,NUM_TEST_RATINGS,TIME_INITIAL,TIME_REFINE,TIME_TEST,random_test_predictions_ratings,good_test_predictions_ratings,hypers,redisplay_check,arbitrary_check
0,5137e711-8b98-482c-9c50-5270eb5436ab,7.8-gur_approx_sym-binary-mpc-update1-new_cand,symgur1.0,A20IT22YVUTM2V,Completed,1,40,41,15,6.061864376068115,396.2746946811676,94.7069799900055,"{22592: (-0.1542334260970512, 0.5), 167708: (-0.03725940289170729, -0.5), 7926: (-0.010965433891791176, 0.5), 306614: (0.24969928488107476, -0.5), 278895: (-0.13308263295381764, -0.5), 130945: (-0.02941885811975067, 0.5), 204629: (0.35218407624729386, 0.5), 85911: (0.03348663565041077, -0.5), 250314: (0.2523029797531112, 0.5), 250508: (0.07712297218401729, -0.5)}","{330712: (0.6969191284683057, -0.5), 77179: (0.6925526969689952, 0.5), 77671: (0.6830373278335001, 0.5), 100792: (0.6801851360749035, 0.5), 270756: (0.6771503955485321, 0.5)}","{'noise': 0.3825613203373454, 'amp': 0.689767021936315, 'ls': 3.412304888584375}","[(0.5, -0.5)]",[]
