impression,user_id,app_version,model_version,mturk_id,status,NUM_INITIAL_RATINGS,NUM_REFINE_RATINGS,TOTAL_TRAINING_RATINGS,NUM_TEST_RATINGS,TIME_INITIAL,TIME_REFINE,TIME_TEST,random_test_predictions_ratings,good_test_predictions_ratings,hypers,redisplay_check,arbitrary_check
0,2137cdc9-1a62-41dc-9249-9e47987968d9,7.8-gur_approx_sym-binary-mpc-update1-new_cand,symgur1.0,A2X4TZTILMIYVI,Completed,1,40,41,15,2.563734292984009,169.7630488872528,39.781651973724365,"{50751: (-0.27966683808099074, -0.5), 262836: (0.007844631726160798, 0.5), 245470: (0.5039834614952847, -0.5), 191930: (0.024761688795084447, 0.5), 96777: (-0.42061574910957655, -0.5), 28457: (0.4057025536183121, 0.5), 294730: (-0.5040552225635572, -0.5), 98320: (-0.027783929268480292, 0.5), 52603: (-0.21044302802777876, 0.5), 18775: (-0.7330221596143316, -0.5)}","{204064: (1.1225020273164907, 0.5), 270442: (1.1025562052286866, 0.5), 270412: (1.052766561762128, 0.5), 204034: (1.052253542519284, 0.5), 64735: (1.0511437903428928, 0.5)}","{'noise': 0.23027076515980563, 'amp': 0.8551093239755916, 'ls': 3.478366210480144}","[(0.5, 0.5)]",[]
