impression,user_id,app_version,model_version,mturk_id,status,NUM_INITIAL_RATINGS,NUM_REFINE_RATINGS,TOTAL_TRAINING_RATINGS,NUM_TEST_RATINGS,TIME_INITIAL,TIME_REFINE,TIME_TEST,random_test_predictions_ratings,good_test_predictions_ratings,hypers,redisplay_check,arbitrary_check
0,1de409a2-12ab-44b1-b626-bcf122bf8797,7.8-gur_approx_sym-binary-mpc-update1-new_cand,symgur1.0,AQBH1ETGQMB3D,Completed,1,40,41,15,3.970564365386963,208.32595324516296,43.69167637825012,"{27506: (-0.03855844103577417, -0.5), 126904: (-0.082025249472755, -0.5), 167458: (-0.1782006072341154, -0.5), 177871: (0.20219696204878512, -0.5), 168001: (-0.04727570029308577, -0.5), 72494: (-0.06945703395042999, -0.5), 313114: (-0.45210039622420206, -0.5), 160700: (-0.4216040565369464, -0.5), 18131: (-0.3734574565018597, 0.5), 232437: (-0.19568733943096453, 0.5)}","{274519: (0.8250490122800866, 0.5), 171469: (0.7983550516401471, 0.5), 207543: (0.7956162307793936, 0.5), 314146: (0.7906176922761339, 0.5), 274416: (0.790518204785468, 0.5)}","{'noise': 0.35831161140025497, 'amp': 0.7057853824761771, 'ls': 3.330101804751771}","[(-0.5, -0.5)]",[]
