impression,user_id,app_version,model_version,mturk_id,status,NUM_INITIAL_RATINGS,NUM_REFINE_RATINGS,TOTAL_TRAINING_RATINGS,NUM_TEST_RATINGS,TIME_INITIAL,TIME_REFINE,TIME_TEST,random_test_predictions_ratings,good_test_predictions_ratings,hypers,redisplay_check,arbitrary_check
0,557db939-704b-4128-b983-db31ff7942d7,7.8-gur_approx_sym-binary-mpc-update1-new_cand,symgur1.0,A5BMKZRGHNSRT,Completed,1,40,41,15,5.25702977180481,256.3432855606079,47.34433674812317,"{40977: (0.21819381144621391, -0.5), 232322: (-0.516404416897055, -0.5), 181225: (0.027477389307943714, -0.5), 141186: (0.3345237151689185, 0.5), 65382: (-0.6250037001054775, -0.5), 55265: (0.5588944282223067, 0.5), 15803: (0.08626872911156609, 0.5), 162789: (-0.15177792806611753, 0.5), 315871: (0.003791840213381595, 0.5), 269772: (-0.12504130559257998, -0.5)}","{90448: (0.872311885794313, 0.5), 80655: (0.8609029696608894, 0.5), 312062: (0.8585106951152178, 0.5), 312066: (0.8455397900663952, 0.5), 281017: (0.8401304035303676, 0.5)}","{'noise': 0.1843572113640965, 'amp': 0.8989541694239097, 'ls': 4.419497227543224}","[(0.5, 0.5)]",[]
