impression,user_id,app_version,model_version,mturk_id,status,NUM_INITIAL_RATINGS,NUM_REFINE_RATINGS,TOTAL_TRAINING_RATINGS,NUM_TEST_RATINGS,TIME_INITIAL,TIME_REFINE,TIME_TEST,random_test_predictions_ratings,good_test_predictions_ratings,hypers,redisplay_check,arbitrary_check
0,14c00354-6c04-49a5-96fa-5eccd8afe587,7.8-gur_approx_sym-binary-mpc-update1-new_cand,symgur1.0,A3AZJGI9D7C0PD,Completed,1,40,41,15,4.522393703460693,262.60635447502136,160.35124254226685,"{314301: (0.06835952863534867, 0.5), 186025: (-0.06983132169461786, 0.5), 100892: (-0.05262877935351, 0.5), 329995: (0.25381495652444325, 0.5), 22609: (0.43601922082486455, 0.5), 96398: (0.6965081685256785, 0.5), 193265: (-0.2857217622584456, -0.5), 236789: (-0.029364666321544657, -0.5), 57831: (0.009555180151191969, -0.5), 284706: (-0.336125763942402, -0.5)}","{64103: (1.1962079929283862, 0.5), 314232: (1.180279173074553, 0.5), 64800: (1.1671352450455033, 0.5), 235619: (1.1371915591526272, 0.5), 64731: (1.1362154427379867, 0.5)}","{'noise': 0.31179253043446303, 'amp': 1.042796006341935, 'ls': 4.152684577342756}","[(-0.5, -0.5)]",[]
