impression,user_id,app_version,model_version,mturk_id,status,NUM_INITIAL_RATINGS,NUM_REFINE_RATINGS,TOTAL_TRAINING_RATINGS,NUM_TEST_RATINGS,TIME_INITIAL,TIME_REFINE,TIME_TEST,random_test_predictions_ratings,good_test_predictions_ratings,hypers,redisplay_check,arbitrary_check
0,47dc910a-9193-4368-8eb7-190c45e77f5e,7.8-gur_approx_sym-binary-mpc-update1-new_cand,symgur1.0,A1WS884SI0SLO4,Completed,1,40,41,15,7.818512916564941,303.65272188186646,107.98333144187927,"{152282: (0.3820448978643497, 0.5), 251047: (-0.18195500225580585, 0.5), 55205: (0.025454656415618622, 0.5), 143751: (-0.11437381219582105, -0.5), 161249: (0.16200174354522415, 0.5), 192512: (-0.3516971992687751, -0.5), 7487: (0.24528154564832844, -0.5), 156825: (-0.28094793282267155, -0.5), 192769: (-0.5535723909792098, -0.5), 161622: (0.10002751833895242, 0.5)}","{317115: (0.8210425706067994, 0.5), 62155: (0.8154834448602873, 0.5), 274360: (0.8123836830461909, 0.5), 295395: (0.8118130079273, 0.5), 62362: (0.8098985952879743, 0.5)}","{'noise': 0.4112536615477182, 'amp': 0.8225805418701265, 'ls': 3.6245856488484716}","[(-0.5, -0.5)]",[]
