impression,user_id,app_version,model_version,mturk_id,status,NUM_INITIAL_RATINGS,NUM_REFINE_RATINGS,TOTAL_TRAINING_RATINGS,NUM_TEST_RATINGS,TIME_INITIAL,TIME_REFINE,TIME_TEST,random_test_predictions_ratings,good_test_predictions_ratings,hypers,redisplay_check,arbitrary_check
0,27b2fc3d-5c17-48fa-93ee-c65f02790927,7.8-gur_approx_sym-binary-mpc-update1-new_cand,symgur1.0,A3CBGP3BFGKT7T,Completed,1,40,41,15,54.37111043930054,540.8066427707672,91.30815839767456,"{96434: (0.4149602723241613, 0.5), 192120: (0.2198786507919307, 0.5), 255412: (-0.9098254975942867, -0.5), 182669: (0.015288763989062419, 0.5), 53650: (0.7100173979624648, 0.5), 34821: (0.6079538981740538, 0.5), 278868: (-0.42221535052344494, -0.5), 242321: (0.26927895768817506, -0.5), 306644: (0.5150074437295996, 0.5), 253821: (-0.7801390186462471, -0.5)}","{290372: (1.1352594195957377, 0.5), 190841: (1.110068316658529, -0.5), 2042: (1.1100304566034238, 0.5), 292892: (1.0838541161835604, 0.5), 69494: (1.081929679673352, 0.5)}","{'noise': 0.38075071564254004, 'amp': 1.0535554221906427, 'ls': 3.856066902775926}","[(0.5, -0.5)]",[]
