impression,user_id,app_version,model_version,mturk_id,status,NUM_INITIAL_RATINGS,NUM_REFINE_RATINGS,TOTAL_TRAINING_RATINGS,NUM_TEST_RATINGS,TIME_INITIAL,TIME_REFINE,TIME_TEST,random_test_predictions_ratings,good_test_predictions_ratings,hypers,redisplay_check,arbitrary_check
0,b3e25953-0f41-42d4-a96b-caeb3febbb0d,6.9-mpc_fixed_gur_sym,symgur1.0,A21QUJTIIAOX2W,Completed,1,40,41,15,5.7837746143341064,262.56006956100464,77.35885238647461,"{15356: (-0.06741021006729878, -0.5), 330033: (-0.517656390435493, -1.0), 37309: (-0.361499393024147, 0.0), 48405: (0.024882554358451416, 0.0), 297909: (0.16985135505420823, -1.0), 326007: (-0.1602468572003354, -1.0), 226367: (0.9309516159094753, 0.5), 40219: (-0.563905976558486, 0.5), 126995: (-0.27358132459046064, -1.0), 292847: (0.10749384725061435, 1.0)}","{310895: (1.8428231786463913, 0.5), 310879: (1.8278597801796743, 0.5), 88658: (1.8092715300035516, 1.0), 155582: (1.8004554773124954, 0.5), 175672: (1.7980927622811307, 0.5)}","{'noise': 0.5604392034069693, 'amp': 1.6362687025224534, 'ls': 3.5957686983736905}","[(0.5, 0.5)]",[]
