impression,user_id,app_version,model_version,mturk_id,status,NUM_INITIAL_RATINGS,NUM_REFINE_RATINGS,TOTAL_TRAINING_RATINGS,NUM_TEST_RATINGS,TIME_INITIAL,TIME_REFINE,TIME_TEST,random_test_predictions_ratings,good_test_predictions_ratings,hypers,redisplay_check,arbitrary_check
0,51b0b131-803f-43ae-b643-08f0efd67d61,6.9-mpc_fixed_gur_sym,symgur1.0,A3FNC8ELMK8YJA,Completed,1,40,41,15,8.058864831924438,234.47532749176025,55.27130365371704,"{126812: (0.22503901326134632, 0.5), 285074: (-0.1435698530398993, -1.0), 235827: (0.6736082214288968, 0.0), 119598: (0.43604883472170175, 1.0), 89392: (0.21017888238002339, -0.5), 60619: (-1.0814703656872164, -0.5), 216965: (0.03217124514465, -0.5), 192112: (-0.5749644802794712, 0.0), 78490: (-0.27395401512816697, -0.5), 56144: (-0.05155116461663162, 0.0)}","{198830: (1.5680233734364, 1.0), 184060: (1.4954817044772057, 0.5), 198579: (1.4826745490866575, 0.5), 198680: (1.4816273173175478, 0.5), 284615: (1.4696255242678034, 0.5)}","{'noise': 0.38535618859795695, 'amp': 1.264321513921172, 'ls': 3.8043727749314673}","[(0.0, -0.5)]",[]
