impression,user_id,app_version,model_version,mturk_id,status,NUM_INITIAL_RATINGS,NUM_REFINE_RATINGS,TOTAL_TRAINING_RATINGS,NUM_TEST_RATINGS,TIME_INITIAL,TIME_REFINE,TIME_TEST,random_test_predictions_ratings,good_test_predictions_ratings,hypers,redisplay_check,arbitrary_check
0,848f004f-7b34-4fe6-bbc3-739a076c2b1d,6.9-mpc_fixed_gur_sym,symgur1.0,A3IJ76H1FTEEHH,Completed,1,40,41,15,4.004810094833374,455.9478666782379,66.48606157302856,"{268030: (-0.5626156277295057, 0.5), 302908: (0.023789691316321495, -0.5), 65468: (0.42392915376272294, 0.0), 97512: (0.28187411036464183, -1.0), 173350: (-0.1848121092824592, 0.5), 171661: (-0.44454771295635875, 0.0), 115266: (0.7532226389088212, 1.0), 105564: (-0.015000701903248287, 0.5), 140968: (-0.6145768549937778, -1.0), 185856: (0.14500149324844247, -0.5)}","{21493: (1.3486564791535445, 1.0), 21005: (1.3156776987880763, 1.0), 135159: (1.300710298827397, 0.5), 115288: (1.2889128593125765, 1.0), 56614: (1.288893334635007, 0.5)}","{'noise': 0.496604775681468, 'amp': 1.0077127044654228, 'ls': 3.2495411202575353}","[(0.5, 0.5)]",[]
