impression,user_id,app_version,model_version,mturk_id,status,NUM_INITIAL_RATINGS,NUM_REFINE_RATINGS,TOTAL_TRAINING_RATINGS,NUM_TEST_RATINGS,TIME_INITIAL,TIME_REFINE,TIME_TEST,random_test_predictions_ratings,good_test_predictions_ratings,hypers,redisplay_check,arbitrary_check
0,f4e1ca2c-d15a-48fa-8d4c-cfdc650375a0,6.9-mpc_fixed_gur_sym,symgur1.0,A3NKNOE5HIXXL,Completed,1,40,41,15,3.8101139068603516,265.68466997146606,74.99521660804749,"{299752: (0.48647273918170075, 1.0), 103022: (-0.17501065867832227, -0.5), 310959: (0.14423887636275623, -1.0), 305690: (-0.4247166276207168, -0.5), 127669: (0.1813486908462333, 0.0), 65589: (0.4677684635979048, 0.5), 259697: (-0.29152301861058066, 0.5), 155393: (0.8371512802620577, 0.5), 201737: (0.10113682064514276, -0.5), 255506: (-0.18500691467037306, 0.5)}","{155720: (1.6498448454373782, 1.0), 155746: (1.554698871124357, 1.0), 155538: (1.5486787379439435, 1.0), 155839: (1.5354553422769464, 1.0), 155390: (1.5299250727831055, 1.0)}","{'noise': 0.530552531057617, 'amp': 1.4480155158736652, 'ls': 3.4208374883085155}","[(1.0, 1.0)]",[]
