impression,user_id,app_version,model_version,mturk_id,status,NUM_INITIAL_RATINGS,NUM_REFINE_RATINGS,TOTAL_TRAINING_RATINGS,NUM_TEST_RATINGS,TIME_INITIAL,TIME_REFINE,TIME_TEST,random_test_predictions_ratings,good_test_predictions_ratings,hypers,redisplay_check,arbitrary_check
0,634aae1d-dea1-4fa7-afef-6538db90cd35,6.9-mpc_fixed_gur_sym,symgur1.0,A1URG4XSUU07AK,Completed,1,40,41,15,7.4977946281433105,240.1233720779419,60.8557231426239,"{62064: (-0.10942888612513281, 0.5), 73934: (0.13471589525694888, -0.5), 290926: (-0.052304407260670926, 0.0), 64663: (0.16777272356411554, 0.5), 125186: (0.16206204676958008, -1.0), 168694: (0.1329130047767343, -0.5), 287115: (-0.16915164264639038, -0.5), 157259: (-0.06207215344660624, 0.0), 207980: (0.2323692317658719, 0.5), 269242: (0.023293302863905692, -0.5)}","{267823: (1.4354916098925554, 1.0), 215994: (1.406479445009305, 1.0), 216177: (1.3942542682774879, 1.0), 267919: (1.3617845701725932, 1.0), 267838: (1.3435140033754, 1.0)}","{'noise': 0.4026847519870939, 'amp': 1.2640516639323272, 'ls': 3.9693642191365117}","[(-0.5, -0.5)]",[]
