impression,user_id,app_version,model_version,mturk_id,status,NUM_INITIAL_RATINGS,NUM_REFINE_RATINGS,TOTAL_TRAINING_RATINGS,NUM_TEST_RATINGS,TIME_INITIAL,TIME_REFINE,TIME_TEST,random_test_predictions_ratings,good_test_predictions_ratings,hypers,redisplay_check,arbitrary_check
0,457b186a-5f28-44ad-8560-381e24ed5ea4,6.9-mpc_fixed_gur_sym,symgur1.0,A89HSG51VTPP0,Completed,1,40,41,15,3.544078826904297,213.0353922843933,74.37251210212708,"{78005: (-0.3936551834443056, 0.5), 224216: (0.08014464520153224, -0.5), 146856: (-0.3982972234174636, -0.5), 111778: (-0.06990897102578751, 0.0), 291018: (0.46052096186170216, 0.0), 72807: (0.09523961934796937, 0.0), 148001: (-0.08769741671399299, 0.0), 99044: (-0.017999152287454412, -0.5), 107826: (0.1562663282210213, -0.5), 239291: (-0.011802274270902302, 0.5)}","{80961: (1.0362120748447983, 0.5), 80655: (1.0159433994298857, 0.5), 238726: (1.00854440356471, 0.5), 81169: (0.9809287027440676, 0.5), 80886: (0.9803987989965248, 0.5)}","{'noise': 0.37350997503772604, 'amp': 0.785084742091342, 'ls': 2.961475192889844}","[(0.5, 0.5)]",[]
