impression,user_id,app_version,model_version,mturk_id,status,NUM_INITIAL_RATINGS,NUM_REFINE_RATINGS,TOTAL_TRAINING_RATINGS,NUM_TEST_RATINGS,TIME_INITIAL,TIME_REFINE,TIME_TEST,random_test_predictions_ratings,good_test_predictions_ratings,hypers,redisplay_check,arbitrary_check
0,4bba2646-4284-43cd-a509-395e7951b5a2,6.9-mpc_fixed_gur_sym,symgur1.0,A3QPVH0DRW0ZQV,Completed,1,40,41,15,8.638203859329224,366.9721083641052,110.4740355014801,"{173773: (-0.7262409720058753, -0.5), 69361: (0.3262566898652803, 0.0), 286591: (0.5457249551989445, 0.0), 255487: (-0.09150758668940749, -0.5), 189643: (-0.2156554667098431, -0.5), 274340: (0.5830505489346782, 0.5), 199655: (-0.08620111198223286, -0.5), 67441: (0.4021578141264128, 0.5), 189730: (-0.8149508685627443, -0.5), 315870: (-0.31448887896512545, -0.5)}","{270784: (1.3319498347794656, 1.0), 270689: (1.318257603005883, 1.0), 270839: (1.2736163590607892, 0.5), 265112: (1.26620434826871, 0.5), 265017: (1.2557159308756196, 1.0)}","{'noise': 0.3721484026522034, 'amp': 1.1500408191913085, 'ls': 3.9123910436759854}","[(1.0, 0.5)]",[]
