impression,user_id,app_version,model_version,mturk_id,status,NUM_INITIAL_RATINGS,NUM_REFINE_RATINGS,TOTAL_TRAINING_RATINGS,NUM_TEST_RATINGS,TIME_INITIAL,TIME_REFINE,TIME_TEST,random_test_predictions_ratings,good_test_predictions_ratings,hypers,redisplay_check,arbitrary_check
0,52640077-859f-4824-b6f0-063de71e2e61,6.9-mpc_fixed_gur_sym,symgur1.0,A3BVSTEODKSODS,Completed,1,40,41,15,6.689715623855591,251.26965880393982,74.95849299430847,"{246584: (-0.23908541414712683, -0.5), 83578: (0.3465159671150972, 0.5), 325716: (-0.27724691020512915, 0.5), 140366: (0.015711138027349025, -0.5), 121463: (0.14103474760974535, -0.5), 54575: (0.47196691080066805, 0.5), 148205: (-0.2367301795775082, 0.5), 163525: (-0.2947465582244982, -0.5), 198125: (0.33078352553286866, 0.5), 53394: (0.16632178119526234, -0.5)}","{33819: (0.862277961453902, 0.5), 33380: (0.8619612705739663, -0.5), 321959: (0.8597095196607454, 0.5), 321922: (0.8524556315816174, 1.0), 33501: (0.8376742927167367, -0.5)}","{'noise': 0.34325904745487945, 'amp': 0.7969763075879581, 'ls': 3.404684143294695}","[(-0.5, -0.5)]",[]
