impression,user_id,app_version,model_version,mturk_id,status,NUM_INITIAL_RATINGS,NUM_REFINE_RATINGS,TOTAL_TRAINING_RATINGS,NUM_TEST_RATINGS,TIME_INITIAL,TIME_REFINE,TIME_TEST,random_test_predictions_ratings,good_test_predictions_ratings,hypers,redisplay_check,arbitrary_check
0,e75c99fe-e7e4-4a3a-bab9-8100d2c65041,6.9-mpc_fixed_gur_sym,symgur1.0,A1ZLLYRW6GIVC7,Completed,1,40,41,15,6.233524799346924,604.9636609554291,136.16821455955505,"{267967: (-0.3252005314584118, 1.0), 153213: (-0.15126010847148452, -1.0), 166737: (-0.7228048383569007, -1.0), 224785: (0.43487338926026964, 1.0), 156505: (0.3246874471414735, -0.5), 133830: (-0.07077969235584652, 0.5), 206994: (0.005035757323609391, 0.5), 197874: (-0.22353345418426582, -0.5), 214416: (-0.15680103075152896, -0.5), 218423: (0.2629191788151175, 1.0)}","{180477: (1.3289039448389306, -1.0), 149898: (1.3142771668526154, -0.5), 110626: (1.3017621834906672, 1.0), 281560: (1.297886529303346, 1.0), 55029: (1.2966658060060159, -0.5)}","{'noise': 0.1769768780006785, 'amp': 0.6887340827115593, 'ls': 0.7618392451538899}","[(-1.0, -1.0)]",[]
