impression,user_id,app_version,model_version,mturk_id,status,NUM_INITIAL_RATINGS,NUM_REFINE_RATINGS,TOTAL_TRAINING_RATINGS,NUM_TEST_RATINGS,TIME_INITIAL,TIME_REFINE,TIME_TEST,random_test_predictions_ratings,good_test_predictions_ratings,hypers,redisplay_check,arbitrary_check
0,36182083-47fd-44ff-a621-53ac0de594ea,6.9-mpc_fixed_gur_sym,symgur1.0,A1JUFVE0Y67XQ0,Completed,1,40,41,15,6.514925003051758,289.6233515739441,94.24712634086609,"{26612: (-0.2261049690373104, -0.5), 29669: (-0.6973795320358499, -0.5), 92901: (-0.45209411806185273, -1.0), 321605: (0.05550702211929234, -1.0), 231570: (-0.21099332512874494, 1.0), 269834: (0.3013025369140883, 0.5), 32939: (-0.47722123971120767, -0.5), 137634: (0.13997941368079034, 1.0), 175994: (-0.555911148335258, 0.0), 214862: (-0.3881058477725437, -0.5)}","{44049: (1.266594165407033, 0.5), 33386: (1.2623087843330207, -0.5), 44075: (1.2601848943170295, 0.0), 75680: (1.2444937481103027, -1.0), 33471: (1.2434087425778966, -0.5)}","{'noise': 0.4183342882063703, 'amp': 0.8250032666180122, 'ls': 2.71243042160433}","[(-0.5, -0.5)]",[]
