impression,user_id,app_version,model_version,mturk_id,status,NUM_INITIAL_RATINGS,NUM_REFINE_RATINGS,TOTAL_TRAINING_RATINGS,NUM_TEST_RATINGS,TIME_INITIAL,TIME_REFINE,TIME_TEST,random_test_predictions_ratings,good_test_predictions_ratings,hypers,redisplay_check,arbitrary_check
0,8fdd0c6a-8f13-456d-9e63-51cfc92f06ca,6.9-mpc_fixed_gur_sym,symgur1.0,A263YS51HNU86P,Completed,1,40,41,15,13.480359315872192,319.82109546661377,128.63633680343628,"{35428: (0.5245911998302325, -0.5), 328403: (0.253183418432168, 1.0), 20243: (-0.6502611955421569, 0.5), 305671: (0.7700923079978395, 0.5), 55140: (0.6829863275802264, 0.5), 226991: (-0.2709648264815164, -0.5), 69024: (0.028401346116583015, -0.5), 109375: (0.7462838287259277, -0.5), 291161: (-0.30982276305622736, -0.5), 35795: (-0.5290005906527034, -0.5)}","{270218: (1.4323828029743326, 0.5), 207340: (1.364456976101823, -1.0), 270338: (1.361293799551216, 0.5), 291376: (1.354519451516015, 0.5), 265616: (1.3494731125213535, 1.0)}","{'noise': 0.49086487227464415, 'amp': 1.0099884529489405, 'ls': 2.8449795554083024}","[(0.5, 0.5)]",[]
