impression,user_id,app_version,model_version,mturk_id,status,NUM_INITIAL_RATINGS,NUM_REFINE_RATINGS,TOTAL_TRAINING_RATINGS,NUM_TEST_RATINGS,TIME_INITIAL,TIME_REFINE,TIME_TEST,random_test_predictions_ratings,good_test_predictions_ratings,hypers,redisplay_check,arbitrary_check
0,fcad25c9-4900-4ad2-9a4f-d44f414a9d2b,6.9-mpc_fixed_gur_sym,symgur1.0,A20NJGHYKL73LC,Completed,1,40,41,15,8.22700548171997,303.41361784935,99.90997576713562,"{256909: (0.009204620440885963, -1.0), 288821: (-0.22718623025979134, -1.0), 23453: (-0.28537181560314634, -1.0), 59359: (0.15592611757188996, 0.5), 15552: (0.015363349129340467, -0.5), 239258: (0.3492098612022391, 1.0), 213020: (-0.14576983527855034, 0.0), 327780: (0.06309799379126457, 0.5), 212862: (-0.24586117547194425, 0.5), 186612: (0.3308653296013648, 1.0)}","{64112: (0.6526531415442658, 1.0), 64739: (0.6311755534695332, 0.5), 64168: (0.6273800603151622, 0.0), 282308: (0.6225489496379302, 0.5), 64376: (0.6196500491511033, 1.0)}","{'noise': 0.5673830355260823, 'amp': 0.6936328658943329, 'ls': 3.1443136403659295}","[(0.5, 0.5)]",[]
