impression,user_id,app_version,model_version,mturk_id,status,NUM_INITIAL_RATINGS,NUM_REFINE_RATINGS,TOTAL_TRAINING_RATINGS,NUM_TEST_RATINGS,TIME_INITIAL,TIME_REFINE,TIME_TEST,random_test_predictions_ratings,good_test_predictions_ratings,hypers,redisplay_check,arbitrary_check
0,6e101bb6-2f91-43bd-a08d-e23342edc6bd,6.9-mpc_fixed_gur_sym,symgur1.0,AJDHPRCJ985C7,Completed,1,40,41,15,16.38327932357788,432.20666456222534,145.6657998561859,"{103242: (-0.2176326012312092, 0.5), 276274: (-0.12918609326088876, -0.5), 161510: (0.7113156254449158, 0.5), 141053: (-0.1242369538278991, 0.0), 84370: (-0.23968964433586115, 0.5), 100762: (0.6238238649365155, 0.5), 23453: (-0.2657238380650582, 0.5), 50554: (-1.1156733235807619, -0.5), 247922: (-0.8244937732740393, -0.5), 314020: (-0.6133768891376539, -0.5)}","{314101: (1.5194502799930945, 1.0), 235488: (1.5049996169836706, 1.0), 235557: (1.5048228389012355, 1.0), 314170: (1.5014654627140995, 1.0), 321912: (1.4844651229428, 1.0)}","{'noise': 0.3806446538503739, 'amp': 1.4049148878762248, 'ls': 4.172821554672487}","[(0.0, 0.0)]",[]
