impression,user_id,app_version,model_version,mturk_id,status,NUM_INITIAL_RATINGS,NUM_REFINE_RATINGS,TOTAL_TRAINING_RATINGS,NUM_TEST_RATINGS,TIME_INITIAL,TIME_REFINE,TIME_TEST,random_test_predictions_ratings,good_test_predictions_ratings,hypers,redisplay_check,arbitrary_check
0,abf5aef4-b3dd-4ea9-a1c4-ff1d3be3aa6e,6.9-mpc_fixed_gur_sym,symgur1.0,A30UQ017N4PML5,Completed,1,40,41,15,5.5372655391693115,176.55693793296814,41.35552906990051,"{80297: (-1.8869618068378946e-05, -1.0), 233348: (-0.2407405058587339, 1.0), 289204: (-0.23174695818825425, -1.0), 243898: (0.5004170121177016, -1.0), 282084: (0.28800132446446336, 1.0), 57383: (-0.27167542033974473, 1.0), 197736: (-0.4590214023861816, -1.0), 27391: (0.01124729319511733, -0.5), 15878: (0.0660665774177262, -1.0), 181306: (-0.018679990114734646, 0.5)}","{33451: (0.9560049039844118, 0.5), 33752: (0.9449451783387963, 1.0), 33380: (0.9315374858569196, -1.0), 33841: (0.9309028203628282, 1.0), 155740: (0.9306024787883636, -1.0)}","{'noise': 0.6558863285219051, 'amp': 0.7934906615185351, 'ls': 2.6735272606629277}","[(1.0, 1.0)]",[]
