impression,user_id,app_version,model_version,mturk_id,status,NUM_INITIAL_RATINGS,NUM_REFINE_RATINGS,TOTAL_TRAINING_RATINGS,NUM_TEST_RATINGS,TIME_INITIAL,TIME_REFINE,TIME_TEST,random_test_predictions_ratings,good_test_predictions_ratings,hypers,redisplay_check,arbitrary_check
0,21cbaf3f-ca47-447d-9838-6314a9366fac,6.9-mpc_fixed_gur_sym,symgur1.0,A1SJRFJWFXSDH4,Completed,1,40,41,15,9.574650287628174,339.57200050354004,153.19070839881897,"{66261: (-0.6907052848274704, -1.0), 321364: (0.3776242318674634, 1.0), 88636: (-0.39138546138524677, -1.0), 38460: (-0.20639454751257372, -1.0), 117270: (-0.3558613463748125, 0.0), 56161: (-0.060261484887119576, 1.0), 205514: (-0.5446402319316684, 1.0), 98429: (0.5684539738944205, -1.0), 292846: (0.5728896903643461, -1.0), 303020: (-0.6560673445315923, -1.0)}","{198810: (1.3121401169282088, 1.0), 198796: (1.2633361623951096, 0.0), 196230: (1.248438728524007, 1.0), 198997: (1.2443440772594607, 1.0), 199036: (1.2347374864011809, 1.0)}","{'noise': 0.7770870834512381, 'amp': 0.8290910780668534, 'ls': 2.0440752384460974}","[(1.0, 1.0)]",[]
