impression,user_id,app_version,model_version,mturk_id,status,NUM_INITIAL_RATINGS,NUM_REFINE_RATINGS,TOTAL_TRAINING_RATINGS,NUM_TEST_RATINGS,TIME_INITIAL,TIME_REFINE,TIME_TEST,random_test_predictions_ratings,good_test_predictions_ratings,hypers,redisplay_check,arbitrary_check
0,8ba65160-c94f-4d4f-9fa1-afac6ac71bca,6.9-mpc_fixed_gur_sym,symgur1.0,AH4LSAYFLV68I,Completed,1,40,41,15,30.280354976654053,172.05756902694702,42.229764461517334,"{233369: (-0.28777424593164247, -0.5), 226857: (0.27384632041783874, 1.0), 311534: (0.44270479905351023, 0.5), 162718: (0.4679399735143687, 1.0), 87371: (0.0595308309756456, 1.0), 157064: (0.15284488252087433, -1.0), 324522: (-0.403698177943446, -1.0), 78518: (-0.09176237886673932, 1.0), 157219: (0.33374473546601313, 0.5), 143885: (0.14486727570046132, -1.0)}","{330571: (1.30741265590533, -0.5), 223871: (1.2643356141503403, 1.0), 325571: (1.252650692734461, 1.0), 223898: (1.2486295205074291, 1.0), 223918: (1.2485732321999463, 1.0)}","{'noise': 0.6142414824660202, 'amp': 1.0276441494651039, 'ls': 2.896722067575307}","[(1.0, 1.0)]",[]
