impression,user_id,app_version,model_version,mturk_id,status,NUM_INITIAL_RATINGS,NUM_REFINE_RATINGS,TOTAL_TRAINING_RATINGS,NUM_TEST_RATINGS,TIME_INITIAL,TIME_REFINE,TIME_TEST,random_test_predictions_ratings,good_test_predictions_ratings,hypers,redisplay_check,arbitrary_check
0,6432c2fb-4e03-4d22-8d94-c2cf3216c0b7,6.9-mpc_fixed_gur_sym,symgur1.0,A24G8GL5FX1KAW,Completed,1,40,41,15,8.329190969467163,169.66601610183716,48.814079999923706,"{4462: (0.07101662111023388, 0.5), 127151: (0.12991474743974574, 0.5), 5762: (0.7017582524744289, 0.5), 80355: (-0.2744327863025608, 0.5), 309082: (-0.06860225107648865, 0.5), 224672: (0.004665637257137312, 0.5), 30622: (-0.33874473616962086, 0.5), 204302: (-0.07592059013264546, 0.5), 131932: (-0.22657846802422488, 0.5), 224590: (0.016150257345006858, 0.5)}","{104089: (1.0355793936891622, 0.5), 103666: (1.015782828967212, 0.5), 103715: (0.9924474298892458, 0.5), 103495: (0.9918327685072768, 1.0), 103428: (0.9913766713714974, 0.5)}","{'noise': 0.5602385658398193, 'amp': 0.8429647455942685, 'ls': 2.8094466931988378}","[(0.5, 0.5)]",[]
