impression,user_id,app_version,model_version,mturk_id,status,NUM_INITIAL_RATINGS,NUM_REFINE_RATINGS,TOTAL_TRAINING_RATINGS,NUM_TEST_RATINGS,TIME_INITIAL,TIME_REFINE,TIME_TEST,random_test_predictions_ratings,good_test_predictions_ratings,hypers,redisplay_check,arbitrary_check
0,c7a3599d-3edb-42b5-9f16-be393a713bc0,6.9-mpc_fixed_gur_sym,symgur1.0,A3T9WZOUQGE2UW,Completed,1,40,41,15,4.627066135406494,245.06264972686768,58.036405086517334,"{205765: (-0.3213733442846963, -0.5), 269998: (-0.3093176630580971, 0.0), 224273: (-0.3480457960539139, -0.5), 240892: (-0.025948003231462527, 0.5), 60212: (0.21800302290102153, 0.0), 104748: (0.6382404205662491, 0.5), 272137: (-0.1395251787129709, -1.0), 240812: (-0.4454146287653033, 0.0), 233480: (0.035437934742329105, -0.5), 221487: (0.04011326838855239, 0.5)}","{267963: (1.091435709061705, 1.0), 267838: (1.0785837610724507, 1.0), 196895: (1.0701667777271024, 1.0), 216317: (1.0616352794038038, 1.0), 148692: (1.0492597331512876, 1.0)}","{'noise': 0.3833294735089153, 'amp': 0.900241915809716, 'ls': 3.6870369025444925}","[(-0.5, -0.5)]",[]
