impression,user_id,app_version,model_version,mturk_id,status,NUM_INITIAL_RATINGS,NUM_REFINE_RATINGS,TOTAL_TRAINING_RATINGS,NUM_TEST_RATINGS,TIME_INITIAL,TIME_REFINE,TIME_TEST,random_test_predictions_ratings,good_test_predictions_ratings,hypers,redisplay_check,arbitrary_check
0,5288a6a4-7d7c-4099-8eb0-dbaf5bfd2ed7,6.9-mpc_fixed_gur_sym,symgur1.0,APGX2WZ59OWDN,Completed,1,40,41,15,3.110743761062622,190.5745825767517,52.13764834403992,"{120557: (0.45821326022708, 1.0), 190719: (0.07293920600860214, 0.0), 109306: (-0.14451511870460163, -0.5), 68698: (-0.2196572279944928, 0.5), 217655: (0.29853219774008755, 0.5), 166812: (-0.17097888222087784, -0.5), 246372: (-0.7729399575796105, -1.0), 71349: (-1.1589331046072981, -1.0), 121831: (-0.27268362077159963, -0.5), 269877: (0.05734689305813109, 0.5)}","{24171: (1.693455942726172, 1.0), 24191: (1.6685921988602637, 1.0), 24468: (1.6530420008306994, 1.0), 24385: (1.6399355112365137, 1.0), 270243: (1.6322968288079367, 1.0)}","{'noise': 0.377688076925247, 'amp': 1.5223521559933, 'ls': 3.929178761106194}","[(-0.5, -0.5)]",[]
