impression,user_id,app_version,model_version,mturk_id,status,NUM_INITIAL_RATINGS,NUM_REFINE_RATINGS,TOTAL_TRAINING_RATINGS,NUM_TEST_RATINGS,TIME_INITIAL,TIME_REFINE,TIME_TEST,random_test_predictions_ratings,good_test_predictions_ratings,hypers,redisplay_check,arbitrary_check
0,8e2e8528-ca05-4c4b-86b3-cc5b83d1a9e2,6.9-mpc_fixed_gur_sym,symgur1.0,A3TH6B3RUD1MUQ,Completed,1,40,41,15,7.965739727020264,446.2322759628296,123.44042348861694,"{187951: (0.28160329573433296, -1.0), 87136: (-0.008821965487253891, -0.5), 169883: (0.05330992202740554, 0.5), 208742: (-0.19462859912077307, -1.0), 185523: (-0.3006279795774056, 0.5), 176230: (-0.40869161200558474, -1.0), 27372: (0.09379468557012699, -0.5), 253459: (-0.1856102474352028, 0.0), 219: (-0.33241400416118494, 0.5), 12261: (0.1263635282501051, -0.5)}","{318188: (0.685856445396737, -0.5), 223796: (0.6693362740142832, -0.5), 318261: (0.6687033373575413, 1.0), 318279: (0.6633166188574093, 1.0), 57319: (0.6624390399613509, 0.5)}","{'noise': 0.6146217116564809, 'amp': 0.6708250151688614, 'ls': 2.9330221435441013}","[(0.5, -1.0)]",[]
