impression,user_id,app_version,model_version,mturk_id,status,NUM_INITIAL_RATINGS,NUM_REFINE_RATINGS,TOTAL_TRAINING_RATINGS,NUM_TEST_RATINGS,TIME_INITIAL,TIME_REFINE,TIME_TEST,random_test_predictions_ratings,good_test_predictions_ratings,hypers,redisplay_check,arbitrary_check
0,83ef483d-c86b-498c-98db-6e7a101d38cd,6.9-mpc_fixed_gur_sym,symgur1.0,A41APS6V2Z1FJ,Completed,1,40,41,15,6.375535488128662,196.69143676757812,55.25519251823425,"{142264: (0.11081338756939366, 0.0), 163389: (-0.0763967654106575, -1.0), 57618: (-0.08101208964557507, 0.5), 286075: (0.03941175313474814, 0.5), 112717: (-0.164360227671251, 0.0), 294391: (0.06057089614099853, 0.0), 328215: (0.23662702222381599, 0.0), 47724: (-0.14084368405704517, 1.0), 156888: (-0.11622728045380079, 0.0), 69986: (0.2905649065871962, 0.5)}","{186870: (0.928653952805955, 1.0), 186822: (0.9096910901840736, 0.5), 126306: (0.9088307906559572, 1.0), 186531: (0.8881823041602672, 0.5), 186842: (0.8854375605602196, 1.0)}","{'noise': 0.3943890222871998, 'amp': 0.6821504766061071, 'ls': 2.8100088106333687}","[(-0.5, 0.0)]",[]
