impression,user_id,app_version,model_version,mturk_id,status,NUM_INITIAL_RATINGS,NUM_REFINE_RATINGS,TOTAL_TRAINING_RATINGS,NUM_TEST_RATINGS,TIME_INITIAL,TIME_REFINE,TIME_TEST,random_test_predictions_ratings,good_test_predictions_ratings,hypers,redisplay_check,arbitrary_check
0,f8d3aee3-31eb-4774-845a-a0b52cf344d6,6.9-mpc_fixed_gur_sym,symgur1.0,A14LOABUGAITBM,Completed,1,40,41,15,10.542705297470093,394.0560939311981,131.40214467048645,"{273507: (-0.48544127221276445, -1.0), 148139: (0.13474599261557393, 1.0), 72287: (-0.08273857036866636, 1.0), 231532: (0.1046558453963601, 0.5), 248801: (0.3961993829093785, 1.0), 236055: (-0.07086371850658145, 1.0), 54959: (0.24635823456736367, 1.0), 236980: (-0.2613105736574778, -0.5), 270829: (-0.10640810731401457, 0.5), 245958: (0.2898134518683448, 1.0)}","{285385: (0.8403333779970552, 0.5), 285274: (0.8396747050872232, 1.0), 75082: (0.8321157794697003, 1.0), 285273: (0.8227042044542177, 0.5), 132831: (0.8152909707677315, 1.0)}","{'noise': 0.8069376114002895, 'amp': 0.7755982829667754, 'ls': 2.869485187946309}","[(1.0, 1.0)]",[]
