impression,user_id,app_version,model_version,mturk_id,status,NUM_INITIAL_RATINGS,NUM_REFINE_RATINGS,TOTAL_TRAINING_RATINGS,NUM_TEST_RATINGS,TIME_INITIAL,TIME_REFINE,TIME_TEST,random_test_predictions_ratings,good_test_predictions_ratings,hypers,redisplay_check,arbitrary_check
0,2fed5cd0-ea99-4934-aca5-bcd998b48c07,6.9-mpc_fixed_gur_sym,symgur1.0,A3VTOJCSGEWY3X,Completed,1,40,41,15,6.912211894989014,282.69886207580566,61.52699041366577,"{17980: (-0.0735650111240906, -0.5), 162040: (0.20608971637927287, -0.5), 219355: (0.32552226438544907, 0.5), 151250: (0.48638530395056456, 1.0), 275200: (0.15371423724386976, 0.5), 91064: (0.1035479942771331, 0.5), 194964: (-0.4238676767414519, -0.5), 248212: (0.02811402567317018, 1.0), 237714: (-0.29934997332993674, -0.5), 171786: (0.09955081605976841, 1.0)}","{198949: (1.15868972091944, 0.5), 198634: (1.1522095990087426, 1.0), 199005: (1.117842289625123, 1.0), 198828: (1.1139404921474816, 0.5), 198542: (1.1122701533741117, 0.5)}","{'noise': 0.48273636926352304, 'amp': 1.0418151296788094, 'ls': 3.4542470507849807}","[(0.5, 1.0)]",[]
