impression,user_id,app_version,model_version,mturk_id,status,NUM_INITIAL_RATINGS,NUM_REFINE_RATINGS,TOTAL_TRAINING_RATINGS,NUM_TEST_RATINGS,TIME_INITIAL,TIME_REFINE,TIME_TEST,random_test_predictions_ratings,good_test_predictions_ratings,hypers,redisplay_check,arbitrary_check
0,ef3964de-0cbb-4b14-9748-4b96d0b2b782,6.9-mpc_fixed_gur_sym,symgur1.0,A10HW8JXM17XLD,Completed,1,40,41,15,10.936044454574585,309.8135201931,111.58766627311707,"{316575: (-0.009632343634495569, -0.5), 3174: (-0.2784798997001645, 0.0), 262259: (-0.17182286976817443, -0.5), 11117: (-0.6070090557189343, 0.5), 3668: (-0.34667903895370716, -0.5), 209191: (-0.7975508300228742, -0.5), 103744: (-0.009096145312338738, 0.5), 231535: (-0.2404187340079179, -0.5), 255838: (0.15256366483885517, -0.5), 78713: (0.022052234749968633, 0.5)}","{241889: (1.2584427932814521, 1.0), 293045: (1.2335375996627496, 1.0), 241648: (1.222202275539867, 0.5), 21429: (1.2098848019212158, 0.5), 29244: (1.2078332330179076, 0.5)}","{'noise': 0.40983600313378665, 'amp': 0.9794044491008772, 'ls': 3.2886930696661687}","[(0.5, 0.5)]",[]
