impression,user_id,app_version,model_version,mturk_id,status,NUM_INITIAL_RATINGS,NUM_REFINE_RATINGS,TOTAL_TRAINING_RATINGS,NUM_TEST_RATINGS,TIME_INITIAL,TIME_REFINE,TIME_TEST,random_test_predictions_ratings,good_test_predictions_ratings,hypers,redisplay_check,arbitrary_check
0,72b09f90-3c78-4e27-8254-d82ca195e1e4,6.9-mpc_fixed_gur_sym,symgur1.0,AJQ71YIGY01HZ,Completed,1,40,41,15,22.710939645767212,231.41718196868896,57.02834105491638,"{239646: (-0.9769009257531223, -0.5), 76066: (-1.1193335600959107, -0.5), 325979: (0.17084482813331378, 0.5), 25795: (0.6401802592826267, 0.5), 285960: (-0.5857547784245356, 0.0), 160686: (0.7786111786955578, 0.0), 85984: (-0.30876456058433943, -0.5), 285797: (-0.2827143666413198, 0.5), 24850: (0.0307472687124343, 0.0), 245244: (-0.19013653488779056, -0.5)}","{81238: (2.254390022016403, 1.0), 81087: (2.244974703898868, 0.5), 80782: (2.2027006239603244, 0.0), 80621: (2.190386013587264, 0.5), 80913: (2.1859273848752663, 1.0)}","{'noise': 0.46295372460199374, 'amp': 2.033148954094123, 'ls': 4.369698001195677}","[(0.0, 0.5)]",[]
