impression,user_id,app_version,model_version,mturk_id,status,NUM_INITIAL_RATINGS,NUM_REFINE_RATINGS,TOTAL_TRAINING_RATINGS,NUM_TEST_RATINGS,TIME_INITIAL,TIME_REFINE,TIME_TEST,random_test_predictions_ratings,good_test_predictions_ratings,hypers,redisplay_check,arbitrary_check
0,d1667ba6-24f5-4422-8f07-2f3856262613,6.9-mpc_fixed_gur_sym,symgur1.0,AI0GXA45H2KEK,Completed,1,40,41,15,5.931307315826416,295.31971192359924,83.79479837417603,"{44075: (0.6180527872473454, 1.0), 80801: (-0.2265659199507221, -1.0), 272263: (0.7488886657875002, 1.0), 285153: (-0.21538416986470343, 1.0), 213644: (-0.22970804347178236, 1.0), 6811: (-0.2041638768192022, -1.0), 15950: (0.9655809780431613, 1.0), 201617: (-1.0222829870969834, 1.0), 279960: (-0.8205830176691158, -1.0), 204538: (-0.38341449845112635, 1.0)}","{81650: (1.8324771301979923, 1.0), 81421: (1.823103913932802, 1.0), 81664: (1.7636255613286413, 1.0), 81670: (1.7412304565984544, 1.0), 250315: (1.7354245527950671, 1.0)}","{'noise': 0.514506959988535, 'amp': 1.3596718715182818, 'ls': 3.2680264926603892}","[(1.0, 1.0)]",[]
