impression,user_id,app_version,model_version,mturk_id,status,NUM_INITIAL_RATINGS,NUM_REFINE_RATINGS,TOTAL_TRAINING_RATINGS,NUM_TEST_RATINGS,TIME_INITIAL,TIME_REFINE,TIME_TEST,random_test_predictions_ratings,good_test_predictions_ratings,hypers,redisplay_check,arbitrary_check
0,dd1e9dc4-8078-4f97-adc6-c32b2a756f74,6.9-mpc_fixed_gur_sym,symgur1.0,A249LDVPG27XCE,Completed,1,40,41,15,10.07794976234436,311.6823947429657,99.01136779785156,"{3588: (-0.2601496965834496, -0.5), 223462: (-0.3378185875656637, -1.0), 281861: (-0.19031059047731047, -0.5), 321158: (0.25995536045376694, 1.0), 314773: (-0.30366943460834145, 0.5), 229578: (0.07432857443458754, -0.5), 295751: (0.24761999559808479, 1.0), 31483: (-0.07149009788788022, -0.5), 328540: (-0.3077137611432227, 0.0), 34247: (0.7323408998093446, 0.0)}","{64262: (1.209366563942543, 1.0), 64282: (1.2025451086933354, 0.5), 64289: (1.1953537999648145, 1.0), 64427: (1.163534166338133, 0.5), 64350: (1.1560007056548351, 1.0)}","{'noise': 0.33306574756254637, 'amp': 1.1399639982331808, 'ls': 4.119023888712154}","[(-0.5, -0.5)]",[]
