impression,user_id,app_version,model_version,mturk_id,status,NUM_INITIAL_RATINGS,NUM_REFINE_RATINGS,TOTAL_TRAINING_RATINGS,NUM_TEST_RATINGS,TIME_INITIAL,TIME_REFINE,TIME_TEST,random_test_predictions_ratings,good_test_predictions_ratings,hypers,redisplay_check,arbitrary_check
0,ae0936fa-6a91-4593-86e6-c6e5b8e8ad98,6.9-mpc_fixed_gur_sym,symgur1.0,A3QNV0P3W7ZOAX,Completed,1,40,41,15,10.164972305297852,306.8987581729889,89.57200837135315,"{9826: (-0.4324126886178504, -1.0), 88723: (0.3363617670732515, -1.0), 151992: (0.3444753177643918, 1.0), 164568: (0.13327549503587854, -1.0), 341: (-0.0036104520672372853, -1.0), 235419: (-0.16151122370101947, -1.0), 232042: (-0.17913456853461457, 1.0), 313410: (0.29351271907917675, 1.0), 259508: (-0.6047015298896629, 1.0), 271553: (0.2616092692334629, 1.0)}","{195042: (1.3800137277743727, 1.0), 230573: (1.379004418874304, 1.0), 325045: (1.3701420652886007, 0.5), 285820: (1.3551128981150804, 1.0), 97511: (1.3526455837754148, -1.0)}","{'noise': 0.20526015437103057, 'amp': 0.7092578923239387, 'ls': 0.7014532843355202}","[(1.0, -1.0)]",[]
