impression,user_id,app_version,model_version,mturk_id,status,NUM_INITIAL_RATINGS,NUM_REFINE_RATINGS,TOTAL_TRAINING_RATINGS,NUM_TEST_RATINGS,TIME_INITIAL,TIME_REFINE,TIME_TEST,random_test_predictions_ratings,good_test_predictions_ratings,hypers,redisplay_check,arbitrary_check
0,b444c107-db18-4de0-b84c-7b0fd806adf9,6.9-mpc_fixed_gur_sym,symgur1.0,AES0HS67X72NP,Completed,1,40,41,15,10.058075428009033,277.8049087524414,88.5223958492279,"{201211: (0.6872341961275271, 0.5), 40672: (0.10726069451301984, 0.0), 117614: (0.47084084663903175, 0.5), 159994: (0.3625802793822652, 0.5), 328039: (0.14688176202545972, -0.5), 189104: (-0.6134918800170333, -0.5), 93011: (0.006785879048675919, -0.5), 136664: (-0.13466200323348065, 1.0), 77941: (-0.1338907696724848, 0.0), 106524: (-0.08659171691465753, 0.0)}","{57656: (1.4180941463627201, 0.5), 219346: (1.4150677434714967, 1.0), 161857: (1.4133893522371495, 0.5), 15526: (1.4026237778932023, 0.0), 219521: (1.3960668346408427, 1.0)}","{'noise': 0.2894065196581984, 'amp': 0.6338184182563955, 'ls': 1.4837551189029685}","[(-1.0, -0.5)]",[]
