impression,user_id,app_version,model_version,mturk_id,status,NUM_INITIAL_RATINGS,NUM_REFINE_RATINGS,TOTAL_TRAINING_RATINGS,NUM_TEST_RATINGS,TIME_INITIAL,TIME_REFINE,TIME_TEST,random_test_predictions_ratings,good_test_predictions_ratings,hypers,redisplay_check,arbitrary_check
0,1fe7d497-b06b-4d57-bbce-0a51b22a037c,6.9-mpc_fixed_gur_sym,symgur1.0,A196EF7RY60N0T,Completed,1,40,41,15,6.534561395645142,696.1156797409058,274.614629983902,"{155333: (0.04962076575398272, 0.0), 150830: (-0.038843263805270645, 0.0), 320198: (-1.766157441495525e-05, 0.0), 323285: (-0.23111010911053306, -0.5), 11592: (-0.09630488479804067, 0.0), 219862: (0.07444955990165411, 0.5), 252682: (-0.13372992529899946, 0.0), 51957: (-0.1812916411920385, 0.0), 220613: (0.006444377907179864, 0.0), 18066: (0.1813411614889376, 0.0)}","{20432: (0.550193887959012, 0.0), 20594: (0.5456554121865858, 0.0), 20508: (0.5300948650717132, 0.5), 20251: (0.5291719434913571, 0.0), 20105: (0.5286512486030268, 0.0)}","{'noise': 0.2502861512522619, 'amp': 0.7260960193291183, 'ls': 5.081490188475896}","[(0.5, 0.5)]",[]
