impression,user_id,app_version,model_version,mturk_id,status,NUM_INITIAL_RATINGS,NUM_REFINE_RATINGS,TOTAL_TRAINING_RATINGS,NUM_TEST_RATINGS,TIME_INITIAL,TIME_REFINE,TIME_TEST,random_test_predictions_ratings,good_test_predictions_ratings,hypers,redisplay_check,arbitrary_check
0,abe31716-e035-4ef8-ace9-e0c896b51541,6.9-mpc_fixed_gur_sym,symgur1.0,AZ8JL3QNIPY4U,Completed,1,40,41,15,6.0608971118927,202.79914903640747,74.15496373176575,"{60600: (0.20037655292041207, -1.0), 264803: (0.40518939517025226, 0.5), 244988: (0.3509926985001138, 0.0), 209482: (-0.3141659022771747, 0.5), 273009: (-0.6018396362282714, 0.0), 54859: (0.4292961849120711, 0.5), 53679: (0.1747888043788423, -0.5), 156700: (0.23229329995409242, 0.5), 89791: (0.023076910824396585, -0.5), 6721: (-0.2905246135096566, 0.5)}","{321874: (1.425323916085852, 1.0), 152468: (1.3810317813413788, 1.0), 321922: (1.3772491636911577, 1.0), 290488: (1.3609756490185367, 1.0), 152597: (1.3588977123572277, 1.0)}","{'noise': 0.468704489928873, 'amp': 0.9594686366970303, 'ls': 2.899601634652084}","[(1.0, 0.5)]",[]
