impression,user_id,app_version,model_version,mturk_id,status,NUM_INITIAL_RATINGS,NUM_REFINE_RATINGS,TOTAL_TRAINING_RATINGS,NUM_TEST_RATINGS,TIME_INITIAL,TIME_REFINE,TIME_TEST,random_test_predictions_ratings,good_test_predictions_ratings,hypers,redisplay_check,arbitrary_check
0,de82f43d-8bcf-402a-9b01-453db8abf40b,6.9-mpc_fixed_gur_sym,symgur1.0,AT4S5FAHC5R0D,Completed,1,40,41,15,16.85477328300476,258.5016164779663,79.28679394721985,"{319220: (0.14566585557259137, 0.0), 94600: (-0.22475543208332138, -1.0), 231: (0.1462382222284583, 0.5), 39593: (-0.10200034631446242, -0.5), 58779: (-0.2751849119162952, 1.0), 312064: (-0.01116609163486143, 0.5), 151838: (0.5981458772702887, 0.5), 257900: (0.1329833008386297, 0.5), 153711: (-0.0608921491279579, 1.0), 113902: (0.16705994965452992, -1.0)}","{152597: (1.102922042404817, 1.0), 152771: (1.0988501565473656, -1.0), 152596: (1.0914146693737132, -1.0), 152965: (1.085113172981732, -0.5), 152441: (1.0831548550052, 1.0)}","{'noise': 0.42434757540123486, 'amp': 0.8361090797064453, 'ls': 3.019978219255354}","[(1.0, 0.5)]",[]
