impression,user_id,app_version,model_version,mturk_id,status,NUM_INITIAL_RATINGS,NUM_REFINE_RATINGS,TOTAL_TRAINING_RATINGS,NUM_TEST_RATINGS,TIME_INITIAL,TIME_REFINE,TIME_TEST,random_test_predictions_ratings,good_test_predictions_ratings,hypers,redisplay_check,arbitrary_check
0,1f31e6a1-2235-4477-990a-be89f61b6d83,6.9-mpc_fixed_gur_sym,symgur1.0,AXXA481XH6FKE,Completed,1,40,41,15,4.796685457229614,193.74268984794617,48.62087273597717,"{34392: (0.04136366341265252, 1.0), 312288: (0.1367774841725276, -1.0), 24626: (-0.016100487356600954, 0.5), 261414: (-0.08787412044558061, -1.0), 229279: (0.0890138193694952, -1.0), 112965: (0.48491198506953637, 1.0), 5116: (-0.3479108502139039, 0.5), 230027: (0.2876104803554243, 0.0), 47420: (-0.6143225461842811, -1.0), 169709: (-0.11646659899359676, 1.0)}","{267905: (1.338885357251463, 1.0), 268053: (1.3078989069548852, 1.0), 267836: (1.2559629350055073, 1.0), 58787: (1.2260281145935856, 1.0), 267804: (1.2225191690064212, 0.5)}","{'noise': 0.5774537532860224, 'amp': 1.0442058389577908, 'ls': 3.0943905540938164}","[(1.0, 1.0)]",[]
