impression,user_id,app_version,model_version,mturk_id,status,NUM_INITIAL_RATINGS,NUM_REFINE_RATINGS,TOTAL_TRAINING_RATINGS,NUM_TEST_RATINGS,TIME_INITIAL,TIME_REFINE,TIME_TEST,random_test_predictions_ratings,good_test_predictions_ratings,hypers,redisplay_check,arbitrary_check
0,5ad15890-27ee-4545-a0fe-4c1fd59366e8,6.9-mpc_fixed_gur_sym,symgur1.0,A292TFDMNVS0TP,Completed,1,40,41,15,7.232149600982666,218.09956765174866,75.11309766769409,"{253888: (-0.2238017808220753, 0.0), 317501: (0.03073233919427648, 0.0), 313861: (0.07175107185748306, 0.0), 212972: (-0.21985459904217136, 0.5), 291128: (-0.09145440933193706, 0.0), 199389: (0.1408852842486576, 0.5), 112298: (-0.6785852396656843, 0.0), 186583: (0.4496447204040467, 0.5), 85376: (-0.16387257731277372, -0.5), 208347: (0.015915715145112197, -0.5)}","{42054: (0.9318555133477586, -0.5), 155538: (0.9210462426725904, 0.0), 121493: (0.9139891017501829, -0.5), 41839: (0.9079256988470992, -0.5), 42352: (0.9011133089799972, -0.5)}","{'noise': 0.3032555537659866, 'amp': 0.961213526053586, 'ls': 3.827703339063694}","[(0.0, 0.0)]",[]
