impression,user_id,app_version,model_version,mturk_id,status,NUM_INITIAL_RATINGS,NUM_REFINE_RATINGS,TOTAL_TRAINING_RATINGS,NUM_TEST_RATINGS,TIME_INITIAL,TIME_REFINE,TIME_TEST,random_test_predictions_ratings,good_test_predictions_ratings,hypers,redisplay_check,arbitrary_check
0,fef7ffcc-4477-4442-8303-b25b066b119a,6.9-mpc_fixed_gur_sym,symgur1.0,A2S9O0W8SRVAH8,Completed,1,40,41,15,7.004348516464233,269.492714881897,62.200183629989624,"{104331: (-0.4993183424783039, 1.0), 177973: (-0.4553500162628961, -1.0), 51605: (0.44543111472363245, 1.0), 30822: (0.07206820397759822, -1.0), 174783: (-0.37061743831974575, -1.0), 31854: (0.02668731424083373, -1.0), 48285: (-0.34164877391487325, -1.0), 6634: (-0.289467880267739, -1.0), 88313: (0.3428970579917131, 1.0), 144318: (-0.23153229581511198, 1.0)}","{141725: (0.7912569185120633, -1.0), 141604: (0.7862934944730232, 1.0), 290071: (0.7823786222394882, 1.0), 141660: (0.7787834855566212, 1.0), 289903: (0.7728093990177225, 1.0)}","{'noise': 0.8415449605309061, 'amp': 0.7353178969384414, 'ls': 2.3912120756178337}","[(-1.0, -1.0)]",[]
