impression,user_id,app_version,model_version,mturk_id,status,NUM_INITIAL_RATINGS,NUM_REFINE_RATINGS,TOTAL_TRAINING_RATINGS,NUM_TEST_RATINGS,TIME_INITIAL,TIME_REFINE,TIME_TEST,random_test_predictions_ratings,good_test_predictions_ratings,hypers,redisplay_check,arbitrary_check
0,4c6d93b7-a328-4850-8dfe-33565ade19bf,6.9-mpc_fixed_gur_sym,symgur1.0,A195MOXRMNHRVT,Completed,1,40,41,15,6.806164264678955,199.7673602104187,57.53797912597656,"{207958: (-0.26496334980818853, 0.0), 33924: (0.7832165047208612, -0.5), 119191: (0.25088663556238056, -0.5), 245712: (0.5556443149322989, 0.5), 113237: (-0.6303404000971407, -0.5), 208591: (-0.3438022748318039, 0.0), 306319: (-0.3611370933639956, -0.5), 191903: (-0.3585891037846325, 0.5), 264177: (0.7365640519371011, 0.0), 261659: (0.001462671411253863, 0.5)}","{321922: (1.3227511141264916, 1.0), 321912: (1.316376986325126, 1.0), 33833: (1.2804349056635076, 0.0), 321905: (1.2786351239922507, 1.0), 33548: (1.2771805172761708, 0.0)}","{'noise': 0.36929832712786875, 'amp': 1.1528897022416285, 'ls': 3.691198854713705}","[(1.0, 0.5)]",[]
