impression,user_id,app_version,model_version,mturk_id,status,NUM_INITIAL_RATINGS,NUM_REFINE_RATINGS,TOTAL_TRAINING_RATINGS,NUM_TEST_RATINGS,TIME_INITIAL,TIME_REFINE,TIME_TEST,random_test_predictions_ratings,good_test_predictions_ratings,hypers,redisplay_check,arbitrary_check
0,e8d69547-0942-46ee-bd2f-e0ca71af31a4,6.9-mpc_fixed_gur_sym,symgur1.0,A3ADQ2RLQNJQDU,Completed,1,40,41,15,10.153434991836548,270.4877927303314,79.44485116004944,"{120254: (0.2926099892925834, 1.0), 168657: (0.31340015265273236, 0.0), 328256: (-0.82588682253272, 0.0), 6886: (0.11918460956987906, 1.0), 73659: (-1.4131226089340645, -1.0), 56324: (0.47750799236867125, 0.0), 291551: (0.11179084573097961, -1.0), 97562: (-0.879633646953103, -1.0), 241279: (0.9752154857855702, 1.0), 235239: (-0.5191662387932532, 1.0)}","{120962: (1.912182803488934, 1.0), 225937: (1.891925244517189, 1.0), 209312: (1.8823090029227982, 1.0), 121094: (1.8718177751758809, 1.0), 120725: (1.8453977025395858, 1.0)}","{'noise': 0.6234863970267558, 'amp': 1.1326991928034027, 'ls': 2.776766710931531}","[(1.0, 1.0)]",[]
