impression,user_id,app_version,model_version,mturk_id,status,NUM_INITIAL_RATINGS,NUM_REFINE_RATINGS,TOTAL_TRAINING_RATINGS,NUM_TEST_RATINGS,TIME_INITIAL,TIME_REFINE,TIME_TEST,random_test_predictions_ratings,good_test_predictions_ratings,hypers,redisplay_check,arbitrary_check
0,1176a15e-6d0a-490c-98d1-f2cf46ce2e03,6.9-mpc_fixed_gur_sym,symgur1.0,A28G4QO0DRY8OZ,Completed,1,40,41,15,5.185399532318115,205.43588018417358,47.94665718078613,"{256935: (0.3150428361131296, 0.5), 53613: (0.7019181638497338, 1.0), 223526: (0.2764069919808727, -0.5), 223077: (-0.31789848872048354, -1.0), 209379: (-0.6156211287593766, -1.0), 316429: (-0.8678365198127487, -0.5), 272366: (0.3766127827068667, -0.5), 144798: (-0.8646252894456339, -0.5), 57588: (0.3033421225209084, 0.5), 151819: (0.04179282218452056, 0.0)}","{127331: (1.4478675387045803, 1.0), 127137: (1.4446802918116481, 0.5), 127177: (1.4395829546607977, 0.5), 127517: (1.3976417160282066, 0.5), 171204: (1.3737993763305676, 0.5)}","{'noise': 0.51812113066822, 'amp': 1.1523567059491544, 'ls': 3.549163110319113}","[(-1.0, 0.0)]",[]
