impression,user_id,app_version,model_version,mturk_id,status,NUM_INITIAL_RATINGS,NUM_REFINE_RATINGS,TOTAL_TRAINING_RATINGS,NUM_TEST_RATINGS,TIME_INITIAL,TIME_REFINE,TIME_TEST,random_test_predictions_ratings,good_test_predictions_ratings,hypers,redisplay_check,arbitrary_check
0,2c1d87a1-3d7b-433b-a189-ba38845f947f,6.9-mpc_fixed_gur_sym,symgur1.0,A1KN5CEN4GQ3E8,Completed,1,40,41,15,2.908970832824707,369.74989438056946,47.170610427856445,"{319602: (-0.25008552984802745, 0.5), 260533: (-0.2610314875208788, 0.0), 244250: (0.10946218200079373, 0.5), 327107: (0.4877055076687627, -1.0), 55299: (0.33178314909134976, 1.0), 269137: (0.19661756199717859, 0.0), 246999: (0.23815244679556777, 0.0), 305085: (0.12072027695725292, -0.5), 144749: (0.5256572554384882, -1.0), 284147: (-0.24550348785601733, 0.5)}","{12794: (1.138311082158133, 0.0), 124394: (1.1061741002912278, -0.5), 160561: (1.1059787284194553, 1.0), 258787: (1.1034476883897968, 0.0), 12699: (1.0998860278446412, 0.0)}","{'noise': 0.5064833890420256, 'amp': 0.9540847994389343, 'ls': 3.2310937602861562}","[(-0.5, -1.0)]",[]
