impression,user_id,app_version,model_version,mturk_id,status,NUM_INITIAL_RATINGS,NUM_REFINE_RATINGS,TOTAL_TRAINING_RATINGS,NUM_TEST_RATINGS,TIME_INITIAL,TIME_REFINE,TIME_TEST,random_test_predictions_ratings,good_test_predictions_ratings,hypers,redisplay_check,arbitrary_check
0,6f1e7c15-40bf-45d4-8c92-33b6f1f13921,6.9-mpc_fixed_gur_sym,symgur1.0,A2CA2CUWD2BH07,Completed,1,40,41,15,11.968629360198975,555.4612927436829,122.48281693458557,"{282244: (-0.076030848297485, 0.5), 218124: (0.2077458524641158, 0.0), 264967: (0.2819195488271594, 0.0), 96980: (-0.24538194145694434, -0.5), 162179: (-0.18739181062878546, -0.5), 210580: (0.06887417666588566, -0.5), 93065: (-0.16348400064350563, -0.5), 290513: (0.1152155900164105, 0.0), 59057: (-0.52237276951355, 0.5), 238732: (0.00334347131893159, 0.5)}","{83059: (1.2742641405733401, 0.0), 83268: (1.2674670022300645, 0.5), 82955: (1.2493633133151443, 0.5), 13309: (1.246063051548754, 0.5), 82774: (1.2324804914806613, 0.5)}","{'noise': 0.39721690810524907, 'amp': 1.0241739098173728, 'ls': 3.380973125594825}","[(0.0, 0.0)]",[]
