impression,user_id,app_version,model_version,mturk_id,status,NUM_INITIAL_RATINGS,NUM_REFINE_RATINGS,TOTAL_TRAINING_RATINGS,NUM_TEST_RATINGS,TIME_INITIAL,TIME_REFINE,TIME_TEST,random_test_predictions_ratings,good_test_predictions_ratings,hypers,redisplay_check,arbitrary_check
0,b5d63891-29ed-4969-a45c-e20e9d20b18d,6.9-mpc_fixed_gur_sym,symgur1.0,A34GH9SAZ3NAGE,Completed,1,40,41,15,13.057144165039062,281.19507026672363,97.75929975509644,"{245841: (-0.2301524106630261, 1.0), 62188: (-0.4372995811186132, 1.0), 227319: (0.0020822301401979965, -0.5), 215104: (0.31944002021815127, 0.5), 178723: (-0.4630786933433995, 0.0), 277905: (0.9743185548992712, 0.5), 181816: (-0.48742925835635653, -0.5), 68132: (0.10253752723442086, -1.0), 243350: (-0.5372347110210652, -0.5), 133221: (-0.06882228374726086, -1.0)}","{267919: (1.8983583689806678, 0.5), 61743: (1.8764291434842977, 0.5), 61300: (1.8374644456267555, 0.5), 61771: (1.8150296375107984, 0.5), 267947: (1.8061739454740855, 0.5)}","{'noise': 0.5141688284743743, 'amp': 1.5162838680778747, 'ls': 3.5040176906569864}","[(-0.5, -0.5)]",[]
