impression,user_id,app_version,model_version,mturk_id,status,NUM_INITIAL_RATINGS,NUM_REFINE_RATINGS,TOTAL_TRAINING_RATINGS,NUM_TEST_RATINGS,TIME_INITIAL,TIME_REFINE,TIME_TEST,random_test_predictions_ratings,good_test_predictions_ratings,hypers,redisplay_check,arbitrary_check
0,d2081beb-f584-47b6-8b52-c544ad841f38,6.9-mpc_fixed_gur_sym,symgur1.0,A32BQNJMLMZYG0,Completed,1,40,41,15,161.83343052864075,384.839551448822,50.88375639915466,"{183363: (-0.10237619722937281, -1.0), 3462: (0.24423997658923344, 1.0), 198080: (0.35490852039545673, 1.0), 85522: (0.27235788020331014, -1.0), 132206: (0.23806412392182058, 1.0), 274763: (-0.30474136360626813, 1.0), 226474: (0.4952888745014714, -0.5), 316566: (0.23943623791617857, -0.5), 43743: (0.551253456048743, -0.5), 73076: (0.05613787742124339, -1.0)}","{43728: (0.8336131133685392, 1.0), 291474: (0.832557477573846, 0.5), 43911: (0.8237121127443265, 0.5), 324259: (0.823336222039933, 0.5), 60334: (0.8210613987594735, -1.0)}","{'noise': 0.7814839379455196, 'amp': 0.7012791413988886, 'ls': 2.4650972176622172}","[(-1.0, -1.0)]",[]
