impression,user_id,app_version,model_version,mturk_id,status,NUM_INITIAL_RATINGS,NUM_REFINE_RATINGS,TOTAL_TRAINING_RATINGS,NUM_TEST_RATINGS,TIME_INITIAL,TIME_REFINE,TIME_TEST,random_test_predictions_ratings,good_test_predictions_ratings,hypers,redisplay_check,arbitrary_check
0,734c2779-5eff-43a5-9a8a-8cd777db1f6a,6.9-mpc_fixed_gur_sym,symgur1.0,A2DF8W7SDWLURD,Completed,1,40,41,15,11.385622501373291,348.7889392375946,90.24229311943054,"{78861: (-0.03504917132816912, -1.0), 147069: (-0.432786132207946, -0.5), 174688: (-0.8789548694715582, -0.5), 136860: (-0.7680938566557071, -1.0), 115768: (0.6801527587870337, 0.5), 202001: (-0.32323030172259054, -0.5), 179955: (-0.4304241971857411, -1.0), 315951: (-0.24680675540391864, 0.5), 168882: (-0.001253487186792454, 1.0), 172094: (-0.3198197909335948, -0.5)}","{24042: (1.667493738940901, 1.0), 270298: (1.6498828185597434, 1.0), 33360: (1.6432141198222, 1.0), 270442: (1.6028395306620238, 1.0), 252070: (1.5766483520058217, 0.5)}","{'noise': 0.3140192455446293, 'amp': 1.2852745098960514, 'ls': 3.7387321999778154}","[(-0.5, -0.5)]",[]
