impression,user_id,app_version,model_version,mturk_id,status,NUM_INITIAL_RATINGS,NUM_REFINE_RATINGS,TOTAL_TRAINING_RATINGS,NUM_TEST_RATINGS,TIME_INITIAL,TIME_REFINE,TIME_TEST,random_test_predictions_ratings,good_test_predictions_ratings,hypers,redisplay_check,arbitrary_check
0,6ca94e8c-839f-407a-9679-02d17ccb3323,6.9-mpc_fixed_gur_sym,symgur1.0,A16ENVVHDK1LQQ,Completed,1,40,41,15,12.90786623954773,199.09077525138855,26.04460382461548,"{98124: (0.13160195336715985, 0.0), 26209: (0.26609608243563077, 0.5), 48654: (-0.06700109430003476, 0.0), 2070: (-0.20989712665215896, 0.5), 121232: (0.08870907918188295, 0.0), 302855: (0.36484482467480367, 0.5), 241188: (0.2924737185738427, 0.0), 328711: (-0.1492832641980591, 0.0), 214633: (-0.009638567503282514, 0.0), 188630: (-0.03256465630383762, 0.5)}","{282355: (0.7135665530233171, 0.0), 282308: (0.6849368883397992, 0.5), 330571: (0.6768694642399301, 0.0), 282197: (0.6727204473548198, 0.5), 282082: (0.6714499175920056, 0.5)}","{'noise': 0.3322619178793653, 'amp': 0.6692356561514685, 'ls': 3.57127412050484}","[(0.0, 0.5)]",[]
