impression,user_id,app_version,model_version,mturk_id,status,NUM_INITIAL_RATINGS,NUM_REFINE_RATINGS,TOTAL_TRAINING_RATINGS,NUM_TEST_RATINGS,TIME_INITIAL,TIME_REFINE,TIME_TEST,random_test_predictions_ratings,good_test_predictions_ratings,hypers,redisplay_check,arbitrary_check
0,3ea53d61-0108-4314-9ca6-cee1668708c3,6.9-mpc_fixed_gur_sym,symgur1.0,A1DWSHGZGK8X0K,Completed,1,40,41,15,6.295412063598633,325.8716495037079,101.01300811767578,"{145836: (0.1351967634163474, -0.5), 7259: (-0.44125291366483954, -0.5), 51184: (-0.05367889631103784, -0.5), 168866: (-0.41143537445685197, -0.5), 242360: (0.3457600105945656, 0.5), 52415: (0.2410209577289338, 0.5), 246548: (0.6379406642978364, -1.0), 82800: (0.15905833299533492, -0.5), 101013: (0.0385905651510213, 0.5), 187805: (0.28425255549686357, 1.0)}","{33392: (1.532210016066975, 0.5), 266773: (1.5248081281583181, 0.5), 33841: (1.5141434238469518, 0.5), 126196: (1.487062700390759, 0.5), 237148: (1.4699140614192385, 0.5)}","{'noise': 0.32326168655497517, 'amp': 1.0841063806302007, 'ls': 3.395111533568574}","[(0.5, 0.5)]",[]
