impression,user_id,app_version,model_version,mturk_id,status,NUM_INITIAL_RATINGS,NUM_REFINE_RATINGS,TOTAL_TRAINING_RATINGS,NUM_TEST_RATINGS,TIME_INITIAL,TIME_REFINE,TIME_TEST,random_test_predictions_ratings,good_test_predictions_ratings,hypers,redisplay_check,arbitrary_check
0,ece0a593-892b-45bb-a899-319dc6325ceb,6.9-mpc_fixed_gur_sym,symgur1.0,A3IQRBKS1DUJVZ,Completed,1,40,41,15,21.48483395576477,171.2511510848999,44.92729830741882,"{200636: (-0.40833282837755813, -0.5), 81924: (0.28012941666893015, 0.5), 247719: (-0.352565423586556, -0.5), 241598: (0.0320202493266271, 0.5), 72528: (-0.1032925703008369, 0.5), 88238: (0.05258687578907527, 0.0), 213994: (-0.25631425152161547, 0.5), 218512: (-0.23567106961781675, 0.0), 305277: (-0.24081956508419383, -0.5), 115606: (0.23626932066078488, 0.0)}","{125844: (0.9395430263105246, -0.5), 24171: (0.9261186049103137, 0.5), 33489: (0.9205380025609002, -0.5), 277769: (0.9168145029554402, 0.5), 126264: (0.9027906065024706, 0.5)}","{'noise': 0.45168552775546705, 'amp': 0.8310295769676267, 'ls': 3.3474004923841716}","[(1.0, 0.5)]",[]
