impression,user_id,app_version,model_version,mturk_id,status,NUM_INITIAL_RATINGS,NUM_REFINE_RATINGS,TOTAL_TRAINING_RATINGS,NUM_TEST_RATINGS,TIME_INITIAL,TIME_REFINE,TIME_TEST,random_test_predictions_ratings,good_test_predictions_ratings,hypers,redisplay_check,arbitrary_check
0,05124e5f-fdc6-4792-9375-e3b7306abf10,6.9-mpc_fixed_gur_sym,symgur1.0,A3OLRWACCCCUTU,Completed,1,40,41,15,10.840788125991821,271.53140115737915,68.44935512542725,"{283186: (-0.8608818435629666, -0.5), 152441: (-0.1379014590326907, -0.5), 91020: (1.0307424297545804, -0.5), 106044: (0.04330834830935121, 0.5), 276375: (-0.3827658527937878, -1.0), 258811: (-0.09654838844295234, 0.5), 288026: (0.23293080589774928, 0.5), 286679: (-0.087037029863059, -0.5), 301824: (-0.40707230968264085, 0.5), 15009: (-0.8374749401582098, -1.0)}","{267775: (2.096095114184218, 1.0), 216129: (2.0856468431008297, 1.0), 216174: (2.073463196635106, 1.0), 267820: (2.0590765626497087, 1.0), 216144: (2.045337057527688, 1.0)}","{'noise': 0.3638265982543282, 'amp': 2.008160411453708, 'ls': 4.832369688670592}","[(-0.5, -0.5)]",[]
