impression,user_id,app_version,model_version,mturk_id,status,NUM_INITIAL_RATINGS,NUM_REFINE_RATINGS,TOTAL_TRAINING_RATINGS,NUM_TEST_RATINGS,TIME_INITIAL,TIME_REFINE,TIME_TEST,random_test_predictions_ratings,good_test_predictions_ratings,hypers,redisplay_check,arbitrary_check
0,20fdb4b5-7e45-4d5e-a9d2-9c5f93c8a544,6.9-mpc_fixed_gur_sym,symgur1.0,AMBZATQDG38V0,Completed,1,40,41,15,5.936739206314087,481.1341152191162,90.1474769115448,"{159496: (0.3711205058706878, 1.0), 329276: (0.3621380014128671, 1.0), 322856: (-0.2618785642345037, -1.0), 209008: (-0.5680873941455562, -1.0), 7950: (-0.3685820248233075, 1.0), 292742: (0.5643369979606585, -1.0), 60261: (-0.0624333518582969, -1.0), 267784: (0.4212625483246819, 1.0), 178446: (-0.40501937423719314, -1.0), 261201: (-0.4436055775937943, -1.0)}","{117660: (1.1543999245942316, 1.0), 117619: (1.139562772644505, 1.0), 117391: (1.0875492376823965, 1.0), 117996: (1.0858500297037557, 1.0), 257002: (1.0826710944000777, 1.0)}","{'noise': 0.720712387369002, 'amp': 0.8299547396226595, 'ls': 2.424558034197129}","[(-1.0, -1.0)]",[]
