impression,user_id,app_version,model_version,mturk_id,status,NUM_INITIAL_RATINGS,NUM_REFINE_RATINGS,TOTAL_TRAINING_RATINGS,NUM_TEST_RATINGS,TIME_INITIAL,TIME_REFINE,TIME_TEST,random_test_predictions_ratings,good_test_predictions_ratings,hypers,redisplay_check,arbitrary_check
0,30d75ecd-5c45-40d7-b6bd-db52335a6954,6.9-mpc_fixed_gur_sym,symgur1.0,AVJ7MQZ6AQF5M,Completed,1,40,41,15,8.4116792678833,226.4194073677063,50.05136847496033,"{105532: (-0.06680858042447951, -1.0), 188619: (0.6826188482824307, 0.0), 261633: (-0.33859468798069275, 0.5), 158526: (1.0080034718770703, 1.0), 310920: (-0.5879710472740769, -1.0), 279883: (-0.5646749617555142, -0.5), 282478: (-0.26560880012984206, -1.0), 70405: (-0.08040111808942209, 0.0), 149353: (0.6070124637475687, 1.0), 36309: (1.0412809573410584, 1.0)}","{28696: (2.198641176196655, 1.0), 108279: (2.1449273277300454, 1.0), 28914: (2.1385672113919814, 1.0), 108545: (2.133603447051587, 1.0), 29360: (2.1303436822062953, 1.0)}","{'noise': 0.3652105125205789, 'amp': 1.9477835165728337, 'ls': 4.222972729161634}","[(1.0, 0.5)]",[]
