impression,user_id,app_version,model_version,mturk_id,status,NUM_INITIAL_RATINGS,NUM_REFINE_RATINGS,TOTAL_TRAINING_RATINGS,NUM_TEST_RATINGS,TIME_INITIAL,TIME_REFINE,TIME_TEST,random_test_predictions_ratings,good_test_predictions_ratings,hypers,redisplay_check,arbitrary_check
0,936cc273-9b70-4c90-ac9f-5080c249ece3,6.9-mpc_fixed_gur_sym,symgur1.0,AMD6UIKLUJCFW,Completed,1,40,41,15,3.223799705505371,165.67928218841553,31.859601497650146,"{323707: (0.25236326183580937, -1.0), 12573: (-0.0735051307571343, 1.0), 113833: (0.03372459006386585, 0.5), 248394: (-0.01375713307652604, 1.0), 233458: (-0.2597042903815506, -1.0), 313876: (-0.18985696699406648, -1.0), 15995: (-0.018939072837385967, -1.0), 218169: (0.15156224180732844, 0.5), 96726: (0.0320677256584031, 0.5), 284282: (0.26654064214528717, 0.5)}","{324563: (0.6061239242309286, 1.0), 20827: (0.6057071745727834, -0.5), 21224: (0.5827976584362913, -1.0), 227684: (0.5806669620826493, 0.0), 20995: (0.5748148447165934, 1.0)}","{'noise': 0.7039065233898265, 'amp': 0.6224131407125046, 'ls': 2.6007751890036523}","[(1.0, 1.0)]",[]
