impression,user_id,app_version,model_version,mturk_id,status,NUM_INITIAL_RATINGS,NUM_REFINE_RATINGS,TOTAL_TRAINING_RATINGS,NUM_TEST_RATINGS,TIME_INITIAL,TIME_REFINE,TIME_TEST,random_test_predictions_ratings,good_test_predictions_ratings,hypers,redisplay_check,arbitrary_check
0,918b6f02-7663-42a3-a5c4-6e62bb3b8379,6.9-mpc_fixed_gur_sym,symgur1.0,A2Y7L7R5UTQ5R2,Completed,1,40,41,15,5.537102937698364,298.7513473033905,140.1082980632782,"{310688: (0.18824076935499923, -1.0), 178078: (-0.15325238852516035, 1.0), 53671: (-0.4094908085499338, 1.0), 326466: (-0.11321900293659799, 1.0), 282669: (-0.3607873135886505, -1.0), 36718: (-0.19811671989175605, -1.0), 98317: (-0.0766404759585665, 1.0), 50410: (0.1952924951463918, 1.0), 243106: (-0.09258932596547531, 1.0), 63427: (-0.24832670933956663, -1.0)}","{112168: (0.9998783231847941, -1.0), 62752: (0.983787380056492, -1.0), 31147: (0.9755900565262642, -1.0), 112113: (0.9649992435543375, 0.5), 43395: (0.955779687316705, -1.0)}","{'noise': 0.8322798902722555, 'amp': 0.8143107039323402, 'ls': 2.5533654482987527}","[(-1.0, 0.5)]",[]
