impression,user_id,app_version,model_version,mturk_id,status,NUM_INITIAL_RATINGS,NUM_REFINE_RATINGS,TOTAL_TRAINING_RATINGS,NUM_TEST_RATINGS,TIME_INITIAL,TIME_REFINE,TIME_TEST,random_test_predictions_ratings,good_test_predictions_ratings,hypers,redisplay_check,arbitrary_check
0,2ea0180e-9da9-4f27-9ab1-0c68ab8f26fc,6.9-mpc_fixed_gur_sym,symgur1.0,A3TMVAECAVF9X5,Completed,1,40,41,15,8.790058612823486,659.5162844657898,195.4962453842163,"{316369: (-0.4195707603258343, -0.5), 36059: (0.521978611810955, 1.0), 210475: (-0.26164492452509563, -0.5), 100884: (0.2424035419963242, 0.5), 155671: (-0.03273185948288157, -0.5), 254651: (-0.3767264621684184, -0.5), 299808: (0.13119286236253047, 0.5), 143120: (0.20808467042204803, -0.5), 164909: (-0.23261624510542678, 0.5), 14537: (-0.4142187162449792, -0.5)}","{252387: (0.9953525331308974, 0.5), 237069: (0.9690759413487517, 1.0), 252622: (0.9411759698982132, 0.0), 252593: (0.9389749808070222, 1.0), 171267: (0.9271281909436682, 1.0)}","{'noise': 0.3767302695009728, 'amp': 0.8179728299188812, 'ls': 3.5050987335787562}","[(-0.5, -0.5)]",[]
