impression,user_id,app_version,model_version,mturk_id,status,NUM_INITIAL_RATINGS,NUM_REFINE_RATINGS,TOTAL_TRAINING_RATINGS,NUM_TEST_RATINGS,TIME_INITIAL,TIME_REFINE,TIME_TEST,random_test_predictions_ratings,good_test_predictions_ratings,hypers,redisplay_check,arbitrary_check
0,331d5f23-7912-4fb6-8c25-c796ec80f39e,6.9-mpc_fixed_gur_sym,symgur1.0,A31U7VGTEOY2RG,Completed,1,40,41,15,8.28786301612854,285.4559257030487,83.72007441520691,"{91479: (0.6045158681620519, 1.0), 314010: (0.754113243302794, 1.0), 257384: (-1.2593062875273362, 0.5), 214871: (-0.4400870811088873, -1.0), 116527: (0.09207359208822224, 1.0), 96960: (0.18257424218647164, -0.5), 255798: (0.27755146794664454, 1.0), 293460: (0.09695000107691848, -1.0), 207146: (0.17869734898855938, 1.0), 236134: (-0.9141765240106616, -1.0)}","{160836: (1.888019074692414, 0.5), 96219: (1.874587204512061, 0.5), 148383: (1.8631676228926723, 0.5), 241236: (1.8534839950787547, 0.5), 198648: (1.853031847937176, 0.5)}","{'noise': 0.5507964732904386, 'amp': 1.2572792045587058, 'ls': 2.905266206661526}","[(1.0, 1.0)]",[]
