impression,user_id,app_version,model_version,mturk_id,status,NUM_INITIAL_RATINGS,NUM_REFINE_RATINGS,TOTAL_TRAINING_RATINGS,NUM_TEST_RATINGS,TIME_INITIAL,TIME_REFINE,TIME_TEST,random_test_predictions_ratings,good_test_predictions_ratings,hypers,redisplay_check,arbitrary_check
0,80f67085-3f36-4da0-9e9b-6b9c9a079157,6.9-mpc_fixed_gur_sym,symgur1.0,A1UPJ6S46IUUJP,Completed,1,40,41,15,9.8885018825531,287.36979150772095,93.68035578727722,"{102240: (-0.12595541391429474, 0.0), 174907: (-0.2522504674935493, 0.0), 179869: (-0.3993746263166889, -0.5), 282626: (0.2950529422389965, 0.5), 102945: (0.00021241762828479172, 0.5), 190844: (0.3130691245540895, 0.0), 93939: (0.7265786356151754, 0.5), 66651: (-0.4435366201889292, -0.5), 274262: (-0.1283132154553413, 0.0), 286563: (0.38560516588850136, 0.5)}","{183989: (1.204721744728188, 0.5), 184071: (1.1669532422556808, 0.5), 184217: (1.1629121541774488, 0.5), 184043: (1.1503434580668026, 0.5), 184063: (1.1445448997250616, 0.5)}","{'noise': 0.2935402436231798, 'amp': 1.2283757488626497, 'ls': 4.353546919252426}","[(0.5, 0.5)]",[]
