impression,user_id,app_version,model_version,mturk_id,status,NUM_INITIAL_RATINGS,NUM_REFINE_RATINGS,TOTAL_TRAINING_RATINGS,NUM_TEST_RATINGS,TIME_INITIAL,TIME_REFINE,TIME_TEST,random_test_predictions_ratings,good_test_predictions_ratings,hypers,redisplay_check,arbitrary_check
0,de892b1a-a9ba-44eb-8caa-47880fcfe9b6,6.9-mpc_fixed_gur_sym,symgur1.0,AQ9Y6WD8O72ZC,Completed,1,40,41,15,5.739273309707642,233.77336287498474,59.87684345245361,"{120865: (-0.22980173891013672, -1.0), 12843: (0.23443471368669375, -1.0), 196618: (0.5201356238306438, -0.5), 180607: (-0.15857776218329622, -0.5), 262217: (-0.5699060479717304, 0.5), 140574: (-0.08962770415373417, 1.0), 143923: (-0.41916584861201456, -1.0), 230198: (0.1886213553656173, 0.5), 235612: (0.41362474657133874, 0.5), 174821: (0.2723229828748113, 0.5)}","{321894: (1.3228719748859707, 1.0), 135057: (1.3006289886345987, 1.0), 321912: (1.2921069028112688, 1.0), 134914: (1.2915002354421845, 1.0), 135198: (1.2875890571465196, 1.0)}","{'noise': 0.5641327118485205, 'amp': 1.157294829055998, 'ls': 3.250047034542887}","[(-1.0, -1.0)]",[]
