impression,user_id,app_version,model_version,mturk_id,status,NUM_INITIAL_RATINGS,NUM_REFINE_RATINGS,TOTAL_TRAINING_RATINGS,NUM_TEST_RATINGS,TIME_INITIAL,TIME_REFINE,TIME_TEST,random_test_predictions_ratings,good_test_predictions_ratings,hypers,redisplay_check,arbitrary_check
0,5843ef3e-5dff-40ee-b439-36f0913898b3,6.9-mpc_fixed_gur_sym,symgur1.0,A224EAEEF6Q17H,Completed,1,40,41,15,12.88020133972168,221.6991832256317,57.47311234474182,"{244591: (-0.6204260523691285, -0.5), 202298: (-0.4696804161141309, -0.5), 87928: (0.1656694593422653, 0.5), 29193: (0.30993822370519275, 0.0), 187626: (-0.28776546563116123, 0.5), 134733: (0.15395842398705709, -0.5), 1957: (0.5052745282574318, 0.0), 214313: (-0.23443479358627034, -0.5), 278603: (-0.02821674434991217, -1.0), 209689: (0.03387667007972886, 0.5)}","{261047: (1.4286062320861235, 0.5), 12795: (1.426366986071023, 0.5), 43895: (1.4259174490603517, 0.5), 12101: (1.4187180956748595, 0.5), 261031: (1.4173637181268084, 1.0)}","{'noise': 0.33590462041603636, 'amp': 1.2407272695800655, 'ls': 3.982695872268815}","[(-0.5, -0.5)]",[]
