impression,user_id,app_version,model_version,mturk_id,status,NUM_INITIAL_RATINGS,NUM_REFINE_RATINGS,TOTAL_TRAINING_RATINGS,NUM_TEST_RATINGS,TIME_INITIAL,TIME_REFINE,TIME_TEST,random_test_predictions_ratings,good_test_predictions_ratings,hypers,redisplay_check,arbitrary_check
0,3f9b5d6d-ab26-4c91-ac7d-e0abff1471b4,6.9-mpc_fixed_gur_sym,symgur1.0,A3CCFD0700KTPV,Completed,1,40,41,15,11.831556797027588,240.52991127967834,72.40268850326538,"{265982: (0.21054554653031235, -0.5), 322253: (-0.044648178870809546, 1.0), 7775: (-0.2625821145191765, -1.0), 229241: (0.724780844265341, -0.5), 86401: (-0.17545791893152698, 1.0), 102747: (-0.4926486929686731, -0.5), 54879: (-0.1685237556949011, -0.5), 235134: (-0.027632621802029772, -0.5), 23941: (-0.2817979276528748, 0.5), 24988: (-0.3037716591229546, -0.5)}","{144666: (1.2582542917665476, 1.0), 126570: (1.2466426371362367, 1.0), 103610: (1.2336013178639798, 1.0), 155475: (1.2321044813430144, 1.0), 35115: (1.1962113837930044, 1.0)}","{'noise': 0.32789450756517763, 'amp': 1.0710008837102736, 'ls': 3.886340178376296}","[(-1.0, -1.0)]",[]
