impression,user_id,app_version,model_version,mturk_id,status,NUM_INITIAL_RATINGS,NUM_REFINE_RATINGS,TOTAL_TRAINING_RATINGS,NUM_TEST_RATINGS,TIME_INITIAL,TIME_REFINE,TIME_TEST,random_test_predictions_ratings,good_test_predictions_ratings,hypers,redisplay_check,arbitrary_check
0,2b96c519-8001-4751-85be-4971fac305bf,6.9-mpc_fixed_gur_sym,symgur1.0,A3W0SCW5UYEB0F,Completed,1,40,41,15,8.013280391693115,227.99952006340027,67.47643899917603,"{28056: (-0.40956125373163427, -0.5), 69208: (0.1456681489316044, 0.0), 273402: (-0.03862949156046241, 0.0), 172200: (0.11143029051021282, 0.5), 214335: (-0.050837689144981, 0.0), 100241: (-0.6306255327651518, -1.0), 87790: (0.13713997270783057, -0.5), 14537: (-0.38024899648204624, 0.0), 16272: (0.4744877492042298, 0.5), 208260: (0.08408127796048537, 0.5)}","{191239: (0.9125685683046807, 0.5), 221234: (0.908332211634111, 0.5), 221369: (0.9078841838854537, 0.5), 221154: (0.9023896650027323, 0.5), 221550: (0.9019420287429475, 0.5)}","{'noise': 0.43262936439508676, 'amp': 0.9204204556622362, 'ls': 3.58342611086222}","[(0.5, 0.5)]",[]
