impression,user_id,app_version,model_version,mturk_id,status,NUM_INITIAL_RATINGS,NUM_REFINE_RATINGS,TOTAL_TRAINING_RATINGS,NUM_TEST_RATINGS,TIME_INITIAL,TIME_REFINE,TIME_TEST,random_test_predictions_ratings,good_test_predictions_ratings,hypers,redisplay_check,arbitrary_check
0,057427bf-9378-4162-90f2-e1decf2c1157,6.9-mpc_fixed_gur_sym,symgur1.0,A2OVX9UW5WANQE,Completed,1,40,41,15,5.763415575027466,233.44301009178162,51.0767936706543,"{40326: (0.08908540651636067, 0.0), 206359: (-0.4465791357904191, 0.5), 228735: (0.4880977721353793, 0.0), 243281: (-0.4238333321120619, 0.5), 99024: (-0.7952192311103388, 0.5), 1910: (1.0619809285010395, -0.5), 10978: (-0.4267060698077316, -1.0), 322399: (0.7896738157107114, 0.5), 122394: (0.168435734984676, -0.5), 231470: (0.5436221621074386, 0.0)}","{234284: (1.4026025510308209, -0.5), 42742: (1.4012997131147666, -1.0), 239265: (1.3939361307084346, 1.0), 151900: (1.3842012222268023, -0.5), 176719: (1.3812310719770926, -0.5)}","{'noise': 0.16491516470367204, 'amp': 0.5761280759840921, 'ls': 0.8288345895545993}","[(0.0, 0.5)]",[]
