impression,user_id,app_version,model_version,mturk_id,status,NUM_INITIAL_RATINGS,NUM_REFINE_RATINGS,TOTAL_TRAINING_RATINGS,NUM_TEST_RATINGS,TIME_INITIAL,TIME_REFINE,TIME_TEST,random_test_predictions_ratings,good_test_predictions_ratings,hypers,redisplay_check,arbitrary_check
0,64fe610d-9777-4f45-bcab-6e414a07172a,6.9-mpc_fixed_gur_sym,symgur1.0,A10MMKNAZMBTEI,Completed,1,40,41,15,9.425166845321655,200.89012360572815,47.0286648273468,"{250924: (0.11096473513972528, 0.5), 264452: (-0.12720078615021874, -1.0), 253309: (0.011423225928002753, 0.5), 58525: (0.16961064402843024, 0.0), 80270: (-0.09432658855484455, -0.5), 221233: (0.16064774008054233, 1.0), 322815: (0.05894657739616204, -0.5), 35399: (0.02878160253675173, 0.5), 205962: (-0.1041334000412994, -0.5), 155323: (0.053925508972007305, 0.5)}","{162419: (0.4492223840367099, 0.0), 327007: (0.44753642221019774, 0.0), 162482: (0.445973153440936, -0.5), 83576: (0.44071978167365367, 1.0), 83639: (0.4389949090402372, 0.5)}","{'noise': 0.506954511000569, 'amp': 0.6510510347351766, 'ls': 3.792891919626971}","[(0.5, -1.0)]",[]
