impression,user_id,app_version,model_version,mturk_id,status,NUM_INITIAL_RATINGS,NUM_REFINE_RATINGS,TOTAL_TRAINING_RATINGS,NUM_TEST_RATINGS,TIME_INITIAL,TIME_REFINE,TIME_TEST,random_test_predictions_ratings,good_test_predictions_ratings,hypers,redisplay_check,arbitrary_check
0,384abfcd-02e2-4bf4-bd7b-0ef939a22c68,6.9-mpc_fixed_gur_sym,symgur1.0,A1VBP1RMKGUXB,Completed,1,40,41,15,7.7583067417144775,289.5906445980072,79.86386561393738,"{66072: (0.0802700909800228, 0.0), 253064: (-0.1811406767875196, -0.5), 87274: (-0.09325418562444003, 0.0), 148796: (-0.499587534263061, -1.0), 138137: (-0.06669698775108644, 0.5), 146287: (0.4889986904191078, 0.5), 135549: (-0.13304804581629653, 0.5), 92078: (-0.2924429664607629, -1.0), 177956: (-0.5809334948566225, 0.0), 30584: (0.21948871838358544, -1.0)}","{142960: (0.7209999187147921, 1.0), 143213: (0.7120473922366224, 0.5), 142968: (0.6980673712632157, 0.0), 301871: (0.6971497970820759, 1.0), 143229: (0.6941481243719367, -1.0)}","{'noise': 0.6574702069146477, 'amp': 0.7487280665214388, 'ls': 3.097301565277455}","[(0.0, -1.0)]",[]
