impression,user_id,app_version,model_version,mturk_id,status,NUM_INITIAL_RATINGS,NUM_REFINE_RATINGS,TOTAL_TRAINING_RATINGS,NUM_TEST_RATINGS,TIME_INITIAL,TIME_REFINE,TIME_TEST,random_test_predictions_ratings,good_test_predictions_ratings,hypers,redisplay_check,arbitrary_check
0,c5bf3f46-9f39-4a0f-b16d-c07285b8627d,6.9-mpc_fixed_gur_sym,symgur1.0,AW2IJYOPX2MSE,Completed,1,40,41,15,1.9782230854034424,2125.2484135627747,58.588430404663086,"{36139: (-0.265465518095432, -0.5), 277586: (0.3808767852603676, 0.0), 241934: (0.021663926114325507, 0.5), 225701: (0.45727456331205646, 0.5), 91793: (-0.10991957560382344, -1.0), 205064: (-0.13999580056494543, -1.0), 119743: (0.11059475857687506, 1.0), 91421: (-0.30728627464157987, -0.5), 29200: (-0.7146515862698615, 0.0), 23144: (0.0824553902758942, 1.0)}","{40156: (0.8471706560749217, 0.0), 308068: (0.8209448773776885, -1.0), 293650: (0.8045559099309623, -0.5), 40075: (0.804486349291394, 1.0), 293731: (0.7958874925548106, -0.5)}","{'noise': 0.6791621876994716, 'amp': 0.7824184563902985, 'ls': 2.7541806940643077}","[(0.5, -1.0)]",[]
