impression,user_id,app_version,model_version,mturk_id,status,NUM_INITIAL_RATINGS,NUM_REFINE_RATINGS,TOTAL_TRAINING_RATINGS,NUM_TEST_RATINGS,TIME_INITIAL,TIME_REFINE,TIME_TEST,random_test_predictions_ratings,good_test_predictions_ratings,hypers,redisplay_check,arbitrary_check
0,5aa61c89-ff18-47f2-8ea4-cf9506153ca2,6.9-mpc_fixed_gur_sym,symgur1.0,A22DDO8NILSX6O,Completed,1,40,41,15,7.294360637664795,223.31203866004944,66.30039119720459,"{197027: (-0.022916991943161255, 0.5), 202753: (0.0034558075820807187, 0.5), 266908: (-0.049920503674726, 0.0), 77980: (0.03885271595134522, 0.0), 49431: (-0.1297171394158615, -0.5), 189059: (-0.1746458881568077, -0.5), 323887: (0.1375756298802318, 0.0), 33108: (-0.03605633591046874, -0.5), 275205: (0.017969883485857565, 0.5), 113226: (-0.08298224470644262, -0.5)}","{11055: (0.31457688854767907, 0.5), 10757: (0.31350681583397877, 0.5), 10711: (0.31202919327760814, 0.5), 11233: (0.3078878616621691, 1.0), 43454: (0.30562561518862275, 0.5)}","{'noise': 0.43435309062319, 'amp': 0.5884125409293264, 'ls': 4.5234679536129425}","[(0.5, 0.5)]",[]
