impression,user_id,app_version,model_version,mturk_id,status,NUM_INITIAL_RATINGS,NUM_REFINE_RATINGS,TOTAL_TRAINING_RATINGS,NUM_TEST_RATINGS,TIME_INITIAL,TIME_REFINE,TIME_TEST,random_test_predictions_ratings,good_test_predictions_ratings,hypers,redisplay_check,arbitrary_check
0,e877c5b3-8f27-4de0-8d07-54c4d049f113,6.9-mpc_fixed_gur_sym,symgur1.0,A3EL3GR8OKME99,Completed,1,40,41,15,9.100204944610596,358.531094789505,120.4595160484314,"{122190: (-0.07951618312016645, -0.5), 48095: (0.24053674044998835, 0.0), 199595: (0.18484680062132972, -0.5), 158572: (-0.149455543058561, 1.0), 114666: (-0.48114014151939716, 0.5), 223358: (-0.4107030500390614, -1.0), 227490: (-0.2538165791362466, -1.0), 16660: (0.2569444463256896, -0.5), 148955: (0.2634560390043902, 1.0), 34121: (0.10477758534788582, 1.0)}","{128766: (1.2780657515427964, -0.5), 48320: (1.2640749920833083, 0.5), 128745: (1.2580666051598546, -1.0), 128869: (1.252308027515364, 0.0), 149193: (1.2516003517185519, 0.5)}","{'noise': 0.34671965420722095, 'amp': 0.6076162367618185, 'ls': 1.0749024879642157}","[(0.0, 0.5)]",[]
