impression,user_id,app_version,model_version,mturk_id,status,NUM_INITIAL_RATINGS,NUM_REFINE_RATINGS,TOTAL_TRAINING_RATINGS,NUM_TEST_RATINGS,TIME_INITIAL,TIME_REFINE,TIME_TEST,random_test_predictions_ratings,good_test_predictions_ratings,hypers,redisplay_check,arbitrary_check
0,a51e4d52-0abc-4bad-911b-f780efb2a05a,7.4-og-binary-mpc,2.0,AXIH9BMJRJ70N,Completed,1,40,41,15,39.84016299247742,438.04424142837524,192.37112736701965,"{104335: (0.20082089082152696, -0.5), 158181: (0.15041805892682436, 0.5), 180489: (0.12936177381636238, 0.5), 68990: (0.08238743316971033, -0.5), 41881: (0.010558761360542061, 0.5), 18521: (0.017803375138674478, 0.5), 60608: (-0.1584065321755494, -0.5), 155554: (-0.10044749664346216, -0.5), 122691: (-0.23892310794456886, -0.5), 212610: (-0.06627990941682817, -0.5)}","{191760: (0.4210437550662989, 0.5), 264954: (0.4190574814176916, 0.5), 112304: (0.4152220643663474, 0.5), 267878: (0.41328109652029904, 0.5), 227801: (0.41302545528654466, 0.5)}","{'noise': 0.1763968598121279, 'amp': 0.48250636800063984, 'ls': 0.6716666539934304}","[(-0.5, 0.5)]",[]
