impression,user_id,app_version,model_version,mturk_id,status,NUM_INITIAL_RATINGS,NUM_REFINE_RATINGS,TOTAL_TRAINING_RATINGS,NUM_TEST_RATINGS,TIME_INITIAL,TIME_REFINE,TIME_TEST,random_test_predictions_ratings,good_test_predictions_ratings,hypers,redisplay_check,arbitrary_check
0,91448443-22fc-4d45-b8cd-0ba0ea5d0333,7.4-og-binary-mpc,2.0,A25NFNUW0PWSSB,Completed,1,40,41,15,5.153918027877808,148.38732194900513,48.98477792739868,"{53471: (-0.34245232345102505, -0.5), 244669: (0.1204711345273862, -0.5), 218895: (-0.5408137398103976, 0.5), 107595: (0.22259026763335063, 0.5), 114151: (0.2041946132197775, 0.5), 261831: (0.2799771164022291, -0.5), 43711: (0.2396540780584969, 0.5), 145747: (0.19337308064362022, 0.5), 6642: (-0.16241188840235832, 0.5), 79113: (0.0319315478896265, 0.5)}","{274296: (0.8242203004009216, 0.5), 68203: (0.8159102560354881, 0.5), 323481: (0.8138906165994836, 0.5), 67763: (0.8137094111546995, 0.5), 67764: (0.8017302431800836, 0.5)}","{'noise': 0.16228956910164294, 'amp': 0.4883100276778741, 'ls': 0.8928106237689721}","[(-0.5, -0.5)]",[]
