impression,user_id,app_version,model_version,mturk_id,status,NUM_INITIAL_RATINGS,NUM_REFINE_RATINGS,TOTAL_TRAINING_RATINGS,NUM_TEST_RATINGS,TIME_INITIAL,TIME_REFINE,TIME_TEST,random_test_predictions_ratings,good_test_predictions_ratings,hypers,redisplay_check,arbitrary_check
0,1f0c6cc8-d32b-4c71-8645-7c03c9295a06,7.4-og-binary-mpc,2.0,A389KAGDNVULOJ,Completed,1,40,41,15,5.5265398025512695,250.95339941978455,91.83776998519897,"{144827: (0.32126557868279504, 0.5), 69409: (-0.23594178061180668, -0.5), 322612: (-0.7668687784770701, -0.5), 158845: (-0.2132789366157583, 0.5), 15859: (-0.03761117370242276, -0.5), 65394: (0.31099007065939954, -0.5), 236278: (0.00956900830859222, 0.5), 295679: (-0.493258242973442, -0.5), 253172: (-0.004572569774738296, 0.5), 106966: (-0.35991157242076616, 0.5)}","{233889: (0.8280673737762398, 0.5), 200350: (0.8196576064978547, 0.5), 65113: (0.8184342314175781, 0.5), 233401: (0.8080721601589146, 0.5), 243061: (0.8078367682648708, -0.5)}","{'noise': 0.2095245210466806, 'amp': 0.4790463556985727, 'ls': 0.9809138066277645}","[(0.5, 0.5)]",[]
