impression,user_id,app_version,model_version,mturk_id,status,NUM_INITIAL_RATINGS,NUM_REFINE_RATINGS,TOTAL_TRAINING_RATINGS,NUM_TEST_RATINGS,TIME_INITIAL,TIME_REFINE,TIME_TEST,random_test_predictions_ratings,good_test_predictions_ratings,hypers,redisplay_check,arbitrary_check
0,2e31d993-d95a-4596-a422-86e3a3429abc,7.4-og-binary-mpc,2.0,A1XXDPBNE3TW0W,Completed,1,40,41,15,4.427619457244873,129.89437913894653,43.03177285194397,"{280460: (-0.03725228792376284, 0.5), 329581: (-0.16143893074127025, -0.5), 95980: (0.5455774022363463, 0.5), 251973: (-0.4316802599405276, -0.5), 93804: (0.056509965460209734, 0.5), 242463: (-0.4740353742833627, -0.5), 172444: (-0.2739247672348458, 0.5), 286158: (0.10033935672517275, -0.5), 87777: (-0.3471123046924684, -0.5), 206674: (-0.048630653235909774, 0.5)}","{196505: (0.9843594475568996, 0.5), 27309: (0.9634718465626767, 0.5), 34159: (0.9502054039257666, 0.5), 112870: (0.9480253013215729, 0.5), 96073: (0.9476782909479977, 0.5)}","{'noise': 0.16091599511808288, 'amp': 0.5009154414306294, 'ls': 1.057176866306864}","[(-0.5, -0.5)]",[]
