impression,user_id,app_version,model_version,mturk_id,status,NUM_INITIAL_RATINGS,NUM_REFINE_RATINGS,TOTAL_TRAINING_RATINGS,NUM_TEST_RATINGS,TIME_INITIAL,TIME_REFINE,TIME_TEST,random_test_predictions_ratings,good_test_predictions_ratings,hypers,redisplay_check,arbitrary_check
0,957eecc0-d5a8-42a6-b293-0a7ed8b019a6,7.4-og-binary-mpc,2.0,A26ZENZ5G8AEGM,Completed,1,40,41,15,8.23356819152832,209.93660616874695,64.68141055107117,"{152543: (-0.29260604585169475, 0.5), 202997: (-0.05952365540746403, -0.5), 51903: (0.4649255049463958, 0.5), 145561: (0.545390370502403, 0.5), 306102: (0.001665061385222641, 0.5), 273458: (0.11174631494417839, 0.5), 175164: (0.44898659428406906, 0.5), 70918: (0.5740557741813098, 0.5), 140829: (0.4252393648253931, 0.5), 268096: (0.13923906954936138, -0.5)}","{103372: (0.9790762113875127, 0.5), 76891: (0.9782961765656875, 0.5), 198851: (0.968573138892693, 0.5), 76510: (0.9685141098958315, 0.5), 183874: (0.9658527489583844, 0.5)}","{'noise': 0.1880651920997414, 'amp': 0.48252919505297026, 'ls': 0.9150311600111235}","[(0.5, 0.5)]",[]
