impression,user_id,app_version,model_version,mturk_id,status,NUM_INITIAL_RATINGS,NUM_REFINE_RATINGS,TOTAL_TRAINING_RATINGS,NUM_TEST_RATINGS,TIME_INITIAL,TIME_REFINE,TIME_TEST,random_test_predictions_ratings,good_test_predictions_ratings,hypers,redisplay_check,arbitrary_check
0,b9f0442c-abac-4509-9557-e0a86a12ad89,7.4-og-binary-mpc,2.0,A2GSJLX3J6TMDH,Completed,1,40,41,15,4.67016339302063,203.06641793251038,57.06162357330322,"{78687: (-0.20360311424908045, -0.5), 110251: (-0.7330562863641252, -0.5), 235363: (-0.16721107695267703, 0.5), 236812: (-0.4929181678372758, 0.5), 99821: (0.071735983670768, 0.5), 226178: (0.5487486590985142, 0.5), 106360: (-0.28579301640226457, 0.5), 25134: (0.056222680755774496, 0.5), 156642: (-0.1504098976392386, 0.5), 279893: (0.022409769224677335, 0.5)}","{143672: (0.8142164871820817, 0.5), 73226: (0.8136561023457172, 0.5), 241483: (0.8106266577929877, 0.5), 154517: (0.8104080293404228, 0.5), 119639: (0.8082104361048723, 0.5)}","{'noise': 0.17074097900871996, 'amp': 0.4741313636428353, 'ls': 0.9333402250571995}","[(0.5, 0.5)]",[]
