impression,user_id,app_version,model_version,mturk_id,status,NUM_INITIAL_RATINGS,NUM_REFINE_RATINGS,TOTAL_TRAINING_RATINGS,NUM_TEST_RATINGS,TIME_INITIAL,TIME_REFINE,TIME_TEST,random_test_predictions_ratings,good_test_predictions_ratings,hypers,redisplay_check,arbitrary_check
0,b890b4eb-61e6-4e66-a622-3340050c881b,7.4-og-binary-mpc,2.0,A2B0J7HGR6T34W,Completed,1,40,41,15,21.103009700775146,397.0780620574951,93.15113878250122,"{32655: (0.26904740779462477, -0.5), 51538: (-0.16016038895932516, 0.5), 87306: (0.17421591281120496, -0.5), 45665: (0.196231067366228, 0.5), 244055: (0.10195332684437217, -0.5), 233404: (-0.5110711536562139, -0.5), 34365: (-0.10445741470674391, 0.5), 126712: (-0.0694248132188281, 0.5), 284770: (-0.11192831355218025, 0.5), 243750: (0.185088997881144, -0.5)}","{115540: (0.8375692977341574, 0.5), 127177: (0.8345908643680207, 0.5), 171050: (0.8267180726246102, 0.5), 64295: (0.7893377258085984, 0.5), 24227: (0.7860558130467996, 0.5)}","{'noise': 0.35354855961300274, 'amp': 1.0378107510530792, 'ls': 5.715791999455629}","[(0.5, 0.5)]",[]
