impression,user_id,app_version,model_version,mturk_id,status,NUM_INITIAL_RATINGS,NUM_REFINE_RATINGS,TOTAL_TRAINING_RATINGS,NUM_TEST_RATINGS,TIME_INITIAL,TIME_REFINE,TIME_TEST,random_test_predictions_ratings,good_test_predictions_ratings,hypers,redisplay_check,arbitrary_check
0,510d6561-d80d-4a42-a6b1-f3c06eaece40,7.4-og-binary-mpc,2.0,A2374MG0MUAKC1,Completed,1,40,41,15,5.217421531677246,156.34547305107117,46.160523414611816,"{33365: (-0.4428046993458319, -0.5), 124535: (-0.4182710055570061, -0.5), 272650: (-0.5504306817429309, -0.5), 5951: (-0.3998339099342218, -0.5), 133404: (0.41049420978037515, 0.5), 83053: (-0.31915303558843905, 0.5), 274227: (-0.5107799531485862, -0.5), 244166: (0.28179614693927346, 0.5), 152866: (-0.3015014926230815, -0.5), 237706: (0.5374078251805053, 0.5)}","{196711: (0.9824574957858393, 0.5), 39608: (0.9824327007444089, 0.5), 308055: (0.9700985610816061, 0.5), 280654: (0.9647564829133846, 0.5), 314269: (0.9578903082769695, 0.5)}","{'noise': 0.16904887463370777, 'amp': 0.4922108791439813, 'ls': 0.9850708578708856}","[(0.5, 0.5)]",[]
