impression,user_id,app_version,model_version,mturk_id,status,NUM_INITIAL_RATINGS,NUM_REFINE_RATINGS,TOTAL_TRAINING_RATINGS,NUM_TEST_RATINGS,TIME_INITIAL,TIME_REFINE,TIME_TEST,random_test_predictions_ratings,good_test_predictions_ratings,hypers,redisplay_check,arbitrary_check
0,ca07af85-7fb2-4bd3-8469-3f026fdf3b7f,7.4-og-binary-mpc,2.0,A221J0YB28SBLI,Completed,1,40,41,15,18.465213537216187,386.5845160484314,118.71592164039612,"{105087: (-0.4613190948245502, 0.5), 177221: (-0.22392443563122177, -0.5), 106772: (-0.307941847171676, -0.5), 55103: (-0.7687724109527435, 0.5), 180539: (0.33738394752924317, 0.5), 267857: (0.19212821213050024, 0.5), 314568: (-0.40033700487608015, -0.5), 189041: (-0.11974316739839716, -0.5), 323615: (-0.051549306452837354, -0.5), 249445: (0.20724900096516732, 0.5)}","{239502: (0.9802363791716424, -0.5), 279851: (0.9692081761777214, -0.5), 280167: (0.9668464701749778, -0.5), 252463: (0.9594221541880364, 0.5), 329766: (0.9586381286133919, 0.5)}","{'noise': 0.20155835293568486, 'amp': 0.4787528074413806, 'ls': 1.0371777151122374}","[(-0.5, -0.5)]",[]
