impression,user_id,app_version,model_version,mturk_id,status,NUM_INITIAL_RATINGS,NUM_REFINE_RATINGS,TOTAL_TRAINING_RATINGS,NUM_TEST_RATINGS,TIME_INITIAL,TIME_REFINE,TIME_TEST,random_test_predictions_ratings,good_test_predictions_ratings,hypers,redisplay_check,arbitrary_check
0,adcb09e0-5ebd-420b-bb8c-b6a470d5b8cd,7.4-og-binary-mpc,2.0,A2VZBQLSFZC519,Completed,1,40,41,15,7.355966329574585,247.57969975471497,82.92713594436646,"{478: (0.0140722261855315, 0.5), 78205: (-0.2698949154546241, -0.5), 45012: (0.13885958045491814, -0.5), 329122: (-0.08014939127422571, 0.5), 323495: (-0.3263720224342607, -0.5), 42355: (-0.5186913714260091, -0.5), 199758: (-0.3732697266441156, -0.5), 262296: (-0.032723788826673636, 0.5), 20662: (0.21266917128373505, 0.5), 32613: (0.030178130722670646, -0.5)}","{312648: (0.9042941249259117, 0.5), 243876: (0.8998317791697161, 0.5), 41274: (0.8994817067540924, 0.5), 8451: (0.8971901857325207, 0.5), 281187: (0.8896181229884207, 0.5)}","{'noise': 0.18904294120580323, 'amp': 0.4775035672773382, 'ls': 1.0070661311667146}","[(-0.5, -0.5)]",[]
