impression,user_id,app_version,model_version,mturk_id,status,NUM_INITIAL_RATINGS,NUM_REFINE_RATINGS,TOTAL_TRAINING_RATINGS,NUM_TEST_RATINGS,TIME_INITIAL,TIME_REFINE,TIME_TEST,random_test_predictions_ratings,good_test_predictions_ratings,hypers,redisplay_check,arbitrary_check
0,68d4c5d1-30f9-4a69-98f0-70ca0e63afd0,7.4-og-binary-mpc,2.0,A2JI8LMB1EEQ4Z,Completed,1,40,41,15,9.727790355682373,204.86570525169373,70.55402636528015,"{21185: (-0.010434777945043118, -0.5), 93572: (0.2110322791209252, -0.5), 327497: (0.07250619001600248, -0.5), 203840: (0.14881551794870132, 0.5), 12526: (0.14607040751897774, -0.5), 9681: (-0.09269489125885524, 0.5), 79289: (0.15272490785201187, 0.5), 141238: (0.1372627877992965, 0.5), 73913: (-0.011220118622560891, 0.5), 282760: (-0.0270739689727594, 0.5)}","{241115: (0.4849124886725454, 0.5), 93472: (0.47819152669702636, -0.5), 152134: (0.46700873693491673, 0.5), 11409: (0.46632426119032494, 0.5), 152374: (0.4624513827616039, 0.5)}","{'noise': 0.18972358172961817, 'amp': 0.482130895927306, 'ls': 0.6843009058685496}","[(0.5, 0.5)]",[]
