impression,user_id,app_version,model_version,mturk_id,status,NUM_INITIAL_RATINGS,NUM_REFINE_RATINGS,TOTAL_TRAINING_RATINGS,NUM_TEST_RATINGS,TIME_INITIAL,TIME_REFINE,TIME_TEST,random_test_predictions_ratings,good_test_predictions_ratings,hypers,redisplay_check,arbitrary_check
0,1d720920-20a8-4807-91d2-1a46fd3d6ef0,7.4-og-binary-mpc,2.0,A32BQNJMLMZYG0,Completed,1,40,41,15,5.0851733684539795,130.4865038394928,52.47640085220337,"{226644: (0.2688323611485282, -0.5), 242417: (0.08114517199900662, 0.5), 164628: (-0.31973536041929634, -0.5), 213750: (0.22686336029547194, 0.5), 52157: (0.13203100082775673, -0.5), 319862: (-0.09120933158437794, 0.5), 267217: (-0.41730589055603373, 0.5), 283672: (-0.42322767672731654, -0.5), 18241: (0.2695440679660992, -0.5), 206608: (0.04881415437637523, 0.5)}","{127938: (0.8159663007521932, -0.5), 95142: (0.8038087001936705, -0.5), 127694: (0.7999235738749756, 0.5), 323771: (0.7863056141953461, 0.5), 113167: (0.7826991765334829, 0.5)}","{'noise': 0.18642833110989682, 'amp': 0.48566874703379476, 'ls': 0.8603645682110191}","[(-0.5, -0.5)]",[]
