impression,user_id,app_version,model_version,mturk_id,status,NUM_INITIAL_RATINGS,NUM_REFINE_RATINGS,TOTAL_TRAINING_RATINGS,NUM_TEST_RATINGS,TIME_INITIAL,TIME_REFINE,TIME_TEST,random_test_predictions_ratings,good_test_predictions_ratings,hypers,redisplay_check,arbitrary_check
0,ba870455-fd09-4f31-aba5-0f206972db16,7.4-og-binary-mpc,2.0,A3IR17MI4SDEFK,Completed,1,40,41,15,13.339446783065796,279.03617811203003,81.55460548400879,"{139176: (0.08501318220317951, 0.5), 10650: (0.3483742401380267, 0.5), 124752: (-0.23594128858817248, 0.5), 479: (0.3862201287464, -0.5), 61816: (0.43247277006788376, 0.5), 22780: (-0.16527441849127497, -0.5), 134716: (-0.09266080368768789, 0.5), 62907: (0.2586736021840687, 0.5), 146688: (-0.5158134612143865, -0.5), 112817: (-0.05019638705453214, 0.5)}","{144539: (0.874307012516796, 0.5), 30803: (0.8691295329325175, -0.5), 68031: (0.8652152630391634, 0.5), 319476: (0.8578745936548592, 0.5), 304163: (0.8557256813933375, -0.5)}","{'noise': 0.1763474620060249, 'amp': 0.487124725142301, 'ls': 0.9350238507615445}","[(0.5, 0.5)]",[]
