impression,user_id,app_version,model_version,mturk_id,status,NUM_INITIAL_RATINGS,NUM_REFINE_RATINGS,TOTAL_TRAINING_RATINGS,NUM_TEST_RATINGS,TIME_INITIAL,TIME_REFINE,TIME_TEST,random_test_predictions_ratings,good_test_predictions_ratings,hypers,redisplay_check,arbitrary_check
0,8485881d-bc2d-4ff6-b009-b333d0d4ba9c,7.4-og-binary-mpc,2.0,A1B3W5IRX9WW8Z,Completed,1,40,41,15,4.111092805862427,180.53272318840027,42.01712083816528,"{65076: (-0.22211276131181473, 0.5), 236616: (-0.052692477391553826, 0.5), 191214: (-0.09611825043446587, 0.5), 23977: (-0.09251910275345361, 0.5), 56005: (-0.2868183269594903, 0.5), 284635: (-0.03806249393086226, 0.5), 139997: (0.0799855017143113, -0.5), 259821: (0.23980131743552993, 0.5), 82739: (-0.006520938439158262, -0.5), 189546: (0.03683667345738128, 0.5)}","{103012: (0.5194635706122517, -0.5), 66856: (0.5135911217606723, 0.5), 48769: (0.5117996770509733, -0.5), 66818: (0.5038172098697067, 0.5), 318319: (0.5017274618182229, -0.5)}","{'noise': 0.1784711537576411, 'amp': 0.4835993837250692, 'ls': 0.6727040222105329}","[(0.5, 0.5)]",[]
