impression,user_id,app_version,model_version,mturk_id,status,NUM_INITIAL_RATINGS,NUM_REFINE_RATINGS,TOTAL_TRAINING_RATINGS,NUM_TEST_RATINGS,TIME_INITIAL,TIME_REFINE,TIME_TEST,random_test_predictions_ratings,good_test_predictions_ratings,hypers,redisplay_check,arbitrary_check
0,7ef6978b-cd1a-4747-9323-d52fd97a1542,7.4-og-binary-mpc,2.0,A1XDYW4D4B610Z,Completed,1,40,41,15,5.487008094787598,218.78681254386902,61.31402254104614,"{27805: (-0.00031911732601305406, 0.5), 116459: (-0.1994327483248704, -0.5), 93879: (0.18189079036834127, 0.5), 72335: (0.11918219673904547, -0.5), 145820: (-0.3251139066145714, -0.5), 136526: (0.26074375349485124, -0.5), 34206: (0.3123851058876507, 0.5), 47646: (-0.22532235677044415, -0.5), 834: (0.01894726545390145, -0.5), 3664: (0.02070522943175177, -0.5)}","{233836: (1.0194970719175505, 0.5), 17620: (1.016642712637053, 0.5), 265153: (1.016165001782184, 0.5), 233431: (1.0079126952389987, 0.5), 17215: (1.005527923760264, 0.5)}","{'noise': 0.3059323719684391, 'amp': 1.1331484804435559, 'ls': 6.1238355318995685}","[(-0.5, -0.5)]",[]
