impression,user_id,app_version,model_version,mturk_id,status,NUM_INITIAL_RATINGS,NUM_REFINE_RATINGS,TOTAL_TRAINING_RATINGS,NUM_TEST_RATINGS,TIME_INITIAL,TIME_REFINE,TIME_TEST,random_test_predictions_ratings,good_test_predictions_ratings,hypers,redisplay_check,arbitrary_check
0,db882fa6-45b9-436d-813c-f41ecccc827c,7.4-og-binary-mpc,2.0,A1XCQA727LJVL2,Completed,1,40,41,15,12.118281602859497,239.0603268146515,96.64597415924072,"{268487: (-0.3157537686462162, 0.5), 205203: (-0.2813376074150974, 0.5), 324868: (-0.6006262781812883, 0.5), 27177: (-0.22078926756527983, 0.5), 302446: (0.18738270165824922, 0.5), 65015: (0.046468361365931486, -0.5), 317509: (-0.06949149422398503, -0.5), 1060: (0.40360465539616935, 0.5), 5429: (-0.21143029050898282, -0.5), 29566: (-0.625122085082885, -0.5)}","{201725: (0.9175970347915701, 0.5), 35819: (0.9133249084514228, -0.5), 179334: (0.9084897494491417, 0.5), 321332: (0.9065328790336523, 0.5), 264235: (0.9037052046575821, 0.5)}","{'noise': 0.15857536265368954, 'amp': 0.4778851981806889, 'ls': 1.1377363168086032}","[(-0.5, -0.5)]",[]
