impression,user_id,app_version,model_version,mturk_id,status,NUM_INITIAL_RATINGS,NUM_REFINE_RATINGS,TOTAL_TRAINING_RATINGS,NUM_TEST_RATINGS,TIME_INITIAL,TIME_REFINE,TIME_TEST,random_test_predictions_ratings,good_test_predictions_ratings,hypers,redisplay_check,arbitrary_check
0,5a1c1be4-cba1-42fa-9274-b42df7973269,7.4-og-binary-mpc,2.0,A3785TR8D5I81Q,Completed,1,40,41,15,55.37916159629822,309.29067945480347,67.79203939437866,"{155795: (0.03520469549230298, 0.5), 80870: (-0.33433139606641743, 0.5), 111442: (0.31650469924318325, -0.5), 112582: (0.07427392416770395, -0.5), 267586: (-0.2955386274078992, 0.5), 161861: (0.04327706472875656, -0.5), 179383: (-0.07910803594736136, -0.5), 141267: (-0.04350576915663239, -0.5), 233367: (0.02853758721069938, 0.5), 317101: (0.49294333280269853, 0.5)}","{134258: (0.773748827698372, -0.5), 16211: (0.7626658455562646, -0.5), 233929: (0.7573189368876784, 0.5), 266070: (0.7567920501664221, 0.5), 241192: (0.7535870873582208, 0.5)}","{'noise': 0.17933443898645265, 'amp': 0.48525216284091827, 'ls': 0.8661815871386236}","[(-0.5, -0.5)]",[]
