impression,user_id,app_version,model_version,mturk_id,status,NUM_INITIAL_RATINGS,NUM_REFINE_RATINGS,TOTAL_TRAINING_RATINGS,NUM_TEST_RATINGS,TIME_INITIAL,TIME_REFINE,TIME_TEST,random_test_predictions_ratings,good_test_predictions_ratings,hypers,redisplay_check,arbitrary_check
0,75eedb81-2cdb-41cf-9c30-00e1f225a41b,7.4-og-binary-mpc,2.0,A1VBP1RMKGUXB,Completed,1,40,41,15,11.391870260238647,220.05684661865234,77.85453772544861,"{168308: (0.09771491386037093, -0.5), 157917: (0.10323548931070263, -0.5), 220076: (0.0038818539443197875, 0.5), 78130: (0.002259073479930488, -0.5), 224479: (-0.2557543369629968, 0.5), 212316: (0.14895944712097473, 0.5), 240984: (0.3001164090297104, 0.5), 172161: (0.22801636918626805, -0.5), 212217: (-0.1388363840435218, -0.5), 156620: (0.48093682171680463, 0.5)}","{221598: (1.0446895075074771, 0.5), 76696: (1.0372724016984352, -0.5), 101322: (1.0306703949208271, 0.5), 81793: (1.0245907980238627, 0.5), 100738: (1.0204558311587875, 0.5)}","{'noise': 0.22228970617113267, 'amp': 0.47847546455547485, 'ls': 1.1031563152747343}","[(-0.5, -0.5)]",[]
