impression,user_id,app_version,model_version,mturk_id,status,NUM_INITIAL_RATINGS,NUM_REFINE_RATINGS,TOTAL_TRAINING_RATINGS,NUM_TEST_RATINGS,TIME_INITIAL,TIME_REFINE,TIME_TEST,random_test_predictions_ratings,good_test_predictions_ratings,hypers,redisplay_check,arbitrary_check
0,a83ba280-e074-4caa-a211-2ef3613a3947,7.4-og-binary-mpc,2.0,A1ZLLYRW6GIVC7,Completed,1,40,41,15,3.556826591491699,275.97220730781555,47.936991691589355,"{210828: (0.6129245818015783, 0.5), 301519: (0.04792563702080148, -0.5), 67989: (0.1190003114777541, -0.5), 163626: (0.30054566792553244, 0.5), 247352: (0.0625492379948615, -0.5), 194027: (-0.08011910074540264, 0.5), 73509: (0.4885197210093975, 0.5), 224809: (0.09631584736482911, 0.5), 173333: (-0.12539525190885217, 0.5), 243548: (0.22475731534677962, -0.5)}","{131280: (0.8301876794343818, 0.5), 308323: (0.8238971807817177, 0.5), 132541: (0.82038031198608, 0.5), 2532: (0.8118813764386643, 0.5), 245628: (0.8042997906737528, 0.5)}","{'noise': 0.19606996421179368, 'amp': 0.4818409776638431, 'ls': 0.9188216213487502}","[(0.5, 0.5)]",[]
