impression,user_id,app_version,model_version,mturk_id,status,NUM_INITIAL_RATINGS,NUM_REFINE_RATINGS,TOTAL_TRAINING_RATINGS,NUM_TEST_RATINGS,TIME_INITIAL,TIME_REFINE,TIME_TEST,random_test_predictions_ratings,good_test_predictions_ratings,hypers,redisplay_check,arbitrary_check
0,601a2158-a210-4d7f-bb85-c8c6396dcf59,7.4-og-binary-mpc,2.0,A4TAI9Y0PDH3U,Completed,1,40,41,15,10.190347909927368,262.03908491134644,81.80138611793518,"{249776: (0.11941475716105016, 0.5), 36266: (0.143027544491297, 0.5), 184379: (-0.732023006724426, -0.5), 169351: (-0.015485479549794338, -0.5), 241588: (-0.16121040037861645, 0.5), 321: (-0.027110793063037868, -0.5), 119027: (-0.15110101218306657, -0.5), 101697: (-0.6211144278874424, -0.5), 325593: (-0.03749472174937086, -0.5), 43959: (0.5320890046107759, 0.5)}","{171150: (1.13205863890746, 0.5), 127187: (1.1180560435871612, 0.5), 127277: (1.10376908945406, 0.5), 66046: (1.0876758051057276, 0.5), 24214: (1.0753886621838884, 0.5)}","{'noise': 0.18520837114839023, 'amp': 0.4901658841711068, 'ls': 1.2437284856809414}","[(0.5, 0.5)]",[]
