impression,user_id,app_version,model_version,mturk_id,status,NUM_INITIAL_RATINGS,NUM_REFINE_RATINGS,TOTAL_TRAINING_RATINGS,NUM_TEST_RATINGS,TIME_INITIAL,TIME_REFINE,TIME_TEST,random_test_predictions_ratings,good_test_predictions_ratings,hypers,redisplay_check,arbitrary_check
0,ad0ec7b0-c929-488d-a2ae-bd4e2fe0aece,7.4-og-binary-mpc,2.0,A1HTK5IZEWYUCY,Completed,1,40,41,15,18.491281032562256,806.2773427963257,158.00344800949097,"{7455: (-0.06484391328662584, 0.5), 292365: (-0.2472355686429294, -0.5), 272195: (0.15077241112772816, -0.5), 270530: (0.3051874045593872, -0.5), 73760: (-0.09363525321402379, 0.5), 14005: (0.1613635870184891, -0.5), 44446: (-0.25320055650413886, -0.5), 113328: (0.36106777388120387, 0.5), 116574: (0.09829197413172278, -0.5), 135294: (-0.4281827334414101, -0.5)}","{10547: (0.6237205789042689, 0.5), 61565: (0.6114023282704375, 0.5), 81009: (0.6090451246823683, 0.5), 62919: (0.6088348851218087, 0.5), 153570: (0.6023095503033199, 0.5)}","{'noise': 0.17582136501352355, 'amp': 0.48534458677502745, 'ls': 0.8003226006737321}","[(0.5, 0.5)]",[]
