impression,user_id,app_version,model_version,mturk_id,status,NUM_INITIAL_RATINGS,NUM_REFINE_RATINGS,TOTAL_TRAINING_RATINGS,NUM_TEST_RATINGS,TIME_INITIAL,TIME_REFINE,TIME_TEST,random_test_predictions_ratings,good_test_predictions_ratings,hypers,redisplay_check,arbitrary_check
0,1a3bf0b2-1423-4074-aa9e-b05116c82960,7.4-og-binary-mpc,2.0,A2IIIRZ1UMOND,Completed,1,40,41,15,4.949928522109985,143.02466869354248,42.27159237861633,"{217909: (0.1501547345677327, 0.5), 82931: (0.5536971011118836, 0.5), 263301: (0.1055362927830781, -0.5), 152091: (0.195648631101847, 0.5), 309787: (0.3857929496331245, 0.5), 59409: (0.36337169072345354, 0.5), 38951: (0.47853404898002827, 0.5), 64811: (0.3036247984285923, -0.5), 107342: (-0.2702666699885141, -0.5), 317327: (0.2316353195631692, 0.5)}","{307146: (0.8177181649844456, 0.5), 270074: (0.797331978706263, -0.5), 189554: (0.7970587044373129, 0.5), 210355: (0.7969655907640252, 0.5), 260301: (0.7935868719368304, 0.5)}","{'noise': 0.1809704504087065, 'amp': 0.47672360764967103, 'ls': 0.8984700035881067}","[(0.5, 0.5)]",[]
