impression,user_id,app_version,model_version,mturk_id,status,NUM_INITIAL_RATINGS,NUM_REFINE_RATINGS,TOTAL_TRAINING_RATINGS,NUM_TEST_RATINGS,TIME_INITIAL,TIME_REFINE,TIME_TEST,random_test_predictions_ratings,good_test_predictions_ratings,hypers,redisplay_check,arbitrary_check
0,0f1c2add-9b33-45b5-a984-b7273f03575e,7.4-og-binary-mpc,2.0,A235DXY5FJN0IW,Completed,1,40,41,15,3.034886598587036,388.2677574157715,26.54107904434204,"{317379: (-0.08568971749448212, -0.5), 190327: (-0.22021459908748228, 0.5), 260388: (-0.06388596454881301, 0.5), 89670: (0.09005854432196982, 0.5), 185937: (0.03512125651252507, 0.5), 133026: (0.12012923154730197, -0.5), 295441: (-0.07481906229787745, -0.5), 36812: (-0.16637151512818257, -0.5), 39411: (0.3624123963256704, -0.5), 131246: (-0.38817907982792166, 0.5)}","{47356: (0.5679400040980898, 0.5), 321196: (0.5616121317392719, 0.5), 233335: (0.5433489016261015, -0.5), 297157: (0.5314716459700123, -0.5), 109533: (0.5305955208073355, 0.5)}","{'noise': 0.1755755665663521, 'amp': 0.48479458154584765, 'ls': 0.7262896701962387}","[(0.5, -0.5)]",[]
