impression,user_id,app_version,model_version,mturk_id,status,NUM_INITIAL_RATINGS,NUM_REFINE_RATINGS,TOTAL_TRAINING_RATINGS,NUM_TEST_RATINGS,TIME_INITIAL,TIME_REFINE,TIME_TEST,random_test_predictions_ratings,good_test_predictions_ratings,hypers,redisplay_check,arbitrary_check
0,0ae9be85-17d6-4995-a2e9-0990215b7caa,7.4-og-binary-mpc,2.0,A9LYIVFG3ZU4Z,Completed,1,40,41,15,23.003600597381592,216.48736882209778,65.1066963672638,"{106779: (-0.015323355025755086, 0.5), 208330: (0.28485990649985693, 0.5), 85769: (0.02869082826030397, -0.5), 257328: (-0.12817462822598036, 0.5), 34303: (-0.2204342838287956, -0.5), 6072: (-0.3464465861385201, -0.5), 58856: (0.41026678309132086, -0.5), 241260: (-0.14945179166011924, -0.5), 123424: (-0.07935893350708298, 0.5), 106160: (0.37644643093283253, 0.5)}","{14255: (0.8073674774423364, 0.5), 117304: (0.7980663326510548, 0.5), 116749: (0.7979125751924091, -0.5), 69958: (0.7926138616663133, -0.5), 162576: (0.791753241547885, 0.5)}","{'noise': 0.16573527727564, 'amp': 0.48359163784840353, 'ls': 0.8792867937610849}","[(-0.5, 0.5)]",[]
