impression,user_id,app_version,model_version,mturk_id,status,NUM_INITIAL_RATINGS,NUM_REFINE_RATINGS,TOTAL_TRAINING_RATINGS,NUM_TEST_RATINGS,TIME_INITIAL,TIME_REFINE,TIME_TEST,random_test_predictions_ratings,good_test_predictions_ratings,hypers,redisplay_check,arbitrary_check
0,1e30302f-086b-462a-b7cc-73a2e6ed2321,7.4-og-binary-mpc,2.0,A1969Q0R4Y0E3J,Completed,1,40,41,15,3.4725522994995117,181.8810110092163,83.73061180114746,"{92136: (-0.20618817979806225, -0.5), 4842: (0.311879222850378, 0.5), 146503: (0.09394776818917096, 0.5), 76150: (0.0571649294774538, -0.5), 317248: (-0.19649946795557846, 0.5), 260391: (0.2867435627118843, 0.5), 44253: (-0.12311689271252395, -0.5), 75658: (0.3391670565825799, 0.5), 313353: (-0.05436518283381616, -0.5), 145957: (-0.4398408651048499, 0.5)}","{84890: (0.8196945618985995, -0.5), 85337: (0.8100496986011348, 0.5), 115507: (0.8004232857070356, 0.5), 152606: (0.7991854919948161, 0.5), 61492: (0.7990690263019166, 0.5)}","{'noise': 0.16886905823608397, 'amp': 0.4949816119269165, 'ls': 0.9054895332052019}","[(0.5, 0.5)]",[]
