impression,user_id,app_version,model_version,mturk_id,status,NUM_INITIAL_RATINGS,NUM_REFINE_RATINGS,TOTAL_TRAINING_RATINGS,NUM_TEST_RATINGS,TIME_INITIAL,TIME_REFINE,TIME_TEST,random_test_predictions_ratings,good_test_predictions_ratings,hypers,redisplay_check,arbitrary_check
0,32d339a5-4c13-403c-95a9-bc7751e3eaf1,7.4-og-binary-mpc,2.0,A3MK4HB1UCOXS6,Completed,1,40,41,15,359.30609917640686,364.8578038215637,52.7759792804718,"{26935: (0.06793808332735596, -0.5), 61369: (0.056501606960329256, 0.5), 289011: (0.02028030117093993, -0.5), 303893: (-0.3238974078161942, -0.5), 293108: (-0.28493857897642605, -0.5), 189112: (-0.015041441204892259, -0.5), 229356: (-0.07613289797520653, -0.5), 72113: (-0.17310338185383897, -0.5), 181020: (-0.5210121181818462, -0.5), 34213: (-0.13889455608083312, -0.5)}","{309491: (0.4577264983022425, 0.5), 294497: (0.4560331986099275, 0.5), 168077: (0.44929952274786467, -0.5), 178736: (0.4464837197103596, -0.5), 70095: (0.4412374715752105, 0.5)}","{'noise': 0.19005663971039574, 'amp': 0.6310273378997265, 'ls': 1.2077547096368255}","[(0.5, 0.5)]",[]
