impression,user_id,app_version,model_version,mturk_id,status,NUM_INITIAL_RATINGS,NUM_REFINE_RATINGS,TOTAL_TRAINING_RATINGS,NUM_TEST_RATINGS,TIME_INITIAL,TIME_REFINE,TIME_TEST,random_test_predictions_ratings,good_test_predictions_ratings,hypers,redisplay_check,arbitrary_check
0,aa49fce5-7453-4511-9654-167a821f1b25,7.4-og-binary-mpc,2.0,AWQTPM5UV35GZ,Completed,1,40,41,15,5.846935510635376,233.44835138320923,82.54275679588318,"{103119: (0.1831139800801897, -0.5), 190684: (-0.27171666402509365, -0.5), 296945: (0.14202742241553007, 0.5), 242538: (-0.24593374490276512, 0.5), 128572: (0.05729390856724026, 0.5), 56729: (-0.37855908027304214, -0.5), 97180: (-0.21992737375355095, -0.5), 63446: (0.47883553124861294, 0.5), 156390: (0.4150112141661407, 0.5), 199607: (-0.4598558310656813, -0.5)}","{63565: (0.9317529702692345, 0.5), 317058: (0.9115456054875756, 0.5), 74017: (0.9099844656488943, 0.5), 13868: (0.9022540106299755, 0.5), 225102: (0.8992135764501621, 0.5)}","{'noise': 0.17563865410896903, 'amp': 0.4715896976672147, 'ls': 1.144312114487184}","[(0.5, 0.5)]",[]
