impression,user_id,app_version,model_version,mturk_id,status,NUM_INITIAL_RATINGS,NUM_REFINE_RATINGS,TOTAL_TRAINING_RATINGS,NUM_TEST_RATINGS,TIME_INITIAL,TIME_REFINE,TIME_TEST,random_test_predictions_ratings,good_test_predictions_ratings,hypers,redisplay_check,arbitrary_check
0,caa963f5-d849-4168-ae56-1fe2c8fbd526,7.4-og-binary-mpc,2.0,A28G4QO0DRY8OZ,Completed,1,40,41,15,3.279501438140869,143.75146293640137,42.099369049072266,"{49083: (0.03409971403774008, -0.5), 37518: (-0.17151315163317007, 0.5), 165199: (0.13994323196492603, -0.5), 156281: (0.09585856286157267, -0.5), 151127: (-0.16092658579493135, 0.5), 290511: (0.04887238232235579, 0.5), 194035: (-0.23273665530055188, 0.5), 206210: (0.13385508681398822, 0.5), 141181: (-0.08104219088818435, -0.5), 255723: (-0.2918906525442795, 0.5)}","{34663: (0.805937042342324, 0.5), 164552: (0.7880072991007195, 0.5), 34776: (0.7842976340419865, 0.5), 34662: (0.7816711212141151, 0.5), 64643: (0.7760417931750498, 0.5)}","{'noise': 0.3478367661790084, 'amp': 1.0581444814541379, 'ls': 5.663705984603885}","[(0.5, 0.5)]",[]
