impression,user_id,app_version,model_version,mturk_id,status,NUM_INITIAL_RATINGS,NUM_REFINE_RATINGS,TOTAL_TRAINING_RATINGS,NUM_TEST_RATINGS,TIME_INITIAL,TIME_REFINE,TIME_TEST,random_test_predictions_ratings,good_test_predictions_ratings,hypers,redisplay_check,arbitrary_check
0,e273e246-d187-4133-95e3-e8d1e75dad53,7.4-og-binary-mpc,2.0,A1LI3JQS2VBOXC,Completed,1,40,41,15,2.8832807540893555,160.02999830245972,41.60326600074768,"{7730: (-0.2773690848672578, -0.5), 227889: (-0.009541147310060383, 0.5), 14211: (0.1507411901592478, 0.5), 199905: (-0.011091339357508693, 0.5), 129463: (-0.027179049345723693, -0.5), 111128: (-0.08861044102188549, -0.5), 152812: (0.22653810397203247, -0.5), 175671: (-0.02562954387779506, -0.5), 49183: (0.006436420319304801, -0.5), 60261: (-0.26740266137712654, 0.5)}","{78311: (0.5013894337192587, 0.5), 78366: (0.4947316493738769, 0.5), 77827: (0.49080550161415626, 0.5), 78191: (0.48922335572422126, 0.5), 77825: (0.4861391987723301, 0.5)}","{'noise': 0.20224094783873872, 'amp': 0.4784721034746797, 'ls': 0.715196557877779}","[(-0.5, -0.5)]",[]
