impression,user_id,app_version,model_version,mturk_id,status,NUM_INITIAL_RATINGS,NUM_REFINE_RATINGS,TOTAL_TRAINING_RATINGS,NUM_TEST_RATINGS,TIME_INITIAL,TIME_REFINE,TIME_TEST,random_test_predictions_ratings,good_test_predictions_ratings,hypers,redisplay_check,arbitrary_check
0,66ef2faa-5b77-4a90-aef9-ac81e21d0543,7.4-og-binary-mpc,2.0,AB8XECKH1JO8P,Completed,1,40,41,15,4.457508087158203,210.81575775146484,62.125606060028076,"{7957: (0.04663266188527435, -0.5), 39526: (0.0683014284516889, -0.5), 161717: (0.12073250965338315, -0.5), 115455: (0.4836873979308821, 0.5), 220385: (0.2948610158806037, -0.5), 124811: (-0.23254590963534238, -0.5), 317044: (0.01526638037124535, -0.5), 324824: (-0.06897224693409804, 0.5), 101366: (0.44510248506931555, 0.5), 242519: (0.2891434412415682, 0.5)}","{127137: (0.9863646353679546, 0.5), 127164: (0.9785846332287053, 0.5), 127625: (0.9552924999214124, 0.5), 127517: (0.950970718996427, 0.5), 127298: (0.9375708181796767, 0.5)}","{'noise': 0.2860193319384028, 'amp': 1.5570124411326929, 'ls': 7.115227774125138}","[(-0.5, -0.5)]",[]
