impression,user_id,app_version,model_version,mturk_id,status,NUM_INITIAL_RATINGS,NUM_REFINE_RATINGS,TOTAL_TRAINING_RATINGS,NUM_TEST_RATINGS,TIME_INITIAL,TIME_REFINE,TIME_TEST,random_test_predictions_ratings,good_test_predictions_ratings,hypers,redisplay_check,arbitrary_check
0,d60c5f5f-2154-4688-ac0f-5c83be2bc4dc,7.4-og-binary-mpc,2.0,A2WJMGV0HKQG3Z,Completed,1,40,41,15,5.509925842285156,197.70741891860962,67.81853747367859,"{6482: (-0.29836096769453674, 0.5), 168946: (0.2081711335093042, 0.5), 254270: (-0.05031783142692582, 0.5), 63310: (-0.09311646285110971, -0.5), 173344: (0.04072384122583739, 0.5), 85425: (0.33562281883928646, 0.5), 167416: (-0.4533261552057811, -0.5), 277171: (0.21010513205507753, 0.5), 306847: (-0.2296984407319827, -0.5), 145872: (-0.1355769722296465, 0.5)}","{231669: (0.7552930617895806, 0.5), 95033: (0.7541256461563326, 0.5), 115178: (0.7531922932729315, 0.5), 77435: (0.7453399520004229, 0.5), 77358: (0.7427094916283029, 0.5)}","{'noise': 0.1832036704984732, 'amp': 0.4931697819582955, 'ls': 0.9104997827317831}","[(0.5, 0.5)]",[]
