impression,user_id,app_version,model_version,mturk_id,status,NUM_INITIAL_RATINGS,NUM_REFINE_RATINGS,TOTAL_TRAINING_RATINGS,NUM_TEST_RATINGS,TIME_INITIAL,TIME_REFINE,TIME_TEST,random_test_predictions_ratings,good_test_predictions_ratings,hypers,redisplay_check,arbitrary_check
0,57c7af7e-ae3e-4005-aa25-09c536e4a356,7.4-og-binary-mpc,2.0,A2HUAHAD7YHPZV,Completed,1,40,41,15,7.216608762741089,173.5028841495514,65.23722267150879,"{86906: (0.3541898243287459, 0.5), 152884: (0.3716446328105848, 0.5), 320775: (-0.14342921835568997, -0.5), 117869: (0.4160186198116982, 0.5), 162375: (-0.20198095883625924, -0.5), 233291: (0.33706288403088785, 0.5), 303814: (0.06404347715784275, 0.5), 205345: (0.45643020680251195, 0.5), 129526: (0.33928947904669376, 0.5), 108597: (0.004906254051258387, -0.5)}","{302308: (0.9838785399071575, 0.5), 302399: (0.9766610426675778, 0.5), 7108: (0.9693594629772446, 0.5), 174681: (0.9596582635360138, 0.5), 89433: (0.9582018465817114, 0.5)}","{'noise': 0.2563662287192477, 'amp': 0.4770649563995923, 'ls': 1.3364870162238651}","[(-0.5, -0.5)]",[]
