impression,user_id,app_version,model_version,mturk_id,status,NUM_INITIAL_RATINGS,NUM_REFINE_RATINGS,TOTAL_TRAINING_RATINGS,NUM_TEST_RATINGS,TIME_INITIAL,TIME_REFINE,TIME_TEST,random_test_predictions_ratings,good_test_predictions_ratings,hypers,redisplay_check,arbitrary_check
0,d220ed3f-200d-45a1-9c21-c6518bace608,7.4-og-binary-mpc,2.0,AHU6E85FP9FRO,Completed,1,40,41,15,3.6550607681274414,165.12023067474365,49.567726850509644,"{33124: (-0.012367965878328467, -0.5), 82230: (0.03404237870666891, 0.5), 194224: (-0.006599221386590432, -0.5), 9556: (0.031197412256597255, -0.5), 272369: (0.050468370501169514, 0.5), 89840: (0.03574040668993098, -0.5), 117998: (0.06297960773467526, -0.5), 241411: (-0.0022742382638748296, -0.5), 14779: (-0.07935243349094769, 0.5), 164723: (-0.18649795721930562, -0.5)}","{242233: (0.43542299398597506, 0.5), 180040: (0.40358422383095965, -0.5), 277899: (0.4007803668947577, 0.5), 180332: (0.3947714893300712, 0.5), 242127: (0.3913614098950726, 0.5)}","{'noise': 0.17814111996483847, 'amp': 0.4837623785519243, 'ls': 0.6231616123475817}","[(-0.5, -0.5)]",[]
