impression,user_id,app_version,model_version,mturk_id,status,NUM_INITIAL_RATINGS,NUM_REFINE_RATINGS,TOTAL_TRAINING_RATINGS,NUM_TEST_RATINGS,TIME_INITIAL,TIME_REFINE,TIME_TEST,random_test_predictions_ratings,good_test_predictions_ratings,hypers,redisplay_check,arbitrary_check
0,289412b3-8d4a-4533-96ad-01b6cfd4d59a,7.4-og-binary-mpc,2.0,A2KS4K0MBUG3E2,Completed,1,40,41,15,5.480790376663208,214.3084602355957,71.47277426719666,"{109733: (-0.014609957620798383, 0.5), 98317: (-0.07358286972315786, 0.5), 54984: (-0.35638887716993617, -0.5), 307053: (-0.024575048687125046, -0.5), 165281: (-0.21194473373462563, -0.5), 64016: (0.3650715493521024, 0.5), 197539: (-0.3973044434925578, -0.5), 49: (-0.1017424859531219, -0.5), 252170: (0.397613713196914, -0.5), 264931: (0.32202153550463103, 0.5)}","{95400: (0.6816177979121089, 0.5), 46137: (0.6695603803537084, 0.5), 172872: (0.664189025951091, 0.5), 48396: (0.6634218238197045, -0.5), 252657: (0.6630109693724636, -0.5)}","{'noise': 0.18750323466062985, 'amp': 0.48423398190080824, 'ls': 0.8238361064726119}","[(0.5, 0.5)]",[]
