impression,user_id,app_version,model_version,mturk_id,status,NUM_INITIAL_RATINGS,NUM_REFINE_RATINGS,TOTAL_TRAINING_RATINGS,NUM_TEST_RATINGS,TIME_INITIAL,TIME_REFINE,TIME_TEST,random_test_predictions_ratings,good_test_predictions_ratings,hypers,redisplay_check,arbitrary_check
0,51cdbc0e-fbe2-44ca-81a8-0369db523832,7.4-og-binary-mpc,2.0,AZ6DQHW7AFKPP,Completed,1,40,41,15,8.416718006134033,237.2308533191681,122.65612006187439,"{268050: (0.0963647639558225, -0.5), 159107: (-0.03724887576900326, 0.5), 308232: (-0.009465441302466165, -0.5), 186431: (-0.037696436166654815, -0.5), 322941: (0.12884684557695966, -0.5), 105402: (-0.22266286069837168, -0.5), 185771: (-0.12287840072578449, 0.5), 95651: (-0.05195745575471196, 0.5), 290515: (0.10283745218483244, -0.5), 174854: (-0.10432560815808263, 0.5)}","{302597: (0.41567823115117986, 0.5), 288259: (0.3924770752639566, 0.5), 161246: (0.38338436776070145, -0.5), 287474: (0.38113293533145715, 0.5), 4607: (0.3763732706998511, -0.5)}","{'noise': 0.1818768927445283, 'amp': 0.4835140584807094, 'ls': 0.6209816272891203}","[(0.5, 0.5)]",[]
