impression,user_id,app_version,model_version,mturk_id,status,NUM_INITIAL_RATINGS,NUM_REFINE_RATINGS,TOTAL_TRAINING_RATINGS,NUM_TEST_RATINGS,TIME_INITIAL,TIME_REFINE,TIME_TEST,random_test_predictions_ratings,good_test_predictions_ratings,hypers,redisplay_check,arbitrary_check
0,b3c3c345-f381-43ed-a65d-520a78fe5cb3,7.4-og-binary-mpc,2.0,AS7R0KA3QNVKE,Completed,1,40,41,15,3.048537254333496,153.46202731132507,43.470803022384644,"{159849: (-0.010657076349395169, -0.5), 274823: (-0.022682925553849966, -0.5), 27335: (0.08097438145043917, 0.5), 161031: (0.07478331810637696, -0.5), 107039: (-0.020790561018007178, -0.5), 1205: (0.09047568327471481, 0.5), 317523: (-0.07303656754568229, -0.5), 182579: (-0.016887162506721506, -0.5), 275586: (-0.09318848561403173, -0.5), 239466: (0.15491632984144887, 0.5)}","{47117: (0.49768563910793484, -0.5), 198858: (0.4825932690065646, -0.5), 47508: (0.48209228730824893, 0.5), 302480: (0.4765955722115993, -0.5), 160983: (0.4745140524387732, 0.5)}","{'noise': 0.1787372346685481, 'amp': 0.48329259939747865, 'ls': 0.6730270161095253}","[(0.5, -0.5)]",[]
