impression,user_id,app_version,model_version,mturk_id,status,NUM_INITIAL_RATINGS,NUM_REFINE_RATINGS,TOTAL_TRAINING_RATINGS,NUM_TEST_RATINGS,TIME_INITIAL,TIME_REFINE,TIME_TEST,random_test_predictions_ratings,good_test_predictions_ratings,hypers,redisplay_check,arbitrary_check
0,188c1781-cdfe-4571-ab90-d769e507e107,7.4-og-binary-mpc,2.0,A2THN8O1IQIRP7,Completed,1,40,41,15,2.5323944091796875,143.52854251861572,42.30125975608826,"{10944: (-0.07551878603898562, -0.5), 27335: (-0.022839252055782185, 0.5), 64830: (-0.0950703582458167, -0.5), 37136: (-0.15047197536869317, 0.5), 297472: (-0.10163819033120834, -0.5), 74352: (-0.09804579299839616, -0.5), 101369: (-0.1771380742402216, 0.5), 26108: (-0.2241102503631945, -0.5), 56061: (-0.24703808257742726, 0.5), 154595: (0.16132848912903264, -0.5)}","{223699: (0.3973671810228297, 0.5), 133867: (0.3948162239034217, 0.5), 140835: (0.38420932472748026, 0.5), 279139: (0.3821584179289485, -0.5), 210440: (0.3773528047912804, -0.5)}","{'noise': 0.1805384911767736, 'amp': 0.4835906826716756, 'ls': 0.6134152372598765}","[(-0.5, -0.5)]",[]
