impression,user_id,app_version,model_version,mturk_id,status,NUM_INITIAL_RATINGS,NUM_REFINE_RATINGS,TOTAL_TRAINING_RATINGS,NUM_TEST_RATINGS,TIME_INITIAL,TIME_REFINE,TIME_TEST,random_test_predictions_ratings,good_test_predictions_ratings,hypers,redisplay_check,arbitrary_check
0,2575874a-e9c4-471b-8914-6099d3b6706e,7.4-og-binary-mpc,2.0,AEF94JKX6FG92,Completed,1,40,41,15,5.274614095687866,198.6107325553894,61.42865467071533,"{204197: (0.11332880123645539, 0.5), 195042: (0.028025150086738462, 0.5), 235: (-0.3492736614717917, 0.5), 240543: (-0.14607348042814253, 0.5), 162213: (0.29966772926939095, 0.5), 57875: (-0.3066947428815709, 0.5), 9554: (0.09401113085859965, 0.5), 329257: (-0.18601517035700396, -0.5), 8297: (0.05272093808339443, 0.5), 244235: (0.1578330796644217, 0.5)}","{221363: (0.8098232208755715, 0.5), 158349: (0.8086027798775577, 0.5), 272342: (0.8054849605093931, 0.5), 61404: (0.8047121686050909, 0.5), 76501: (0.7995843868606809, 0.5)}","{'noise': 0.1816765006067087, 'amp': 0.479434037838334, 'ls': 0.9599353404666499}","[(0.5, 0.5)]",[]
