impression,user_id,app_version,model_version,mturk_id,status,NUM_INITIAL_RATINGS,NUM_REFINE_RATINGS,TOTAL_TRAINING_RATINGS,NUM_TEST_RATINGS,TIME_INITIAL,TIME_REFINE,TIME_TEST,random_test_predictions_ratings,good_test_predictions_ratings,hypers,redisplay_check,arbitrary_check
0,cf4f039d-1d33-42d4-bdff-995965a778bf,7.4-og-binary-mpc,2.0,A1QJ2VPPZG16EG,Completed,1,40,41,15,9.076794862747192,861.1028637886047,284.2766046524048,"{22477: (-0.3297698545043434, -0.5), 38766: (-0.6016871143702155, -0.5), 261077: (0.439846081432107, 0.5), 289297: (0.02387050246748628, -0.5), 255546: (0.13165772618371746, -0.5), 195872: (0.04511482878726502, -0.5), 197763: (-0.09032312841905887, 0.5), 117584: (0.1683579346441022, 0.5), 70959: (0.32738826403284027, 0.5), 125022: (0.6660743164210731, 0.5)}","{76597: (0.9641297920051082, 0.5), 196490: (0.9461934088120499, 0.5), 182673: (0.9451325615978131, 0.5), 287595: (0.9446610351989744, 0.5), 76683: (0.9389199765646375, 0.5)}","{'noise': 0.18587454982477572, 'amp': 0.48315821089059213, 'ls': 1.0196334337749693}","[(0.5, 0.5)]",[]
