impression,user_id,app_version,model_version,mturk_id,status,NUM_INITIAL_RATINGS,NUM_REFINE_RATINGS,TOTAL_TRAINING_RATINGS,NUM_TEST_RATINGS,TIME_INITIAL,TIME_REFINE,TIME_TEST,random_test_predictions_ratings,good_test_predictions_ratings,hypers,redisplay_check,arbitrary_check
0,93dec71d-2d9a-493a-ba21-69d2152e6d68,7.4-og-binary-mpc,2.0,A1EC0A8K4VPP76,Completed,1,40,41,15,4.509204626083374,725.2300124168396,43.45168161392212,"{105107: (-0.41338144498800206, -0.5), 293981: (-0.03411521647965263, -0.5), 164369: (-0.49900739131541727, -0.5), 300667: (-0.11015532046071867, -0.5), 303331: (0.21818820881849824, -0.5), 42333: (-0.08784277523816528, 0.5), 130714: (0.030755281729840298, 0.5), 61953: (-0.2466102188403916, -0.5), 120472: (-0.0023684739924829668, -0.5), 90190: (0.3625368925901055, 0.5)}","{65996: (0.6932409506166203, 0.5), 150379: (0.6884550630566499, 0.5), 327218: (0.6883301634583309, 0.5), 99453: (0.6841859952738634, 0.5), 45854: (0.6824199319262323, 0.5)}","{'noise': 0.18085284674031354, 'amp': 0.4841259680613247, 'ls': 0.8060795886477011}","[(0.5, 0.5)]",[]
