impression,user_id,app_version,model_version,mturk_id,status,NUM_INITIAL_RATINGS,NUM_REFINE_RATINGS,TOTAL_TRAINING_RATINGS,NUM_TEST_RATINGS,TIME_INITIAL,TIME_REFINE,TIME_TEST,random_test_predictions_ratings,good_test_predictions_ratings,hypers,redisplay_check,arbitrary_check
0,46c57872-a09b-47ac-829c-2063ce2ec0f2,7.4-og-binary-mpc,2.0,AHBYRLZ2U32Z2,Completed,1,40,41,15,4.07037615776062,176.38157057762146,273.6862242221832,"{316914: (-0.08715267468804502, 0.5), 322249: (-0.42438169940870263, 0.5), 183587: (-0.02530453620342834, 0.5), 187576: (-0.3157445680031356, 0.5), 150404: (0.2628035496784847, 0.5), 30329: (0.03544783192028916, -0.5), 302185: (-0.3092910732841476, 0.5), 72005: (-0.3536813696125013, 0.5), 168515: (-0.1713294433398044, 0.5), 168651: (-0.010790654563514926, 0.5)}","{76489: (0.7029705621556066, 0.5), 71087: (0.6946367834044944, 0.5), 319440: (0.6894139905857987, 0.5), 8203: (0.689212896829962, 0.5), 239362: (0.6873811893966429, 0.5)}","{'noise': 0.18319497520889408, 'amp': 0.4833491004467415, 'ls': 0.8051270647160033}","[(0.5, 0.5)]",[]
