impression,user_id,app_version,model_version,mturk_id,status,NUM_INITIAL_RATINGS,NUM_REFINE_RATINGS,TOTAL_TRAINING_RATINGS,NUM_TEST_RATINGS,TIME_INITIAL,TIME_REFINE,TIME_TEST,random_test_predictions_ratings,good_test_predictions_ratings,hypers,redisplay_check,arbitrary_check
0,68e2c22b-82be-4983-8de6-6d83d90d9e66,7.4-og-binary-mpc,2.0,A2FP41BSPG0Y4A,Completed,1,40,41,15,19.51218342781067,587.7398293018341,74.53723549842834,"{292665: (-0.288632498147225, 0.5), 247980: (0.14792334994071296, -0.5), 275828: (-0.023502847707544034, 0.5), 128693: (0.401360150110206, -0.5), 202303: (0.3134007046142803, 0.5), 132868: (0.21480687451332672, 0.5), 217644: (-0.08094363278425018, 0.5), 120714: (-0.4294468336983297, -0.5), 111459: (-0.08615814219046579, -0.5), 150543: (0.11482686246331163, 0.5)}","{77842: (0.7632363824214766, 0.5), 44101: (0.7583725289884137, -0.5), 157140: (0.7502257422835601, -0.5), 77885: (0.7446611418332727, 0.5), 77901: (0.7420995113977354, -0.5)}","{'noise': 0.3578021233490988, 'amp': 0.9654338185395654, 'ls': 5.440422983471426}","[(0.5, 0.5)]",[]
