impression,user_id,app_version,model_version,mturk_id,status,NUM_INITIAL_RATINGS,NUM_REFINE_RATINGS,TOTAL_TRAINING_RATINGS,NUM_TEST_RATINGS,TIME_INITIAL,TIME_REFINE,TIME_TEST,random_test_predictions_ratings,good_test_predictions_ratings,hypers,redisplay_check,arbitrary_check
0,0f6df447-7fec-427d-ad05-c3f9e81085f9,7.4-og-binary-mpc,2.0,A171SFEPLV20XD,Completed,1,40,41,15,8.959407806396484,268.4688301086426,96.3495934009552,"{123271: (0.5259387227046938, -0.5), 327475: (-0.3452640527784767, -0.5), 176553: (-0.285996506409012, 0.5), 178496: (0.768707322547349, 0.5), 189356: (0.2741485371505359, -0.5), 263584: (-0.021276631885879346, -0.5), 310691: (0.163373340897423, 0.5), 86376: (-0.07466978936553129, 0.5), 11507: (0.3245455798205003, 0.5), 94169: (0.44482232244188985, 0.5)}","{57676: (1.1170940957157942, 0.5), 67917: (1.1145218363635083, -0.5), 57722: (1.082407191781398, 0.5), 57464: (1.074125454722695, 0.5), 290542: (1.0649100230331705, 0.5)}","{'noise': 0.171060653582062, 'amp': 0.49762822653620303, 'ls': 1.1499416789057615}","[(-0.5, -0.5)]",[]
