impression,user_id,app_version,model_version,mturk_id,status,NUM_INITIAL_RATINGS,NUM_REFINE_RATINGS,TOTAL_TRAINING_RATINGS,NUM_TEST_RATINGS,TIME_INITIAL,TIME_REFINE,TIME_TEST,random_test_predictions_ratings,good_test_predictions_ratings,hypers,redisplay_check,arbitrary_check
0,642df6b3-c761-43f8-b16a-2a369cfe0580,7.4-og-binary-mpc,2.0,A39KJNWAFOD7N1,Completed,1,40,41,15,2.2309036254882812,90.97861623764038,25.46181344985962,"{178691: (-0.18176680103657925, -0.5), 170042: (-0.0826915020370409, 0.5), 318381: (0.6375229049780184, 0.5), 255254: (0.2745397166988986, 0.5), 112353: (0.010241535788230418, -0.5), 167641: (0.06715028827554001, 0.5), 320907: (0.3323554735652536, 0.5), 267575: (0.2353357597246565, 0.5), 160150: (-0.2879629219355121, -0.5), 204271: (-0.4815578484352885, -0.5)}","{108249: (0.9500793579229283, 0.5), 263869: (0.9435730847849999, 0.5), 270395: (0.9394671887626902, 0.5), 108232: (0.9333491537617875, -0.5), 24237: (0.9316863698425467, 0.5)}","{'noise': 0.1312239562501585, 'amp': 0.5057094786219668, 'ls': 1.074279171158024}","[(0.5, -0.5)]",[]
