impression,user_id,app_version,model_version,mturk_id,status,NUM_INITIAL_RATINGS,NUM_REFINE_RATINGS,TOTAL_TRAINING_RATINGS,NUM_TEST_RATINGS,TIME_INITIAL,TIME_REFINE,TIME_TEST,random_test_predictions_ratings,good_test_predictions_ratings,hypers,redisplay_check,arbitrary_check
0,247d9e09-1d7a-4102-83f3-8b643ad73bc7,7.4-og-binary-mpc,2.0,ABL2FXYMI00T6,Completed,1,40,41,15,7.0997843742370605,272.45714259147644,76.25962567329407,"{134445: (-0.28229946039455067, 0.5), 167373: (-0.1697117423320572, 0.5), 77985: (0.030755902104573234, -0.5), 198724: (-0.014076204825279092, -0.5), 31591: (0.2306786765674603, -0.5), 79308: (-0.21749734381092384, 0.5), 104281: (-0.06226764722582176, -0.5), 275222: (0.021622669740192953, 0.5), 292841: (0.11528947789013459, 0.5), 149029: (-0.0696391729572719, -0.5)}","{216288: (0.6642621827036449, 0.5), 139844: (0.6541055945550042, 0.5), 127192: (0.6494105621217137, 0.5), 141270: (0.6442263488865213, 0.5), 196526: (0.6408099879231473, 0.5)}","{'noise': 0.1734849626461795, 'amp': 0.4901292322744089, 'ls': 0.8588771483741994}","[(-0.5, -0.5)]",[]
