impression,user_id,app_version,model_version,mturk_id,status,NUM_INITIAL_RATINGS,NUM_REFINE_RATINGS,TOTAL_TRAINING_RATINGS,NUM_TEST_RATINGS,TIME_INITIAL,TIME_REFINE,TIME_TEST,random_test_predictions_ratings,good_test_predictions_ratings,hypers,redisplay_check,arbitrary_check
0,a6aa115c-f74a-409a-8530-b1e4713959cc,7.4-og-binary-mpc,2.0,A39VZ93N96XB6O,Completed,1,40,41,15,2.882570505142212,104.94066333770752,30.920722246170044,"{135671: (-0.035751867193444184, 0.5), 170163: (-0.19748858109252682, 0.5), 321524: (-0.12719773961935882, -0.5), 120964: (-0.20024345040508604, 0.5), 258853: (-0.07726254255034466, -0.5), 8: (0.12221202392719215, 0.5), 308426: (0.1256661775922816, 0.5), 158310: (0.0711560450763759, -0.5), 109373: (-0.07516417506807525, 0.5), 314552: (0.11326810701038365, 0.5)}","{271947: (0.45411000720411193, -0.5), 144671: (0.4340509752723672, 0.5), 28196: (0.4321171950881313, -0.5), 145050: (0.42910579174991337, -0.5), 210406: (0.426492357349713, 0.5)}","{'noise': 0.1762730648639353, 'amp': 0.4842110351401087, 'ls': 0.6984133781883541}","[(0.5, 0.5)]",[]
