impression,user_id,app_version,model_version,mturk_id,status,NUM_INITIAL_RATINGS,NUM_REFINE_RATINGS,TOTAL_TRAINING_RATINGS,NUM_TEST_RATINGS,TIME_INITIAL,TIME_REFINE,TIME_TEST,random_test_predictions_ratings,good_test_predictions_ratings,hypers,redisplay_check,arbitrary_check
0,89e936ef-3a09-4d3e-a6b8-245c8c6d5af9,7.4-og-binary-mpc,2.0,A2UFHATEG76AO5,Completed,1,40,41,15,18.937493562698364,309.45754623413086,113.32928681373596,"{106620: (0.3334427761867381, 0.5), 41023: (0.4333613794180825, 0.5), 287425: (0.23937532725885496, 0.5), 117269: (0.11921119485208709, -0.5), 225762: (0.514766265672, 0.5), 11164: (0.5162626426897126, 0.5), 244221: (-0.08163128849771914, -0.5), 18513: (-0.46602858573195716, -0.5), 242168: (-0.3336595690437056, -0.5), 119910: (0.043739818591022106, 0.5)}","{267746: (0.8702852311642737, 0.5), 267939: (0.8684930420673475, 0.5), 267807: (0.8287295796442269, 0.5), 265601: (0.8253289770582409, 0.5), 268044: (0.8252097526901793, 0.5)}","{'noise': 0.30734655391689314, 'amp': 1.3043616758223464, 'ls': 6.453237232150967}","[(0.5, 0.5)]",[]
