impression,user_id,app_version,model_version,mturk_id,status,NUM_INITIAL_RATINGS,NUM_REFINE_RATINGS,TOTAL_TRAINING_RATINGS,NUM_TEST_RATINGS,TIME_INITIAL,TIME_REFINE,TIME_TEST,random_test_predictions_ratings,good_test_predictions_ratings,hypers,redisplay_check,arbitrary_check
0,278faee1-1679-498a-8268-75f0e4f29753,7.4-og-binary-mpc,2.0,A2S9O0W8SRVAH8,Completed,1,40,41,15,7.0094313621521,137.8032364845276,41.81940579414368,"{73381: (-0.10206757438895092, 0.5), 284962: (-0.03474834629433597, 0.5), 92429: (0.24747783486021696, 0.5), 270290: (-0.2142344497831444, 0.5), 56630: (-0.16072726414997435, -0.5), 251127: (-0.44211006845006895, 0.5), 293567: (-0.3365091903537019, 0.5), 80006: (-0.23471136718047608, -0.5), 155336: (-0.21060107088156266, -0.5), 208693: (-0.10250028767669314, -0.5)}","{14565: (0.5769521668343722, -0.5), 33246: (0.5687387932176917, 0.5), 151783: (0.566102395173683, 0.5), 151786: (0.5651765608526191, 0.5), 102830: (0.5647536283980569, 0.5)}","{'noise': 0.1720583445429383, 'amp': 0.48060344944878025, 'ls': 0.7592788223389912}","[(-0.5, 0.5)]",[]
