impression,user_id,app_version,model_version,mturk_id,status,NUM_INITIAL_RATINGS,NUM_REFINE_RATINGS,TOTAL_TRAINING_RATINGS,NUM_TEST_RATINGS,TIME_INITIAL,TIME_REFINE,TIME_TEST,random_test_predictions_ratings,good_test_predictions_ratings,hypers,redisplay_check,arbitrary_check
0,cfca611f-b796-4ce1-b447-fc615908cff4,7.4-og-binary-mpc,2.0,A334VWE4QGAZFR,Completed,1,40,41,15,3.029425621032715,257.1249029636383,64.98158025741577,"{213155: (-0.11575375842352544, 0.5), 210723: (0.08100570090791928, -0.5), 203505: (0.06287881009958826, -0.5), 216028: (-0.025891189191231102, -0.5), 189062: (-0.12788661439993548, 0.5), 58351: (0.12856593894042248, -0.5), 234838: (-0.042672121881012715, -0.5), 298575: (-0.09954247881801453, 0.5), 91683: (-0.08006137665522581, 0.5), 210813: (0.08114020251166128, -0.5)}","{108610: (0.43172578508567927, -0.5), 96408: (0.4218203146985288, 0.5), 330796: (0.38946235446929844, 0.5), 60151: (0.3871914831378364, -0.5), 228807: (0.38040211756066933, 0.5)}","{'noise': 0.1798645202158499, 'amp': 0.4834615654662881, 'ls': 0.6162778210142699}","[(0.5, 0.5)]",[]
