impression,user_id,app_version,model_version,mturk_id,status,NUM_INITIAL_RATINGS,NUM_REFINE_RATINGS,TOTAL_TRAINING_RATINGS,NUM_TEST_RATINGS,TIME_INITIAL,TIME_REFINE,TIME_TEST,random_test_predictions_ratings,good_test_predictions_ratings,hypers,redisplay_check,arbitrary_check
0,e53666b2-303e-4b75-b33c-9f0ab4266192,7.4-og-binary-mpc,2.0,A1XODDMY1SJ0H9,Completed,1,40,41,15,3.047560214996338,73.40086007118225,19.56457829475403,"{102228: (-0.1265520605794415, 0.5), 323903: (0.03918289173167645, 0.5), 23280: (0.010566848005904236, -0.5), 25596: (0.04199562354059864, -0.5), 132409: (0.014265939932813925, -0.5), 34765: (-0.032795863976247355, -0.5), 164047: (-0.03666738180160021, 0.5), 15613: (0.05312422047311497, -0.5), 308850: (0.014010545592201093, 0.5), 221063: (-0.036686582632028404, -0.5)}","{283532: (0.3783932259863615, -0.5), 198810: (0.3745690260275791, -0.5), 28185: (0.3743995855224668, 0.5), 260510: (0.36713173857281445, 0.5), 210471: (0.361710211950023, 0.5)}","{'noise': 0.17847912336551722, 'amp': 0.4833580224905317, 'ls': 0.580450806213397}","[(0.5, 0.5)]",[]
