impression,user_id,app_version,model_version,mturk_id,status,NUM_INITIAL_RATINGS,NUM_REFINE_RATINGS,TOTAL_TRAINING_RATINGS,NUM_TEST_RATINGS,TIME_INITIAL,TIME_REFINE,TIME_TEST,random_test_predictions_ratings,good_test_predictions_ratings,hypers,redisplay_check,arbitrary_check
0,eb37176e-1519-40d6-90ba-e5a0ccf815ea,7.4-og-binary-mpc,2.0,A2Y7L7R5UTQ5R2,Completed,1,40,41,15,9.839725494384766,255.75886130332947,117.80379295349121,"{314723: (0.07891479381628536, 0.5), 235384: (-0.048487436018018366, -0.5), 160562: (0.3586751702382998, 0.5), 3416: (0.11419606078060071, 0.5), 108572: (0.021819296132588158, -0.5), 79231: (-0.13008996808806728, -0.5), 184323: (0.2246975898806678, 0.5), 120184: (-0.18186183281542562, 0.5), 199323: (-0.16889857878022202, -0.5), 15521: (-0.09883231707243682, -0.5)}","{260490: (0.603015537937209, -0.5), 267730: (0.5959612612410897, 0.5), 27187: (0.5952961311603309, 0.5), 268621: (0.586882111859861, 0.5), 216332: (0.5858826385273788, 0.5)}","{'noise': 0.18418719110106868, 'amp': 0.48392580692614373, 'ls': 0.8082401891840899}","[(-0.5, -0.5)]",[]
