impression,user_id,app_version,model_version,mturk_id,status,NUM_INITIAL_RATINGS,NUM_REFINE_RATINGS,TOTAL_TRAINING_RATINGS,NUM_TEST_RATINGS,TIME_INITIAL,TIME_REFINE,TIME_TEST,random_test_predictions_ratings,good_test_predictions_ratings,hypers,redisplay_check,arbitrary_check
0,6b6895a6-f81a-4314-a42d-4ce22fd6000e,7.4-og-binary-mpc,2.0,A1UZN21EAN1HZ4,Completed,1,40,41,15,8.63485598564148,250.10668063163757,88.39435076713562,"{281666: (-0.05662978770066518, 0.5), 299205: (0.43537997686852065, 0.5), 129608: (-0.22290104965725915, 0.5), 276858: (-0.13483535933027302, -0.5), 40256: (-0.13831227802014523, -0.5), 175027: (0.14909106168805128, 0.5), 148209: (0.039573150236929214, 0.5), 230971: (0.07184619732668163, 0.5), 61115: (-0.10964350359187475, -0.5), 209837: (0.2304258132498248, 0.5)}","{127137: (0.7694745020158511, 0.5), 127260: (0.7668687022495076, 0.5), 77224: (0.7628598315705412, 0.5), 77347: (0.7585730117129875, 0.5), 127517: (0.742827004033794, 0.5)}","{'noise': 0.37163071850874774, 'amp': 0.9135818777345455, 'ls': 5.236597175300263}","[(0.5, 0.5)]",[]
