impression,user_id,app_version,model_version,mturk_id,status,NUM_INITIAL_RATINGS,NUM_REFINE_RATINGS,TOTAL_TRAINING_RATINGS,NUM_TEST_RATINGS,TIME_INITIAL,TIME_REFINE,TIME_TEST,random_test_predictions_ratings,good_test_predictions_ratings,hypers,redisplay_check,arbitrary_check
0,4509d7e5-38ef-4d40-849f-7aa708d09e58,7.4-og-binary-mpc,2.0,A1YHIQHLLLQIIQ,Completed,1,40,41,15,5.111757278442383,142.69747805595398,52.06701683998108,"{193754: (0.029161619841751314, -0.5), 232191: (-0.011107758876957429, -0.5), 71922: (-0.7497174522081018, -0.5), 141285: (-0.37331402177625644, -0.5), 178768: (-0.046828772482245776, 0.5), 156387: (-0.1343520369990328, -0.5), 72588: (0.29796049777448386, -0.5), 21142: (0.5708092022900886, 0.5), 330163: (0.24011573907257736, 0.5), 271924: (0.5988920397068784, 0.5)}","{168751: (1.0900391475501887, 0.5), 168778: (1.0787764578686487, 0.5), 271334: (1.0767950801734547, 0.5), 276059: (1.0767819017009217, 0.5), 108478: (1.0573299002009717, 0.5)}","{'noise': 0.1719238152646205, 'amp': 0.502718959777381, 'ls': 1.1505625085365596}","[(-0.5, -0.5)]",[]
