impression,user_id,app_version,model_version,mturk_id,status,NUM_INITIAL_RATINGS,NUM_REFINE_RATINGS,TOTAL_TRAINING_RATINGS,NUM_TEST_RATINGS,TIME_INITIAL,TIME_REFINE,TIME_TEST,random_test_predictions_ratings,good_test_predictions_ratings,hypers,redisplay_check,arbitrary_check
0,4ba88b69-8353-4e06-8b7b-587b70432b91,7.4-og-binary-mpc,2.0,A294RACAMXLFNU,Completed,1,40,41,15,4.745148658752441,207.94719338417053,54.61889910697937,"{277206: (0.18892602320925364, 0.5), 253990: (0.47683465718739737, 0.5), 145693: (-0.05788255805550124, 0.5), 138848: (-0.3795236120115527, -0.5), 118821: (-0.26009989667945793, 0.5), 243666: (-0.02533857668086639, 0.5), 74707: (-0.1035061753474725, 0.5), 49625: (0.05591914801022859, -0.5), 167791: (-0.17927011993149256, -0.5), 276391: (-0.03654852725717603, -0.5)}","{184255: (0.7745418134839127, 0.5), 183810: (0.7723958410547573, 0.5), 302625: (0.7647180313344256, 0.5), 184259: (0.7637067136790505, 0.5), 287440: (0.7611259101501238, 0.5)}","{'noise': 0.1734958682910046, 'amp': 0.49824746415563503, 'ls': 0.9470828772603157}","[(0.5, 0.5)]",[]
