impression,user_id,app_version,model_version,mturk_id,status,NUM_INITIAL_RATINGS,NUM_REFINE_RATINGS,TOTAL_TRAINING_RATINGS,NUM_TEST_RATINGS,TIME_INITIAL,TIME_REFINE,TIME_TEST,random_test_predictions_ratings,good_test_predictions_ratings,hypers,redisplay_check,arbitrary_check
0,5e4f52bf-2f6f-4d2f-ae95-f3cbecad0b2b,7.4-og-binary-mpc,2.0,A8FAQQHLVROLG,Completed,1,40,41,15,5.337560176849365,356.3203902244568,50.60942840576172,"{254508: (-0.11605298838125369, 0.5), 160235: (-0.34653900406431215, -0.5), 205890: (0.48326107783659655, -0.5), 287577: (0.060117835258716314, -0.5), 301566: (0.6072707744376951, -0.5), 45236: (-0.3888565270989308, 0.5), 318773: (-0.5478908569439646, -0.5), 239942: (0.3920915809830909, 0.5), 290341: (0.7602242755957181, 0.5), 153016: (0.16909586337508611, -0.5)}","{73777: (1.0139152130055813, -0.5), 199334: (0.9959306713203083, 0.5), 316741: (0.9784605480699526, 0.5), 99122: (0.9740889050414769, -0.5), 241831: (0.9720305129127503, 0.5)}","{'noise': 0.1746463553316636, 'amp': 0.4856060360007834, 'ls': 1.103518188327252}","[(0.5, 0.5)]",[]
