{
    "Number of Training Responses": 149,
    "Number of Test Responses": 148,
    "Percentage of Users Not Completing Test Phase": 0.006711409395973154,
    "All Training Data Mean Redisplay Check Hit Rate": 0.8378378378378378,
    "All Test Data Mean Redisplay Check Hit Rate": 0.8513513513513513,
    "All Training Data Mean Arbitrary Check Hit Rate": NaN,
    "All Test Data Mean Arbitrary Check Hit Rate": NaN,
    "Individual All Redisplay Check Pass Rate": 0.7364864864864865,
    "Individual All Arbitrary Check Pass Rate": 1.0,
    "Individual All of Both Checks Pass Rate": 0.7364864864864865,
    "Good Test Accuracy": 0.577027027027027,
    "Batch Name": "7.0-knn1-binary-mpc_1.2_Jul_14_2023",
    "All Training Data Correlation": 1.0,
    "All Fixed Test Data Correlation": 0.06620819430054388,
    "All Good Test Data Correlation": -0.8944271909999159,
    "All Training Data RMSE": 0.0,
    "All Fixed Test Data RMSE": 0.667323780094536,
    "All Good Test Data RMSE": 0.5937075017997892,
    "Good Test Ratings-style Accuracy": 0.577027027027027,
    "Fixed Test MPC-style Accuracy": 0.5364864864864866,
    "Good Test MPC-style Accuracy": 0.577027027027027
}