impression,user_id,app_version,model_version,mturk_id,status,NUM_INITIAL_RATINGS,NUM_REFINE_RATINGS,TOTAL_TRAINING_RATINGS,NUM_TEST_RATINGS,TIME_INITIAL,TIME_REFINE,TIME_TEST,random_test_predictions_ratings,good_test_predictions_ratings,hypers,redisplay_check,arbitrary_check
0,0b21c87d-ddec-4f16-831d-58bafc58055c,6.2-knn-mpc-dresses10,1.2,AQPHAKANHK618,Completed,1,40,41,15,9.610241174697876,193.86982679367065,67.3923852443695,"{149677: (-0.1836362641279137, -0.5), 60410: (-0.6484846579602497, 0.0), 300798: (0.33125506527839776, 0.5), 243477: (0.331358918738492, 0.0), 196674: (-0.338750239535986, 0.0), 33593: (0.30884341688882344, 0.5), 110696: (-0.6437141670962352, 0.0), 273359: (0.5, 0.0), 81543: (0.11247619989550106, 0.0), 283653: (-0.6754442321609355, 0.0)}","{133625: (0.5000000000000002, 0.0), 61884: (0.5000000000000002, 0.0), 61734: (0.5000000000000002, 0.5), 236486: (0.5000000000000002, 0.5), 8954: (0.5000000000000002, -0.5)}",{'dummy': 0.8831737491193444},"[(0.0, 0.0)]",[]
