impression,user_id,app_version,model_version,mturk_id,status,NUM_INITIAL_RATINGS,NUM_REFINE_RATINGS,TOTAL_TRAINING_RATINGS,NUM_TEST_RATINGS,TIME_INITIAL,TIME_REFINE,TIME_TEST,random_test_predictions_ratings,good_test_predictions_ratings,hypers,redisplay_check,arbitrary_check
0,02a2befc-de51-4fbb-af05-801a0ee2ef56,4.1-knn-ar-dresses10-test,1.2,ACZA9ZCVQ5FRU,Completed,1,30,31,15,13.85479998588562,290.57428216934204,131.10122275352478,"{726: (0.8683489943421605, 0.6000000000000001), 304: (0.7888413544577827, 0.6000000000000001), 795: (0.889660077293224, 0.3999999999999999), 478: (0.8022221035669846, 0.6000000000000001), 64: (0.7763394795480116, 0.8), 522: (0.7811769916990847, 0.8), 299: (0.7086861774688191, 0.6000000000000001), 122: (0.7443197180937569, 0.6000000000000001), 109: (0.7438599017260624, 0.6000000000000001), 799: (0.5322318121306275, 0.6000000000000001)}","{660: (1.0, 0.6000000000000001), 683: (0.9435937412067408, 0.8), 382: (0.9429873780204088, 1.0), 485: (0.9424160049811905, 0.8), 696: (0.9402993309948666, 1.0)}",{'dummy': 0.8673017332895985},"[(0.3999999999999999, 0.3999999999999999)]","[(-0.6, -0.6)]"
