impression,user_id,app_version,model_version,mturk_id,status,NUM_INITIAL_RATINGS,NUM_REFINE_RATINGS,TOTAL_TRAINING_RATINGS,NUM_TEST_RATINGS,TIME_INITIAL,TIME_REFINE,TIME_TEST,random_test_predictions_ratings,good_test_predictions_ratings,hypers,redisplay_check,arbitrary_check
0,03a7cd2c-137c-4c16-bd04-fcf11e5cb46b,4.1-knn-ar-dresses10-test,1.2,A2YBRWIUM45CAJ,Completed,1,50,51,15,521.0297966003418,575.3713464736938,485.99503469467163,"{311: (-0.08986813622244634, 0.19999999999999996), 31: (0.12371082726438525, 0.0), 315: (0.18604416679496755, 0.19999999999999996), 375: (-0.009649119262001207, 0.0), 193: (0.29147008780091677, 0.19999999999999996), 493: (-0.08000476295535504, 0.3999999999999999), 348: (0.2182054870632617, 0.0), 716: (0.17868443306350323, 0.0), 251: (0.1107065461796088, 0.3999999999999999), 121: (0.340188806636734, 0.19999999999999996)}","{555: (0.3902930814015944, 0.19999999999999996), 124: (0.38263620456163844, -0.19999999999999996), 27: (0.3737420357473072, 0.19999999999999996), 96: (0.3727911190269078, 0.19999999999999996), 620: (0.3455384944496891, 0.6000000000000001)}",{'dummy': 0.21339192151333197},"[(0.0, 0.19999999999999996)]","[(-0.6, -0.6)]"
