impression,user_id,app_version,model_version,mturk_id,status,NUM_INITIAL_RATINGS,NUM_REFINE_RATINGS,TOTAL_TRAINING_RATINGS,NUM_TEST_RATINGS,TIME_INITIAL,TIME_REFINE,TIME_TEST,random_test_predictions_ratings,good_test_predictions_ratings,hypers,redisplay_check,arbitrary_check
0,03c37b77-db82-4d67-a6f2-937c492d0e35,4.1-knn-ar-dresses10-test,1.2,A1WXNZ4ZYECVS6,Completed,1,50,51,15,7.689004898071289,321.88294649124146,85.89667344093323,"{426: (-0.07350024964921444, -0.19999999999999996), 42: (-0.40834122811407825, 0.0), 547: (-0.24944069307400066, 0.0), 671: (-0.47485875981351794, -0.6), 530: (-0.41730001426827773, -0.4), 67: (0.024106078675778193, -0.6), 213: (-0.14897868477949142, -1.0), 709: (-0.6084852859866687, -1.0), 757: (-0.1014098786895734, 0.19999999999999996), 737: (-0.1914963034850192, 0.3999999999999999)}","{508: (0.5358447495399281, 0.19999999999999996), 692: (0.5349594785338578, 0.3999999999999999), 464: (0.5291224314842443, 0.3999999999999999), 299: (0.5148445662648224, 0.0), 657: (0.4959602800536504, -0.4)}",{'dummy': 0.184624876010676},"[(0.3999999999999999, 0.3999999999999999)]","[(0.6000000000000001, -0.6)]"
