impression,user_id,app_version,model_version,mturk_id,status,NUM_INITIAL_RATINGS,NUM_REFINE_RATINGS,TOTAL_TRAINING_RATINGS,NUM_TEST_RATINGS,TIME_INITIAL,TIME_REFINE,TIME_TEST,random_test_predictions_ratings,good_test_predictions_ratings,hypers,redisplay_check,arbitrary_check
0,05088c95-931b-4c45-855f-acaeed7b35b0,4.1-knn-ar-dresses10-test,1.2,A3NE9GP4X1AO2P,Completed,1,30,31,15,12.212316751480103,222.36446404457092,102.91789150238037,"{586: (0.4584995757382679, 0.7), 366: (0.38597046730193063, 0.19999999999999996), 331: (0.41044313240174474, 0.0), 510: (0.6051381793096672, 0.19999999999999996), 358: (0.4695892354773231, 0.3999999999999999), 405: (0.5311370421224353, 0.19999999999999996), 459: (-0.01914295639446558, -0.19999999999999996), 35: (0.17512499327736142, 0.8), 717: (0.42548506928329544, 0.19999999999999996), 246: (0.46256689898223063, 0.6000000000000001)}","{318: (0.7280515355229162, 0.8), 702: (0.7061745691552431, 0.6000000000000001), 199: (0.6940592278449736, 0.19999999999999996), 426: (0.6927755292268601, 0.19999999999999996), 662: (0.6892679546280522, 0.3999999999999999)}",{'dummy': 0.5303339460908552},"[(0.8, 0.6000000000000001)]","[(0.3999999999999999, -0.6)]"
