impression,user_id,app_version,model_version,mturk_id,status,NUM_INITIAL_RATINGS,NUM_REFINE_RATINGS,TOTAL_TRAINING_RATINGS,NUM_TEST_RATINGS,TIME_INITIAL,TIME_REFINE,TIME_TEST,random_test_predictions_ratings,good_test_predictions_ratings,hypers,redisplay_check,arbitrary_check
0,056a76cb-db99-4cb0-96e7-64ccf9a90114,4.1-knn-ar-dresses10-test,1.2,A2EIXI0VLW5GX9,Completed,1,30,31,15,5.830597877502441,246.55230283737183,39.829551458358765,"{104: (-0.344723031043246, -0.6), 296: (0.06012350945679243, -0.6), 357: (-0.25238856518249314, -0.4), 729: (-0.45457089634610504, -0.6), 804: (-0.5999999999999999, -0.6), 83: (-0.46187579263933054, -0.6), 792: (-0.6, -0.6), 732: (-0.33602052031046253, -0.4), 447: (-0.6, -0.8), 194: (-0.5376929410415845, -0.4)}","{517: (0.4693652005384809, -0.4), 162: (0.46304737248287425, -0.4), 123: (0.4578126287735604, -0.6), 212: (0.456802617699299, 0.19999999999999996), 607: (0.4560036083532159, -0.6)}",{'dummy': 0.142224941130481},"[(-0.4, -0.6)]","[(-0.6, -0.6)]"
