impression,user_id,app_version,model_version,status,NUM_INITIAL_RATINGS,NUM_REFINE_RATINGS,TOTAL_TRAINING_RATINGS,NUM_TEST_RATINGS,items_shown,ratings,model_fit,history_dict,hypers,redisplay_check,arbitrary_check,hyper_history
0,0a7a4d91-4e7e-4b67-ae44-d132e4391f42,4.1-knn-ar-dresses10-test,1.2,Started,1,10,11,15,"[388, 382, 347, 360, 563, 695, 116, 791, 574, 254, 559]","[0.6000000000000001, 0.7, 0.19999999999999996, 0.3999999999999999, 0.6000000000000001, 0.19999999999999996, -0.6, -0.19999999999999996, -0.6, 0.0, 0.3999999999999999]","[0.6000000000000001, 0.7, 0.19999999999999996, 0.3999999999999999, 0.6000000000000001, 0.19999999999999996, -0.6, -0.19999999999999996, -0.6, 0.0, 0.3999999999999999]","{388: (0.6000000000000001, 0.6000000000000001), 382: (0.7, 0.7), 347: (0.19999999999999996, 0.19999999999999996), 360: (0.3999999999999999, 0.3999999999999999), 563: (0.6000000000000001, 0.6000000000000001), 695: (0.19999999999999996, 0.19999999999999996), 116: (-0.6, -0.6), 791: (-0.19999999999999996, -0.19999999999999996), 574: (-0.6, -0.6), 254: (0.0, 0.0), 559: (0.3999999999999999, 0.3999999999999999)}",{'dummy': 0.8089512876933538},"[(0.0, 0.19999999999999996)]","[(-0.8, -0.8)]","[{'dummy': 0.6557595506250603}, {'dummy': 0.2610387669505433}, {'dummy': 0.9819979641438755}, {'dummy': 0.7531403539240821}, {'dummy': 0.4163927802611085}, {'dummy': 0.020797916256316995}, {'dummy': 0.8772145243028433}, {'dummy': 0.3259988237116642}, {'dummy': 0.3178679574514116}, {'dummy': 0.27734813513650924}]"
