impression,user_id,app_version,model_version,mturk_id,status,NUM_INITIAL_RATINGS,NUM_REFINE_RATINGS,TOTAL_TRAINING_RATINGS,NUM_TEST_RATINGS,TIME_INITIAL,TIME_REFINE,TIME_TEST,random_test_predictions_ratings,good_test_predictions_ratings,hypers,redisplay_check,arbitrary_check
0,0b17dc50-f1c3-4432-976e-b0873364333a,4.1-knn-ar-dresses10-test,1.2,ANQ0RLFEZ17W0,Completed,1,40,41,15,7.431607723236084,115.33133888244629,45.10854172706604,"{229: (0.18446841569465788, 0.19999999999999996), 660: (-0.11676440124826598, 0.19999999999999996), 250: (-0.3829993503628817, -0.8), 693: (-0.04717523280189744, -0.19999999999999996), 190: (0.35382456898696296, 0.19999999999999996), 527: (0.06166871224206932, -0.6), 263: (-0.3170073639438824, 0.3999999999999999), 479: (-0.5620942058732796, -0.8), 496: (-0.06616117408892397, 0.0), 222: (0.04014555462837301, -0.4)}","{461: (0.5382207303254269, 0.6000000000000001), 650: (0.5365464160821163, 0.8), 86: (0.49138571178398893, 0.8), 591: (0.48722213584114843, 0.3999999999999999), 338: (0.48245851652988997, 0.3999999999999999)}",{'dummy': 0.2689274573542022},"[(0.6000000000000001, 0.3999999999999999)]","[(0.3999999999999999, -0.6)]"
