impression,user_id,app_version,model_version,mturk_id,status,NUM_INITIAL_RATINGS,NUM_REFINE_RATINGS,TOTAL_TRAINING_RATINGS,NUM_TEST_RATINGS,TIME_INITIAL,TIME_REFINE,TIME_TEST,random_test_predictions_ratings,good_test_predictions_ratings,hypers,redisplay_check,arbitrary_check
0,0b83d79b-0f4d-4007-9e1c-0ebf737b0d64,4.1-knn-ar-dresses10-test,1.2,A26L91YL0GDGD8,Completed,1,40,41,15,13.576352834701538,353.6597650051117,183.01098775863647,"{569: (0.46705056812810175, -0.19999999999999996), 321: (0.0585380657721604, 0.19999999999999996), 553: (-0.2541511121520858, -0.4), 586: (0.08892189792811253, 0.0), 491: (0.2228394639769381, -0.19999999999999996), 171: (0.6006094884460575, 0.19999999999999996), 78: (0.49731253028868255, 0.0), 61: (0.028224245002832736, -0.19999999999999996), 457: (-0.11931146784788071, 0.19999999999999996), 628: (0.23413583458546441, -0.4)}","{352: (0.6656109597205103, 0.3999999999999999), 811: (0.6650050884279489, 0.0), 62: (0.6606119925123252, 0.0), 275: (0.6126871778770074, 0.19999999999999996), 179: (0.6061518767250957, -0.4)}",{'dummy': 0.8260556899744539},"[(0.0, 0.19999999999999996)]","[(-0.19999999999999996, -0.6)]"
