impression,user_id,app_version,model_version,status,NUM_INITIAL_RATINGS,NUM_REFINE_RATINGS,TOTAL_TRAINING_RATINGS,NUM_TEST_RATINGS,items_shown,ratings,model_fit,history_dict,hypers,redisplay_check,arbitrary_check,hyper_history
0,0c5b0083-553d-4252-ae7b-c3b7f5be906a,4.1-knn-ar-dresses10-test,1.2,Started,1,20,21,15,"[148, 402, 52, 115, 39, 106, 729, 382, 604, 515, 322, 651, 176, 454, 197, 511, 247, 144, 372, 784, 64]","[0.5, 0.6000000000000001, 1.0, 1.0, -0.4, -0.6, -0.19999999999999996, 0.6000000000000001, 0.6000000000000001, 0.0, -0.6, 0.6000000000000001, -0.8, 0.10000000000000009, -0.8, -0.4, 0.0, -0.19999999999999996, 0.0, -0.6, 0.8]","[0.5, 0.6000000000000001, 1.0, 1.0, -0.4, -0.6, -0.19999999999999996, 0.6000000000000001, 0.6000000000000001, 0.0, -0.6, 0.6000000000000001, -0.8, 0.10000000000000009, -0.8, -0.4, 0.0, -0.19999999999999996, 0.0, -0.6, 0.8]","{148: (0.5, 0.5), 402: (0.6000000000000001, 0.6000000000000001), 52: (1.0, 1.0), 115: (1.0, 1.0), 39: (-0.4, -0.4), 106: (-0.6, -0.6), 729: (-0.19999999999999996, -0.19999999999999996), 382: (0.6000000000000001, 0.6000000000000001), 604: (0.6000000000000001, 0.6000000000000001), 515: (0.0, 0.0), 322: (-0.6, -0.6), 651: (0.6000000000000001, 0.6000000000000001), 176: (-0.8, -0.8), 454: (0.10000000000000009, 0.10000000000000009), 197: (-0.8, -0.8), 511: (-0.4, -0.4), 247: (0.0, 0.0), 144: (-0.19999999999999996, -0.19999999999999996), 372: (0.0, 0.0), 784: (-0.6, -0.6), 64: (0.8, 0.8)}",{'dummy': 0.9449373020411324},"[(1.0, 1.0)]","[(-0.8, -0.8)]","[{'dummy': 0.915810647831819}, {'dummy': 0.5334108529632322}, {'dummy': 0.13691119179037614}, {'dummy': 0.41982146582226}, {'dummy': 0.08698029689040454}, {'dummy': 0.43943522531345147}, {'dummy': 0.18481525399255216}, {'dummy': 0.0793285392773273}, {'dummy': 0.03800696035971762}, {'dummy': 0.40212361442021394}, {'dummy': 0.06620416093047266}, {'dummy': 0.05157513736417496}, {'dummy': 0.9631155262184559}, {'dummy': 0.6888414897019242}, {'dummy': 0.8102817555658074}, {'dummy': 0.2959005088856671}, {'dummy': 0.6410791312608223}, {'dummy': 0.9404558993296886}, {'dummy': 0.43257869759783285}, {'dummy': 0.2107990217977973}]"
