impression,user_id,app_version,model_version,mturk_id,status,NUM_INITIAL_RATINGS,NUM_REFINE_RATINGS,TOTAL_TRAINING_RATINGS,NUM_TEST_RATINGS,TIME_INITIAL,TIME_REFINE,TIME_TEST,random_test_predictions_ratings,good_test_predictions_ratings,hypers,redisplay_check,arbitrary_check
0,0cfd4434-68db-4f04-82bd-5cfa73717bd8,4.1-knn-ar-dresses10-test,1.2,A30E7T1AHY9C59,Completed,1,30,31,15,17.59614896774292,179.08086133003235,129.5319242477417,"{336: (-0.16035877885515737, 0.30000000000000004), 625: (-0.22907271206084762, -0.6), 811: (0.12348470149004956, -0.8), 264: (0.06252863452221624, 0.0), 751: (0.07737541099199995, -0.19999999999999996), 113: (-0.31391654586483136, 1.0), 764: (-0.11642202537440753, 0.6000000000000001), 368: (-0.6043387075674631, -0.8), 392: (-0.18503838994724847, -0.8), 183: (0.2626229020865834, -0.8)}","{9: (0.34659756240352846, 0.3999999999999999), 97: (0.34543901950676836, 0.3999999999999999), 510: (0.3444380182953157, 0.19999999999999996), 91: (0.34282770440093097, 0.19999999999999996), 624: (0.33954976376128193, -0.19999999999999996)}",{'dummy': 0.8209527744883197},"[(-1.0, -0.8)]","[(0.0, -0.6)]"
