impression,user_id,app_version,model_version,mturk_id,status,NUM_INITIAL_RATINGS,NUM_REFINE_RATINGS,TOTAL_TRAINING_RATINGS,NUM_TEST_RATINGS,TIME_INITIAL,TIME_REFINE,TIME_TEST,random_test_predictions_ratings,good_test_predictions_ratings,hypers,redisplay_check,arbitrary_check
0,0da2cb24-e689-4699-86ba-4c250100e9f3,4.1-knn-ar-dresses10-test,1.2,A2VAY8MBDZ834I,Completed,1,40,41,15,10.873394012451172,245.7495515346527,77.52904319763184,"{599: (0.5818249195572827, 0.6000000000000001), 415: (0.5998958508356164, 0.5), 778: (0.7645897295946052, 0.7), 418: (0.5994689018481455, 0.7), 122: (0.6888227568283181, 0.19999999999999996), 565: (0.7296528839180846, 0.3999999999999999), 603: (0.39999999999999986, 0.6000000000000001), 344: (0.604884933080554, 0.8), 645: (0.41858190138522405, 0.3999999999999999), 753: (0.647213061659342, 0.3999999999999999)}","{142: (0.8084986769011724, 0.6000000000000001), 435: (0.8000000000000002, 0.6000000000000001), 327: (0.8, 0.3999999999999999), 223: (0.8, 0.3999999999999999), 197: (0.8, 0.6000000000000001)}",{'dummy': 0.3030767650358527},"[(0.3999999999999999, 0.6000000000000001)]","[(0.6000000000000001, -0.6)]"
