impression,user_id,app_version,model_version,mturk_id,status,NUM_INITIAL_RATINGS,NUM_REFINE_RATINGS,TOTAL_TRAINING_RATINGS,NUM_TEST_RATINGS,TIME_INITIAL,TIME_REFINE,TIME_TEST,random_test_predictions_ratings,good_test_predictions_ratings,hypers,redisplay_check,arbitrary_check
0,0db9fd46-539b-4bd8-bb57-01b67968e948,4.1-knn-ar-dresses10-test,1.2,A3VFA6HNMEXO9L,Completed,1,30,31,15,4.847519397735596,99.9596254825592,44.01572060585022,"{444: (0.1999925118027249, 0.3999999999999999), 749: (0.26884833809239184, 0.3999999999999999), 3: (0.2003532923766677, 0.19999999999999996), 18: (0.13550622991215325, 0.0), 115: (0.20174122106687012, 0.0), 329: (0.13459208392517708, 0.19999999999999996), 275: (0.28048138077049095, 0.19999999999999996), 668: (0.1283994526629621, -0.19999999999999996), 248: (-0.20954817919605673, -0.4), 766: (0.09040967437959815, 0.0)}","{554: (0.43810218164115755, -0.19999999999999996), 747: (0.43393101430597786, 0.0), 315: (0.43280682698540585, 0.0), 690: (0.4149575685756962, 0.10000000000000009), 518: (0.39999999999999997, 0.19999999999999996)}",{'dummy': 0.9405179050330625},"[(-0.19999999999999996, 0.0)]","[(0.0, -0.6)]"
