impression,user_id,app_version,model_version,mturk_id,status,NUM_INITIAL_RATINGS,NUM_REFINE_RATINGS,TOTAL_TRAINING_RATINGS,NUM_TEST_RATINGS,TIME_INITIAL,TIME_REFINE,TIME_TEST,random_test_predictions_ratings,good_test_predictions_ratings,hypers,redisplay_check,arbitrary_check
0,0e5b79df-71b7-46ae-b4f3-9a6bfd3ad908,4.1-knn-ar-dresses10-test,1.2,A2CQP9DZSDUC5V,Completed,1,50,51,15,5.862826824188232,261.83049178123474,75.48752045631409,"{156: (-0.13871676294913177, -0.4), 111: (0.0661333309102438, 0.0), 558: (0.1945769786473322, -0.19999999999999996), 698: (0.15485282078646848, -0.4), 188: (0.3681990386488771, 0.19999999999999996), 153: (0.19987666938581947, -0.19999999999999996), 198: (0.2978708158233366, -0.19999999999999996), 784: (-0.07357939248671935, -0.19999999999999996), 714: (0.3944681531062372, 0.6000000000000001), 340: (0.2665482329237454, 0.0)}","{147: (0.8064234007415758, 0.19999999999999996), 343: (0.7424749846668113, 0.0), 392: (0.7353056550134461, -0.4), 594: (0.7158593460972167, -0.19999999999999996), 388: (0.7052556282894643, -0.4)}",{'dummy': 0.3773934330938322},"[(-0.6, -0.4)]","[(0.3999999999999999, -0.6)]"
