impression,user_id,app_version,model_version,mturk_id,status,NUM_INITIAL_RATINGS,NUM_REFINE_RATINGS,TOTAL_TRAINING_RATINGS,NUM_TEST_RATINGS,TIME_INITIAL,TIME_REFINE,TIME_TEST,random_test_predictions_ratings,good_test_predictions_ratings,hypers,redisplay_check,arbitrary_check
0,0eb696c7-cbc2-4a76-a813-f81df97bd2d3,4.1-knn-ar-dresses10-test,1.2,A10JXOU89D5RXR,Completed,1,30,31,15,15.597782850265503,287.32068133354187,130.13803958892822,"{639: (-0.5999999999999999, 0.0), 427: (0.035263571622058926, -0.19999999999999996), 736: (-0.4294878601718639, -0.19999999999999996), 567: (0.3584839427927025, -0.6), 17: (0.10055383708348725, -0.4), 559: (0.06177449804016718, -0.8), 239: (-0.31012817162851297, -0.8), 619: (-0.5864054836338122, -0.8), 327: (-0.285666999025004, -0.8), 167: (-0.40201912719428473, -0.6)}","{296: (0.618050911823974, -0.6), 585: (0.6067789201313298, -0.19999999999999996), 705: (0.6000000000000002, 0.0), 310: (0.6000000000000002, 0.8), 151: (0.6000000000000001, 0.6000000000000001)}",{'dummy': 0.4768849557412145},"[(0.8, 0.6000000000000001)]","[(-0.6, -0.6)]"
