impression,user_id,app_version,model_version,mturk_id,status,NUM_INITIAL_RATINGS,NUM_REFINE_RATINGS,TOTAL_TRAINING_RATINGS,NUM_TEST_RATINGS,TIME_INITIAL,TIME_REFINE,TIME_TEST,random_test_predictions_ratings,good_test_predictions_ratings,hypers,redisplay_check,arbitrary_check
0,1095b453-5995-4ce2-aace-cd0fe089861d,4.1-knn-ar-dresses10-test,1.2,A3TC8VP62BRJTR,Completed,1,20,21,15,6.4626240730285645,142.111998796463,397.16197633743286,"{690: (0.6649682581611317, 1.0), 523: (0.8762552754274454, 0.3999999999999999), 574: (0.7259149572927873, 0.8), 314: (0.8059301436221002, 0.8), 543: (0.8045172588860542, 1.0), 465: (0.8154601222622194, 1.0), 670: (0.5040858225379569, 0.8), 328: (0.6605518372608491, 0.3999999999999999), 105: (0.6757952639036346, 0.8), 470: (0.6509551102311847, 0.19999999999999996)}","{617: (0.9392358076634804, 0.3999999999999999), 798: (0.937843526189374, 1.0), 371: (0.9370752689314223, 1.0), 182: (0.93646202267097, 0.6000000000000001), 55: (0.9361578577973542, 1.0)}",{'dummy': 0.060136740956176604},"[(1.0, 1.0)]","[(-0.6, -0.6)]"
