impression,user_id,app_version,model_version,mturk_id,status,NUM_INITIAL_RATINGS,NUM_REFINE_RATINGS,TOTAL_TRAINING_RATINGS,NUM_TEST_RATINGS,TIME_INITIAL,TIME_REFINE,TIME_TEST,random_test_predictions_ratings,good_test_predictions_ratings,hypers,redisplay_check,arbitrary_check
0,11d3da6b-123b-4272-98ff-bb55c1b227b7,4.1-knn-ar-dresses10-test,1.2,A1SD7GQWOE8KDD,Completed,1,20,21,15,16.687408924102783,178.0846724510193,117.67005801200867,"{347: (0.036642378501701434, 0.6000000000000001), 128: (0.29974195538306647, 0.0), 795: (0.5387273300169666, -0.19999999999999996), 285: (0.546514532709306, -0.19999999999999996), 54: (0.5353022311487782, 0.3999999999999999), 50: (0.25548470701518244, -0.14), 543: (0.49452111941762206, 0.7399999999999998), 641: (0.16211957720167947, 0.19999999999999996), 796: (0.005213632965035897, 0.3999999999999999), 114: (0.43959968457307097, 0.3999999999999999)}","{389: (0.6241429312656046, 0.72), 348: (0.6031850266094994, 0.8), 616: (0.5878001240675501, 0.19999999999999996), 583: (0.5867454419432705, -0.19999999999999996), 79: (0.5842222111967983, 0.19999999999999996)}",{'dummy': 0.6325239558304836},"[(0.19999999999999996, 0.19999999999999996)]","[(0.6000000000000001, -0.6)]"
