impression,user_id,app_version,model_version,mturk_id,status,NUM_INITIAL_RATINGS,NUM_REFINE_RATINGS,TOTAL_TRAINING_RATINGS,NUM_TEST_RATINGS,TIME_INITIAL,TIME_REFINE,TIME_TEST,random_test_predictions_ratings,good_test_predictions_ratings,hypers,redisplay_check,arbitrary_check
0,11f9cc61-ef86-4c01-88bb-80cc1596242b,4.1-knn-ar-dresses10-test,1.2,A2NXSMA0NSZ92N,Completed,1,40,41,15,8.368542909622192,203.95050764083862,84.64411973953247,"{100: (-0.25430308603483, -0.8), 299: (-0.1462440055100149, -0.8), 271: (-0.06760123927600507, -0.8), 447: (-0.5756470069126088, -0.8), 219: (-0.41156137265501835, -0.8), 225: (-0.5621751127157946, 0.3999999999999999), 510: (-0.4896446012888752, -0.19999999999999996), 52: (-0.6578140515252751, -0.8), 8: (-0.17306176491708045, -1.0), 593: (0.0, -0.8)}","{386: (0.25454102804022216, 0.0), 53: (0.19856458859084536, -0.8), 628: (0.1535078718422011, -0.8), 95: (0.14367991443582714, -0.8), 614: (0.14350535280355992, 0.3999999999999999)}",{'dummy': 0.983345516195963},"[(-0.19999999999999996, -0.19999999999999996)]","[(-0.8, -0.6)]"
