impression,user_id,app_version,model_version,mturk_id,status,NUM_INITIAL_RATINGS,NUM_REFINE_RATINGS,TOTAL_TRAINING_RATINGS,NUM_TEST_RATINGS,TIME_INITIAL,TIME_REFINE,TIME_TEST,random_test_predictions_ratings,good_test_predictions_ratings,hypers,redisplay_check,arbitrary_check
0,122ac486-5f1a-4290-ab60-9e715443c10a,4.1-knn-ar-dresses10-test,1.2,A3O850HH4TT4Y2,Completed,1,50,51,15,8.84106183052063,179.95768928527832,57.92542123794556,"{805: (0.470706167184567, 0.3999999999999999), 596: (0.40777187492230527, 0.0), 75: (0.33411929622731923, 0.3999999999999999), 617: (0.33799149480856255, 0.19999999999999996), 490: (0.4634913791372839, 0.0), 745: (0.27419561161843614, 0.3999999999999999), 539: (0.464116267504416, 0.8), 25: (0.20713361105839218, 0.19999999999999996), 103: (0.145276381549113, 0.3999999999999999), 780: (0.3336260275108657, 0.19999999999999996)}","{21: (0.7347884075435696, 0.3999999999999999), 307: (0.7256079546635311, 0.3999999999999999), 502: (0.7215521686163937, 0.0), 678: (0.7202469797581958, 0.3999999999999999), 540: (0.6846399813652018, 0.19999999999999996)}",{'dummy': 0.8861210587944044},"[(0.19999999999999996, 0.19999999999999996)]","[(0.3999999999999999, -0.6)]"
