impression,user_id,app_version,model_version,status,NUM_INITIAL_RATINGS,NUM_REFINE_RATINGS,TOTAL_TRAINING_RATINGS,NUM_TEST_RATINGS,items_shown,ratings,model_fit,history_dict,hypers,redisplay_check,arbitrary_check,hyper_history
0,1244e67f-7701-4c7a-89c5-884be21fcc0d,4.1-knn-ar-dresses10-test,1.2,Started,1,20,21,15,"[753, 747, 135, 344, 360, 792, 308, 237, 330, 413, 317, 743, 325, 686, 314, 166, 807, 25, 700, 226, 443]","[-0.6, -0.8, 0.19999999999999996, 0.6000000000000001, -0.6, 0.0, -0.4, -0.6, -0.6, 0.0, 0.3999999999999999, 0.19999999999999996, 0.8, -0.19999999999999996, -0.4, 0.0, -0.6, -0.4, 0.19999999999999996, 0.6000000000000001, 0.19999999999999996]","[-0.6, -0.8, 0.19999999999999996, 0.6000000000000001, -0.6, 0.0, -0.4, -0.6, -0.6, 0.0, 0.3999999999999999, 0.19999999999999996, 0.8, -0.19999999999999996, -0.4, 0.0, -0.6, -0.4, 0.19999999999999996, 0.6000000000000001, 0.19999999999999996]","{753: (-0.6, -0.6), 747: (-0.8, -0.8), 135: (0.19999999999999996, 0.19999999999999996), 344: (0.6000000000000001, 0.6000000000000001), 360: (-0.6, -0.6), 792: (0.0, 0.0), 308: (-0.4, -0.4), 237: (-0.6, -0.6), 330: (-0.6, -0.6), 413: (0.0, 0.0), 317: (0.3999999999999999, 0.3999999999999999), 743: (0.19999999999999996, 0.19999999999999996), 325: (0.8, 0.8), 686: (-0.19999999999999996, -0.19999999999999996), 314: (-0.4, -0.4), 166: (0.0, 0.0), 807: (-0.6, -0.6), 25: (-0.4, -0.4), 700: (0.19999999999999996, 0.19999999999999996), 226: (0.6000000000000001, 0.6000000000000001), 443: (0.19999999999999996, 0.19999999999999996)}",{'dummy': 0.13145514831286442},"[(0.19999999999999996, 0.19999999999999996)]","[(0.3999999999999999, -0.8)]","[{'dummy': 0.8606651917404841}, {'dummy': 0.7298477961639401}, {'dummy': 0.5785157749231264}, {'dummy': 0.6028509642919514}, {'dummy': 0.4890626973629735}, {'dummy': 0.765071656808886}, {'dummy': 0.2010087902845883}, {'dummy': 0.274939995145704}, {'dummy': 0.29930577107057665}, {'dummy': 0.8660260807732031}, {'dummy': 0.07261733357716538}, {'dummy': 0.3192806012804298}, {'dummy': 0.4099481279985031}, {'dummy': 0.22376868390146964}, {'dummy': 0.7431006228230722}, {'dummy': 0.9786489999621079}, {'dummy': 0.2807774175417018}, {'dummy': 0.4641251934060303}, {'dummy': 0.478332597920756}, {'dummy': 0.3224943242089441}]"
