impression,user_id,app_version,model_version,mturk_id,status,NUM_INITIAL_RATINGS,NUM_REFINE_RATINGS,TOTAL_TRAINING_RATINGS,NUM_TEST_RATINGS,TIME_INITIAL,TIME_REFINE,TIME_TEST,random_test_predictions_ratings,good_test_predictions_ratings,hypers,redisplay_check,arbitrary_check
0,15271d8c-0282-478b-a586-89d50a349bcc,4.1-knn-ar-dresses10-test,1.2,A3MUW3RCHP2BBJ,Completed,1,10,11,15,9.938191413879395,61.03311371803284,86.96407389640808,"{64: (-0.6821572109282448, -0.6), 625: (-0.6560235179035018, 0.0), 122: (-0.8868293978027849, -1.0), 91: (-0.8710539740909259, 0.3999999999999999), 132: (-0.5259716737871081, 0.0), 591: (-0.9472836585758252, 0.6000000000000001), 450: (-0.6328668288280631, -1.0), 725: (-0.6551736009117868, -1.0), 600: (-0.6622051426083102, -0.8), 608: (-0.8157045655375554, 0.6000000000000001)}","{359: (-0.40828299000291646, -1.0), 611: (-0.46354888233830704, -0.19999999999999996), 508: (-0.4661882207362942, -0.4), 763: (-0.4780193272380656, -1.0), 527: (-0.48041131243660773, -0.19999999999999996)}",{'dummy': 0.8528840465777099},"[(-0.19999999999999996, 0.0)]","[(-0.6, -0.6)]"
