impression,user_id,app_version,model_version,status,NUM_INITIAL_RATINGS,NUM_REFINE_RATINGS,TOTAL_TRAINING_RATINGS,NUM_TEST_RATINGS,items_shown,ratings,model_fit,history_dict,hypers,redisplay_check,arbitrary_check,hyper_history
0,158104cc-b9cb-49c6-bceb-df003cc6ed4f,4.1-knn-ar-dresses10-test,1.2,Started,1,10,11,15,"[802, 777, 126, 738, 555, 771, 468, 194, 527, 418, 667]","[0.19999999999999996, -0.19999999999999996, -0.4, 0.6000000000000001, 0.3999999999999999, -0.4, -0.19999999999999996, 0.3999999999999999, -0.4, 0.0, -0.4]","[0.19999999999999996, -0.19999999999999996, -0.4, 0.6000000000000001, 0.3999999999999999, -0.4, -0.19999999999999996, 0.3999999999999999, -0.4, 0.0, -0.4]","{802: (0.19999999999999996, 0.19999999999999996), 777: (-0.19999999999999996, -0.19999999999999996), 126: (-0.4, -0.4), 738: (0.6000000000000001, 0.6000000000000001), 555: (0.3999999999999999, 0.3999999999999999), 771: (-0.4, -0.4), 468: (-0.19999999999999996, -0.19999999999999996), 194: (0.3999999999999999, 0.3999999999999999), 527: (-0.4, -0.4), 418: (0.0, 0.0), 667: (-0.4, -0.4)}",{'dummy': 0.069848835279264},"[(-0.4, -0.4)]","[(-0.6, -0.8)]","[{'dummy': 0.594168145615409}, {'dummy': 0.23350627648358047}, {'dummy': 0.2964376387119949}, {'dummy': 0.18328959295551717}, {'dummy': 0.369017637573288}, {'dummy': 0.08024180489225197}, {'dummy': 0.2954787343726205}, {'dummy': 0.12985091008501504}, {'dummy': 0.591379554650746}, {'dummy': 0.6047344027041253}]"
