impression,user_id,app_version,model_version,mturk_id,status,NUM_INITIAL_RATINGS,NUM_REFINE_RATINGS,TOTAL_TRAINING_RATINGS,NUM_TEST_RATINGS,TIME_INITIAL,TIME_REFINE,TIME_TEST,random_test_predictions_ratings,good_test_predictions_ratings,hypers,redisplay_check,arbitrary_check
0,158104cc-b9cb-49c6-bceb-df003cc6ed4f,4.1-knn-ar-dresses10-test,1.2,AE1BT0E0QZVMW,Completed,1,10,11,15,8.46376371383667,34.26941680908203,43.860495805740356,"{269: (-0.35301148480980854, -0.19999999999999996), 356: (-0.10854128375551965, 0.6000000000000001), 358: (-0.01021719055011818, -0.19999999999999996), 540: (-0.1886881544206659, 0.19999999999999996), 625: (-0.16693008745212945, 0.19999999999999996), 652: (0.07079627549647212, -0.19999999999999996), 314: (0.0006313045168841187, 0.0), 75: (-0.32851156810695664, -0.4), 385: (0.08097304493507182, 0.19999999999999996), 308: (-0.22018585211653557, -0.19999999999999996)}","{407: (0.4680865089562918, 0.8), 107: (0.46455391474696284, 0.6000000000000001), 503: (0.46155260858081665, 0.6000000000000001), 751: (0.44768317856053025, -0.4), 388: (0.42861604408946197, 0.3999999999999999)}",{'dummy': 0.9162150794901925},"[(0.6000000000000001, 0.8)]","[(0.8, -0.6)]"
