impression,user_id,app_version,model_version,status,NUM_INITIAL_RATINGS,NUM_REFINE_RATINGS,TOTAL_TRAINING_RATINGS,NUM_TEST_RATINGS,items_shown,ratings,model_fit,history_dict,hypers,redisplay_check,arbitrary_check,hyper_history
0,15feabfb-2e36-4804-a4bc-bedd244d39a6,4.1-knn-ar-dresses10-test,1.2,Started,1,10,11,15,"[494, 410, 774, 630, 355, 149, 118, 633, 226, 397, 192]","[-0.4, -0.4, 0.19999999999999996, -0.19999999999999996, 0.8, -0.6, 0.8, 0.0, -0.19999999999999996, 0.3999999999999999, 0.6000000000000001]","[-0.4, -0.4, 0.19999999999999996, -0.19999999999999996, 0.8, -0.6, 0.8, 0.0, -0.19999999999999996, 0.3999999999999999, 0.6000000000000001]","{494: (-0.4, -0.4), 410: (-0.4, -0.4), 774: (0.19999999999999996, 0.19999999999999996), 630: (-0.19999999999999996, -0.19999999999999996), 355: (0.8, 0.8), 149: (-0.6, -0.6), 118: (0.8, 0.8), 633: (0.0, 0.0), 226: (-0.19999999999999996, -0.19999999999999996), 397: (0.3999999999999999, 0.3999999999999999), 192: (0.6000000000000001, 0.6000000000000001)}",{'dummy': 0.7699283906372021},"[(0.19999999999999996, 0.19999999999999996)]","[(0.0, -0.8)]","[{'dummy': 0.31340607534438114}, {'dummy': 0.5360574120506065}, {'dummy': 0.2899972800193734}, {'dummy': 0.4194594226324465}, {'dummy': 0.9589019235548024}, {'dummy': 0.02640406757378444}, {'dummy': 0.22215685096972582}, {'dummy': 0.8102897402270631}, {'dummy': 0.02913234744545079}, {'dummy': 0.8116637936692207}]"
