impression,user_id,app_version,model_version,status,NUM_INITIAL_RATINGS,NUM_REFINE_RATINGS,TOTAL_TRAINING_RATINGS,NUM_TEST_RATINGS,items_shown,ratings,model_fit,history_dict,hypers,redisplay_check,arbitrary_check,hyper_history
0,1605f270-4506-4cbc-b53b-cc18cca3e135,4.1-knn-ar-dresses10-test,1.2,Started,1,10,11,15,"[264, 466, 690, 196, 793, 561, 776, 813, 646, 717, 98]","[0.0, -0.4, -0.6, 0.19999999999999996, 0.0, -1.0, 0.0, -1.0, 0.0, -0.6, -0.4]","[0.0, -0.4, -0.6, 0.19999999999999996, 0.0, -1.0, 0.0, -1.0, 0.0, -0.6, -0.4]","{264: (0.0, 0.0), 466: (-0.4, -0.4), 690: (-0.6, -0.6), 196: (0.19999999999999996, 0.19999999999999996), 793: (0.0, 0.0), 561: (-1.0, -1.0), 776: (0.0, 0.0), 813: (-1.0, -1.0), 646: (0.0, 0.0), 717: (-0.6, -0.6), 98: (-0.4, -0.4)}",{'dummy': 0.7918600776968927},"[(-0.6, -0.6)]","[(-0.8, -0.8)]","[{'dummy': 0.07686710394390428}, {'dummy': 0.5193863856471773}, {'dummy': 0.35796000047574994}, {'dummy': 0.6414213307107909}, {'dummy': 0.5484577840536543}, {'dummy': 0.6029589955654031}, {'dummy': 0.8869074322725891}, {'dummy': 0.05896893281385529}, {'dummy': 0.11264360520412364}, {'dummy': 0.15813988069005447}]"
