impression,user_id,app_version,model_version,mturk_id,status,NUM_INITIAL_RATINGS,NUM_REFINE_RATINGS,TOTAL_TRAINING_RATINGS,NUM_TEST_RATINGS,TIME_INITIAL,TIME_REFINE,TIME_TEST,random_test_predictions_ratings,good_test_predictions_ratings,hypers,redisplay_check,arbitrary_check
0,1605f270-4506-4cbc-b53b-cc18cca3e135,4.1-knn-ar-dresses10-test,1.2,A14E0Y5HPALKZN,Completed,1,10,11,15,7.902853488922119,62.792282819747925,77.41978192329407,"{386: (-0.14632294691031525, 0.0), 809: (-0.3369274985523694, -0.4), 213: (-0.4019128086204061, -0.4), 242: (0.06651160121060029, -0.8), 465: (-0.5861708194025557, -0.8), 129: (-0.18019953318178142, -0.4), 757: (-0.21083191405110013, -1.0), 226: (-0.2938454634377594, -0.8), 68: (-0.14081897334055693, -0.8), 769: (-0.2141715221335833, -0.6)}","{27: (0.08241627762886422, 0.0), 752: (0.07895804655186993, -0.4), 535: (0.07584072181210698, 0.0), 352: (0.07454758314774797, 0.19999999999999996), 43: (0.07303620890238177, -1.0)}",{'dummy': 0.8804808294923959},"[(-1.0, -1.0)]","[(-0.6, -0.6)]"
