impression,user_id,app_version,model_version,mturk_id,status,NUM_INITIAL_RATINGS,NUM_REFINE_RATINGS,TOTAL_TRAINING_RATINGS,NUM_TEST_RATINGS,TIME_INITIAL,TIME_REFINE,TIME_TEST,random_test_predictions_ratings,good_test_predictions_ratings,hypers,redisplay_check,arbitrary_check
0,16791600-e64f-4891-a7da-a6b8e9592e71,4.1-knn-ar-dresses10-test,1.2,A3G3G7SCD88G1J,Completed,1,40,41,15,7.138790845870972,230.6271321773529,119.69544625282288,"{639: (0.04597803102161832, 0.19999999999999996), 158: (0.11680829364117644, -0.19999999999999996), 628: (0.006435960447494695, 0.3999999999999999), 416: (0.019798549070506415, -0.8), 637: (0.3988234189630412, 0.8), 339: (-0.06565853800967052, 0.0), 286: (0.015886114600446533, -0.6), 707: (0.16816124097553553, 0.3999999999999999), 247: (0.3180615505513877, 0.3999999999999999), 796: (-0.08592042601907014, 1.0)}","{388: (0.51276686467401, 0.3999999999999999), 613: (0.5123208234267508, 0.6000000000000001), 440: (0.5095522937528276, 0.6000000000000001), 73: (0.5077585145922446, -0.19999999999999996), 67: (0.4950944303674188, 0.3999999999999999)}",{'dummy': 0.9662718740511327},"[(-0.19999999999999996, -0.19999999999999996)]","[(0.3999999999999999, -0.6)]"
