impression,user_id,app_version,model_version,mturk_id,status,NUM_INITIAL_RATINGS,NUM_REFINE_RATINGS,TOTAL_TRAINING_RATINGS,NUM_TEST_RATINGS,TIME_INITIAL,TIME_REFINE,TIME_TEST,random_test_predictions_ratings,good_test_predictions_ratings,hypers,redisplay_check,arbitrary_check
0,186b0b96-06b8-4044-90c9-9c0c30093f3f,4.1-knn-ar-dresses10-test,1.2,A2O0B9KWB7RSTO,Completed,1,10,11,15,115.79848742485046,373.99755811691284,234.62409615516663,"{312: (0.0, -0.8), 163: (-0.40987585213864264, 0.3999999999999999), 773: (-0.5086518911581975, -0.8), 221: (-0.8000000000000002, -0.8), 798: (0.13772679558742945, -0.8), 658: (-0.11633805149933589, 0.0), 582: (0.10976055901704661, 0.6000000000000001), 230: (-0.26413506116040447, 0.3999999999999999), 26: (-0.5461054637122453, -0.8), 549: (-0.09145934238903224, 0.0)}","{195: (0.2689838901541179, 0.0), 757: (0.268606919484613, 0.3999999999999999), 88: (0.26036008748061185, 0.0), 681: (0.26028553894678547, 0.6000000000000001), 152: (0.25995043238229626, 0.0)}",{'dummy': 0.7007458685397925},"[(0.6000000000000001, 0.6000000000000001)]","[(-0.8, -0.6)]"
