impression,user_id,app_version,model_version,mturk_id,status,NUM_INITIAL_RATINGS,NUM_REFINE_RATINGS,TOTAL_TRAINING_RATINGS,NUM_TEST_RATINGS,TIME_INITIAL,TIME_REFINE,TIME_TEST,random_test_predictions_ratings,good_test_predictions_ratings,hypers,redisplay_check,arbitrary_check
0,18766365-d320-4b47-b213-ecfdb9e5f925,4.1-knn-ar-dresses10-test,1.2,A3026L920CTLFV,Completed,1,20,21,15,9.924783706665039,100.43675231933594,63.2251250743866,"{402: (0.5885414583851365, 0.8), 651: (0.11750397908273075, 0.8), 43: (0.5420671206086121, 0.3999999999999999), 334: (0.32851983825220954, 0.3999999999999999), 221: (0.7305767479621234, 0.6000000000000001), 725: (0.523957945114846, 0.8), 441: (0.33923530740878804, 0.0), 177: (0.6055547652615298, 1.0), 760: (0.16321309164654016, 0.19999999999999996), 282: (0.5839943018832126, 0.8)}","{670: (0.8682269527689259, 1.0), 174: (0.8659250798533025, 0.6000000000000001), 713: (0.8656471695549233, 0.6000000000000001), 85: (0.8652711368640517, 0.3999999999999999), 265: (0.8643177073687581, 0.19999999999999996)}",{'dummy': 0.6275420464011328},"[(0.6000000000000001, 0.8)]","[(0.8, -0.6)]"
