impression,user_id,app_version,model_version,status,NUM_INITIAL_RATINGS,NUM_REFINE_RATINGS,TOTAL_TRAINING_RATINGS,NUM_TEST_RATINGS,items_shown,ratings,model_fit,history_dict,hypers,redisplay_check,arbitrary_check,hyper_history
0,1982365b-3c9f-461d-8ef7-4c3562c253a6,4.1-knn-ar-dresses10-test,1.2,Started,1,10,11,15,"[470, 314, 442, 560, 350, 273, 684, 170, 121, 53, 760]","[-0.4, 0.6000000000000001, -0.4, 0.19999999999999996, 0.6000000000000001, 0.0, 0.8, 0.6000000000000001, -0.6, -0.6, -0.4]","[-0.4, 0.6000000000000001, -0.4, 0.19999999999999996, 0.6000000000000001, 0.0, 0.8, 0.6000000000000001, -0.6, -0.6, -0.4]","{470: (-0.4, -0.4), 314: (0.6000000000000001, 0.6000000000000001), 442: (-0.4, -0.4), 560: (0.19999999999999996, 0.19999999999999996), 350: (0.6000000000000001, 0.6000000000000001), 273: (0.0, 0.0), 684: (0.8, 0.8), 170: (0.6000000000000001, 0.6000000000000001), 121: (-0.6, -0.6), 53: (-0.6, -0.6), 760: (-0.4, -0.4)}",{'dummy': 0.3550291607975139},"[(-0.8, -0.4)]","[(0.0, -0.8)]","[{'dummy': 0.5349461061939065}, {'dummy': 0.6944794298282521}, {'dummy': 0.6651072514272092}, {'dummy': 0.7625909020379434}, {'dummy': 0.39220803295814366}, {'dummy': 0.8553226984204395}, {'dummy': 0.7848316373777097}, {'dummy': 0.021204009145106895}, {'dummy': 0.24512449462417418}, {'dummy': 0.8431185844787419}]"
