impression,user_id,app_version,model_version,mturk_id,status,NUM_INITIAL_RATINGS,NUM_REFINE_RATINGS,TOTAL_TRAINING_RATINGS,NUM_TEST_RATINGS,TIME_INITIAL,TIME_REFINE,TIME_TEST,random_test_predictions_ratings,good_test_predictions_ratings,hypers,redisplay_check,arbitrary_check
0,1982365b-3c9f-461d-8ef7-4c3562c253a6,4.1-knn-ar-dresses10-test,1.2,A9J48W1C9IZAI,Completed,1,10,11,15,4.300147533416748,38.7197744846344,69.27940106391907,"{47: (-0.2697543861523222, -0.6), 751: (0.11334203173348764, 0.6000000000000001), 506: (-0.13272715653914152, 0.19999999999999996), 445: (-0.29159933752366446, -0.8), 253: (0.12189681859479927, 0.0), 7: (-0.3113756724312148, -0.6), 623: (0.06704985734160875, 0.8), 387: (-0.16379520892817342, 0.3999999999999999), 107: (-0.1972674156228537, -0.6), 627: (0.18978148429255126, 0.3999999999999999)}","{275: (0.6776408834371209, 0.0), 636: (0.6755651731963025, -0.19999999999999996), 259: (0.6731955349888551, 0.0), 172: (0.6731020629006439, 0.0), 118: (0.6708094261804943, 0.6000000000000001)}",{'dummy': 0.4699349832588521},"[(0.0, 0.0)]","[(0.19999999999999996, -0.6)]"
