impression,user_id,app_version,model_version,mturk_id,status,NUM_INITIAL_RATINGS,NUM_REFINE_RATINGS,TOTAL_TRAINING_RATINGS,NUM_TEST_RATINGS,TIME_INITIAL,TIME_REFINE,TIME_TEST,random_test_predictions_ratings,good_test_predictions_ratings,hypers,redisplay_check,arbitrary_check
0,199659c5-3e63-4f91-ad39-ffb5ba80fa8c,4.1-knn-ar-dresses10-test,1.2,A4PUOAFLUOQW4,Completed,1,20,21,15,18.471717596054077,103.88886547088623,78.23588705062866,"{550: (0.013247021475756762, 0.30000000000000004), 789: (0.3059701309066838, 0.3999999999999999), 57: (0.3089579481071169, 0.19999999999999996), 555: (0.20631676928320136, 0.6000000000000001), 252: (0.06122316253267503, 0.19999999999999996), 402: (0.14533243157057463, 0.6000000000000001), 288: (0.19850603797897165, 0.26), 164: (0.1082440623210081, -0.19999999999999996), 491: (0.2324712668245261, 0.3999999999999999), 92: (0.061741384495814094, 0.30000000000000004)}","{88: (0.48955872512106136, 0.0), 295: (0.46974791111557673, -0.4), 147: (0.4695935845356817, 0.19999999999999996), 16: (0.4679139913757368, 0.19999999999999996), 343: (0.4659008764777357, 0.3999999999999999)}",{'dummy': 0.334293415920064},"[(0.30000000000000004, 0.30000000000000004)]","[(0.30000000000000004, -0.6)]"
