impression,user_id,app_version,model_version,mturk_id,status,NUM_INITIAL_RATINGS,NUM_REFINE_RATINGS,TOTAL_TRAINING_RATINGS,NUM_TEST_RATINGS,TIME_INITIAL,TIME_REFINE,TIME_TEST,random_test_predictions_ratings,good_test_predictions_ratings,hypers,redisplay_check,arbitrary_check
0,19bee3b1-cb3a-485c-8183-010e219880b2,4.1-knn-ar-dresses10-test,1.2,A2A78DMGLC1S0Y,Completed,1,50,51,15,5.68566632270813,264.59742641448975,73.84598684310913,"{336: (0.7309699022120715, 1.0), 626: (0.3168963653728766, 1.0), 568: (0.7876787389511567, 0.3999999999999999), 472: (0.553879183146696, 0.30000000000000004), 245: (0.6594542904680896, -1.0), 601: (0.2660353363020244, 0.7), 270: (0.6818828595505452, 0.0), 589: (0.1711826972283332, -0.4), 802: (0.40772688527954015, -0.4), 740: (-0.12672599645918003, -0.09999999999999998)}","{240: (1.0, 1.0), 631: (1.0, 1.0), 138: (1.0, 1.0), 757: (1.0, 0.3999999999999999), 643: (1.0, 1.0)}",{'dummy': 0.8098293867302464},"[(-0.19999999999999996, -1.0)]","[(-0.6, -0.6)]"
