impression,user_id,app_version,model_version,mturk_id,status,NUM_INITIAL_RATINGS,NUM_REFINE_RATINGS,TOTAL_TRAINING_RATINGS,NUM_TEST_RATINGS,TIME_INITIAL,TIME_REFINE,TIME_TEST,random_test_predictions_ratings,good_test_predictions_ratings,hypers,redisplay_check,arbitrary_check
0,1a039e46-2d3f-499c-a47a-16563b265487,4.1-knn-ar-dresses10-test,1.2,A3GDEW3W3LJ63Y,Completed,1,10,11,15,6.308467864990234,158.99298334121704,101.28932881355286,"{137: (-0.13317825121090188, 0.6000000000000001), 182: (-0.4049449271970148, 0.19999999999999996), 19: (-0.011153376828519385, -0.6), 552: (-0.061396720755071896, -0.6), 57: (-0.10865616544949655, 0.3999999999999999), 545: (-0.6114719194522543, 0.19999999999999996), 126: (-0.2941523621819352, 0.0), 602: (-0.003642537204298566, 0.19999999999999996), 336: (0.010494001020203824, 0.0), 409: (-0.27884524326049687, -0.19999999999999996)}","{328: (0.30131745260948983, 0.19999999999999996), 503: (0.2947279926061809, 0.6000000000000001), 247: (0.2905394640318646, 0.6000000000000001), 594: (0.27500017906290647, -0.4), 189: (0.26539566084442573, -0.19999999999999996)}",{'dummy': 0.2862343642175166},"[(-0.4, -0.6)]","[(0.19999999999999996, -0.6)]"
