impression,user_id,app_version,model_version,status,NUM_INITIAL_RATINGS,NUM_REFINE_RATINGS,TOTAL_TRAINING_RATINGS,NUM_TEST_RATINGS,items_shown,ratings,model_fit,history_dict,hypers,redisplay_check,arbitrary_check,hyper_history
0,1a039e46-2d3f-499c-a47a-16563b265487,4.1-knn-ar-dresses10-test,1.2,Started,1,10,11,15,"[421, 467, 674, 108, 726, 617, 475, 600, 781, 245, 14]","[0.19999999999999996, 0.0, -0.4, -0.19999999999999996, -0.4, -0.8, -0.6, 0.0, 0.19999999999999996, 0.6000000000000001, -0.4]","[0.19999999999999996, 0.0, -0.4, -0.19999999999999996, -0.4, -0.8, -0.6, 0.0, 0.19999999999999996, 0.6000000000000001, -0.4]","{421: (0.19999999999999996, 0.19999999999999996), 467: (0.0, 0.0), 674: (-0.4, -0.4), 108: (-0.19999999999999996, -0.19999999999999996), 726: (-0.4, -0.4), 617: (-0.8, -0.8), 475: (-0.6, -0.6), 600: (0.0, 0.0), 781: (0.19999999999999996, 0.19999999999999996), 245: (0.6000000000000001, 0.6000000000000001), 14: (-0.4, -0.4)}",{'dummy': 0.6764843971076724},"[(0.0, -0.4)]","[(0.19999999999999996, -0.8)]","[{'dummy': 0.6247335009022661}, {'dummy': 0.15306427119070642}, {'dummy': 0.855301852611529}, {'dummy': 0.3716417437189822}, {'dummy': 0.004510314786230318}, {'dummy': 0.46983753483543866}, {'dummy': 0.04716900169299976}, {'dummy': 0.06609297158246041}, {'dummy': 0.5417263286834162}, {'dummy': 0.29304530942983387}]"
