impression,user_id,app_version,model_version,status,NUM_INITIAL_RATINGS,NUM_REFINE_RATINGS,TOTAL_TRAINING_RATINGS,NUM_TEST_RATINGS,items_shown,ratings,model_fit,history_dict,hypers,redisplay_check,arbitrary_check,hyper_history
0,1a8c6171-9d26-4086-952e-91e0374c48e0,4.1-knn-ar-dresses10-test,1.2,Started,1,20,21,15,"[809, 306, 483, 250, 468, 523, 806, 99, 199, 368, 16, 242, 534, 392, 283, 496, 177, 419, 322, 143, 455]","[-0.8, 0.0, -0.6, -0.8, -0.4, 0.3999999999999999, -1.0, 0.19999999999999996, -0.4, -0.8, -0.19999999999999996, 0.0, -0.8, 0.0, 0.6000000000000001, 0.19999999999999996, 0.3999999999999999, -0.4, 0.0, 0.19999999999999996, -0.8]","[-0.8, 0.0, -0.6, -0.8, -0.4, 0.3999999999999999, -1.0, 0.19999999999999996, -0.4, -0.8, -0.19999999999999996, 0.0, -0.8, 0.0, 0.6000000000000001, 0.19999999999999996, 0.3999999999999999, -0.4, 0.0, 0.19999999999999996, -0.8]","{809: (-0.8, -0.8), 306: (0.0, 0.0), 483: (-0.6, -0.6), 250: (-0.8, -0.8), 468: (-0.4, -0.4), 523: (0.3999999999999999, 0.3999999999999999), 806: (-1.0, -1.0), 99: (0.19999999999999996, 0.19999999999999996), 199: (-0.4, -0.4), 368: (-0.8, -0.8), 16: (-0.19999999999999996, -0.19999999999999996), 242: (0.0, 0.0), 534: (-0.8, -0.8), 392: (0.0, 0.0), 283: (0.6000000000000001, 0.6000000000000001), 496: (0.19999999999999996, 0.19999999999999996), 177: (0.3999999999999999, 0.3999999999999999), 419: (-0.4, -0.4), 322: (0.0, 0.0), 143: (0.19999999999999996, 0.19999999999999996), 455: (-0.8, -0.8)}",{'dummy': 0.8463986876206311},"[(-0.4, -0.6)]","[(0.6000000000000001, -0.8)]","[{'dummy': 0.414660360397632}, {'dummy': 0.01804729599706023}, {'dummy': 0.12462138022835723}, {'dummy': 0.20419803079269494}, {'dummy': 0.38796527915733237}, {'dummy': 0.22751790087898183}, {'dummy': 0.9270508928042991}, {'dummy': 0.5100829908824499}, {'dummy': 0.03382284595036411}, {'dummy': 0.08675297060858778}, {'dummy': 0.21769905488270747}, {'dummy': 0.4736511631757033}, {'dummy': 0.16587458899942042}, {'dummy': 0.49666515797546595}, {'dummy': 0.01594387595955271}, {'dummy': 0.05069924197444331}, {'dummy': 0.4074185221802632}, {'dummy': 0.32397317882751875}, {'dummy': 0.9171264789749046}, {'dummy': 0.9497980633841792}]"
