impression,user_id,app_version,model_version,status,NUM_INITIAL_RATINGS,NUM_REFINE_RATINGS,TOTAL_TRAINING_RATINGS,NUM_TEST_RATINGS,items_shown,ratings,model_fit,history_dict,hypers,redisplay_check,arbitrary_check,hyper_history
0,1aafaf61-2a17-46a4-8cfd-29bfe4eca585,4.1-knn-ar-dresses10-test,1.2,Started,1,10,11,15,"[512, 716, 296, 39, 637, 242, 83, 745, 258, 216, 123]","[-0.19999999999999996, -0.09999999999999998, 0.6000000000000001, -0.30000000000000004, 0.19999999999999996, -0.4, -0.8, -0.19999999999999996, -0.19999999999999996, 0.10000000000000009, -0.19999999999999996]","[-0.19999999999999996, -0.09999999999999998, 0.6000000000000001, -0.30000000000000004, 0.19999999999999996, -0.4, -0.8, -0.19999999999999996, -0.19999999999999996, 0.10000000000000009, -0.19999999999999996]","{512: (-0.19999999999999996, -0.19999999999999996), 716: (-0.09999999999999998, -0.09999999999999998), 296: (0.6000000000000001, 0.6000000000000001), 39: (-0.30000000000000004, -0.30000000000000004), 637: (0.19999999999999996, 0.19999999999999996), 242: (-0.4, -0.4), 83: (-0.8, -0.8), 745: (-0.19999999999999996, -0.19999999999999996), 258: (-0.19999999999999996, -0.19999999999999996), 216: (0.10000000000000009, 0.10000000000000009), 123: (-0.19999999999999996, -0.19999999999999996)}",{'dummy': 0.030776995359952264},"[(0.6000000000000001, 0.6000000000000001)]","[(-0.09999999999999998, -0.8)]","[{'dummy': 0.4998774590072892}, {'dummy': 0.17664442904482092}, {'dummy': 0.01499996032330364}, {'dummy': 0.5833506101589653}, {'dummy': 0.4351122532511974}, {'dummy': 0.27420034059861587}, {'dummy': 0.8711463458879656}, {'dummy': 0.127548633377776}, {'dummy': 0.766989058879293}, {'dummy': 0.6101026780776456}]"
