impression,user_id,app_version,model_version,status,NUM_INITIAL_RATINGS,NUM_REFINE_RATINGS,TOTAL_TRAINING_RATINGS,NUM_TEST_RATINGS,items_shown,ratings,model_fit,history_dict,hypers,redisplay_check,arbitrary_check,hyper_history
0,1afc8606-6934-4615-91bd-dc3730c9475b,4.1-knn-ar-dresses10-test,1.2,Started,1,20,21,15,"[629, 721, 518, 102, 22, 474, 657, 513, 170, 773, 607, 105, 91, 270, 41, 24, 735, 685, 54, 792, 380]","[0.6000000000000001, 0.19999999999999996, -0.8, -0.19999999999999996, 0.0, -0.19999999999999996, -0.8, 0.19999999999999996, 0.19999999999999996, 0.3999999999999999, 0.3999999999999999, 0.3999999999999999, -0.8, -0.19999999999999996, -0.4, -0.19999999999999996, -0.6, -0.6, -0.4, 0.8, 0.3999999999999999]","[0.6000000000000001, 0.19999999999999996, -0.8, -0.19999999999999996, 0.0, -0.19999999999999996, -0.8, 0.19999999999999996, 0.19999999999999996, 0.3999999999999999, 0.3999999999999999, 0.3999999999999999, -0.8, -0.19999999999999996, -0.4, -0.19999999999999996, -0.6, -0.6, -0.4, 0.8, 0.3999999999999999]","{629: (0.6000000000000001, 0.6000000000000001), 721: (0.19999999999999996, 0.19999999999999996), 518: (-0.8, -0.8), 102: (-0.19999999999999996, -0.19999999999999996), 22: (0.0, 0.0), 474: (-0.19999999999999996, -0.19999999999999996), 657: (-0.8, -0.8), 513: (0.19999999999999996, 0.19999999999999996), 170: (0.19999999999999996, 0.19999999999999996), 773: (0.3999999999999999, 0.3999999999999999), 607: (0.3999999999999999, 0.3999999999999999), 105: (0.3999999999999999, 0.3999999999999999), 91: (-0.8, -0.8), 270: (-0.19999999999999996, -0.19999999999999996), 41: (-0.4, -0.4), 24: (-0.19999999999999996, -0.19999999999999996), 735: (-0.6, -0.6), 685: (-0.6, -0.6), 54: (-0.4, -0.4), 792: (0.8, 0.8), 380: (0.3999999999999999, 0.3999999999999999)}",{'dummy': 0.22711556169644442},"[(-0.8, -0.8)]","[(-0.8, -0.8)]","[{'dummy': 0.7612740173753255}, {'dummy': 0.10962534329673679}, {'dummy': 0.9925034402750602}, {'dummy': 0.9558667744845828}, {'dummy': 0.5469160399857504}, {'dummy': 0.1600677755067592}, {'dummy': 0.4811660453750869}, {'dummy': 0.5203378369080169}, {'dummy': 0.9949279518354731}, {'dummy': 0.3058194208595274}, {'dummy': 0.8499583959735586}, {'dummy': 0.29595237316003653}, {'dummy': 0.994312270317837}, {'dummy': 0.6285371244386846}, {'dummy': 0.2554282986935641}, {'dummy': 0.11358245171819048}, {'dummy': 0.5621679637786391}, {'dummy': 0.9650023044320334}, {'dummy': 0.0498235279527901}, {'dummy': 0.45055889982689823}]"
