impression,user_id,app_version,model_version,status,NUM_INITIAL_RATINGS,NUM_REFINE_RATINGS,TOTAL_TRAINING_RATINGS,NUM_TEST_RATINGS,items_shown,ratings,model_fit,history_dict,hypers,redisplay_check,arbitrary_check,hyper_history
0,1b1cd124-72c6-49c0-82cc-3abe104ff222,4.1-knn-ar-dresses10-test,1.2,Started,1,20,21,15,"[503, 166, 265, 736, 92, 335, 327, 25, 373, 294, 84, 706, 13, 391, 317, 591, 683, 78, 594, 738, 789]","[0.6000000000000001, -0.19999999999999996, 0.3999999999999999, 0.0, 0.19999999999999996, 0.0, -0.4, 0.3999999999999999, 0.8, 0.0, 0.6000000000000001, 0.8, 0.6000000000000001, 0.8, 0.6000000000000001, 0.6000000000000001, 0.6000000000000001, 0.0, 0.19999999999999996, 0.6000000000000001, 0.6000000000000001]","[0.6000000000000001, -0.19999999999999996, 0.3999999999999999, 0.0, 0.19999999999999996, 0.0, -0.4, 0.3999999999999999, 0.8, 0.0, 0.6000000000000001, 0.8, 0.6000000000000001, 0.8, 0.6000000000000001, 0.6000000000000001, 0.6000000000000001, 0.0, 0.19999999999999996, 0.6000000000000001, 0.6000000000000001]","{503: (0.6000000000000001, 0.6000000000000001), 166: (-0.19999999999999996, -0.19999999999999996), 265: (0.3999999999999999, 0.3999999999999999), 736: (0.0, 0.0), 92: (0.19999999999999996, 0.19999999999999996), 335: (0.0, 0.0), 327: (-0.4, -0.4), 25: (0.3999999999999999, 0.3999999999999999), 373: (0.8, 0.8), 294: (0.0, 0.0), 84: (0.6000000000000001, 0.6000000000000001), 706: (0.8, 0.8), 13: (0.6000000000000001, 0.6000000000000001), 391: (0.8, 0.8), 317: (0.6000000000000001, 0.6000000000000001), 591: (0.6000000000000001, 0.6000000000000001), 683: (0.6000000000000001, 0.6000000000000001), 78: (0.0, 0.0), 594: (0.19999999999999996, 0.19999999999999996), 738: (0.6000000000000001, 0.6000000000000001), 789: (0.6000000000000001, 0.6000000000000001)}",{'dummy': 0.5928077503271539},"[(0.8, 0.3999999999999999)]","[(0.0, -0.8)]","[{'dummy': 0.4457556823984289}, {'dummy': 0.45671414724909565}, {'dummy': 0.4441898486542578}, {'dummy': 0.01934656743734975}, {'dummy': 0.8864971137409929}, {'dummy': 0.2583982706948368}, {'dummy': 0.9686405231653207}, {'dummy': 0.1761429924628557}, {'dummy': 0.6919885860279632}, {'dummy': 0.4456121369901741}, {'dummy': 0.24592300946885104}, {'dummy': 0.5762687749638898}, {'dummy': 0.011367633366092589}, {'dummy': 0.9538050176024048}, {'dummy': 0.936350492657472}, {'dummy': 0.7310967856546873}, {'dummy': 0.20404633849266218}, {'dummy': 0.9314989939239062}, {'dummy': 0.3413606684769709}, {'dummy': 0.8569417559314828}]"
