impression,user_id,app_version,model_version,mturk_id,status,NUM_INITIAL_RATINGS,NUM_REFINE_RATINGS,TOTAL_TRAINING_RATINGS,NUM_TEST_RATINGS,TIME_INITIAL,TIME_REFINE,TIME_TEST,random_test_predictions_ratings,good_test_predictions_ratings,hypers,redisplay_check,arbitrary_check
0,1bc98380-e2cd-4628-8150-b4874a6a7b45,4.1-knn-ar-dresses10-test,1.2,A3NKNOE5HIXXL,Completed,1,30,31,15,13.46987533569336,255.67656064033508,106.36790490150452,"{278: (-0.04354408197978638, -0.6), 52: (-0.23148179301467933, 0.6600000000000001), 472: (-0.1565212957701954, 0.26), 738: (0.3833736644323308, 0.30000000000000004), 482: (-0.23949471260953195, -0.36), 394: (-0.05040699173273915, -0.05999999999999994), 523: (0.09471509300473133, -0.48), 608: (-0.2781114515220849, -0.19999999999999996), 125: (-0.5330308725191364, -0.5599999999999999), 407: (0.38831321457488194, 0.28)}","{759: (0.6173637913221994, -0.45999999999999996), 424: (0.4225127844678533, -0.6799999999999999), 768: (0.4084324984348116, -0.6), 623: (0.405989993734137, 0.45999999999999996), 789: (0.4048082466079925, 0.10000000000000009)}",{'dummy': 0.21082553076350952},"[(-0.54, -0.6799999999999999)]","[(0.30000000000000004, -0.6)]"
