impression,user_id,app_version,model_version,mturk_id,status,NUM_INITIAL_RATINGS,NUM_REFINE_RATINGS,TOTAL_TRAINING_RATINGS,NUM_TEST_RATINGS,TIME_INITIAL,TIME_REFINE,TIME_TEST,random_test_predictions_ratings,good_test_predictions_ratings,hypers,redisplay_check,arbitrary_check
0,1c343068-edac-43d4-83ff-d36fb6d0c076,4.1-knn-ar-dresses10-test,1.2,A2NZAL7KHOR6VF,Completed,1,50,51,15,8.878105640411377,250.34340071678162,138.7461998462677,"{190: (0.4225778403125162, 1.0), 32: (0.5317972761982794, 0.6000000000000001), 293: (-0.1381928347555151, -0.19999999999999996), 441: (-0.05277178222306992, 0.3999999999999999), 474: (-0.14514508112907804, 0.6000000000000001), 101: (-0.09430336139253617, -0.8), 326: (0.15719375428148158, 1.0), 194: (-0.11581768620317374, -0.4), 80: (-0.25690416455038545, -0.8), 156: (0.39492913180452516, 0.19999999999999996)}","{24: (0.8016997842152214, -0.4), 13: (0.8010788075311343, 0.0), 530: (0.8003579338968432, 1.0), 788: (0.7985101802542376, 0.19999999999999996), 316: (0.7954523328193477, -0.8)}",{'dummy': 0.6143840395590967},"[(0.3999999999999999, -0.4)]","[(0.6000000000000001, -0.6)]"
