impression,user_id,app_version,model_version,mturk_id,status,NUM_INITIAL_RATINGS,NUM_REFINE_RATINGS,TOTAL_TRAINING_RATINGS,NUM_TEST_RATINGS,TIME_INITIAL,TIME_REFINE,TIME_TEST,random_test_predictions_ratings,good_test_predictions_ratings,hypers,redisplay_check,arbitrary_check
0,1c39dc0b-3432-493c-99d2-b3dfeea4537b,4.1-knn-ar-dresses10-test,1.2,AE63GABJL0FGJ,Completed,1,40,41,15,44.92396068572998,273.9037182331085,111.58886885643005,"{14: (0.07135387586811824, 0.3999999999999999), 368: (-0.36285602291898955, -0.8), 598: (0.46726347086266284, 0.6000000000000001), 532: (0.35985392002295963, -0.6), 743: (0.3391727351158145, 0.3999999999999999), 96: (-0.25983422132816636, 0.6000000000000001), 754: (0.0936535454051966, 0.3999999999999999), 491: (-0.2046672762138833, 0.19999999999999996), 160: (0.4175844721439731, 0.6000000000000001), 434: (0.000738030849967128, -0.4)}","{111: (0.8632881486072518, 0.19999999999999996), 591: (0.7606276697605665, 0.8), 311: (0.7515961667386819, 0.19999999999999996), 610: (0.7419452636634342, 0.8), 246: (0.741643949481345, 0.19999999999999996)}",{'dummy': 0.5777547059442937},"[(0.3999999999999999, 0.6000000000000001)]","[(0.19999999999999996, -0.6)]"
