impression,user_id,app_version,model_version,mturk_id,status,NUM_INITIAL_RATINGS,NUM_REFINE_RATINGS,TOTAL_TRAINING_RATINGS,NUM_TEST_RATINGS,TIME_INITIAL,TIME_REFINE,TIME_TEST,random_test_predictions_ratings,good_test_predictions_ratings,hypers,redisplay_check,arbitrary_check
0,1c4de66d-4b80-451e-a204-afacdd00a5e5,4.1-knn-ar-dresses10-test,1.2,A1969Q0R4Y0E3J,Completed,1,30,31,15,17.196778774261475,133.7691593170166,84.31631278991699,"{359: (0.09869123926679084, -0.8), 677: (-0.5367320843684823, 1.0), 25: (0.26699943899158696, -0.6), 178: (0.5726314989463759, 1.0), 775: (-0.7361157365413853, -0.6), 186: (-0.68773286840595, -0.8), 666: (-0.2641850978225973, -0.6), 405: (-0.07214682753175862, -0.8), 54: (-0.8000000000000002, -0.8), 153: (-0.7306347525465607, -0.8)}","{669: (0.9363201787195122, 1.0), 192: (0.9268528684908907, 0.6000000000000001), 520: (0.9259096201522564, 1.0), 791: (0.8990783163079709, 1.0), 81: (0.8902354266230623, 1.0)}",{'dummy': 0.6977587640314261},"[(1.0, 1.0)]","[(-0.6, -0.6)]"
