impression,user_id,app_version,model_version,mturk_id,status,NUM_INITIAL_RATINGS,NUM_REFINE_RATINGS,TOTAL_TRAINING_RATINGS,NUM_TEST_RATINGS,TIME_INITIAL,TIME_REFINE,TIME_TEST,random_test_predictions_ratings,good_test_predictions_ratings,hypers,redisplay_check,arbitrary_check
0,1dd9dd39-894d-4e2d-8b68-0029fac6e1c6,4.1-knn-ar-dresses10-test,1.2,A292TFDMNVS0TP,Completed,1,30,31,15,7.044212341308594,163.6677963733673,65.95883083343506,"{154: (-0.2683666064021293, 0.0), 748: (-0.01985639644164779, -0.8), 322: (-0.6670750526961671, 0.0), 330: (-0.2978303242067327, 0.8), 645: (-0.22254890095581278, -0.8), 391: (-0.2217268269093858, -0.8), 683: (-0.28080115639604714, 0.0), 219: (-0.4016227845286779, -0.8), 247: (-0.7327353927875273, 0.0), 468: (-0.44911641167581196, 0.0)}","{597: (0.5661271029926216, 1.0), 739: (0.4637473262798896, -0.8), 362: (0.43152809683698923, 0.0), 532: (0.43044018786456845, -0.8), 591: (0.4204488059311644, 0.0)}",{'dummy': 0.026866380113920063},"[(-0.8, -0.8)]","[(-0.6, -0.6)]"
