impression,user_id,app_version,model_version,mturk_id,status,NUM_INITIAL_RATINGS,NUM_REFINE_RATINGS,TOTAL_TRAINING_RATINGS,NUM_TEST_RATINGS,TIME_INITIAL,TIME_REFINE,TIME_TEST,random_test_predictions_ratings,good_test_predictions_ratings,hypers,redisplay_check,arbitrary_check
0,1e2fab82-fe60-41f5-9da8-201f5f7b62b1,4.1-knn-ar-dresses10-test,1.2,A10HW8JXM17XLD,Completed,1,30,31,15,14.728467226028442,280.78643465042114,140.68677759170532,"{541: (0.025667185067898, -0.19999999999999996), 201: (0.01840117566319197, 0.0), 690: (-0.3434158943800589, 0.0), 607: (-0.2726337717629816, 0.6000000000000001), 514: (-0.14766963465317215, -0.19999999999999996), 94: (-0.20550971567761306, 0.0), 25: (-0.2597250270435625, -0.4), 456: (-0.29976037779699394, -0.6), 285: (-0.6004991846072668, -0.19999999999999996), 286: (-0.4888717655680554, -0.8)}","{138: (0.44496652321903274, 0.3999999999999999), 93: (0.3922434883090817, 0.19999999999999996), 390: (0.34999036421372237, -0.8), 342: (0.34862563722387563, -0.6), 163: (0.3478485073831522, 0.19999999999999996)}",{'dummy': 0.4672444702238723},"[(-0.19999999999999996, -0.19999999999999996)]","[(-0.6, -0.6)]"
