impression,user_id,app_version,model_version,mturk_id,status,NUM_INITIAL_RATINGS,NUM_REFINE_RATINGS,TOTAL_TRAINING_RATINGS,NUM_TEST_RATINGS,TIME_INITIAL,TIME_REFINE,TIME_TEST,random_test_predictions_ratings,good_test_predictions_ratings,hypers,redisplay_check,arbitrary_check
0,1e7e64b4-b663-4f70-a176-615311a0bc96,4.1-knn-ar-dresses10-test,1.2,A1ROEDVMTO9Y3X,Completed,1,40,41,15,6.103595495223999,208.05609321594238,48.006768465042114,"{808: (0.0883824839544755, 0.8), 291: (0.14934087940733476, 0.3999999999999999), 244: (0.005330874539100417, 0.3999999999999999), 340: (0.004660487482737894, 0.0), 271: (0.07139708620103792, 0.3999999999999999), 190: (0.43921559377591934, 0.8), 751: (0.24029798952608467, 0.3999999999999999), 393: (0.4586918479806474, 0.19999999999999996), 113: (0.4994399553110069, 0.8), 469: (0.4756950579998458, 0.6000000000000001)}","{490: (0.717942758978352, -0.19999999999999996), 310: (0.6664947464542891, 0.19999999999999996), 452: (0.6625840648852792, 0.6000000000000001), 79: (0.6198470665237821, 0.3999999999999999), 112: (0.6161699258422464, 0.0)}",{'dummy': 0.30271367096125434},"[(0.8, 0.8)]","[(0.3999999999999999, -0.6)]"
