impression,user_id,app_version,model_version,mturk_id,status,NUM_INITIAL_RATINGS,NUM_REFINE_RATINGS,TOTAL_TRAINING_RATINGS,NUM_TEST_RATINGS,TIME_INITIAL,TIME_REFINE,TIME_TEST,random_test_predictions_ratings,good_test_predictions_ratings,hypers,redisplay_check,arbitrary_check
0,1f4a4558-07c2-4438-8f83-e0426e26f108,4.1-knn-ar-dresses10-test,1.2,A10O6Q0JU58JIJ,Completed,1,40,41,15,23.129400730133057,448.4731512069702,145.8059549331665,"{794: (-0.6939932745000482, -0.6), 588: (-0.07951808394450945, 0.020000000000000018), 52: (0.4134132492917086, 0.19999999999999996), 391: (0.43589808328125307, -0.8), 565: (-0.17409073903025366, -0.66), 180: (-0.05989406895807637, -0.5), 132: (0.5582857118034357, -0.8), 765: (0.3780558511318079, -0.09999999999999998), 484: (-0.1785965853020818, -0.72), 190: (0.11909906600143223, -0.19999999999999996)}","{61: (0.6035040452209236, 0.54), 114: (0.6010533490710774, -0.30000000000000004), 17: (0.5954841581881445, -0.19999999999999996), 210: (0.5844075065648017, 0.15999999999999992), 680: (0.5760063115307755, -0.05999999999999994)}",{'dummy': 0.552791556840713},"[(-0.15999999999999992, -0.19999999999999996)]","[(-0.19999999999999996, -0.6)]"
