impression,user_id,app_version,model_version,mturk_id,status,NUM_INITIAL_RATINGS,NUM_REFINE_RATINGS,TOTAL_TRAINING_RATINGS,NUM_TEST_RATINGS,TIME_INITIAL,TIME_REFINE,TIME_TEST,random_test_predictions_ratings,good_test_predictions_ratings,hypers,redisplay_check,arbitrary_check
0,213c919c-6675-49ab-b569-abea1267666f,4.1-knn-ar-dresses10-test,1.2,A1T33KOFZSKTD8,Completed,1,10,11,15,12.872323751449585,81.550128698349,85.07302713394165,"{401: (-0.1305438468075843, -0.4), 311: (-0.06446508417698087, -0.6), 253: (-0.05961475786482755, -0.6), 632: (-0.0601135061866581, 0.0), 166: (-0.1397449406489997, -0.6), 595: (-0.11592560506646311, 0.0), 501: (0.012746086279677592, -0.6), 198: (0.2169125702524103, -0.8), 254: (0.06279163589339956, -0.4), 710: (-0.47776713732661846, -0.6)}","{306: (0.40445937558240125, 0.19999999999999996), 515: (0.40208994122044245, -0.8), 591: (0.40059024829838663, -0.4), 398: (0.39923050102727375, -0.19999999999999996), 1: (0.39873922775863174, -0.6)}",{'dummy': 0.7948695029144148},"[(-0.4, -0.4)]","[(-0.19999999999999996, -0.6)]"
