impression,user_id,app_version,model_version,mturk_id,status,NUM_INITIAL_RATINGS,NUM_REFINE_RATINGS,TOTAL_TRAINING_RATINGS,NUM_TEST_RATINGS,TIME_INITIAL,TIME_REFINE,TIME_TEST,random_test_predictions_ratings,good_test_predictions_ratings,hypers,redisplay_check,arbitrary_check
0,21977b28-40c8-4c8e-a8e4-b0d93e0928f7,4.1-knn-ar-dresses10-test,1.2,A3MURWRUR0M9CX,Completed,1,30,31,15,12.293350219726562,146.6289439201355,67.33006834983826,"{542: (-0.2578448808617337, 0.19999999999999996), 399: (-0.14976803643266196, 0.19999999999999996), 739: (-0.09037829809177855, 0.8), 252: (0.21033355583798316, 0.10000000000000009), 300: (-0.23294314781870074, 0.19999999999999996), 210: (0.052207918628323226, 0.6000000000000001), 190: (-0.09694514862731109, 0.19999999999999996), 64: (0.16415779257057783, 0.3999999999999999), 582: (-0.00312826326280409, 0.31999999999999984), 694: (-0.01608833426966857, 0.0)}","{160: (0.4036222354386943, 0.19999999999999996), 279: (0.40098200791059446, -0.19999999999999996), 65: (0.3664258785137112, 1.0), 386: (0.33493632431364156, 1.0), 171: (0.32188692625509885, 0.6000000000000001)}",{'dummy': 0.57368690119147},"[(1.0, 1.0)]","[(0.19999999999999996, -0.6)]"
