impression,user_id,app_version,model_version,status,NUM_INITIAL_RATINGS,NUM_REFINE_RATINGS,TOTAL_TRAINING_RATINGS,NUM_TEST_RATINGS,items_shown,ratings,model_fit,history_dict,hypers,redisplay_check,arbitrary_check,hyper_history
0,21fb7236-1748-4282-8db5-842db509310b,4.1-knn-ar-dresses10-test,1.2,Started,1,10,11,15,"[239, 360, 401, 256, 217, 583, 435, 19, 616, 119, 358]","[0.8600000000000001, -0.4, -0.7, 0.3800000000000001, -0.32000000000000006, 0.5, -0.5, 0.56, 0.30000000000000004, 0.8999999999999999, 0.11999999999999988]","[0.8600000000000001, -0.4, -0.7, 0.3800000000000001, -0.32000000000000006, 0.5, -0.5, 0.56, 0.30000000000000004, 0.8999999999999999, 0.11999999999999988]","{239: (0.8600000000000001, 0.8600000000000001), 360: (-0.4, -0.4), 401: (-0.7, -0.7), 256: (0.3800000000000001, 0.3800000000000001), 217: (-0.32000000000000006, -0.32000000000000006), 583: (0.5, 0.5), 435: (-0.5, -0.5), 19: (0.56, 0.56), 616: (0.30000000000000004, 0.30000000000000004), 119: (0.8999999999999999, 0.8999999999999999), 358: (0.11999999999999988, 0.11999999999999988)}",{'dummy': 0.7044402434339972},"[(-0.6, -0.7)]","[(-0.7, -0.8)]","[{'dummy': 0.7139786942283227}, {'dummy': 0.7513615308958974}, {'dummy': 0.12614100786092963}, {'dummy': 0.8769903323767109}, {'dummy': 0.47782652445434126}, {'dummy': 0.11471280677281737}, {'dummy': 0.7083657016217042}, {'dummy': 0.2855640946696536}, {'dummy': 0.9904343392787489}, {'dummy': 0.8940979007185355}]"
