impression,user_id,app_version,model_version,mturk_id,status,NUM_INITIAL_RATINGS,NUM_REFINE_RATINGS,TOTAL_TRAINING_RATINGS,NUM_TEST_RATINGS,TIME_INITIAL,TIME_REFINE,TIME_TEST,random_test_predictions_ratings,good_test_predictions_ratings,hypers,redisplay_check,arbitrary_check
0,21fb7236-1748-4282-8db5-842db509310b,4.1-knn-ar-dresses10-test,1.2,A1ZLLYRW6GIVC7,Completed,1,10,11,15,17.994481801986694,163.53433895111084,99.15460133552551,"{46: (0.5667259304461228, 0.56), 539: (0.09204665765252851, 0.6000000000000001), 522: (-0.315709467083594, -0.11999999999999988), 526: (0.3627800126266464, 0.08000000000000007), 484: (0.14665967718829817, 0.9600000000000002), 271: (-0.23457572966104806, -0.5), 716: (-0.2652518501288043, 0.18000000000000016), 274: (0.26458296432548756, 0.8), 646: (0.18080648290557502, 0.21999999999999997), 418: (-0.12744820206928897, 0.56)}","{91: (0.7793750440243893, 0.7399999999999998), 20: (0.7774606543013837, 0.3999999999999999), 770: (0.7752508985096624, 0.3599999999999999), 17: (0.7735427883520647, 0.56), 446: (0.7724873002844442, 0.10000000000000009)}",{'dummy': 0.6286266971055742},"[(0.3999999999999999, 0.18000000000000016)]","[(0.5, -0.6)]"
