impression,user_id,app_version,model_version,status,NUM_INITIAL_RATINGS,NUM_REFINE_RATINGS,TOTAL_TRAINING_RATINGS,NUM_TEST_RATINGS,items_shown,ratings,model_fit,history_dict,hypers,redisplay_check,arbitrary_check,hyper_history
0,22462d52-81a4-4390-9bfd-d4f31ca0bf96,4.1-knn-ar-dresses10-test,1.2,Started,1,20,21,15,"[813, 437, 127, 236, 544, 197, 717, 357, 604, 744, 217, 225, 207, 363, 494, 232, 376, 560, 697, 404, 194]","[0.6000000000000001, -0.19999999999999996, 0.8, 0.0, 0.19999999999999996, 0.19999999999999996, -0.19999999999999996, 0.3999999999999999, 0.0, 0.0, -0.19999999999999996, 0.3999999999999999, 0.0, -0.4, -0.6, 0.0, -0.4, -0.19999999999999996, 0.0, -0.4, 0.3999999999999999]","[0.6000000000000001, -0.19999999999999996, 0.8, 0.0, 0.19999999999999996, 0.19999999999999996, -0.19999999999999996, 0.3999999999999999, 0.0, 0.0, -0.19999999999999996, 0.3999999999999999, 0.0, -0.4, -0.6, 0.0, -0.4, -0.19999999999999996, 0.0, -0.4, 0.3999999999999999]","{813: (0.6000000000000001, 0.6000000000000001), 437: (-0.19999999999999996, -0.19999999999999996), 127: (0.8, 0.8), 236: (0.0, 0.0), 544: (0.19999999999999996, 0.19999999999999996), 197: (0.19999999999999996, 0.19999999999999996), 717: (-0.19999999999999996, -0.19999999999999996), 357: (0.3999999999999999, 0.3999999999999999), 604: (0.0, 0.0), 744: (0.0, 0.0), 217: (-0.19999999999999996, -0.19999999999999996), 225: (0.3999999999999999, 0.3999999999999999), 207: (0.0, 0.0), 363: (-0.4, -0.4), 494: (-0.6, -0.6), 232: (0.0, 0.0), 376: (-0.4, -0.4), 560: (-0.19999999999999996, -0.19999999999999996), 697: (0.0, 0.0), 404: (-0.4, -0.4), 194: (0.3999999999999999, 0.3999999999999999)}",{'dummy': 0.46503718200110067},"[(0.6000000000000001, 0.8)]","[(-0.4, -0.8)]","[{'dummy': 0.1039963099947957}, {'dummy': 0.26539222878988356}, {'dummy': 0.9541202353423147}, {'dummy': 0.27351437265341094}, {'dummy': 0.5994355689979425}, {'dummy': 0.8014815192731527}, {'dummy': 0.6735345644170958}, {'dummy': 0.024019341475776446}, {'dummy': 0.4531039301565307}, {'dummy': 0.04611413105038309}, {'dummy': 0.05026138958705617}, {'dummy': 0.18818578730239288}, {'dummy': 0.21385168093095264}, {'dummy': 0.9296725445660947}, {'dummy': 0.08458382764604633}, {'dummy': 0.2518201613274147}, {'dummy': 0.8095372694606564}, {'dummy': 0.5842618948542334}, {'dummy': 0.12298062412006505}, {'dummy': 0.4744221707506203}]"
