impression,user_id,app_version,model_version,status,NUM_INITIAL_RATINGS,NUM_REFINE_RATINGS,TOTAL_TRAINING_RATINGS,NUM_TEST_RATINGS,items_shown,ratings,model_fit,history_dict,hypers,redisplay_check,arbitrary_check,hyper_history
0,227b8888-1a20-4490-be76-bdcd271439b9,4.1-knn-ar-dresses10-test,1.2,Started,1,10,11,15,"[93, 233, 716, 202, 395, 619, 272, 90, 534, 270, 83]","[0.8, -0.6, 0.3999999999999999, 0.19999999999999996, 0.0, 0.19999999999999996, 0.0, -0.6, 0.0, 0.3999999999999999, -0.4]","[0.8, -0.6, 0.3999999999999999, 0.19999999999999996, 0.0, 0.19999999999999996, 0.0, -0.6, 0.0, 0.3999999999999999, -0.4]","{93: (0.8, 0.8), 233: (-0.6, -0.6), 716: (0.3999999999999999, 0.3999999999999999), 202: (0.19999999999999996, 0.19999999999999996), 395: (0.0, 0.0), 619: (0.19999999999999996, 0.19999999999999996), 272: (0.0, 0.0), 90: (-0.6, -0.6), 534: (0.0, 0.0), 270: (0.3999999999999999, 0.3999999999999999), 83: (-0.4, -0.4)}",{'dummy': 0.17577801337693633},"[(0.3999999999999999, 0.3999999999999999)]","[(-0.8, -0.8)]","[{'dummy': 0.8765101975093469}, {'dummy': 0.27247481028629184}, {'dummy': 0.141077803248556}, {'dummy': 0.06281376127100946}, {'dummy': 0.488755576174306}, {'dummy': 0.9865320806799502}, {'dummy': 0.8201983399450925}, {'dummy': 0.9592380281231142}, {'dummy': 0.21837901986256225}, {'dummy': 0.42053592686351504}]"
