impression,user_id,app_version,model_version,mturk_id,status,NUM_INITIAL_RATINGS,NUM_REFINE_RATINGS,TOTAL_TRAINING_RATINGS,NUM_TEST_RATINGS,TIME_INITIAL,TIME_REFINE,TIME_TEST,random_test_predictions_ratings,good_test_predictions_ratings,hypers,redisplay_check,arbitrary_check
0,253d6c42-b8b9-4b6c-8355-b66fba9c812a,4.1-knn-ar-dresses10-test,1.2,A3UNWZFT520RJD,Completed,1,20,21,15,20.311506271362305,132.2279815673828,77.160640001297,"{808: (0.13599120196951156, -0.09999999999999998), 662: (-0.03853803173506045, 0.0), 226: (0.10498544267140772, 0.10000000000000009), 783: (-0.12989676747041667, -0.19999999999999996), 70: (0.2034272015801075, -0.09999999999999998), 713: (0.35121282403570514, 0.30000000000000004), 524: (-0.14260832554168248, 0.0), 741: (0.12381546112309472, 0.6000000000000001), 760: (0.26538596953438887, 0.8999999999999999), 189: (-0.12214560605385573, -0.4)}","{331: (0.47376967660286323, -0.09999999999999998), 242: (0.47158364550132126, 0.19999999999999996), 306: (0.46471280421016736, 0.10000000000000009), 746: (0.44721938167109204, 1.0), 151: (0.4390866001205544, 0.10000000000000009)}",{'dummy': 0.12668138777431814},"[(-0.19999999999999996, 0.0)]","[(-0.19999999999999996, -0.6)]"
