impression,user_id,app_version,model_version,status,NUM_INITIAL_RATINGS,NUM_REFINE_RATINGS,TOTAL_TRAINING_RATINGS,NUM_TEST_RATINGS,items_shown,ratings,model_fit,history_dict,hypers,redisplay_check,arbitrary_check,hyper_history
0,25f28f52-93e3-43d1-9348-7bbe22e3e132,4.1-knn-ar-dresses10-test,1.2,Started,1,10,11,15,"[230, 312, 443, 302, 599, 790, 336, 210, 799, 324, 433]","[-0.4, 0.6000000000000001, -0.4, -0.6, -0.4, 0.8, -0.4, 0.3999999999999999, 0.3999999999999999, -0.6, -0.6]","[-0.4, 0.6000000000000001, -0.4, -0.6, -0.4, 0.8, -0.4, 0.3999999999999999, 0.3999999999999999, -0.6, -0.6]","{230: (-0.4, -0.4), 312: (0.6000000000000001, 0.6000000000000001), 443: (-0.4, -0.4), 302: (-0.6, -0.6), 599: (-0.4, -0.4), 790: (0.8, 0.8), 336: (-0.4, -0.4), 210: (0.3999999999999999, 0.3999999999999999), 799: (0.3999999999999999, 0.3999999999999999), 324: (-0.6, -0.6), 433: (-0.6, -0.6)}",{'dummy': 0.37360456833961886},"[(-0.6, -0.4)]","[(-0.8, -0.8)]","[{'dummy': 0.519025346746664}, {'dummy': 0.3322463604286159}, {'dummy': 0.31631026572092313}, {'dummy': 0.7439133896328957}, {'dummy': 0.36409043404701347}, {'dummy': 0.6557332677952356}, {'dummy': 0.6488691076966402}, {'dummy': 0.49373683981559413}, {'dummy': 0.20533400159560067}, {'dummy': 0.41555545715786557}]"
