impression,user_id,app_version,model_version,mturk_id,status,NUM_INITIAL_RATINGS,NUM_REFINE_RATINGS,TOTAL_TRAINING_RATINGS,NUM_TEST_RATINGS,TIME_INITIAL,TIME_REFINE,TIME_TEST,random_test_predictions_ratings,good_test_predictions_ratings,hypers,redisplay_check,arbitrary_check
0,25f28f52-93e3-43d1-9348-7bbe22e3e132,4.1-knn-ar-dresses10-test,1.2,A2BUHMLNE3LUU0,Completed,1,10,11,15,16.87100076675415,129.5245656967163,170.3931167125702,"{386: (0.0993565474954893, -0.19999999999999996), 49: (-0.14058035662355087, 0.6000000000000001), 139: (0.12365851368008726, -0.19999999999999996), 811: (-0.45004931985511737, 0.6000000000000001), 353: (0.017091902981626366, 0.3999999999999999), 16: (-0.07891657713192493, -0.6), 192: (-0.5410080597698035, -0.6), 144: (-0.47866561651920786, -0.6), 150: (-0.46309323963659, -0.6), 43: (0.0009781908598853536, 0.6000000000000001)}","{679: (0.6278324467919529, -0.6), 98: (0.6214633587243458, 0.3999999999999999), 725: (0.6187912792600578, 0.8), 216: (0.6172370659793672, 0.19999999999999996), 380: (0.6124808428424575, 0.3999999999999999)}",{'dummy': 0.7449453500200106},"[(0.6000000000000001, 0.6000000000000001)]","[(-0.6, -0.6)]"
