impression,user_id,app_version,model_version,mturk_id,status,NUM_INITIAL_RATINGS,NUM_REFINE_RATINGS,TOTAL_TRAINING_RATINGS,NUM_TEST_RATINGS,TIME_INITIAL,TIME_REFINE,TIME_TEST,random_test_predictions_ratings,good_test_predictions_ratings,hypers,redisplay_check,arbitrary_check
0,262dd7cf-bb54-407e-b339-088b20649321,4.1-knn-ar-dresses10-test,1.2,A2YUYXAI4SAOLY,Completed,1,30,31,15,13.230913162231445,276.93406987190247,130.54539489746094,"{152: (-0.21843579524098625, -0.8), 741: (-0.66117636360111, 0.0), 73: (-0.4, -0.4), 322: (-0.25423047589782305, -0.6), 155: (-0.5352747654424594, -0.6), 481: (-0.15156110445361048, -0.19999999999999996), 799: (-0.13002240043705843, -0.4), 181: (-0.06978743017439056, -0.19999999999999996), 100: (-0.3318699253348479, -0.6), 406: (-0.26843708253814064, -0.19999999999999996)}","{239: (0.1395729439433736, 0.0), 454: (0.13869211055735284, -0.4), 768: (0.13751305170870345, -0.6), 319: (0.13577090622518304, -0.4), 609: (0.13339998916828508, -0.4)}",{'dummy': 0.8108236224033701},"[(-0.4, -0.19999999999999996)]","[(-0.6, -0.6)]"
