impression,user_id,app_version,model_version,mturk_id,status,NUM_INITIAL_RATINGS,NUM_REFINE_RATINGS,TOTAL_TRAINING_RATINGS,NUM_TEST_RATINGS,TIME_INITIAL,TIME_REFINE,TIME_TEST,random_test_predictions_ratings,good_test_predictions_ratings,hypers,redisplay_check,arbitrary_check
0,265e188e-e7cc-4866-bb57-b5ca7a259d46,4.1-knn-ar-dresses10-test,1.2,A1X7FVM9URL2CR,Completed,1,20,21,15,11.206298828125,172.6941978931427,126.8449821472168,"{559: (0.26535117909387984, -0.54), 20: (0.37407477609908485, -0.52), 494: (-0.12666116889501344, -0.84), 39: (0.7237798389145501, 0.5), 419: (0.015751420861118588, -0.72), 393: (0.24873278087768913, 0.0), 389: (0.35470985726634546, 0.52), 161: (0.534811267605503, 0.6800000000000002), 40: (0.16381203781389528, 0.08000000000000007), 531: (0.5588907490918223, 0.26)}","{60: (0.8838548874225293, 0.94), 358: (0.8356528588688672, 0.8199999999999998), 636: (0.8270498300364791, 0.7), 708: (0.8250378053239928, 0.8), 288: (0.8243728036833077, 0.54)}",{'dummy': 0.5355788901410649},"[(0.56, 0.52)]","[(0.6399999999999999, -0.6)]"
