impression,user_id,app_version,model_version,status,NUM_INITIAL_RATINGS,NUM_REFINE_RATINGS,TOTAL_TRAINING_RATINGS,NUM_TEST_RATINGS,items_shown,ratings,model_fit,history_dict,hypers,redisplay_check,arbitrary_check,hyper_history
0,27c29723-4345-4fcb-a2e7-63e947cb9550,4.1-knn-ar-dresses10-test,1.2,Started,1,20,21,15,"[657, 166, 233, 794, 716, 129, 439, 20, 254, 633, 267, 250, 38, 669, 400, 78, 750, 533, 117, 544, 592]","[-0.19999999999999996, -0.4, 0.0, -0.6, -0.8, 0.19999999999999996, -0.8, 0.3999999999999999, 0.19999999999999996, -0.6, 0.19999999999999996, -0.8, -0.8, -0.6, -0.8, 0.3999999999999999, 0.3999999999999999, -0.19999999999999996, -0.8, -0.6, 0.6000000000000001]","[-0.19999999999999996, -0.4, 0.0, -0.6, -0.8, 0.19999999999999996, -0.8, 0.3999999999999999, 0.19999999999999996, -0.6, 0.19999999999999996, -0.8, -0.8, -0.6, -0.8, 0.3999999999999999, 0.3999999999999999, -0.19999999999999996, -0.8, -0.6, 0.6000000000000001]","{657: (-0.19999999999999996, -0.19999999999999996), 166: (-0.4, -0.4), 233: (0.0, 0.0), 794: (-0.6, -0.6), 716: (-0.8, -0.8), 129: (0.19999999999999996, 0.19999999999999996), 439: (-0.8, -0.8), 20: (0.3999999999999999, 0.3999999999999999), 254: (0.19999999999999996, 0.19999999999999996), 633: (-0.6, -0.6), 267: (0.19999999999999996, 0.19999999999999996), 250: (-0.8, -0.8), 38: (-0.8, -0.8), 669: (-0.6, -0.6), 400: (-0.8, -0.8), 78: (0.3999999999999999, 0.3999999999999999), 750: (0.3999999999999999, 0.3999999999999999), 533: (-0.19999999999999996, -0.19999999999999996), 117: (-0.8, -0.8), 544: (-0.6, -0.6), 592: (0.6000000000000001, 0.6000000000000001)}",{'dummy': 0.8996318130425767},"[(0.19999999999999996, 0.0)]","[(-0.8, -0.8)]","[{'dummy': 0.27273734402243166}, {'dummy': 0.8966805626486176}, {'dummy': 0.6072566093517092}, {'dummy': 0.3548488458085891}, {'dummy': 0.35507154780046535}, {'dummy': 0.6391312940124133}, {'dummy': 0.24008890585351006}, {'dummy': 0.5836427453030806}, {'dummy': 0.5165157046983563}, {'dummy': 0.7721036713709617}, {'dummy': 0.5753601741037966}, {'dummy': 0.6705817201524964}, {'dummy': 0.025735759839022765}, {'dummy': 0.5820600932490899}, {'dummy': 0.6309245345758729}, {'dummy': 0.8217821078369709}, {'dummy': 0.13925971659527625}, {'dummy': 0.44732407343987857}, {'dummy': 0.3547759554886062}, {'dummy': 0.7010380126158807}]"
