impression,user_id,app_version,model_version,mturk_id,status,NUM_INITIAL_RATINGS,NUM_REFINE_RATINGS,TOTAL_TRAINING_RATINGS,NUM_TEST_RATINGS,TIME_INITIAL,TIME_REFINE,TIME_TEST,random_test_predictions_ratings,good_test_predictions_ratings,hypers,redisplay_check,arbitrary_check
0,28240745-67c4-4318-9d1c-75890af1bab7,4.1-knn-ar-dresses10-test,1.2,A1XLCEQHE0LI0R,Completed,1,20,21,15,15.629116773605347,127.33101749420166,70.10318636894226,"{99: (-0.26206586035461593, -0.19999999999999996), 344: (0.059827414024726425, -0.19999999999999996), 199: (-0.06746544663652873, -0.6), 61: (0.05307720324339639, -0.19999999999999996), 669: (-0.33741442482493256, 0.19999999999999996), 464: (-0.17864633524757953, 0.19999999999999996), 150: (-0.19999999999999996, -0.4), 293: (-0.25606614445609516, -0.4), 104: (0.002190082122006842, -0.4), 668: (-0.06368275021678803, -0.6)}","{208: (0.47757680506387606, 0.0), 607: (0.34953906715288924, 0.0), 11: (0.33482780442637056, -0.19999999999999996), 405: (0.33449594201413907, -0.19999999999999996), 761: (0.33304794381720404, -0.4)}",{'dummy': 0.6377101863741823},"[(0.19999999999999996, 0.0)]","[(-0.4, -0.6)]"
