impression,user_id,app_version,model_version,status,NUM_INITIAL_RATINGS,NUM_REFINE_RATINGS,TOTAL_TRAINING_RATINGS,NUM_TEST_RATINGS,items_shown,ratings,model_fit,history_dict,hypers,redisplay_check,arbitrary_check,hyper_history
0,2995d442-a382-45b8-827d-2ff21439ee79,4.1-knn-ar-dresses10-test,1.2,Started,1,10,11,15,"[630, 459, 714, 79, 666, 596, 297, 6, 635, 660, 494]","[0.3999999999999999, 0.7, 0.8, -0.4, 0.8, -0.19999999999999996, 0.3999999999999999, 0.6000000000000001, 0.3999999999999999, 0.0, 0.19999999999999996]","[0.3999999999999999, 0.7, 0.8, -0.4, 0.8, -0.19999999999999996, 0.3999999999999999, 0.6000000000000001, 0.3999999999999999, 0.0, 0.19999999999999996]","{630: (0.3999999999999999, 0.3999999999999999), 459: (0.7, 0.7), 714: (0.8, 0.8), 79: (-0.4, -0.4), 666: (0.8, 0.8), 596: (-0.19999999999999996, -0.19999999999999996), 297: (0.3999999999999999, 0.3999999999999999), 6: (0.6000000000000001, 0.6000000000000001), 635: (0.3999999999999999, 0.3999999999999999), 660: (0.0, 0.0), 494: (0.19999999999999996, 0.19999999999999996)}",{'dummy': 0.24045678491436928},"[(0.6000000000000001, 0.8)]","[(0.8, -0.8)]","[{'dummy': 0.35475818819531413}, {'dummy': 0.9688865301877144}, {'dummy': 0.6557009124659575}, {'dummy': 0.5711447997921516}, {'dummy': 0.9545068446331108}, {'dummy': 0.7005227629210627}, {'dummy': 0.7414143409112874}, {'dummy': 0.4720966431612533}, {'dummy': 0.6037687487630142}, {'dummy': 0.15091752568526073}]"
