impression,user_id,app_version,model_version,mturk_id,status,NUM_INITIAL_RATINGS,NUM_REFINE_RATINGS,TOTAL_TRAINING_RATINGS,NUM_TEST_RATINGS,TIME_INITIAL,TIME_REFINE,TIME_TEST,random_test_predictions_ratings,good_test_predictions_ratings,hypers,redisplay_check,arbitrary_check
0,2995d442-a382-45b8-827d-2ff21439ee79,4.1-knn-ar-dresses10-test,1.2,A1REJE4H1KLBXY,Completed,1,10,11,15,38.214049100875854,75.99574184417725,114.64584398269653,"{68: (0.34664072639037735, -0.6), 194: (0.5748467307989282, -0.6), 502: (0.3804383808759212, -0.4), 331: (0.18229696461713704, -0.19999999999999996), 36: (0.19592387423233418, -0.4), 317: (0.37096026512484026, 0.19999999999999996), 795: (0.5013197507382434, -0.4), 434: (0.2471537870772084, 0.0), 289: (0.3425224675319161, 0.3999999999999999), 436: (0.2153894863729435, 0.19999999999999996)}","{242: (0.7686015218415708, 0.3999999999999999), 158: (0.7235116430848738, 0.6000000000000001), 9: (0.7223702456719537, 0.19999999999999996), 599: (0.7161829103991532, -0.19999999999999996), 267: (0.7145807406138635, 0.6000000000000001)}",{'dummy': 0.9697282872955393},"[(0.0, 0.19999999999999996)]","[(0.3999999999999999, -0.6)]"
