impression,user_id,app_version,model_version,mturk_id,status,NUM_INITIAL_RATINGS,NUM_REFINE_RATINGS,TOTAL_TRAINING_RATINGS,NUM_TEST_RATINGS,TIME_INITIAL,TIME_REFINE,TIME_TEST,random_test_predictions_ratings,good_test_predictions_ratings,hypers,redisplay_check,arbitrary_check
0,29e4ce17-c12b-4cae-bc8c-5b35d16c8432,4.1-knn-ar-dresses10-test,1.2,AMA18W8F60Y2J,Completed,1,50,51,15,6.266075611114502,454.11524844169617,255.17056727409363,"{486: (-0.1389396760609742, -1.0), 235: (0.3178243277539288, 0.3999999999999999), 432: (-0.2092733442155883, -0.4), 105: (0.2838480500567305, 0.6000000000000001), 539: (-0.1942609158629149, 0.6000000000000001), 62: (0.6513431188185393, 0.6000000000000001), 179: (0.026009428251878106, -1.0), 181: (-0.26818923831087277, 0.8), 346: (-0.23844789165828587, -0.4), 184: (0.17221768241185384, -0.8)}","{810: (0.689185025949455, 0.0), 77: (0.6873682103492593, -1.0), 508: (0.6851008771288367, 0.3999999999999999), 754: (0.6750260245021843, -0.6), 464: (0.6718590147336146, 0.6000000000000001)}",{'dummy': 0.5976920811428652},"[(0.6000000000000001, 0.6000000000000001)]","[(-0.6, -0.6)]"
