impression,user_id,app_version,model_version,mturk_id,status,NUM_INITIAL_RATINGS,NUM_REFINE_RATINGS,TOTAL_TRAINING_RATINGS,NUM_TEST_RATINGS,TIME_INITIAL,TIME_REFINE,TIME_TEST,random_test_predictions_ratings,good_test_predictions_ratings,hypers,redisplay_check,arbitrary_check
0,29e90995-0278-4f11-bb15-bdcfcdca5363,4.1-knn-ar-dresses10-test,1.2,A2SE5DLTRBTLYD,Completed,1,20,21,15,7.722551345825195,81.63588690757751,43.60745644569397,"{156: (0.20654868852844888, 0.0), 291: (0.11480263138039946, 0.0), 400: (0.6027626529042297, 0.3999999999999999), 315: (0.19258476656621404, 0.19999999999999996), 527: (0.09149256156664418, 0.19999999999999996), 166: (0.19723857684406268, -0.19999999999999996), 443: (0.09938988821737256, -0.19999999999999996), 208: (0.6924869055975793, 0.0), 286: (0.6297624266453486, -0.4), 47: (0.3337529686623938, 0.3999999999999999)}","{607: (0.7411957999629936, 0.6000000000000001), 624: (0.739541395225938, 0.3999999999999999), 383: (0.7355050610560255, 0.6000000000000001), 283: (0.7354544665699464, 0.6000000000000001), 727: (0.7351435889063814, 0.19999999999999996)}",{'dummy': 0.26485623708241024},"[(-0.19999999999999996, 0.19999999999999996)]","[(0.8, -0.6)]"
