impression,user_id,app_version,model_version,mturk_id,status,NUM_INITIAL_RATINGS,NUM_REFINE_RATINGS,TOTAL_TRAINING_RATINGS,NUM_TEST_RATINGS,TIME_INITIAL,TIME_REFINE,TIME_TEST,random_test_predictions_ratings,good_test_predictions_ratings,hypers,redisplay_check,arbitrary_check
0,2ae20e65-353f-47fa-a808-76d4a885f9e0,4.1-knn-ar-dresses10-test,1.2,A1FG2G9TZSDN,Completed,1,30,31,15,22.004651308059692,382.23782181739807,173.80090284347534,"{510: (0.09910505689641888, 0.0), 184: (0.1548129490628695, -0.19999999999999996), 353: (0.09382211596759252, -0.09999999999999998), 290: (-0.4346911354891255, 0.3999999999999999), 793: (-0.06196581509882967, 0.10000000000000009), 610: (-0.12756249777976422, -0.4), 30: (0.16783800064263155, 0.3999999999999999), 374: (-0.2052652083135501, -0.6), 769: (0.03712462665052817, 0.30000000000000004), 441: (0.059157834278311124, -0.19999999999999996)}","{736: (0.47217727863232817, 0.30000000000000004), 72: (0.4705476384605165, 0.7), 368: (0.4435595065311976, -0.4), 456: (0.44055031959050783, -0.30000000000000004), 513: (0.4402355738691807, -0.09999999999999998)}",{'dummy': 0.7888042624886518},"[(-0.09999999999999998, -0.09999999999999998)]","[(-0.6, -0.6)]"
