impression,user_id,app_version,model_version,status,NUM_INITIAL_RATINGS,NUM_REFINE_RATINGS,TOTAL_TRAINING_RATINGS,NUM_TEST_RATINGS,items_shown,ratings,model_fit,history_dict,hypers,redisplay_check,arbitrary_check,hyper_history
0,2b3bbbbd-7ab7-4034-9661-5ae325943aee,4.1-knn-ar-dresses10-test,1.2,Started,1,20,21,15,"[195, 242, 407, 447, 93, 769, 233, 223, 343, 350, 332, 581, 329, 622, 502, 691, 38, 308, 415, 570, 364]","[0.0, 0.19999999999999996, 0.7, 0.19999999999999996, -0.09999999999999998, 0.0, -0.4, -0.4, 0.30000000000000004, -0.4, 0.0, 0.3999999999999999, 0.3999999999999999, 0.30000000000000004, -0.19999999999999996, 0.30000000000000004, 0.0, 0.19999999999999996, -0.09999999999999998, -0.4, 0.3999999999999999]","[0.0, 0.19999999999999996, 0.7, 0.19999999999999996, -0.09999999999999998, 0.0, -0.4, -0.4, 0.30000000000000004, -0.4, 0.0, 0.3999999999999999, 0.3999999999999999, 0.30000000000000004, -0.19999999999999996, 0.30000000000000004, 0.0, 0.19999999999999996, -0.09999999999999998, -0.4, 0.3999999999999999]","{195: (0.0, 0.0), 242: (0.19999999999999996, 0.19999999999999996), 407: (0.7, 0.7), 447: (0.19999999999999996, 0.19999999999999996), 93: (-0.09999999999999998, -0.09999999999999998), 769: (0.0, 0.0), 233: (-0.4, -0.4), 223: (-0.4, -0.4), 343: (0.30000000000000004, 0.30000000000000004), 350: (-0.4, -0.4), 332: (0.0, 0.0), 581: (0.3999999999999999, 0.3999999999999999), 329: (0.3999999999999999, 0.3999999999999999), 622: (0.30000000000000004, 0.30000000000000004), 502: (-0.19999999999999996, -0.19999999999999996), 691: (0.30000000000000004, 0.30000000000000004), 38: (0.0, 0.0), 308: (0.19999999999999996, 0.19999999999999996), 415: (-0.09999999999999998, -0.09999999999999998), 570: (-0.4, -0.4), 364: (0.3999999999999999, 0.3999999999999999)}",{'dummy': 0.9041857314152427},"[(0.7, 0.7)]","[(0.6000000000000001, -0.8)]","[{'dummy': 0.6731521012187944}, {'dummy': 0.44821842643083865}, {'dummy': 0.16862211793414328}, {'dummy': 0.7312478978593699}, {'dummy': 0.9813982850008971}, {'dummy': 0.3127755117466464}, {'dummy': 0.3367514986614345}, {'dummy': 0.4060263119884072}, {'dummy': 0.8031875953907581}, {'dummy': 0.23113632861545497}, {'dummy': 0.591067575494126}, {'dummy': 0.44921087971432794}, {'dummy': 0.5770310867280767}, {'dummy': 0.20373914673573457}, {'dummy': 0.6701079048264277}, {'dummy': 0.7817574654027944}, {'dummy': 0.8654844815580837}, {'dummy': 0.030183086293771866}, {'dummy': 0.852512851390294}, {'dummy': 0.7543555021956431}]"
