impression,user_id,app_version,model_version,mturk_id,status,NUM_INITIAL_RATINGS,NUM_REFINE_RATINGS,TOTAL_TRAINING_RATINGS,NUM_TEST_RATINGS,TIME_INITIAL,TIME_REFINE,TIME_TEST,random_test_predictions_ratings,good_test_predictions_ratings,hypers,redisplay_check,arbitrary_check
0,2c3b0970-075a-4ac3-bb09-14b583fa24f2,4.1-knn-ar-dresses10-test,1.2,A3P6MTDWS95QIZ,Completed,1,10,11,15,16.064666986465454,86.02987217903137,93.93390035629272,"{731: (0.11029672665259356, 0.19999999999999996), 322: (0.16618703464000284, 0.5), 215: (0.20715326571712145, 0.30000000000000004), 445: (0.152687866629203, 0.0), 327: (0.33030594748595976, 0.56), 469: (0.20513814774622574, 0.19999999999999996), 540: (0.25520548182799296, 0.19999999999999996), 535: (0.11986592633704404, 0.0), 76: (0.24255889268878544, 0.3599999999999999), 655: (0.24506989758828998, 0.19999999999999996)}","{34: (0.4133834672378129, 0.3999999999999999), 172: (0.41249399291721844, 0.3999999999999999), 204: (0.4053955725018783, 0.3999999999999999), 793: (0.4036333457009112, 0.6000000000000001), 288: (0.40167406651109894, 0.19999999999999996)}",{'dummy': 0.7020841572861981},"[(0.0, 0.0)]","[(-0.6, -0.6)]"
