impression,user_id,app_version,model_version,status,NUM_INITIAL_RATINGS,NUM_REFINE_RATINGS,TOTAL_TRAINING_RATINGS,NUM_TEST_RATINGS,items_shown,ratings,model_fit,history_dict,hypers,redisplay_check,arbitrary_check,hyper_history
0,31cc053c-ba7b-4977-b526-b170e946bc62,4.1-knn-ar-dresses10-test,1.2,Started,1,10,11,15,"[540, 657, 369, 294, 146, 209, 555, 561, 183, 439, 700]","[0.3999999999999999, 0.7, 0.8, 0.7, -0.6, 0.0, 0.8999999999999999, -0.98, -0.6, -1.0, 0.0]","[0.3999999999999999, 0.7, 0.8, 0.7, -0.6, 0.0, 0.8999999999999999, -0.98, -0.6, -1.0, 0.0]","{540: (0.3999999999999999, 0.3999999999999999), 657: (0.7, 0.7), 369: (0.8, 0.8), 294: (0.7, 0.7), 146: (-0.6, -0.6), 209: (0.0, 0.0), 555: (0.8999999999999999, 0.8999999999999999), 561: (-0.98, -0.98), 183: (-0.6, -0.6), 439: (-1.0, -1.0), 700: (0.0, 0.0)}",{'dummy': 0.17898428817248402},"[(0.8, 0.8)]","[(-0.4, -0.8)]","[{'dummy': 0.9106034769602402}, {'dummy': 0.575326947622296}, {'dummy': 0.7745572350083221}, {'dummy': 0.14022518257185135}, {'dummy': 0.4252839105076438}, {'dummy': 0.6063032897738077}, {'dummy': 0.1559649965412564}, {'dummy': 0.7316205301880312}, {'dummy': 0.29809515176532486}, {'dummy': 0.19949030927154132}]"
