impression,user_id,app_version,model_version,mturk_id,status,NUM_INITIAL_RATINGS,NUM_REFINE_RATINGS,TOTAL_TRAINING_RATINGS,NUM_TEST_RATINGS,TIME_INITIAL,TIME_REFINE,TIME_TEST,random_test_predictions_ratings,good_test_predictions_ratings,hypers,redisplay_check,arbitrary_check
0,3259428e-fd75-47fc-b41a-712cf4d040b7,4.1-knn-ar-dresses10-test,1.2,APFG3MM2QU0Q4,Completed,1,50,51,15,8.050789594650269,351.33073329925537,83.18012309074402,"{747: (0.08925401007492856, -1.0), 342: (0.2958396203764908, 0.19999999999999996), 359: (0.4833943772549451, 0.0), 352: (0.5977707529983197, 0.19999999999999996), 370: (0.31369051503857376, 0.0), 786: (-0.6631186669690547, 0.0), 327: (0.1581125905093621, -0.6), 417: (-0.7405277872651587, -0.4), 430: (-0.43860558248745657, -1.0), 602: (0.09499601244465677, 0.19999999999999996)}","{504: (0.69828513270523, 0.8), 290: (0.6861340647000617, 0.6000000000000001), 555: (0.6832400776991053, 0.8), 652: (0.6758634531582355, 0.8), 65: (0.6744293144740288, -0.19999999999999996)}",{'dummy': 0.8074153059722701},"[(0.8, 0.8)]","[(-0.6, -0.6)]"
