impression,user_id,app_version,model_version,mturk_id,status,NUM_INITIAL_RATINGS,NUM_REFINE_RATINGS,TOTAL_TRAINING_RATINGS,NUM_TEST_RATINGS,TIME_INITIAL,TIME_REFINE,TIME_TEST,random_test_predictions_ratings,good_test_predictions_ratings,hypers,redisplay_check,arbitrary_check
0,32c70f0d-026b-453e-89ea-7b050c19d406,4.1-knn-ar-dresses10-test,1.2,A2DYXKOHDDY9EG,Completed,1,30,31,15,21.430340051651,362.19758677482605,124.95506024360657,"{18: (0.01572475450313104, 0.6000000000000001), 26: (0.05295069834105357, -0.19999999999999996), 12: (-0.21040732236378448, 0.8), 700: (-0.4101564485640311, 0.0), 142: (-0.03691722612111401, 0.3999999999999999), 451: (0.1921471832765931, 0.19999999999999996), 761: (0.458255459880422, 0.19999999999999996), 288: (-0.03783682310029724, 0.19999999999999996), 621: (-0.06922707983826466, 0.19999999999999996), 573: (-0.12233054358902647, 0.8)}","{226: (0.5350947285234913, 0.6000000000000001), 614: (0.5348088172850767, 0.3999999999999999), 302: (0.4802725411198419, 0.0), 345: (0.47290126881061034, -0.19999999999999996), 153: (0.4719806453704962, 0.0)}",{'dummy': 0.5190937511478182},"[(0.19999999999999996, 0.19999999999999996)]","[(-0.19999999999999996, -0.6)]"
