impression,user_id,app_version,model_version,mturk_id,status,NUM_INITIAL_RATINGS,NUM_REFINE_RATINGS,TOTAL_TRAINING_RATINGS,NUM_TEST_RATINGS,TIME_INITIAL,TIME_REFINE,TIME_TEST,random_test_predictions_ratings,good_test_predictions_ratings,hypers,redisplay_check,arbitrary_check
0,3352bbef-d40e-4249-802c-d6c4b29a25dd,4.1-knn-ar-dresses10-test,1.2,A1WRINBMKV7CP6,Completed,1,50,51,15,13.690048933029175,389.37949299812317,106.7596549987793,"{813: (0.38822579064452906, 0.19999999999999996), 600: (0.4943044176405881, 0.8), 119: (0.23951447544146323, -0.4), 94: (0.3650231051184128, 0.3999999999999999), 748: (0.05911820051558531, 0.19999999999999996), 292: (-0.001058935055178734, 0.0), 210: (-0.16322287628549978, -0.19999999999999996), 679: (0.04492744404243114, -0.19999999999999996), 811: (0.27403295366447084, 0.19999999999999996), 157: (0.3933960012904192, 0.0)}","{49: (0.6787841227486208, 0.3999999999999999), 237: (0.6787720571544379, 0.3999999999999999), 616: (0.6756725206731694, 0.6000000000000001), 783: (0.6682472070992387, 0.3999999999999999), 643: (0.661457838655433, 0.6000000000000001)}",{'dummy': 0.5304665102456603},"[(0.6000000000000001, 0.6000000000000001)]","[(0.19999999999999996, -0.6)]"
