impression,user_id,app_version,model_version,status,NUM_INITIAL_RATINGS,NUM_REFINE_RATINGS,TOTAL_TRAINING_RATINGS,NUM_TEST_RATINGS,items_shown,ratings,model_fit,history_dict,hypers,redisplay_check,arbitrary_check,hyper_history
0,33a39952-d30d-497c-af70-6d069eb7dd13,4.1-knn-ar-dresses10-test,1.2,Started,1,20,21,15,"[159, 127, 380, 619, 595, 653, 319, 659, 215, 24, 323, 658, 700, 80, 45, 321, 650, 713, 267, 674, 62]","[0.6000000000000001, -0.19999999999999996, 0.3999999999999999, -0.6, 0.0, 0.19999999999999996, -0.19999999999999996, -0.4, 0.0, -0.19999999999999996, -0.6, -0.6, -0.19999999999999996, -0.8, 0.19999999999999996, 0.19999999999999996, 0.3999999999999999, 0.0, -0.19999999999999996, -0.8, -0.4]","[0.6000000000000001, -0.19999999999999996, 0.3999999999999999, -0.6, 0.0, 0.19999999999999996, -0.19999999999999996, -0.4, 0.0, -0.19999999999999996, -0.6, -0.6, -0.19999999999999996, -0.8, 0.19999999999999996, 0.19999999999999996, 0.3999999999999999, 0.0, -0.19999999999999996, -0.8, -0.4]","{159: (0.6000000000000001, 0.6000000000000001), 127: (-0.19999999999999996, -0.19999999999999996), 380: (0.3999999999999999, 0.3999999999999999), 619: (-0.6, -0.6), 595: (0.0, 0.0), 653: (0.19999999999999996, 0.19999999999999996), 319: (-0.19999999999999996, -0.19999999999999996), 659: (-0.4, -0.4), 215: (0.0, 0.0), 24: (-0.19999999999999996, -0.19999999999999996), 323: (-0.6, -0.6), 658: (-0.6, -0.6), 700: (-0.19999999999999996, -0.19999999999999996), 80: (-0.8, -0.8), 45: (0.19999999999999996, 0.19999999999999996), 321: (0.19999999999999996, 0.19999999999999996), 650: (0.3999999999999999, 0.3999999999999999), 713: (0.0, 0.0), 267: (-0.19999999999999996, -0.19999999999999996), 674: (-0.8, -0.8), 62: (-0.4, -0.4)}",{'dummy': 0.4778349263123244},"[(0.19999999999999996, 0.3999999999999999)]","[(0.0, -0.8)]","[{'dummy': 0.15775096858323212}, {'dummy': 0.2514926915440753}, {'dummy': 0.25909361566347877}, {'dummy': 0.1887571639952178}, {'dummy': 0.008165773507550433}, {'dummy': 0.1367416571011637}, {'dummy': 0.7843122586852599}, {'dummy': 0.5139469611190783}, {'dummy': 0.31905298998182163}, {'dummy': 0.6286008135487732}, {'dummy': 0.9460695334371797}, {'dummy': 0.6906415987576193}, {'dummy': 0.002542648505681977}, {'dummy': 0.2581902020760046}, {'dummy': 0.6658397413313806}, {'dummy': 0.7404061507682606}, {'dummy': 0.51111097258485}, {'dummy': 0.47110021015058345}, {'dummy': 0.36308810229809263}, {'dummy': 0.05929894406512004}]"
