impression,user_id,app_version,model_version,mturk_id,status,NUM_INITIAL_RATINGS,NUM_REFINE_RATINGS,TOTAL_TRAINING_RATINGS,NUM_TEST_RATINGS,TIME_INITIAL,TIME_REFINE,TIME_TEST,random_test_predictions_ratings,good_test_predictions_ratings,hypers,redisplay_check,arbitrary_check
0,3495771c-04fc-428a-b5d4-ad4520a5a0dd,4.1-knn-ar-dresses10-test,1.2,AMPBH2Y7FB2TR,Completed,1,10,11,15,10.493358135223389,50.1509313583374,55.21181297302246,"{651: (0.022900180931393725, 0.0), 730: (0.06637392803125632, 0.3999999999999999), 511: (0.16224943852710277, 0.6000000000000001), 415: (-0.22024660641795138, -0.8), 146: (0.19114249127102378, 0.0), 682: (0.1337217829271599, 0.3999999999999999), 133: (0.4644163833881367, 0.6000000000000001), 670: (0.06643509165439977, 0.0), 279: (-0.068933268756067, 0.0), 233: (-0.06992107556847009, -0.4)}","{510: (0.5457061233566903, 0.8), 629: (0.5373025775250831, -0.19999999999999996), 722: (0.5361346192204529, 0.6000000000000001), 25: (0.5348588133279256, 0.3999999999999999), 665: (0.5341013559243054, 0.3999999999999999)}",{'dummy': 0.9970893020852386},"[(0.6000000000000001, 0.6000000000000001)]","[(0.19999999999999996, -0.6)]"
