impression,user_id,app_version,model_version,mturk_id,status,NUM_INITIAL_RATINGS,NUM_REFINE_RATINGS,TOTAL_TRAINING_RATINGS,NUM_TEST_RATINGS,TIME_INITIAL,TIME_REFINE,TIME_TEST,random_test_predictions_ratings,good_test_predictions_ratings,hypers,redisplay_check,arbitrary_check
0,34d7eb20-0aaa-4a4f-b19a-6567af5caefd,4.1-knn-ar-dresses10-test,1.2,ASNW26PLHJMGW,Completed,1,30,31,15,13.588241338729858,107.5090479850769,59.620139360427856,"{210: (-0.2550120801993988, 0.3999999999999999), 755: (-0.14516889719504428, -0.6), 802: (0.05827242337964949, -0.4), 707: (-0.15714555806896735, 0.19999999999999996), 215: (-0.2039766574160244, -0.19999999999999996), 276: (-0.26435423803414065, -0.19999999999999996), 371: (-0.4561931040972097, -0.6), 391: (-0.07728753558464271, 0.3999999999999999), 519: (-0.06677022685056595, -0.4), 7: (0.06361904126991769, 0.19999999999999996)}","{761: (0.39999999999999997, 0.0), 350: (0.39999999999999997, -0.6), 743: (0.39999999999999997, -0.19999999999999996), 688: (0.39999999999999997, 0.3999999999999999), 11: (0.3999999999999999, -0.19999999999999996)}",{'dummy': 0.3814146306365078},"[(-0.4, 0.19999999999999996)]","[(-0.4, -0.6)]"
