impression,user_id,app_version,model_version,mturk_id,status,NUM_INITIAL_RATINGS,NUM_REFINE_RATINGS,TOTAL_TRAINING_RATINGS,NUM_TEST_RATINGS,TIME_INITIAL,TIME_REFINE,TIME_TEST,random_test_predictions_ratings,good_test_predictions_ratings,hypers,redisplay_check,arbitrary_check
0,351ad9ef-687c-4789-9d2d-2af16d10eed9,4.1-knn-ar-dresses10-test,1.2,AKMOBFEEKW378,Completed,1,30,31,15,5.85212254524231,230.0752775669098,858.761697769165,"{670: (0.30812530912441544, 0.3999999999999999), 134: (0.3999999999999999, 0.6000000000000001), 620: (0.4119510980685409, 0.3999999999999999), 734: (0.3415207259635587, 0.3999999999999999), 533: (0.39999999999999997, -0.19999999999999996), 382: (0.4945030803532377, 0.6000000000000001), 339: (0.4665889741813518, 0.19999999999999996), 13: (0.39277038871725195, -0.4), 511: (0.39999999999999986, 0.3999999999999999), 105: (0.31951904940929843, 0.6000000000000001)}","{607: (0.7357607561612142, 1.0), 142: (0.7277711416091146, 0.3999999999999999), 113: (0.6845145451000445, 0.6000000000000001), 462: (0.6824547253536177, -0.4), 71: (0.6773413495197104, 0.8)}",{'dummy': 0.8286107046674979},"[(0.6000000000000001, 0.6000000000000001)]","[(0.19999999999999996, -0.6)]"
