impression,user_id,app_version,model_version,mturk_id,status,NUM_INITIAL_RATINGS,NUM_REFINE_RATINGS,TOTAL_TRAINING_RATINGS,NUM_TEST_RATINGS,TIME_INITIAL,TIME_REFINE,TIME_TEST,random_test_predictions_ratings,good_test_predictions_ratings,hypers,redisplay_check,arbitrary_check
0,36d8c0b4-cb8c-476f-8734-2e1960e888ca,4.1-knn-ar-dresses10-test,1.2,ALJ70B2J04YR7,Completed,1,40,41,15,8.594466209411621,156.23209953308105,54.08996891975403,"{7: (0.3999999999999999, 0.3999999999999999), 629: (-0.1036618750551247, 0.0), 645: (0.08549540555722715, -0.19999999999999996), 728: (0.41722346721614867, 0.3999999999999999), 528: (0.023951051929089317, -0.19999999999999996), 116: (0.00869858904064238, 0.3999999999999999), 239: (0.27610910646912107, 0.3999999999999999), 770: (0.4583777662696292, -0.4), 567: (0.06309004578670584, -0.19999999999999996), 385: (0.02548619381052089, -0.4)}","{400: (0.5436712094567785, 0.19999999999999996), 504: (0.5416978190162552, -0.19999999999999996), 290: (0.5395527246287753, 0.6000000000000001), 336: (0.5366663163740201, 0.6000000000000001), 235: (0.5355055717021322, 0.19999999999999996)}",{'dummy': 0.8486881599688615},"[(-0.6, -0.4)]","[(0.3999999999999999, -0.6)]"
