impression,user_id,app_version,model_version,mturk_id,status,NUM_INITIAL_RATINGS,NUM_REFINE_RATINGS,TOTAL_TRAINING_RATINGS,NUM_TEST_RATINGS,TIME_INITIAL,TIME_REFINE,TIME_TEST,random_test_predictions_ratings,good_test_predictions_ratings,hypers,redisplay_check,arbitrary_check
0,397fdbdd-309a-440c-b80e-51cd91dff1c7,4.1-knn-ar-dresses10-test,1.2,A1K8WIRW3N0DS,Completed,1,50,51,15,10.850225687026978,229.01015162467957,68.05554604530334,"{62: (0.4348859582430034, 0.19999999999999996), 302: (-0.033606813520547237, -0.8), 612: (0.4726711247107068, -0.6), 68: (-0.17787975402963896, -0.4), 782: (0.20870299977832413, 0.0), 797: (0.40662409417909956, -0.4), 664: (0.21251163252930594, 0.0), 604: (-0.3997624913863311, -0.4), 180: (-0.2224348397960687, 0.0), 114: (-0.1475056559332678, -0.4)}","{663: (0.785771742274048, 1.0), 580: (0.782196044567251, 0.3999999999999999), 103: (0.6818269823864141, -0.19999999999999996), 499: (0.6530406499518581, -0.19999999999999996), 313: (0.6396245276169858, 0.19999999999999996)}",{'dummy': 0.49057788211238584},"[(-0.4, -0.4)]","[(-0.6, -0.6)]"
