impression,user_id,app_version,model_version,status,NUM_INITIAL_RATINGS,NUM_REFINE_RATINGS,TOTAL_TRAINING_RATINGS,NUM_TEST_RATINGS,items_shown,ratings,model_fit,history_dict,hypers,redisplay_check,arbitrary_check,hyper_history
0,39bd18bf-4aad-4f21-bde1-79043ea4ce5f,4.1-knn-ar-dresses10-test,1.2,Started,1,20,21,15,"[489, 738, 46, 103, 607, 643, 292, 657, 813, 45, 297, 376, 521, 17, 618, 662, 523, 156, 723, 248, 574]","[0.52, 0.0, -0.19999999999999996, 0.3999999999999999, 0.6000000000000001, -0.19999999999999996, -0.4, 0.0, 0.3999999999999999, 0.0, -0.19999999999999996, -0.6, 0.0, 0.3999999999999999, 0.0, 0.19999999999999996, -0.19999999999999996, -0.19999999999999996, 0.3999999999999999, -0.4, -0.6]","[0.52, 0.0, -0.19999999999999996, 0.3999999999999999, 0.6000000000000001, -0.19999999999999996, -0.4, 0.0, 0.3999999999999999, 0.0, -0.19999999999999996, -0.6, 0.0, 0.3999999999999999, 0.0, 0.19999999999999996, -0.19999999999999996, -0.19999999999999996, 0.3999999999999999, -0.4, -0.6]","{489: (0.52, 0.52), 738: (0.0, 0.0), 46: (-0.19999999999999996, -0.19999999999999996), 103: (0.3999999999999999, 0.3999999999999999), 607: (0.6000000000000001, 0.6000000000000001), 643: (-0.19999999999999996, -0.19999999999999996), 292: (-0.4, -0.4), 657: (0.0, 0.0), 813: (0.3999999999999999, 0.3999999999999999), 45: (0.0, 0.0), 297: (-0.19999999999999996, -0.19999999999999996), 376: (-0.6, -0.6), 521: (0.0, 0.0), 17: (0.3999999999999999, 0.3999999999999999), 618: (0.0, 0.0), 662: (0.19999999999999996, 0.19999999999999996), 523: (-0.19999999999999996, -0.19999999999999996), 156: (-0.19999999999999996, -0.19999999999999996), 723: (0.3999999999999999, 0.3999999999999999), 248: (-0.4, -0.4), 574: (-0.6, -0.6)}",{'dummy': 0.34295790398736425},"[(0.0, -0.19999999999999996)]","[(-0.6, -0.8)]","[{'dummy': 0.20435937045759844}, {'dummy': 0.40975265574424224}, {'dummy': 0.8575425460895357}, {'dummy': 0.8777071126802538}, {'dummy': 0.04080909334650573}, {'dummy': 0.23930507914815957}, {'dummy': 0.23357877985352082}, {'dummy': 0.421674478946943}, {'dummy': 0.2658341240156725}, {'dummy': 0.314423774534762}, {'dummy': 0.29614080667459075}, {'dummy': 0.4496600132451044}, {'dummy': 0.5631759797617717}, {'dummy': 0.4510820058757775}, {'dummy': 0.2594084829289798}, {'dummy': 0.8505193182682081}, {'dummy': 0.455327586112402}, {'dummy': 0.9538677768228552}, {'dummy': 0.9106471058631649}, {'dummy': 0.8283576203628117}]"
