impression,user_id,app_version,model_version,mturk_id,status,NUM_INITIAL_RATINGS,NUM_REFINE_RATINGS,TOTAL_TRAINING_RATINGS,NUM_TEST_RATINGS,TIME_INITIAL,TIME_REFINE,TIME_TEST,random_test_predictions_ratings,good_test_predictions_ratings,hypers,redisplay_check,arbitrary_check
0,3a00bb51-b4c6-4a0f-9291-c85bad81b3c2,4.1-knn-ar-dresses10-test,1.2,A25UKAGDVPSVHV,Completed,1,20,21,15,9.049424886703491,102.21124291419983,72.0351984500885,"{257: (0.2408506747202927, -1.0), 17: (-0.048897008198831735, -1.0), 594: (0.16629451276313437, -0.4), 708: (0.31579811487008114, -0.09999999999999998), 8: (0.10257620025574544, 0.3999999999999999), 784: (0.07808619701815374, -1.0), 792: (-0.5408220148070878, -0.19999999999999996), 294: (-0.6469221474929981, -0.4), 355: (-0.056717347387862466, -0.19999999999999996), 237: (-0.34649542027712904, -1.0)}","{168: (0.972031667407163, 0.10000000000000009), 743: (0.8945143801958673, -0.19999999999999996), 73: (0.8521036902158717, 0.0), 194: (0.821975180790297, 1.0), 520: (0.8095010906022049, -0.4)}",{'dummy': 0.4273887534052919},"[(-0.19999999999999996, -0.19999999999999996)]","[(-0.6, -0.6)]"
