impression,user_id,app_version,model_version,status,NUM_INITIAL_RATINGS,NUM_REFINE_RATINGS,TOTAL_TRAINING_RATINGS,NUM_TEST_RATINGS,items_shown,ratings,model_fit,history_dict,hypers,redisplay_check,arbitrary_check,hyper_history
0,3a00bb51-b4c6-4a0f-9291-c85bad81b3c2,4.1-knn-ar-dresses10-test,1.2,Started,1,20,21,15,"[584, 136, 713, 10, 745, 690, 33, 3, 187, 59, 636, 418, 18, 372, 462, 681, 32, 534, 507, 66, 531]","[0.10000000000000009, 1.0, 1.0, -0.19999999999999996, 0.3999999999999999, 0.7, -0.6, -0.4, -0.8, -0.8, 0.6000000000000001, 0.19999999999999996, -0.6, -1.0, -1.0, 0.8999999999999999, 0.19999999999999996, 0.19999999999999996, -0.19999999999999996, -0.19999999999999996, 0.7]","[0.10000000000000009, 1.0, 1.0, -0.19999999999999996, 0.3999999999999999, 0.7, -0.6, -0.4, -0.8, -0.8, 0.6000000000000001, 0.19999999999999996, -0.6, -1.0, -1.0, 0.8999999999999999, 0.19999999999999996, 0.19999999999999996, -0.19999999999999996, -0.19999999999999996, 0.7]","{584: (0.10000000000000009, 0.10000000000000009), 136: (1.0, 1.0), 713: (1.0, 1.0), 10: (-0.19999999999999996, -0.19999999999999996), 745: (0.3999999999999999, 0.3999999999999999), 690: (0.7, 0.7), 33: (-0.6, -0.6), 3: (-0.4, -0.4), 187: (-0.8, -0.8), 59: (-0.8, -0.8), 636: (0.6000000000000001, 0.6000000000000001), 418: (0.19999999999999996, 0.19999999999999996), 18: (-0.6, -0.6), 372: (-1.0, -1.0), 462: (-1.0, -1.0), 681: (0.8999999999999999, 0.8999999999999999), 32: (0.19999999999999996, 0.19999999999999996), 534: (0.19999999999999996, 0.19999999999999996), 507: (-0.19999999999999996, -0.19999999999999996), 66: (-0.19999999999999996, -0.19999999999999996), 531: (0.7, 0.7)}",{'dummy': 0.12446205092752094},"[(1.0, 1.0)]","[(-0.8, -0.8)]","[{'dummy': 0.9117299112971678}, {'dummy': 0.6865820492157012}, {'dummy': 0.3373980543027403}, {'dummy': 0.18437235566327814}, {'dummy': 0.7072048352624438}, {'dummy': 0.7568059740377183}, {'dummy': 0.7546306273889427}, {'dummy': 0.9234095354262027}, {'dummy': 0.3841195849324124}, {'dummy': 0.09607583240548001}, {'dummy': 0.7248098921454161}, {'dummy': 0.30018494380077976}, {'dummy': 0.6813822614770907}, {'dummy': 0.02714413867456278}, {'dummy': 0.28825668274354677}, {'dummy': 0.8917431790820779}, {'dummy': 0.09249878717264803}, {'dummy': 0.26685817190394867}, {'dummy': 0.4554151154382716}, {'dummy': 0.7498806303540263}]"
