impression,user_id,app_version,model_version,mturk_id,status,NUM_INITIAL_RATINGS,NUM_REFINE_RATINGS,TOTAL_TRAINING_RATINGS,NUM_TEST_RATINGS,TIME_INITIAL,TIME_REFINE,TIME_TEST,random_test_predictions_ratings,good_test_predictions_ratings,hypers,redisplay_check,arbitrary_check
0,3b6b3f5f-a00a-4e60-9356-c07e9838d2b1,4.1-knn-ar-dresses10-test,1.2,A3HYCA7N5F6DL9,Completed,1,40,41,15,9.01724886894226,246.654203414917,78.84308981895447,"{256: (-0.48022762977097316, -1.0), 424: (0.26627133256884283, 0.6000000000000001), 603: (0.7243530317557451, 0.0), 748: (-0.04498315244081825, 0.19999999999999996), 473: (-0.06217544245369146, 1.0), 326: (-0.06256095813837576, -1.0), 527: (0.19999999999999996, 0.0), 809: (-0.3004918980133265, -0.4), 517: (-0.25320773071289676, -0.19999999999999996), 553: (-0.5599261740826027, -0.8)}","{692: (0.8643643173665936, 1.0), 429: (0.8560191139462892, 1.0), 231: (0.8452105378496584, -0.8), 441: (0.8448652531449933, 0.0), 492: (0.8368045132345255, -0.4)}",{'dummy': 0.8637297723284267},"[(1.0, 0.6000000000000001)]","[(1.0, -0.6)]"
