impression,user_id,app_version,model_version,mturk_id,status,NUM_INITIAL_RATINGS,NUM_REFINE_RATINGS,TOTAL_TRAINING_RATINGS,NUM_TEST_RATINGS,TIME_INITIAL,TIME_REFINE,TIME_TEST,random_test_predictions_ratings,good_test_predictions_ratings,hypers,redisplay_check,arbitrary_check
0,3b927ba3-2a59-4dd2-8b86-1a8bb8089d93,4.1-knn-ar-dresses10-test,1.2,AI6U09NVOZ62B,Completed,1,50,51,15,5.455403804779053,101.50422620773315,32.76631212234497,"{485: (-1.0, -1.0), 583: (-0.692120733770306, -1.0), 473: (-0.4632111697997738, 0.0), 420: (-0.8896640766692162, 0.0), 647: (-1.0, -1.0), 673: (-0.048971323916888417, 0.3999999999999999), 655: (-1.0, -0.8), 573: (-0.22925533070135265, 0.0), 431: (-1.0, -0.4), 69: (-1.0, -1.0)}","{702: (0.5412359075295008, -1.0), 122: (0.46669674766433955, -1.0), 29: (0.45707226837543347, 0.19999999999999996), 4: (0.45258181920121326, 0.0), 564: (0.4335307915823581, 0.0)}",{'dummy': 0.8766547618306542},"[(0.6000000000000001, 0.0)]","[(-1.0, -0.6)]"
