impression,user_id,app_version,model_version,mturk_id,status,NUM_INITIAL_RATINGS,NUM_REFINE_RATINGS,TOTAL_TRAINING_RATINGS,NUM_TEST_RATINGS,TIME_INITIAL,TIME_REFINE,TIME_TEST,random_test_predictions_ratings,good_test_predictions_ratings,hypers,redisplay_check,arbitrary_check
0,3c81af43-ce6c-450b-afb5-d58d45c733c8,4.1-knn-ar-dresses10-test,1.2,A2WMSIPUKEIBNS,Completed,1,40,41,15,10.82850456237793,165.15883374214172,61.51549506187439,"{308: (0.33137828477115455, 0.6000000000000001), 460: (-0.140056722693443, 0.3999999999999999), 634: (0.10949212166394795, -0.4), 663: (0.5983585688310198, 0.6000000000000001), 538: (0.27647036511817047, 0.3999999999999999), 667: (0.6202900159706777, 0.19999999999999996), 765: (-0.005478718586550721, 0.0), 472: (0.2766949287384582, -0.19999999999999996), 39: (0.2881178557749404, -0.4), 124: (0.3962179634854519, 0.0)}","{524: (0.8715798127877534, -0.19999999999999996), 539: (0.8230214572916289, 0.8), 510: (0.8225022157772944, 0.8), 9: (0.8130744875492679, 0.8), 172: (0.8052999171822008, 0.6000000000000001)}",{'dummy': 0.44163065647233535},"[(-0.19999999999999996, -0.19999999999999996)]","[(0.19999999999999996, -0.6)]"
