impression,user_id,app_version,model_version,mturk_id,status,NUM_INITIAL_RATINGS,NUM_REFINE_RATINGS,TOTAL_TRAINING_RATINGS,NUM_TEST_RATINGS,TIME_INITIAL,TIME_REFINE,TIME_TEST,random_test_predictions_ratings,good_test_predictions_ratings,hypers,redisplay_check,arbitrary_check
0,3eb2ed77-6012-4886-a8af-43860b51deeb,4.1-knn-ar-dresses10-test,1.2,A2SWQM5X54P1O5,Completed,1,30,31,15,6.411811351776123,120.89867305755615,65.68394160270691,"{614: (0.5329055253126285, 0.19999999999999996), 27: (0.6000000000000001, 0.10000000000000009), 644: (0.11773192511191319, -0.09999999999999998), 136: (0.11835634345071647, 0.3599999999999999), 524: (0.32215806524376184, -0.19999999999999996), 26: (0.520893579289645, 0.19999999999999996), 179: (0.19039577044283726, 0.5), 705: (0.4931663442138625, 0.45999999999999996), 108: (0.6000733354636452, 0.3999999999999999), 437: (0.5655596545952618, 0.0)}","{678: (0.7351543832917734, 0.24), 429: (0.7291331204477547, 0.3999999999999999), 589: (0.7167839600301809, 0.6000000000000001), 3: (0.7153055144862638, 0.8), 372: (0.7150089294885135, 0.5)}",{'dummy': 0.13581388455205667},"[(0.0, -0.19999999999999996)]","[(0.48, -0.6)]"
