impression,user_id,app_version,model_version,mturk_id,status,NUM_INITIAL_RATINGS,NUM_REFINE_RATINGS,TOTAL_TRAINING_RATINGS,NUM_TEST_RATINGS,TIME_INITIAL,TIME_REFINE,TIME_TEST,random_test_predictions_ratings,good_test_predictions_ratings,hypers,redisplay_check,arbitrary_check
0,3ee86666-9892-44e8-bc14-c6d046ce6ad7,4.1-knn-ar-dresses10-test,1.2,A1WUHIC0D9UK93,Completed,1,20,21,15,10.182134628295898,85.1352961063385,49.02991962432861,"{458: (-0.22385030128693836, -0.8), 324: (-0.389693364137933, 0.6000000000000001), 603: (-0.35924737853271277, -0.6), 205: (-0.13705259379575085, -0.8), 494: (-0.6083034297047014, -0.8), 732: (-0.7393358864386343, -0.8), 725: (-0.4425594916344153, -0.8), 574: (-0.5534217554794711, -0.8), 478: (-0.5035144187005542, -0.8), 468: (-0.7339358084852158, -0.8)}","{168: (0.19999999999999996, 0.0), 557: (0.19999999999999996, 0.8), 247: (0.19999999999999996, 0.0), 743: (0.06658260099828035, 0.3999999999999999), 25: (0.06410674397255359, -0.19999999999999996)}",{'dummy': 0.43505708745206395},"[(-0.8, -0.8)]","[(-0.6, -0.6)]"
