impression,user_id,app_version,model_version,status,NUM_INITIAL_RATINGS,NUM_REFINE_RATINGS,TOTAL_TRAINING_RATINGS,NUM_TEST_RATINGS,items_shown,ratings,model_fit,history_dict,hypers,redisplay_check,arbitrary_check,hyper_history
0,3f1b3b86-7712-4c2a-a7a8-b21d18ed8394,4.1-knn-ar-dresses10-test,1.2,Started,1,10,11,15,"[218, 580, 102, 704, 681, 168, 675, 507, 641, 262, 361]","[0.3999999999999999, 0.5, -0.30000000000000004, 0.19999999999999996, 0.7, 0.19999999999999996, 0.6000000000000001, -0.4, 0.6000000000000001, 0.30000000000000004, -0.4]","[0.3999999999999999, 0.5, -0.30000000000000004, 0.19999999999999996, 0.7, 0.19999999999999996, 0.6000000000000001, -0.4, 0.6000000000000001, 0.30000000000000004, -0.4]","{218: (0.3999999999999999, 0.3999999999999999), 580: (0.5, 0.5), 102: (-0.30000000000000004, -0.30000000000000004), 704: (0.19999999999999996, 0.19999999999999996), 681: (0.7, 0.7), 168: (0.19999999999999996, 0.19999999999999996), 675: (0.6000000000000001, 0.6000000000000001), 507: (-0.4, -0.4), 641: (0.6000000000000001, 0.6000000000000001), 262: (0.30000000000000004, 0.30000000000000004), 361: (-0.4, -0.4)}",{'dummy': 0.7781747265109008},"[(-0.4, -0.30000000000000004)]","[(-0.8, -0.8)]","[{'dummy': 0.48295468180549506}, {'dummy': 0.3322763771485526}, {'dummy': 0.3180432943403415}, {'dummy': 0.9115075673625471}, {'dummy': 0.004392584632907481}, {'dummy': 0.4487056865487751}, {'dummy': 0.5679127148803699}, {'dummy': 0.9704346420058843}, {'dummy': 0.2530178634775432}, {'dummy': 0.594035306183167}]"
