impression,user_id,app_version,model_version,status,NUM_INITIAL_RATINGS,NUM_REFINE_RATINGS,TOTAL_TRAINING_RATINGS,NUM_TEST_RATINGS,items_shown,ratings,model_fit,history_dict,hypers,redisplay_check,arbitrary_check,hyper_history
0,3f54a1ad-2ae7-4b70-99f3-b5d92cf36664,4.1-knn-ar-dresses10-test,1.2,Started,1,30,31,15,"[6, 390, 583, 428, 716, 125, 371, 662, 498, 409, 139, 11, 256, 393, 249, 107, 121, 436, 493, 362, 492, 537, 270, 572, 385, 395, 178, 417, 189, 315, 464]","[1.0, -0.8, 0.8, 0.0, -0.8, -0.8, -0.8, 1.0, -0.8, -0.6, -0.6, -0.6, -0.8, 0.0, 0.0, 0.0, -0.8, 1.0, -0.8, -0.6, -0.8, 1.0, 0.0, -0.8, 1.0, -0.8, 0.8, 0.0, -0.8, -0.8, -0.8]","[1.0, -0.8, 0.8, 0.0, -0.8, -0.8, -0.8, 1.0, -0.8, -0.6, -0.6, -0.6, -0.8, 0.0, 0.0, 0.0, -0.8, 1.0, -0.8, -0.6, -0.8, 1.0, 0.0, -0.8, 1.0, -0.8, 0.8, 0.0, -0.8, -0.8, -0.8]","{6: (1.0, 1.0), 390: (-0.8, -0.8), 583: (0.8, 0.8), 428: (0.0, 0.0), 716: (-0.8, -0.8), 125: (-0.8, -0.8), 371: (-0.8, -0.8), 662: (1.0, 1.0), 498: (-0.8, -0.8), 409: (-0.6, -0.6), 139: (-0.6, -0.6), 11: (-0.6, -0.6), 256: (-0.8, -0.8), 393: (0.0, 0.0), 249: (0.0, 0.0), 107: (0.0, 0.0), 121: (-0.8, -0.8), 436: (1.0, 1.0), 493: (-0.8, -0.8), 362: (-0.6, -0.6), 492: (-0.8, -0.8), 537: (1.0, 1.0), 270: (0.0, 0.0), 572: (-0.8, -0.8), 385: (1.0, 1.0), 395: (-0.8, -0.8), 178: (0.8, 0.8), 417: (0.0, 0.0), 189: (-0.8, -0.8), 315: (-0.8, -0.8), 464: (-0.8, -0.8)}",{'dummy': 0.6648696468563144},"[(0.8, 0.8)]","[(-0.8, -0.8)]","[{'dummy': 0.42405271167987024}, {'dummy': 0.2930444192476377}, {'dummy': 0.14929449043020893}, {'dummy': 0.9764504594558036}, {'dummy': 0.07182087623143962}, {'dummy': 0.3554586396616469}, {'dummy': 0.12488197903069198}, {'dummy': 0.3323033097388963}, {'dummy': 0.6711981461649521}, {'dummy': 0.7241804145848632}, {'dummy': 0.7857700261674633}, {'dummy': 0.4446744136052305}, {'dummy': 0.033426969395106476}, {'dummy': 0.1530659033026015}, {'dummy': 0.9906216988226222}, {'dummy': 0.524817445254672}, {'dummy': 0.14044720679454736}, {'dummy': 0.9207981025666212}, {'dummy': 0.1328157427044918}, {'dummy': 0.7227814240772857}, {'dummy': 0.5196648671990834}, {'dummy': 0.35108292000605146}, {'dummy': 0.07545750892692071}, {'dummy': 0.7942369309218145}, {'dummy': 0.3185478694629934}, {'dummy': 0.7759136192703877}, {'dummy': 0.6323013060130588}, {'dummy': 0.7054285882732562}, {'dummy': 0.2607984686346646}, {'dummy': 0.19092777957186435}]"
