impression,user_id,app_version,model_version,mturk_id,status,NUM_INITIAL_RATINGS,NUM_REFINE_RATINGS,TOTAL_TRAINING_RATINGS,NUM_TEST_RATINGS,TIME_INITIAL,TIME_REFINE,TIME_TEST,random_test_predictions_ratings,good_test_predictions_ratings,hypers,redisplay_check,arbitrary_check
0,3f76bd84-0a4b-4274-869e-34165912a287,4.1-knn-ar-dresses10-test,1.2,A2HUAHAD7YHPZV,Completed,1,40,41,15,10.757923364639282,157.0307126045227,66.141441822052,"{252: (0.39320135899165976, 0.0), 179: (0.3430888617854462, 0.6000000000000001), 140: (0.32240311694088464, 0.19999999999999996), 566: (0.48875811485843196, 0.6000000000000001), 534: (0.3333631059686849, 0.6000000000000001), 181: (0.4077382110869927, 0.3999999999999999), 267: (0.46228007730751564, 0.3999999999999999), 17: (0.37669236005252854, 0.19999999999999996), 346: (0.5995874679229698, 0.6000000000000001), 773: (0.39999999999999986, 0.19999999999999996)}","{415: (0.7488116377501347, 0.3999999999999999), 645: (0.7424058577699824, 0.8), 494: (0.7417249069498193, 0.19999999999999996), 186: (0.7407496483284298, 0.19999999999999996), 14: (0.7381452681441083, 0.8)}",{'dummy': 0.8579040748660376},"[(0.3999999999999999, 0.3999999999999999)]","[(0.6000000000000001, -0.6)]"
