impression,user_id,app_version,model_version,mturk_id,status,NUM_INITIAL_RATINGS,NUM_REFINE_RATINGS,TOTAL_TRAINING_RATINGS,NUM_TEST_RATINGS,TIME_INITIAL,TIME_REFINE,TIME_TEST,random_test_predictions_ratings,good_test_predictions_ratings,hypers,redisplay_check,arbitrary_check
0,4140c81d-254a-4b9b-af6e-dbfba02c5217,4.1-knn-ar-dresses10-test,1.2,A256QIR5XUIP8K,Completed,1,30,31,15,18.049729585647583,155.64611220359802,61.0416579246521,"{224: (0.34875017998397084, 0.6000000000000001), 329: (-0.19825889925020007, 0.19999999999999996), 237: (0.3991847984789147, -0.19999999999999996), 782: (0.26783568754468096, -0.19999999999999996), 772: (-0.09532075701041566, -0.19999999999999996), 375: (0.2097812412053296, 0.0), 369: (-0.04563581870001982, -0.19999999999999996), 628: (0.44240305997892654, -0.19999999999999996), 397: (-0.03888132920710477, 0.3999999999999999), 93: (-0.005899741106294863, 0.0)}","{460: (0.6000000000000001, 0.3999999999999999), 250: (0.5400121818522344, 0.3999999999999999), 128: (0.5388959155309963, -0.6), 155: (0.5388286062093744, 0.6000000000000001), 639: (0.5387321291148088, 0.0)}",{'dummy': 0.18447192163981196},"[(0.0, -0.6)]","[(-0.6, -0.6)]"
