impression,user_id,app_version,model_version,mturk_id,status,NUM_INITIAL_RATINGS,NUM_REFINE_RATINGS,TOTAL_TRAINING_RATINGS,NUM_TEST_RATINGS,TIME_INITIAL,TIME_REFINE,TIME_TEST,random_test_predictions_ratings,good_test_predictions_ratings,hypers,redisplay_check,arbitrary_check
0,418b3b64-63f1-406a-8297-88e79496af4f,4.1-knn-ar-dresses10-test,1.2,A1ZFGYSPFO41MX,Completed,1,10,11,15,20.098265409469604,85.07582259178162,90.21306276321411,"{299: (0.13209959421264839, 0.0), 51: (0.04243253426963184, 0.0), 674: (-0.1392290244691158, -0.6), 486: (-0.00020222091747880083, 0.3999999999999999), 360: (-0.007311539485882382, 0.3999999999999999), 192: (0.19917399605798328, -0.19999999999999996), 566: (0.12877506817721265, 0.0), 488: (0.034407804499540603, -0.6), 74: (-0.06759729811011841, -0.4), 534: (-0.045715701322398675, -0.4)}","{117: (0.4942476056559052, 0.19999999999999996), 119: (0.4874851760224877, 0.19999999999999996), 589: (0.4836336939567271, -0.19999999999999996), 400: (0.48146481304267924, 0.0), 703: (0.4745413733102795, 0.3999999999999999)}",{'dummy': 0.40331960749016027},"[(-0.4, -0.19999999999999996)]","[(-0.6, -0.6)]"
