impression,user_id,app_version,model_version,mturk_id,status,NUM_INITIAL_RATINGS,NUM_REFINE_RATINGS,TOTAL_TRAINING_RATINGS,NUM_TEST_RATINGS,TIME_INITIAL,TIME_REFINE,TIME_TEST,random_test_predictions_ratings,good_test_predictions_ratings,hypers,redisplay_check,arbitrary_check
0,41f9bce3-efb2-4d38-b0ac-693495cba9f7,4.1-knn-ar-dresses10-test,1.2,A2K0L9M1ZZO5C9,Completed,1,50,51,15,7.635892152786255,176.36044764518738,45.9313178062439,"{707: (0.269889559256839, 0.19999999999999996), 665: (0.4648990156256645, 0.0), 503: (0.19999999999999996, -0.8), 158: (0.48414618608090954, 0.6000000000000001), 79: (-0.3985165499924631, -0.8), 55: (0.33665494460589235, 0.3999999999999999), 492: (-0.024825082162736083, 0.0), 556: (0.06566336436287612, -0.4), 802: (-0.2786518451981203, 0.19999999999999996), 387: (0.004473729060767176, -0.6)}","{780: (0.6647270461181701, 0.3999999999999999), 497: (0.6641100238507366, 0.3999999999999999), 25: (0.650476844470125, 0.19999999999999996), 165: (0.6295059719480955, 0.3999999999999999), 779: (0.6192477205042092, 0.6000000000000001)}",{'dummy': 0.171724987964465},"[(0.3999999999999999, 0.6000000000000001)]","[(0.19999999999999996, -0.6)]"
