impression,user_id,app_version,model_version,status,NUM_INITIAL_RATINGS,NUM_REFINE_RATINGS,TOTAL_TRAINING_RATINGS,NUM_TEST_RATINGS,items_shown,ratings,model_fit,history_dict,hypers,redisplay_check,arbitrary_check,hyper_history
0,42c185da-9bbe-465e-b3d4-927f02d857e0,4.1-knn-ar-dresses10-test,1.2,Started,1,10,11,15,"[244, 342, 39, 354, 190, 494, 556, 662, 77, 442, 661]","[-0.19999999999999996, -0.8, -0.6, 0.0, 0.0, -0.4, -0.19999999999999996, -0.8, -0.8, -0.8, -0.4]","[-0.19999999999999996, -0.8, -0.6, 0.0, 0.0, -0.4, -0.19999999999999996, -0.8, -0.8, -0.8, -0.4]","{244: (-0.19999999999999996, -0.19999999999999996), 342: (-0.8, -0.8), 39: (-0.6, -0.6), 354: (0.0, 0.0), 190: (0.0, 0.0), 494: (-0.4, -0.4), 556: (-0.19999999999999996, -0.19999999999999996), 662: (-0.8, -0.8), 77: (-0.8, -0.8), 442: (-0.8, -0.8), 661: (-0.4, -0.4)}",{'dummy': 0.8907090518668811},"[(-0.19999999999999996, -0.6)]","[(-0.4, -0.8)]","[{'dummy': 0.686182569514733}, {'dummy': 0.8292198627110522}, {'dummy': 0.8419874535760514}, {'dummy': 0.7809931844001871}, {'dummy': 0.9840995499445273}, {'dummy': 0.7237630811700773}, {'dummy': 0.12756495414944247}, {'dummy': 0.9934682491905719}, {'dummy': 0.7130896656038517}, {'dummy': 0.34951723902192444}]"
