impression,user_id,app_version,model_version,mturk_id,status,NUM_INITIAL_RATINGS,NUM_REFINE_RATINGS,TOTAL_TRAINING_RATINGS,NUM_TEST_RATINGS,TIME_INITIAL,TIME_REFINE,TIME_TEST,random_test_predictions_ratings,good_test_predictions_ratings,hypers,redisplay_check,arbitrary_check
0,42c185da-9bbe-465e-b3d4-927f02d857e0,4.1-knn-ar-dresses10-test,1.2,AMXYSR7Y0JNSR,Completed,1,10,11,15,12.931029081344604,71.58146500587463,98.95843839645386,"{573: (-0.4106541449729499, -0.30000000000000004), 593: (-0.44625095900265577, -0.8), 158: (-0.4675033185466205, 1.0), 281: (-0.575627933491365, -0.19999999999999996), 377: (-0.37396856608520335, -0.09999999999999998), 734: (-0.6398388659925242, 0.0), 347: (-0.44794440441087774, -0.09999999999999998), 786: (-0.4339736003137804, -0.5), 79: (-0.6684044379684515, -0.8), 230: (-0.5007134637748022, -0.4)}","{635: (-0.06447211082383984, -0.19999999999999996), 18: (-0.06486437871116764, 0.0), 585: (-0.0659998001533428, -0.19999999999999996), 664: (-0.06736789681609254, -0.19999999999999996), 809: (-0.07044142709156233, -0.30000000000000004)}",{'dummy': 0.641288993774823},"[(-0.19999999999999996, -0.19999999999999996)]","[(-0.09999999999999998, -0.6)]"
