impression,user_id,app_version,model_version,mturk_id,status,NUM_INITIAL_RATINGS,NUM_REFINE_RATINGS,TOTAL_TRAINING_RATINGS,NUM_TEST_RATINGS,TIME_INITIAL,TIME_REFINE,TIME_TEST,random_test_predictions_ratings,good_test_predictions_ratings,hypers,redisplay_check,arbitrary_check
0,44c79fcd-456d-47c6-b912-1007321e36a4,4.1-knn-ar-dresses10-test,1.2,A24PSDAQU6G83,Completed,1,50,51,15,15.141450643539429,305.05519938468933,76.7398796081543,"{256: (-0.7540437611939486, -0.8), 137: (-0.40589310052504507, -0.19999999999999996), 762: (-0.3561276253560891, -0.19999999999999996), 72: (-0.31687322634612447, -0.62), 736: (-0.26105098616019834, 0.0), 459: (-0.0852560825408457, -1.0), 486: (0.0721285808032738, -0.8), 497: (-0.15064762496303485, -0.8), 195: (0.0, -1.0), 550: (0.13344052853927732, 0.3999999999999999)}","{330: (0.47815868007566975, 0.3999999999999999), 363: (0.4699670997661858, 0.19999999999999996), 590: (0.4648725427952227, 0.0), 770: (0.41603771263228706, 0.19999999999999996), 332: (0.4118847511221392, -1.0)}",{'dummy': 0.11794726350532292},"[(-0.6, -0.8)]","[(0.6000000000000001, -0.6)]"
