impression,user_id,app_version,model_version,mturk_id,status,NUM_INITIAL_RATINGS,NUM_REFINE_RATINGS,TOTAL_TRAINING_RATINGS,NUM_TEST_RATINGS,TIME_INITIAL,TIME_REFINE,TIME_TEST,random_test_predictions_ratings,good_test_predictions_ratings,hypers,redisplay_check,arbitrary_check
0,461e8b31-147c-401c-b125-2644ad09cae9,4.1-knn-ar-dresses10-test,1.2,A35UAZ5IKU14XW,Completed,1,50,51,15,13.219594478607178,454.6112699508667,112.78168034553528,"{157: (-0.6276125090280326, -0.19999999999999996), 91: (-0.06610187955827258, -0.19999999999999996), 193: (0.5220589292157345, 0.0), 656: (-0.1947281394341742, 0.0), 179: (0.4070459195629664, -0.19999999999999996), 81: (-0.17676233275605233, -0.19999999999999996), 221: (-0.337887099863235, -0.19999999999999996), 586: (0.27118838830559944, 0.19999999999999996), 700: (-0.08484542015511629, 0.0), 619: (0.06473824880771833, 0.3999999999999999)}","{677: (0.6226046017872502, 0.3999999999999999), 27: (0.5700321992612356, 0.0), 557: (0.5662908238810551, 0.3999999999999999), 395: (0.556849454117056, 0.0), 462: (0.5432179734174416, 0.0)}",{'dummy': 0.5838286842215844},"[(0.0, -0.19999999999999996)]","[(0.19999999999999996, -0.6)]"
