impression,user_id,app_version,model_version,status,NUM_INITIAL_RATINGS,NUM_REFINE_RATINGS,TOTAL_TRAINING_RATINGS,NUM_TEST_RATINGS,items_shown,ratings,model_fit,history_dict,hypers,redisplay_check,arbitrary_check,hyper_history
0,47a6dcd6-7dac-42d2-80a6-efc43db482fa,4.1-knn-ar-dresses10-test,1.2,Started,1,20,21,15,"[784, 556, 53, 563, 673, 375, 148, 169, 779, 624, 217, 679, 336, 424, 168, 329, 60, 289, 190, 757, 569]","[-0.6, -0.4, 0.19999999999999996, -0.19999999999999996, -0.4, -0.19999999999999996, 0.0, -0.6, -0.4, 0.3999999999999999, -0.8, -0.8, -0.19999999999999996, -0.8, 0.3999999999999999, 0.6000000000000001, 0.0, -0.8, -0.6, 0.6000000000000001, 0.6000000000000001]","[-0.6, -0.4, 0.19999999999999996, -0.19999999999999996, -0.4, -0.19999999999999996, 0.0, -0.6, -0.4, 0.3999999999999999, -0.8, -0.8, -0.19999999999999996, -0.8, 0.3999999999999999, 0.6000000000000001, 0.0, -0.8, -0.6, 0.6000000000000001, 0.6000000000000001]","{784: (-0.6, -0.6), 556: (-0.4, -0.4), 53: (0.19999999999999996, 0.19999999999999996), 563: (-0.19999999999999996, -0.19999999999999996), 673: (-0.4, -0.4), 375: (-0.19999999999999996, -0.19999999999999996), 148: (0.0, 0.0), 169: (-0.6, -0.6), 779: (-0.4, -0.4), 624: (0.3999999999999999, 0.3999999999999999), 217: (-0.8, -0.8), 679: (-0.8, -0.8), 336: (-0.19999999999999996, -0.19999999999999996), 424: (-0.8, -0.8), 168: (0.3999999999999999, 0.3999999999999999), 329: (0.6000000000000001, 0.6000000000000001), 60: (0.0, 0.0), 289: (-0.8, -0.8), 190: (-0.6, -0.6), 757: (0.6000000000000001, 0.6000000000000001), 569: (0.6000000000000001, 0.6000000000000001)}",{'dummy': 0.9455106026341001},"[(0.19999999999999996, 0.19999999999999996)]","[(-0.8, -0.8)]","[{'dummy': 0.07895044873235357}, {'dummy': 0.08817111920228093}, {'dummy': 0.06240270867745146}, {'dummy': 0.8442310286438676}, {'dummy': 0.8399030416580078}, {'dummy': 0.3264105242741705}, {'dummy': 0.6258476045014648}, {'dummy': 0.5156641781842052}, {'dummy': 0.7831035436795559}, {'dummy': 0.11338418599763722}, {'dummy': 0.9157786292725664}, {'dummy': 0.743700519399084}, {'dummy': 0.007364683032201724}, {'dummy': 0.7594281833687536}, {'dummy': 0.1488501827863008}, {'dummy': 0.7716805590039287}, {'dummy': 0.8848742759135583}, {'dummy': 0.386215872231113}, {'dummy': 0.8266367895114265}, {'dummy': 0.3425527749632379}]"
