impression,user_id,app_version,model_version,status,NUM_INITIAL_RATINGS,NUM_REFINE_RATINGS,TOTAL_TRAINING_RATINGS,NUM_TEST_RATINGS,items_shown,ratings,model_fit,history_dict,hypers,redisplay_check,arbitrary_check,hyper_history
0,483060e7-bde5-44aa-b9f2-f16edbb65a93,4.1-knn-ar-dresses10-test,1.2,Started,1,20,21,15,"[670, 260, 267, 710, 440, 556, 713, 466, 369, 464, 467, 325, 176, 351, 386, 179, 125, 773, 410, 759, 52]","[-0.8, -1.0, -0.19999999999999996, 0.19999999999999996, 0.6000000000000001, -1.0, 0.3999999999999999, -0.6, -0.19999999999999996, -1.0, 0.19999999999999996, -0.8, -0.8, -1.0, 0.6000000000000001, -0.6, -1.0, -0.4, -0.8, -0.6, 1.0]","[-0.8, -1.0, -0.19999999999999996, 0.19999999999999996, 0.6000000000000001, -1.0, 0.3999999999999999, -0.6, -0.19999999999999996, -1.0, 0.19999999999999996, -0.8, -0.8, -1.0, 0.6000000000000001, -0.6, -1.0, -0.4, -0.8, -0.6, 1.0]","{670: (-0.8, -0.8), 260: (-1.0, -1.0), 267: (-0.19999999999999996, -0.19999999999999996), 710: (0.19999999999999996, 0.19999999999999996), 440: (0.6000000000000001, 0.6000000000000001), 556: (-1.0, -1.0), 713: (0.3999999999999999, 0.3999999999999999), 466: (-0.6, -0.6), 369: (-0.19999999999999996, -0.19999999999999996), 464: (-1.0, -1.0), 467: (0.19999999999999996, 0.19999999999999996), 325: (-0.8, -0.8), 176: (-0.8, -0.8), 351: (-1.0, -1.0), 386: (0.6000000000000001, 0.6000000000000001), 179: (-0.6, -0.6), 125: (-1.0, -1.0), 773: (-0.4, -0.4), 410: (-0.8, -0.8), 759: (-0.6, -0.6), 52: (1.0, 1.0)}",{'dummy': 0.22330297878995586},"[(-0.19999999999999996, -0.19999999999999996)]","[(-1.0, -0.8)]","[{'dummy': 0.002954813471246931}, {'dummy': 0.8344257114267644}, {'dummy': 0.8991538040416337}, {'dummy': 0.1904679715421118}, {'dummy': 0.7551623472214208}, {'dummy': 0.7303299691818476}, {'dummy': 0.2722320028387578}, {'dummy': 0.987336309418549}, {'dummy': 0.028422665149487547}, {'dummy': 0.7365314001523201}, {'dummy': 0.36176422032934885}, {'dummy': 0.8910675139264376}, {'dummy': 0.5113855634094859}, {'dummy': 0.3444907864708562}, {'dummy': 0.9471662474834093}, {'dummy': 0.45597182252564583}, {'dummy': 0.4201709684823268}, {'dummy': 0.4287269016869}, {'dummy': 0.5565167304686828}, {'dummy': 0.6162701772455285}]"
