impression,user_id,app_version,model_version,mturk_id,status,NUM_INITIAL_RATINGS,NUM_REFINE_RATINGS,TOTAL_TRAINING_RATINGS,NUM_TEST_RATINGS,TIME_INITIAL,TIME_REFINE,TIME_TEST,random_test_predictions_ratings,good_test_predictions_ratings,hypers,redisplay_check,arbitrary_check
0,48bcf428-04d8-4647-a83f-fb279a2aad1b,4.1-knn-ar-dresses10-test,1.2,A1GWYEIX5S6JU4,Completed,1,40,41,15,9.22270941734314,174.90679264068604,64.32513785362244,"{85: (0.43639312966919036, -0.19999999999999996), 198: (0.39304765820192233, 0.3999999999999999), 86: (-0.005771333201105075, 0.0), 570: (0.13227705257463424, 0.6000000000000001), 408: (0.19999999999999996, -0.19999999999999996), 7: (0.28651938810890437, 0.3999999999999999), 253: (0.5105107851941304, 0.8), 332: (0.19997723522806474, -0.19999999999999996), 224: (0.19886767380532014, 0.6000000000000001), 622: (0.5298708755580144, 0.6000000000000001)}","{443: (0.8087727707306885, 0.6000000000000001), 438: (0.8079560858028819, 1.0), 208: (0.8073226179971236, -0.4), 796: (0.8046833015004878, 0.19999999999999996), 334: (0.8037919226456316, 0.8)}",{'dummy': 0.33854963069015975},"[(0.0, 0.6000000000000001)]","[(0.6000000000000001, -0.6)]"
