impression,user_id,app_version,model_version,mturk_id,status,NUM_INITIAL_RATINGS,NUM_REFINE_RATINGS,TOTAL_TRAINING_RATINGS,NUM_TEST_RATINGS,TIME_INITIAL,TIME_REFINE,TIME_TEST,random_test_predictions_ratings,good_test_predictions_ratings,hypers,redisplay_check,arbitrary_check
0,498cf4f8-09a0-4b4f-a6cc-26e85103cbb7,4.1-knn-ar-dresses10-test,1.2,A1QNC08T9AJTNL,Completed,1,10,11,15,13.375476121902466,121.73416376113892,140.00318694114685,"{33: (0.3319033339598657, -0.8), 705: (0.3815417160283022, -0.6), 513: (-0.3612698877819674, -0.8), 413: (0.42068511385811413, -0.8), 505: (-0.2959346463626601, -0.6), 164: (0.09507999623021683, 0.19999999999999996), 91: (-0.07738011047203361, 0.8), 541: (-0.007082890047309274, -0.8), 193: (0.3924671286405051, 0.6000000000000001), 344: (0.30285516078206615, -0.19999999999999996)}","{652: (0.5239075571759974, 0.0), 811: (0.5196705320102816, 0.3999999999999999), 220: (0.5190590989438087, 0.8), 278: (0.516741583396595, -0.8), 57: (0.4898924713419471, -0.19999999999999996)}",{'dummy': 0.20462241362218325},"[(-0.8, -0.8)]","[(-0.6, -0.6)]"
