impression,user_id,app_version,model_version,mturk_id,status,NUM_INITIAL_RATINGS,NUM_REFINE_RATINGS,TOTAL_TRAINING_RATINGS,NUM_TEST_RATINGS,TIME_INITIAL,TIME_REFINE,TIME_TEST,random_test_predictions_ratings,good_test_predictions_ratings,hypers,redisplay_check,arbitrary_check
0,4a8a39a8-a33a-40f6-9f48-b597b616cfea,4.1-knn-ar-dresses10-test,1.2,A1AIMKA54UBYIQ,Completed,1,30,31,15,6.109678506851196,80.02275490760803,45.67967391014099,"{297: (-0.4682545321458283, -0.6), 594: (-0.06284006761488413, -0.19999999999999996), 420: (-0.33787743491214156, 0.0), 450: (-0.3199806825327615, -0.6), 416: (-0.42132164807620265, -0.4), 183: (-0.3417462177220257, -0.64), 393: (-0.1329303930804001, 0.6000000000000001), 376: (-0.20179951988815165, -0.4), 53: (-0.3446818914617687, -0.6), 285: (-0.2785419529269216, 0.0)}","{765: (0.41940112278699754, 0.6000000000000001), 116: (0.4182145670712848, -0.19999999999999996), 586: (0.4056015513884598, -0.6), 573: (0.39999999999999997, -0.6), 190: (0.38231718010284554, -0.19999999999999996)}",{'dummy': 0.905099365692537},"[(-0.4, -0.4)]","[(0.0, -0.6)]"
