impression,user_id,app_version,model_version,mturk_id,status,NUM_INITIAL_RATINGS,NUM_REFINE_RATINGS,TOTAL_TRAINING_RATINGS,NUM_TEST_RATINGS,TIME_INITIAL,TIME_REFINE,TIME_TEST,random_test_predictions_ratings,good_test_predictions_ratings,hypers,redisplay_check,arbitrary_check
0,4ae5d27b-9762-4234-bf27-6add32affac0,4.1-knn-ar-dresses10-test,1.2,A1SZ4PH1WKXDOH,Completed,1,30,31,15,4.964702367782593,121.01154327392578,50.382407665252686,"{360: (0.44081222165238293, -0.19999999999999996), 218: (0.20746135337176377, 1.0), 732: (0.26969336249985487, 0.19999999999999996), 206: (0.30310724865819555, -0.19999999999999996), 601: (0.5965366082448986, 0.19999999999999996), 437: (-0.1669833759776345, 0.19999999999999996), 682: (0.1563455062937863, -0.4), 177: (0.02543226574451691, 0.8), 294: (0.15838851741716395, -0.19999999999999996), 569: (0.3115300245358442, 0.0)}","{306: (0.9271110140412235, 0.8), 78: (0.8775741378282292, 0.0), 696: (0.877257197806838, -0.19999999999999996), 247: (0.8639660121958804, 0.0), 168: (0.8582405382160644, 0.8)}",{'dummy': 0.08175620120642846},"[(0.0, -0.19999999999999996)]","[(0.6000000000000001, -0.6)]"
