impression,user_id,app_version,model_version,mturk_id,status,NUM_INITIAL_RATINGS,NUM_REFINE_RATINGS,TOTAL_TRAINING_RATINGS,NUM_TEST_RATINGS,TIME_INITIAL,TIME_REFINE,TIME_TEST,random_test_predictions_ratings,good_test_predictions_ratings,hypers,redisplay_check,arbitrary_check
0,4b2a5e56-dcfe-45cd-b35c-8b7ef806ee68,4.1-knn-ar-dresses10-test,1.2,ANU6OTXYGSSTX,Completed,1,30,31,15,7.772045135498047,160.15604090690613,78.99411845207214,"{178: (-0.4600227867540792, -0.4), 572: (0.42021285996730373, 0.3999999999999999), 207: (0.07906262140522771, 0.3999999999999999), 327: (-0.32433749176673843, -0.8), 764: (0.061801091943199826, -0.4), 111: (-0.031149459280976552, -0.6), 500: (0.6456526811276712, -0.6), 82: (0.7156561019617029, 0.19999999999999996), 586: (-0.1876937835109645, 0.0), 319: (-0.273590887587246, -0.19999999999999996)}","{71: (0.8700573199937945, 0.19999999999999996), 310: (0.8583938529385556, -0.19999999999999996), 621: (0.7477333751231356, 0.3999999999999999), 232: (0.7421105160590606, 0.19999999999999996), 65: (0.7385445080897733, 0.8)}",{'dummy': 0.45219666509885603},"[(0.8, -0.19999999999999996)]","[(0.6000000000000001, -0.6)]"
