impression,user_id,app_version,model_version,mturk_id,status,NUM_INITIAL_RATINGS,NUM_REFINE_RATINGS,TOTAL_TRAINING_RATINGS,NUM_TEST_RATINGS,TIME_INITIAL,TIME_REFINE,TIME_TEST,random_test_predictions_ratings,good_test_predictions_ratings,hypers,redisplay_check,arbitrary_check
0,4cb32388-5fbc-46e3-ad2e-f2ee2a1d82df,4.1-knn-ar-dresses10-test,1.2,A2ALYW6W16PUYQ,Completed,1,50,51,15,15.145925521850586,443.3024797439575,91.32985758781433,"{386: (-1.0, -1.0), 411: (-0.6747598069210042, -1.0), 210: (-0.724103406715281, -1.0), 738: (-0.7223344567341496, -1.0), 323: (-0.6879056145927783, -1.0), 774: (-0.6897399626850915, -1.0), 443: (-0.94690486224412, -1.0), 658: (-1.0, -1.0), 435: (-0.3583197303151338, -1.0), 712: (-0.6579336197907949, -1.0)}","{44: (0.0, -1.0), 78: (-0.22850602157193156, -1.0), 634: (-0.26330308919800877, -1.0), 678: (-0.27732654741514245, -1.0), 47: (-0.2857407076242784, -1.0)}",{'dummy': 0.2373390512494814},"[(-1.0, -1.0)]","[(-0.6, -0.6)]"
