impression,user_id,app_version,model_version,mturk_id,status,NUM_INITIAL_RATINGS,NUM_REFINE_RATINGS,TOTAL_TRAINING_RATINGS,NUM_TEST_RATINGS,TIME_INITIAL,TIME_REFINE,TIME_TEST,random_test_predictions_ratings,good_test_predictions_ratings,hypers,redisplay_check,arbitrary_check
0,4cc54025-ee64-4b38-8b8c-b0636881fab0,4.1-knn-ar-dresses10-test,1.2,A3MJSYSWX0Q4WQ,Completed,1,40,41,15,20.013620376586914,316.47345447540283,167.95237159729004,"{28: (-0.8289779013588165, 0.14000000000000012), 163: (0.0366312404232591, -1.0), 225: (-0.02400835238416822, 1.0), 118: (0.0005496174747582684, -0.21999999999999997), 533: (-0.9256452577451644, 1.0), 715: (-0.2208309657798543, -0.98), 771: (-0.8211883929109668, -0.98), 430: (-0.07754047589375783, 1.0), 800: (0.20916270682766705, 1.0), 474: (0.4632562314722558, 1.0)}","{695: (0.676878571267519, 1.0), 473: (0.6555943408238838, -0.98), 728: (0.6454375302633325, 1.0), 738: (0.619081518034835, 1.0), 623: (0.6187363569915253, 0.41999999999999993)}",{'dummy': 0.7089858812130739},"[(1.0, 1.0)]","[(-0.6, -0.6)]"
