impression,user_id,app_version,model_version,mturk_id,status,NUM_INITIAL_RATINGS,NUM_REFINE_RATINGS,TOTAL_TRAINING_RATINGS,NUM_TEST_RATINGS,TIME_INITIAL,TIME_REFINE,TIME_TEST,random_test_predictions_ratings,good_test_predictions_ratings,hypers,redisplay_check,arbitrary_check
0,4ddf17f0-069f-48ac-9f6a-e25f4d02dd85,4.1-knn-ar-dresses10-test,1.2,AKK6H2YXK4RF6,Completed,1,10,11,15,6.998489856719971,55.63796281814575,66.52684164047241,"{49: (-0.23049589039821525, -0.8), 765: (0.39442521905676514, 1.0), 672: (0.1430122137327012, -0.6), 756: (0.3680937959600863, 0.3999999999999999), 131: (-0.38527485121923355, -1.0), 503: (-0.4854811581994075, -0.8), 476: (-0.18106237149452187, -0.19999999999999996), 240: (-0.2907475695974143, -1.0), 543: (-0.45860119166988994, 0.8), 511: (-0.11217995464200206, -1.0)}","{133: (0.7278603135958842, 1.0), 799: (0.7173789170687773, -0.19999999999999996), 114: (0.7147112145981573, 0.0), 345: (0.6920954399849399, -0.6), 501: (0.6584950756911891, -0.8)}",{'dummy': 0.09902717728604649},"[(-1.0, -0.6)]","[(0.0, -0.6)]"
