impression,user_id,app_version,model_version,status,NUM_INITIAL_RATINGS,NUM_REFINE_RATINGS,TOTAL_TRAINING_RATINGS,NUM_TEST_RATINGS,items_shown,ratings,model_fit,history_dict,hypers,redisplay_check,arbitrary_check,hyper_history
0,4e4095b1-e9a5-4419-b883-e613562c06ff,4.1-knn-ar-dresses10-test,1.2,Started,1,20,21,15,"[249, 235, 579, 104, 113, 642, 472, 395, 498, 607, 292, 276, 617, 533, 265, 246, 263, 567, 570, 375, 740]","[0.19999999999999996, 0.0, 0.19999999999999996, 0.0, -0.19999999999999996, 0.0, 0.0, -0.4, -0.4, -0.19999999999999996, 0.0, 0.19999999999999996, 0.19999999999999996, 0.19999999999999996, 0.0, -0.19999999999999996, -0.19999999999999996, 0.0, -0.4, -0.19999999999999996, 0.0]","[0.19999999999999996, 0.0, 0.19999999999999996, 0.0, -0.19999999999999996, 0.0, 0.0, -0.4, -0.4, -0.19999999999999996, 0.0, 0.19999999999999996, 0.19999999999999996, 0.19999999999999996, 0.0, -0.19999999999999996, -0.19999999999999996, 0.0, -0.4, -0.19999999999999996, 0.0]","{249: (0.19999999999999996, 0.19999999999999996), 235: (0.0, 0.0), 579: (0.19999999999999996, 0.19999999999999996), 104: (0.0, 0.0), 113: (-0.19999999999999996, -0.19999999999999996), 642: (0.0, 0.0), 472: (0.0, 0.0), 395: (-0.4, -0.4), 498: (-0.4, -0.4), 607: (-0.19999999999999996, -0.19999999999999996), 292: (0.0, 0.0), 276: (0.19999999999999996, 0.19999999999999996), 617: (0.19999999999999996, 0.19999999999999996), 533: (0.19999999999999996, 0.19999999999999996), 265: (0.0, 0.0), 246: (-0.19999999999999996, -0.19999999999999996), 263: (-0.19999999999999996, -0.19999999999999996), 567: (0.0, 0.0), 570: (-0.4, -0.4), 375: (-0.19999999999999996, -0.19999999999999996), 740: (0.0, 0.0)}",{'dummy': 0.8632613059363689},"[(0.19999999999999996, 0.19999999999999996)]","[(-0.8, -0.8)]","[{'dummy': 0.8055639868569964}, {'dummy': 0.17878149610901062}, {'dummy': 0.9395054264689515}, {'dummy': 0.7604850792027209}, {'dummy': 0.6988023051505274}, {'dummy': 0.1753114413397483}, {'dummy': 0.036875087409703466}, {'dummy': 0.5942443776040887}, {'dummy': 0.6548372242316681}, {'dummy': 0.9272112073149412}, {'dummy': 0.6739459758513492}, {'dummy': 0.2873455462624529}, {'dummy': 0.09191549024727719}, {'dummy': 0.4711389824809322}, {'dummy': 0.8828982767198336}, {'dummy': 0.09952770246013631}, {'dummy': 0.5905014285581844}, {'dummy': 0.6318920718471753}, {'dummy': 0.15156204647606886}, {'dummy': 0.9114757320946592}]"
