impression,user_id,app_version,model_version,mturk_id,status,NUM_INITIAL_RATINGS,NUM_REFINE_RATINGS,TOTAL_TRAINING_RATINGS,NUM_TEST_RATINGS,TIME_INITIAL,TIME_REFINE,TIME_TEST,random_test_predictions_ratings,good_test_predictions_ratings,hypers,redisplay_check,arbitrary_check
0,4ee794d1-ec30-44ac-a2e2-5b0bac4da2a4,4.1-knn-ar-dresses10-test,1.2,A1PJLZSOUQ4MIL,Completed,1,30,31,15,15.456095933914185,112.17725038528442,62.77340817451477,"{44: (-0.196083092415833, -0.6), 162: (-0.3108993890504659, -0.4), 115: (-0.611270026985352, -0.19999999999999996), 723: (-0.10331356272907247, 0.0), 307: (-0.4261641065187232, -0.8), 528: (0.010364900299947327, -0.8), 739: (-0.5318948563178061, -0.19999999999999996), 235: (-0.13516004206840881, 0.0), 551: (-0.15398876244043452, 0.19999999999999996), 111: (-0.14241106059015887, 0.0)}","{707: (0.2543237378861561, 0.3999999999999999), 201: (0.1909501653620805, 0.0), 230: (0.1620772983881557, -0.19999999999999996), 195: (0.1604445030289281, -0.4), 170: (0.15680702941860142, -0.19999999999999996)}",{'dummy': 0.5803853378289595},"[(0.19999999999999996, -0.4)]","[(-0.6, -0.6)]"
