impression,user_id,app_version,model_version,status,NUM_INITIAL_RATINGS,NUM_REFINE_RATINGS,TOTAL_TRAINING_RATINGS,NUM_TEST_RATINGS,items_shown,ratings,model_fit,history_dict,hypers,redisplay_check,arbitrary_check,hyper_history
0,4f3d3dd9-3304-443c-8ae4-b7c9bc261cc6,4.1-knn-ar-dresses10-test,1.2,Started,1,10,11,15,"[246, 809, 454, 198, 496, 101, 632, 793, 232, 622, 570]","[0.6000000000000001, 0.19999999999999996, -0.4, -0.4, 0.3999999999999999, -0.8, 0.0, 0.6000000000000001, -0.8, -0.19999999999999996, -0.19999999999999996]","[0.6000000000000001, 0.19999999999999996, -0.4, -0.4, 0.3999999999999999, -0.8, 0.0, 0.6000000000000001, -0.8, -0.19999999999999996, -0.19999999999999996]","{246: (0.6000000000000001, 0.6000000000000001), 809: (0.19999999999999996, 0.19999999999999996), 454: (-0.4, -0.4), 198: (-0.4, -0.4), 496: (0.3999999999999999, 0.3999999999999999), 101: (-0.8, -0.8), 632: (0.0, 0.0), 793: (0.6000000000000001, 0.6000000000000001), 232: (-0.8, -0.8), 622: (-0.19999999999999996, -0.19999999999999996), 570: (-0.19999999999999996, -0.19999999999999996)}",{'dummy': 0.8664875648030159},"[(-0.6, -0.4)]","[(-0.8, -0.8)]","[{'dummy': 0.5616652230040925}, {'dummy': 0.3243139866855932}, {'dummy': 0.01601979094025907}, {'dummy': 0.06118109247129977}, {'dummy': 0.17685950117851745}, {'dummy': 0.5664134710451117}, {'dummy': 0.45172365699697214}, {'dummy': 0.6023739863609534}, {'dummy': 0.5700392966181352}, {'dummy': 0.40532272754620435}]"
