impression,user_id,app_version,model_version,mturk_id,status,NUM_INITIAL_RATINGS,NUM_REFINE_RATINGS,TOTAL_TRAINING_RATINGS,NUM_TEST_RATINGS,TIME_INITIAL,TIME_REFINE,TIME_TEST,random_test_predictions_ratings,good_test_predictions_ratings,hypers,redisplay_check,arbitrary_check
0,4f3d3dd9-3304-443c-8ae4-b7c9bc261cc6,4.1-knn-ar-dresses10-test,1.2,AHYTT3T8W9Y9Y,Completed,1,10,11,15,7.42302131652832,61.288902044296265,79.42795395851135,"{643: (0.28715495155551884, 0.3999999999999999), 580: (-0.13194940040559697, -0.4), 276: (-0.029182614945954838, -0.8), 136: (0.01287275625291509, 0.3999999999999999), 408: (-0.33407325960586964, -0.19999999999999996), 487: (-0.6510640611852085, -0.6), 295: (-0.18355018067133724, -0.8), 245: (-0.5017477001812429, 0.19999999999999996), 631: (0.3173518584799234, 0.19999999999999996), 273: (-0.43889660770371475, -0.8)}","{386: (0.48378097782003554, 0.19999999999999996), 523: (0.46637631994613077, -0.19999999999999996), 263: (0.4597767557001585, 0.3999999999999999), 133: (0.458376076875736, -0.4), 405: (0.4494610347782436, -0.4)}",{'dummy': 0.19709299995325302},"[(-0.6, -0.19999999999999996)]","[(-0.6, -0.6)]"
