impression,user_id,app_version,model_version,mturk_id,status,NUM_INITIAL_RATINGS,NUM_REFINE_RATINGS,TOTAL_TRAINING_RATINGS,NUM_TEST_RATINGS,TIME_INITIAL,TIME_REFINE,TIME_TEST,random_test_predictions_ratings,good_test_predictions_ratings,hypers,redisplay_check,arbitrary_check
0,4fcb9586-9feb-4668-8cc8-b061d104a23d,4.1-knn-ar-dresses10-test,1.2,A3NXXMACEGVNIO,Completed,1,20,21,15,9.389456033706665,99.37351870536804,83.18559241294861,"{808: (0.4661355179025694, 0.0), 774: (0.4738352879203259, 0.0), 395: (0.33810763226274315, 0.3999999999999999), 453: (0.221162252181494, 0.18000000000000016), 458: (0.19535931582593585, 0.19999999999999996), 336: (0.4684674826891855, -0.4), 533: (0.1522891495639575, -0.4), 332: (0.22116843670940808, 0.19999999999999996), 310: (0.35614471598761926, -0.4), 600: (0.07857943560361573, -0.4)}","{74: (0.6750230427343816, 0.6000000000000001), 88: (0.6268150572056482, 0.3999999999999999), 147: (0.5748318911118718, -0.19999999999999996), 279: (0.5694472663536252, -0.19999999999999996), 691: (0.5523688290359796, 0.3999999999999999)}",{'dummy': 0.7017005764408801},"[(0.0, 0.19999999999999996)]","[(-0.19999999999999996, -0.6)]"
