impression,user_id,app_version,model_version,status,NUM_INITIAL_RATINGS,NUM_REFINE_RATINGS,TOTAL_TRAINING_RATINGS,NUM_TEST_RATINGS,items_shown,ratings,model_fit,history_dict,hypers,redisplay_check,arbitrary_check,hyper_history
0,4fd3b938-0f7e-4aff-ab40-92e9ee7c267a,4.1-knn-ar-dresses10-test,1.2,Started,1,10,11,15,"[406, 320, 211, 255, 355, 655, 632, 301, 530, 610, 416]","[0.8, 0.3999999999999999, -0.6, -0.8, 0.3999999999999999, -0.8, 0.19999999999999996, -0.4, -0.4, 0.3999999999999999, 0.6000000000000001]","[0.8, 0.3999999999999999, -0.6, -0.8, 0.3999999999999999, -0.8, 0.19999999999999996, -0.4, -0.4, 0.3999999999999999, 0.6000000000000001]","{406: (0.8, 0.8), 320: (0.3999999999999999, 0.3999999999999999), 211: (-0.6, -0.6), 255: (-0.8, -0.8), 355: (0.3999999999999999, 0.3999999999999999), 655: (-0.8, -0.8), 632: (0.19999999999999996, 0.19999999999999996), 301: (-0.4, -0.4), 530: (-0.4, -0.4), 610: (0.3999999999999999, 0.3999999999999999), 416: (0.6000000000000001, 0.6000000000000001)}",{'dummy': 0.14003099818210007},"[(-0.6, -0.6)]","[(-0.8, -0.8)]","[{'dummy': 0.5464895784060181}, {'dummy': 0.3054634576627444}, {'dummy': 0.9243468237276209}, {'dummy': 0.667118349265827}, {'dummy': 0.012012951496293889}, {'dummy': 0.02687121979656526}, {'dummy': 0.285803048136155}, {'dummy': 0.46642474947784873}, {'dummy': 0.44168961130733553}, {'dummy': 0.9689032442488027}]"
