impression,user_id,app_version,model_version,mturk_id,status,NUM_INITIAL_RATINGS,NUM_REFINE_RATINGS,TOTAL_TRAINING_RATINGS,NUM_TEST_RATINGS,TIME_INITIAL,TIME_REFINE,TIME_TEST,random_test_predictions_ratings,good_test_predictions_ratings,hypers,redisplay_check,arbitrary_check
0,50dc4040-db1e-499e-a022-fb6842b73e09,4.1-knn-ar-dresses10-test,1.2,A356RQQMUVN730,Completed,1,40,41,15,7.574791669845581,303.5529627799988,62.581825256347656,"{547: (-0.2962154477935779, 0.3999999999999999), 69: (-0.33118689472545254, -0.8), 690: (-0.664899753953032, -0.8), 423: (-0.7384671352011464, 0.3999999999999999), 327: (0.0827486323742695, 0.19999999999999996), 315: (-0.1865861013224561, -0.6), 650: (0.3974016027360056, -0.8), 747: (-0.49620959910556034, -0.8), 192: (-0.046491854929590765, 0.0), 236: (-0.34819133321156687, 0.19999999999999996)}","{32: (0.5390646443591158, 0.3999999999999999), 296: (0.4721767878763193, 0.3999999999999999), 386: (0.456681059516869, 0.6000000000000001), 46: (0.4484053731531018, 0.19999999999999996), 290: (0.4062820547464983, 0.0)}",{'dummy': 0.21868402325438685},"[(0.0, 0.3999999999999999)]","[(0.19999999999999996, -0.6)]"
