impression,user_id,app_version,model_version,mturk_id,status,NUM_INITIAL_RATINGS,NUM_REFINE_RATINGS,TOTAL_TRAINING_RATINGS,NUM_TEST_RATINGS,TIME_INITIAL,TIME_REFINE,TIME_TEST,random_test_predictions_ratings,good_test_predictions_ratings,hypers,redisplay_check,arbitrary_check
0,51969b90-5f25-4937-ba5f-10433782ddb2,4.1-knn-ar-dresses10-test,1.2,A1GF29TP5AVQ49,Completed,1,40,41,15,9.563321828842163,234.7832109928131,68.54722428321838,"{685: (-0.3942242855843885, -0.6), 442: (-0.20206062718857395, -0.8), 634: (-0.10667908914705074, 0.3999999999999999), 645: (-0.7304622038522992, -0.8), 177: (-0.02580879517994282, 0.6000000000000001), 404: (0.859306180893693, 0.3999999999999999), 20: (-0.5526565432886764, 0.3999999999999999), 499: (0.6035433818115177, -0.6), 300: (-0.723260982957621, 0.3999999999999999), 780: (-0.488419737918114, -0.19999999999999996)}","{297: (0.9495860305024346, 0.6000000000000001), 270: (0.9436140785886363, 1.0), 259: (0.9399734330888015, -0.6), 426: (0.9395153796886868, 0.8), 676: (0.9353017195801382, -0.6)}",{'dummy': 0.044681244623530514},"[(-0.19999999999999996, -0.6)]","[(-0.6, -0.6)]"
