impression,user_id,app_version,model_version,mturk_id,status,NUM_INITIAL_RATINGS,NUM_REFINE_RATINGS,TOTAL_TRAINING_RATINGS,NUM_TEST_RATINGS,TIME_INITIAL,TIME_REFINE,TIME_TEST,random_test_predictions_ratings,good_test_predictions_ratings,hypers,redisplay_check,arbitrary_check
0,51e4a76c-235b-4213-880f-f8edd94d0228,4.1-knn-ar-dresses10-test,1.2,A2PMR2U39PQ1UH,Completed,1,10,11,15,12.065807580947876,71.07355093955994,114.38998126983643,"{774: (0.03068251782184511, 0.6800000000000002), 87: (-0.1290453263660907, -0.76), 513: (-0.1605503280959012, -0.18000000000000005), 359: (0.10678276353579748, 0.7399999999999998), 276: (0.13810121177123033, -0.6799999999999999), 269: (-0.19459867273310358, 0.6800000000000002), 806: (0.18257995598332433, -0.18000000000000005), 672: (0.5579283443364291, -0.88), 621: (0.09248612725130397, 0.43999999999999995), 149: (-0.054822768836071435, -0.26)}","{60: (0.7933966648085018, 1.0), 299: (0.7930303800963926, 0.18000000000000016), 271: (0.7915903274595242, -0.64), 518: (0.7859642892309011, 0.7399999999999998), 631: (0.7807238265130001, 0.52)}",{'dummy': 0.6029001566404333},"[(0.8800000000000001, 1.0)]","[(0.06000000000000005, -0.6)]"
