impression,user_id,app_version,model_version,mturk_id,status,NUM_INITIAL_RATINGS,NUM_REFINE_RATINGS,TOTAL_TRAINING_RATINGS,NUM_TEST_RATINGS,TIME_INITIAL,TIME_REFINE,TIME_TEST,random_test_predictions_ratings,good_test_predictions_ratings,hypers,redisplay_check,arbitrary_check
0,5216eaa4-9884-4a9a-ab35-574e1d43d0c8,4.1-knn-ar-dresses10-test,1.2,A1BM57TUNAQIXM,Completed,1,50,51,15,14.554382801055908,317.7675838470459,143.31840181350708,"{741: (0.31772036170939166, 0.8), 309: (-0.24127111844905455, 0.5800000000000001), 395: (0.13984710355429653, -0.4), 745: (0.30027873512826075, 0.5800000000000001), 787: (0.2916993325906194, 0.19999999999999996), 572: (-0.3926196072923252, -1.0), 406: (-0.03459221259059864, 0.41999999999999993), 209: (0.15124026123503606, -0.30000000000000004), 234: (0.19123050539885109, 0.45999999999999996), 393: (-0.3801082257042573, 0.6000000000000001)}","{766: (0.8022958587895208, 0.6000000000000001), 490: (0.792012336488085, -0.8), 233: (0.7682382819733973, 0.0), 641: (0.7676983811646996, -0.26), 29: (0.7554559418842264, 1.0)}",{'dummy': 0.08278234026129327},"[(-0.8, -0.4)]","[(0.19999999999999996, -0.6)]"
