impression,user_id,app_version,model_version,mturk_id,status,NUM_INITIAL_RATINGS,NUM_REFINE_RATINGS,TOTAL_TRAINING_RATINGS,NUM_TEST_RATINGS,TIME_INITIAL,TIME_REFINE,TIME_TEST,random_test_predictions_ratings,good_test_predictions_ratings,hypers,redisplay_check,arbitrary_check
0,52568cfd-b0a1-4999-a99c-e543ad4fa94f,4.1-knn-ar-dresses10-test,1.2,A3LP481OXVIHK,Completed,1,30,31,15,19.641183614730835,154.79709124565125,75.23688840866089,"{599: (0.5995749083315933, 0.19999999999999996), 85: (0.5770691265679215, -0.8), 382: (0.4607451411024353, -0.6), 543: (0.5442448916525909, 1.0), 50: (0.5885074701947121, 0.8), 334: (0.015918807254493312, -0.19999999999999996), 55: (0.8736237176937078, -0.19999999999999996), 311: (0.4971978922552451, 0.6000000000000001), 25: (0.22096782592972872, 1.0), 220: (0.5341713471526224, 1.0)}","{319: (1.0, 0.19999999999999996), 768: (1.0, 1.0), 212: (1.0, 0.0), 766: (1.0, -0.4), 345: (1.0, 0.6000000000000001)}",{'dummy': 0.45749388190848317},"[(0.0, 0.6000000000000001)]","[(0.19999999999999996, -0.6)]"
