impression,user_id,app_version,model_version,status,NUM_INITIAL_RATINGS,NUM_REFINE_RATINGS,TOTAL_TRAINING_RATINGS,NUM_TEST_RATINGS,items_shown,ratings,model_fit,history_dict,hypers,redisplay_check,arbitrary_check,hyper_history
0,535286a8-1e86-47f1-bfe7-e80f70cf03c9,4.1-knn-ar-dresses10-test,1.2,Started,1,10,11,15,"[713, 245, 576, 764, 436, 91, 565, 688, 409, 417, 94]","[0.5, 0.0, -0.4, 0.19999999999999996, -0.8, -0.6, -0.4, 0.0, 0.0, -0.6, 0.3999999999999999]","[0.5, 0.0, -0.4, 0.19999999999999996, -0.8, -0.6, -0.4, 0.0, 0.0, -0.6, 0.3999999999999999]","{713: (0.5, 0.5), 245: (0.0, 0.0), 576: (-0.4, -0.4), 764: (0.19999999999999996, 0.19999999999999996), 436: (-0.8, -0.8), 91: (-0.6, -0.6), 565: (-0.4, -0.4), 688: (0.0, 0.0), 409: (0.0, 0.0), 417: (-0.6, -0.6), 94: (0.3999999999999999, 0.3999999999999999)}",{'dummy': 0.22082511739132493},"[(-0.6, -0.4)]","[(0.6000000000000001, -0.8)]","[{'dummy': 0.47661228689933}, {'dummy': 0.2748225099758953}, {'dummy': 0.8681093361303579}, {'dummy': 0.9848177776205308}, {'dummy': 0.8166422065087049}, {'dummy': 0.44107089364979146}, {'dummy': 0.1566812232747533}, {'dummy': 0.6060925288853918}, {'dummy': 0.6131380867885541}, {'dummy': 0.45625435680639326}]"
