impression,user_id,app_version,model_version,mturk_id,status,NUM_INITIAL_RATINGS,NUM_REFINE_RATINGS,TOTAL_TRAINING_RATINGS,NUM_TEST_RATINGS,TIME_INITIAL,TIME_REFINE,TIME_TEST,random_test_predictions_ratings,good_test_predictions_ratings,hypers,redisplay_check,arbitrary_check
0,535286a8-1e86-47f1-bfe7-e80f70cf03c9,4.1-knn-ar-dresses10-test,1.2,A38E1DWG5IF0KL,Completed,1,10,11,15,5.682701349258423,38.56599450111389,57.411404609680176,"{73: (-0.13637003184427074, -0.19999999999999996), 55: (0.17938252847441338, 1.0), 230: (0.08048791021296113, 0.6000000000000001), 796: (-0.005080168805422785, -0.19999999999999996), 623: (-0.602827387495664, -0.6), 305: (-0.5915410235025929, -0.6), 36: (-0.024796681186954776, 0.0), 497: (0.054343908979718004, 0.6000000000000001), 300: (-0.427424714784596, -0.8), 666: (-0.4205928243017082, 0.0)}","{607: (0.3688274175488683, 0.0), 619: (0.36326591354133464, 0.19999999999999996), 517: (0.3624660159637093, -0.19999999999999996), 486: (0.35895818821036535, 0.3999999999999999), 722: (0.35368973904863443, 0.0)}",{'dummy': 0.2205187875376884},"[(0.0, 0.0)]","[(0.6000000000000001, -0.6)]"
