impression,user_id,app_version,model_version,mturk_id,status,NUM_INITIAL_RATINGS,NUM_REFINE_RATINGS,TOTAL_TRAINING_RATINGS,NUM_TEST_RATINGS,TIME_INITIAL,TIME_REFINE,TIME_TEST,random_test_predictions_ratings,good_test_predictions_ratings,hypers,redisplay_check,arbitrary_check
0,5382c0e0-4c26-45bd-bcee-5de97aaaf408,4.1-knn-ar-dresses10-test,1.2,ADHIEDTBVL94B,Completed,1,10,11,15,16.023924827575684,79.29005861282349,107.98921799659729,"{1: (-0.9276655256775476, -1.0), 764: (-0.9863261616713259, -1.0), 342: (-0.9427815016466671, -1.0), 555: (-0.9543020387789191, -0.94), 302: (-0.9944134241595529, -1.0), 754: (-0.9661879503031042, -1.0), 233: (-0.967194699435419, -1.0), 590: (-0.9272068571560209, -1.0), 220: (-0.9723129662687144, 0.0), 794: (-0.9652578100574618, -1.0)}","{769: (-0.9145455245117184, -0.94), 746: (-0.918732059773126, 0.0), 208: (-0.9203352705865264, -1.0), 210: (-0.9220457613058809, -1.0), 174: (-0.9227502817939188, -1.0)}",{'dummy': 0.684557117470414},"[(-0.94, -0.94)]","[(-0.6, -0.6)]"
