impression,user_id,app_version,model_version,mturk_id,status,NUM_INITIAL_RATINGS,NUM_REFINE_RATINGS,TOTAL_TRAINING_RATINGS,NUM_TEST_RATINGS,TIME_INITIAL,TIME_REFINE,TIME_TEST,random_test_predictions_ratings,good_test_predictions_ratings,hypers,redisplay_check,arbitrary_check
0,54bddad3-396d-45ec-a843-2556a69a771f,4.1-knn-ar-dresses10-test,1.2,A2TUUIV61CR0C7,Completed,1,20,21,15,12.124552249908447,146.4256284236908,106.50907897949219,"{169: (-0.12593844356373932, 0.0), 569: (0.015957283210466647, 0.19999999999999996), 102: (-0.0518497277519034, -0.30000000000000004), 242: (-0.07673311616413084, 0.19999999999999996), 11: (0.3619726090523685, -0.19999999999999996), 56: (-0.2996691864823269, 0.6000000000000001), 451: (0.1890892705297551, 0.30000000000000004), 88: (-0.05718160306654118, -0.4), 64: (0.24787098010275369, 0.3999999999999999), 267: (0.50153464717785, 0.0)}","{306: (0.6424143137032813, 0.0), 612: (0.629539999943431, 0.30000000000000004), 714: (0.601519941957243, 0.0), 32: (0.5573172744961111, 0.19999999999999996), 25: (0.5570688058949633, -0.09999999999999998)}",{'dummy': 0.8024287195549435},"[(0.19999999999999996, 0.19999999999999996)]","[(-0.6, -0.6)]"
