impression,user_id,app_version,model_version,mturk_id,status,NUM_INITIAL_RATINGS,NUM_REFINE_RATINGS,TOTAL_TRAINING_RATINGS,NUM_TEST_RATINGS,TIME_INITIAL,TIME_REFINE,TIME_TEST,random_test_predictions_ratings,good_test_predictions_ratings,hypers,redisplay_check,arbitrary_check
0,54fe56b6-0120-44b4-bc19-22a12fe3614b,4.1-knn-ar-dresses10-test,1.2,A258IQXX7F3Z8O,Completed,1,50,51,15,5.298025369644165,238.42188167572021,75.950932264328,"{681: (-0.2548623797971449, -0.4), 161: (0.10044997937508875, -0.19999999999999996), 150: (0.25637947752944495, -0.19999999999999996), 454: (0.08607775319398318, 0.6000000000000001), 29: (-0.005421462743206581, -0.19999999999999996), 763: (-0.30207739846930687, -0.19999999999999996), 716: (0.14147658765799453, 0.0), 75: (0.27163584820874065, 0.19999999999999996), 455: (0.33645506165455574, 0.8), 10: (-0.17429706068874248, 0.8)}","{741: (0.8000000000000002, -0.4), 576: (0.8, 0.0), 136: (0.8, -0.4), 137: (0.8, 0.3999999999999999), 545: (0.7446208297909916, -0.19999999999999996)}",{'dummy': 0.2915335050214849},"[(-0.6, -0.19999999999999996)]","[(0.6000000000000001, -0.6)]"
