impression,user_id,app_version,model_version,mturk_id,status,NUM_INITIAL_RATINGS,NUM_REFINE_RATINGS,TOTAL_TRAINING_RATINGS,NUM_TEST_RATINGS,TIME_INITIAL,TIME_REFINE,TIME_TEST,random_test_predictions_ratings,good_test_predictions_ratings,hypers,redisplay_check,arbitrary_check
0,55005ac2-1afa-49b4-9594-ddd67ada331b,4.1-knn-ar-dresses10-test,1.2,AU34T9OMHN4Z4,Completed,1,30,31,15,8.188061475753784,136.85518050193787,79.95862817764282,"{549: (-1.0, 0.6000000000000001), 116: (-0.7505942329126043, -1.0), 476: (-1.0, -1.0), 457: (-1.0, -1.0), 737: (-1.0, 0.0), 654: (-1.0, -1.0), 592: (-1.0, 0.0), 103: (-0.3495557953928414, 0.6000000000000001), 483: (-1.0, -1.0), 760: (-1.0, 0.6000000000000001)}","{66: (0.6275805987762549, -1.0), 405: (0.6206971082044634, 0.0), 635: (0.5984127305652308, -1.0), 158: (0.32434634786081773, 1.0), 539: (0.3149406223897751, 0.6000000000000001)}",{'dummy': 0.8407626521663759},"[(-1.0, -1.0)]","[(-0.6, -0.6)]"
