impression,user_id,app_version,model_version,status,NUM_INITIAL_RATINGS,NUM_REFINE_RATINGS,TOTAL_TRAINING_RATINGS,NUM_TEST_RATINGS,items_shown,ratings,model_fit,history_dict,hypers,redisplay_check,arbitrary_check,hyper_history
0,5577a8dc-a8c9-42d3-ab35-8c05f4449613,4.1-knn-ar-dresses10-test,1.2,Started,1,10,11,15,"[240, 429, 115, 529, 353, 349, 718, 374, 806, 786, 446]","[0.3999999999999999, 0.0, 0.0, -0.19999999999999996, -0.4, -0.19999999999999996, -0.4, 0.0, -0.6, 0.0, 0.19999999999999996]","[0.3999999999999999, 0.0, 0.0, -0.19999999999999996, -0.4, -0.19999999999999996, -0.4, 0.0, -0.6, 0.0, 0.19999999999999996]","{240: (0.3999999999999999, 0.3999999999999999), 429: (0.0, 0.0), 115: (0.0, 0.0), 529: (-0.19999999999999996, -0.19999999999999996), 353: (-0.4, -0.4), 349: (-0.19999999999999996, -0.19999999999999996), 718: (-0.4, -0.4), 374: (0.0, 0.0), 806: (-0.6, -0.6), 786: (0.0, 0.0), 446: (0.19999999999999996, 0.19999999999999996)}",{'dummy': 0.9779607927620012},"[(-0.19999999999999996, 0.0)]","[(-0.19999999999999996, -0.8)]","[{'dummy': 0.4199278724360084}, {'dummy': 0.9760475627910472}, {'dummy': 0.993586346328947}, {'dummy': 0.8105754195112521}, {'dummy': 0.39368069401324157}, {'dummy': 0.49739272692204806}, {'dummy': 0.7874641345562807}, {'dummy': 0.7186477739341126}, {'dummy': 0.604467207841581}, {'dummy': 0.885271808395829}]"
