impression,user_id,app_version,model_version,status,NUM_INITIAL_RATINGS,NUM_REFINE_RATINGS,TOTAL_TRAINING_RATINGS,NUM_TEST_RATINGS,items_shown,ratings,model_fit,history_dict,hypers,redisplay_check,arbitrary_check,hyper_history
0,5621fa37-3d03-47ef-9de6-6e2566166925,4.1-knn-ar-dresses10-test,1.2,Started,1,10,11,15,"[414, 33, 279, 422, 360, 708, 272, 24, 149, 96, 511]","[-0.6, -0.19999999999999996, 0.19999999999999996, -0.6, -0.4, 0.6000000000000001, 0.19999999999999996, -0.8, -0.8, -0.19999999999999996, 0.0]","[-0.6, -0.19999999999999996, 0.19999999999999996, -0.6, -0.4, 0.6000000000000001, 0.19999999999999996, -0.8, -0.8, -0.19999999999999996, 0.0]","{414: (-0.6, -0.6), 33: (-0.19999999999999996, -0.19999999999999996), 279: (0.19999999999999996, 0.19999999999999996), 422: (-0.6, -0.6), 360: (-0.4, -0.4), 708: (0.6000000000000001, 0.6000000000000001), 272: (0.19999999999999996, 0.19999999999999996), 24: (-0.8, -0.8), 149: (-0.8, -0.8), 96: (-0.19999999999999996, -0.19999999999999996), 511: (0.0, 0.0)}",{'dummy': 0.8252140398808888},"[(0.0, 0.19999999999999996)]","[(0.0, -0.8)]","[{'dummy': 0.6698093743933679}, {'dummy': 0.01172562882327255}, {'dummy': 0.7050694463651165}, {'dummy': 0.3123239353461521}, {'dummy': 0.4454545280877025}, {'dummy': 0.42423278573168477}, {'dummy': 0.5466494501216338}, {'dummy': 0.20472610972791327}, {'dummy': 0.7425632812163189}, {'dummy': 0.7677423622558927}]"
