impression,user_id,app_version,model_version,status,NUM_INITIAL_RATINGS,NUM_REFINE_RATINGS,TOTAL_TRAINING_RATINGS,NUM_TEST_RATINGS,items_shown,ratings,model_fit,history_dict,hypers,redisplay_check,arbitrary_check,hyper_history
0,56be16ab-b7e5-4f47-9ce8-60f4e2cc77b8,4.1-knn-ar-dresses10-test,1.2,Started,1,10,11,15,"[725, 592, 235, 333, 590, 460, 715, 244, 616, 706, 432]","[-0.19999999999999996, 0.0, 0.06000000000000005, 0.19999999999999996, 0.19999999999999996, 0.3999999999999999, 0.3599999999999999, 0.19999999999999996, -0.4, 0.3999999999999999, 0.6000000000000001]","[-0.19999999999999996, 0.0, 0.06000000000000005, 0.19999999999999996, 0.19999999999999996, 0.3999999999999999, 0.3599999999999999, 0.19999999999999996, -0.4, 0.3999999999999999, 0.6000000000000001]","{725: (-0.19999999999999996, -0.19999999999999996), 592: (0.0, 0.0), 235: (0.06000000000000005, 0.06000000000000005), 333: (0.19999999999999996, 0.19999999999999996), 590: (0.19999999999999996, 0.19999999999999996), 460: (0.3999999999999999, 0.3999999999999999), 715: (0.3599999999999999, 0.3599999999999999), 244: (0.19999999999999996, 0.19999999999999996), 616: (-0.4, -0.4), 706: (0.3999999999999999, 0.3999999999999999), 432: (0.6000000000000001, 0.6000000000000001)}",{'dummy': 0.15588669374046793},"[(0.24, 0.06000000000000005)]","[(-0.8, -0.8)]","[{'dummy': 0.27913719355954025}, {'dummy': 0.15365569398399992}, {'dummy': 0.7059559643377447}, {'dummy': 0.689278571464091}, {'dummy': 0.6283489186436142}, {'dummy': 0.3725263285464163}, {'dummy': 0.19137234095180278}, {'dummy': 0.44230083828866407}, {'dummy': 0.659179120585502}, {'dummy': 0.80415802476425}]"
