impression,user_id,app_version,model_version,mturk_id,status,NUM_INITIAL_RATINGS,NUM_REFINE_RATINGS,TOTAL_TRAINING_RATINGS,NUM_TEST_RATINGS,TIME_INITIAL,TIME_REFINE,TIME_TEST,random_test_predictions_ratings,good_test_predictions_ratings,hypers,redisplay_check,arbitrary_check
0,56be16ab-b7e5-4f47-9ce8-60f4e2cc77b8,4.1-knn-ar-dresses10-test,1.2,A2KWGCHV2FILJO,Completed,1,10,11,15,8.04340672492981,98.68473076820374,89.73546576499939,"{80: (0.32684379923449447, -0.8), 365: (0.19766515926683906, 0.8), 585: (-0.038170362076789616, 0.8), 635: (0.13950316570037852, 0.6000000000000001), 618: (0.22513164926244256, 0.6000000000000001), 485: (0.2151069771017036, 0.6000000000000001), 100: (0.3906920111092831, -0.6), 142: (0.13701393963761593, 0.3999999999999999), 225: (0.2492605780160208, 0.6000000000000001), 233: (-0.02611889904352924, -0.8)}","{92: (0.4782761424304354, 0.3999999999999999), 776: (0.4577008329963994, -0.6), 659: (0.45637770904594316, 0.0), 575: (0.45313385923058874, 0.8), 441: (0.45141042494802075, 0.19999999999999996)}",{'dummy': 0.46894080177091924},"[(0.6000000000000001, 0.6000000000000001)]","[(-0.6, -0.6)]"
