impression,user_id,app_version,model_version,mturk_id,status,NUM_INITIAL_RATINGS,NUM_REFINE_RATINGS,TOTAL_TRAINING_RATINGS,NUM_TEST_RATINGS,TIME_INITIAL,TIME_REFINE,TIME_TEST,random_test_predictions_ratings,good_test_predictions_ratings,hypers,redisplay_check,arbitrary_check
0,56f99c2d-b326-4f58-981f-a391fe03e9fc,4.1-knn-ar-dresses10-test,1.2,AV5DCU1VH5S34,Completed,1,10,11,15,13.391990661621094,75.78300046920776,85.35637521743774,"{813: (-0.04238114405052301, -1.0), 172: (0.12454991889047218, 0.3999999999999999), 410: (-0.05140145087262978, -0.19999999999999996), 668: (-0.4676121069482793, -0.8), 473: (0.3407129231721324, 0.3999999999999999), 332: (-0.030899886903796758, -0.8), 232: (-0.5379242507656715, -0.6), 385: (-0.5474680197564159, -1.0), 158: (0.08974648179644083, 1.0), 256: (-0.4467248108591473, 0.0)}","{597: (0.5339697602789742, 0.8), 22: (0.5267217425679313, -0.8), 92: (0.47916397695171487, -0.8), 266: (0.4422264701359777, 1.0), 128: (0.44103299786451655, -0.8)}",{'dummy': 0.012150110951219428},"[(-0.6, -0.19999999999999996)]","[(-0.6, -0.6)]"
