impression,user_id,app_version,model_version,mturk_id,status,NUM_INITIAL_RATINGS,NUM_REFINE_RATINGS,TOTAL_TRAINING_RATINGS,NUM_TEST_RATINGS,TIME_INITIAL,TIME_REFINE,TIME_TEST,random_test_predictions_ratings,good_test_predictions_ratings,hypers,redisplay_check,arbitrary_check
0,57a14916-61ac-4aeb-a9e8-4f6735d5e35c,4.1-knn-ar-dresses10-test,1.2,A3CFNUD7VR2E1E,Completed,1,50,51,15,15.445966482162476,438.18864464759827,133.88775992393494,"{297: (-0.19528753429061477, -0.19999999999999996), 613: (-0.363989836755768, 0.3999999999999999), 237: (-0.5138982910799176, -0.8), 150: (-0.29564250248587437, 0.3999999999999999), 68: (-0.7999999999999999, -0.8), 630: (-0.8000000000000002, -0.8), 658: (-0.8, -0.6), 725: (-0.8, -0.8), 172: (-0.1435121285132225, 0.0), 180: (-0.36847906990029783, -0.8)}","{684: (0.6000000000000002, 0.6000000000000001), 254: (0.6000000000000001, 0.6000000000000001), 143: (0.6000000000000001, -0.8), 349: (0.6000000000000001, 0.8), 247: (0.6000000000000001, -0.6)}",{'dummy': 0.9201632778927289},"[(-0.4, -0.19999999999999996)]","[(-0.6, -0.6)]"
