impression,user_id,app_version,model_version,mturk_id,status,NUM_INITIAL_RATINGS,NUM_REFINE_RATINGS,TOTAL_TRAINING_RATINGS,NUM_TEST_RATINGS,TIME_INITIAL,TIME_REFINE,TIME_TEST,random_test_predictions_ratings,good_test_predictions_ratings,hypers,redisplay_check,arbitrary_check
0,59080020-5984-4d8b-ab23-052b1b6166c9,4.1-knn-ar-dresses10-test,1.2,A1QEQ64E22TNUZ,Completed,1,30,31,15,23.31295371055603,280.26127433776855,140.64126253128052,"{379: (-0.00636712522592901, 0.0), 663: (0.01502144509853314, 0.19999999999999996), 357: (0.051829218260013535, -0.4), 131: (-0.10670573372438912, 0.3999999999999999), 137: (-0.26452131347971286, -0.19999999999999996), 62: (-0.27146177685207484, -0.6), 556: (-0.05326227728187814, 0.3999999999999999), 402: (0.04938888391200104, 0.0), 462: (0.31284957096105365, -0.6), 397: (0.22238729400707147, 0.6000000000000001)}","{311: (0.40341156005656514, 0.3999999999999999), 401: (0.4026805275771421, -0.6), 104: (0.3999999999999999, 0.6000000000000001), 747: (0.39999999999999986, -0.4), 435: (0.3943842939880851, -0.6)}",{'dummy': 0.5043753621240986},"[(0.6000000000000001, 0.6000000000000001)]","[(-0.4, -0.6)]"
