impression,user_id,app_version,model_version,status,NUM_INITIAL_RATINGS,NUM_REFINE_RATINGS,TOTAL_TRAINING_RATINGS,NUM_TEST_RATINGS,items_shown,ratings,model_fit,history_dict,hypers,redisplay_check,arbitrary_check,hyper_history
0,59ce7adf-b83e-45c2-a9cd-179816d019fd,4.1-knn-ar-dresses10-test,1.2,Started,1,20,21,15,"[30, 527, 37, 478, 571, 617, 341, 72, 710, 419, 633, 28, 326, 272, 26, 67, 218, 404, 376, 724, 425]","[0.0, 0.3999999999999999, 0.19999999999999996, 0.0, -0.19999999999999996, -0.6, -0.4, -0.19999999999999996, 0.19999999999999996, -0.8, -0.8, -0.4, 0.19999999999999996, -0.6, -0.8, 0.0, 0.19999999999999996, -0.4, -0.8, 0.19999999999999996, 0.0]","[0.0, 0.3999999999999999, 0.19999999999999996, 0.0, -0.19999999999999996, -0.6, -0.4, -0.19999999999999996, 0.19999999999999996, -0.8, -0.8, -0.4, 0.19999999999999996, -0.6, -0.8, 0.0, 0.19999999999999996, -0.4, -0.8, 0.19999999999999996, 0.0]","{30: (0.0, 0.0), 527: (0.3999999999999999, 0.3999999999999999), 37: (0.19999999999999996, 0.19999999999999996), 478: (0.0, 0.0), 571: (-0.19999999999999996, -0.19999999999999996), 617: (-0.6, -0.6), 341: (-0.4, -0.4), 72: (-0.19999999999999996, -0.19999999999999996), 710: (0.19999999999999996, 0.19999999999999996), 419: (-0.8, -0.8), 633: (-0.8, -0.8), 28: (-0.4, -0.4), 326: (0.19999999999999996, 0.19999999999999996), 272: (-0.6, -0.6), 26: (-0.8, -0.8), 67: (0.0, 0.0), 218: (0.19999999999999996, 0.19999999999999996), 404: (-0.4, -0.4), 376: (-0.8, -0.8), 724: (0.19999999999999996, 0.19999999999999996), 425: (0.0, 0.0)}",{'dummy': 0.6892138006337185},"[(0.0, 0.19999999999999996)]","[(0.6000000000000001, -0.8)]","[{'dummy': 0.6418165518481608}, {'dummy': 0.2900784161772204}, {'dummy': 0.7865867043203172}, {'dummy': 0.11352562487283135}, {'dummy': 0.528987142112173}, {'dummy': 0.645728389267813}, {'dummy': 0.7946822083363789}, {'dummy': 0.5259155685377598}, {'dummy': 0.5771478538359209}, {'dummy': 0.051351234675819146}, {'dummy': 0.8641083482153079}, {'dummy': 0.392198913844911}, {'dummy': 0.6615661370895193}, {'dummy': 0.7771402272002723}, {'dummy': 0.16875998586643814}, {'dummy': 0.5402645573146445}, {'dummy': 0.485320443115951}, {'dummy': 0.2924170208433632}, {'dummy': 0.6936857803425559}, {'dummy': 0.8883189564327789}]"
