impression,user_id,app_version,model_version,mturk_id,status,NUM_INITIAL_RATINGS,NUM_REFINE_RATINGS,TOTAL_TRAINING_RATINGS,NUM_TEST_RATINGS,TIME_INITIAL,TIME_REFINE,TIME_TEST,random_test_predictions_ratings,good_test_predictions_ratings,hypers,redisplay_check,arbitrary_check
0,5ae86c54-b4fb-4368-8990-92b49e6eb69c,4.1-knn-ar-dresses10-test,1.2,A1WL3NZ50YEOWP,Completed,1,20,21,15,7.128877878189087,83.84325194358826,72.54980707168579,"{196: (-1.0, -1.0), 252: (-0.8, -1.0), 347: (-0.8000000000000002, -0.8), 332: (-0.7903561133807323, -1.0), 457: (-0.8567492378996003, -0.8), 160: (-0.940733978140164, -1.0), 59: (-0.8000000000000002, -1.0), 308: (-0.8540206587888639, -1.0), 747: (-0.8816987135363369, -1.0), 644: (-0.9104931333242917, -0.8)}","{20: (-0.716831886692225, -1.0), 348: (-0.7170240210668402, -0.8), 777: (-0.7215571927755812, -0.8), 703: (-0.7243420694531346, -0.8), 378: (-0.7249816365383218, -1.0)}",{'dummy': 0.5566902454976232},"[(-1.0, -1.0)]","[(-0.8, -0.6)]"
