impression,user_id,app_version,model_version,mturk_id,status,NUM_INITIAL_RATINGS,NUM_REFINE_RATINGS,TOTAL_TRAINING_RATINGS,NUM_TEST_RATINGS,TIME_INITIAL,TIME_REFINE,TIME_TEST,random_test_predictions_ratings,good_test_predictions_ratings,hypers,redisplay_check,arbitrary_check
0,5be110e9-d46a-4be2-b919-18366644d7a9,4.1-knn-ar-dresses10-test,1.2,A35HIV9BA5YKF7,Completed,1,50,51,15,6.302619457244873,306.2038686275482,79.29750347137451,"{192: (-0.31199536423891217, 0.3999999999999999), 574: (0.007979488230006564, 0.0), 257: (-0.3320150185769354, 0.3999999999999999), 239: (-0.025898139243372725, 0.19999999999999996), 691: (0.3150045283723474, 0.0), 147: (0.05090669412176864, 0.3999999999999999), 750: (-0.3544906724942162, 0.3999999999999999), 326: (-0.2691819704949821, 0.6399999999999999), 201: (-0.13401490554806755, 0.5800000000000001), 240: (-0.27193547977034216, -0.19999999999999996)}","{531: (0.5928181840025597, 0.19999999999999996), 241: (0.5459980241601069, 0.19999999999999996), 749: (0.5288489056576663, 0.3999999999999999), 79: (0.5188023113263787, 0.8199999999999998), 702: (0.518575111418094, 0.19999999999999996)}",{'dummy': 0.0163674422520248},"[(0.3999999999999999, 0.6399999999999999)]","[(0.3999999999999999, -0.6)]"
