impression,user_id,app_version,model_version,mturk_id,status,NUM_INITIAL_RATINGS,NUM_REFINE_RATINGS,TOTAL_TRAINING_RATINGS,NUM_TEST_RATINGS,TIME_INITIAL,TIME_REFINE,TIME_TEST,random_test_predictions_ratings,good_test_predictions_ratings,hypers,redisplay_check,arbitrary_check
0,5be54daf-3818-4e0b-be2d-20049cf0a029,4.1-knn-ar-dresses10-test,1.2,A2XQCUNBLTW91,Completed,1,40,41,15,11.458746910095215,165.74092650413513,64.14614510536194,"{197: (-0.27657028080534835, 0.0), 334: (-0.49397763686309343, -1.0), 71: (-1.0, -1.0), 664: (-0.8429895066765488, -1.0), 736: (-0.8641412198137797, -1.0), 95: (-0.04621785250769422, -1.0), 763: (-0.916863864195666, -1.0), 619: (-1.0, -1.0), 653: (-1.0, -1.0), 658: (-0.6790786405167204, 0.19999999999999996)}","{49: (0.46410764746080696, -1.0), 12: (0.39999999999999986, 0.0), 783: (0.37413044265690537, 0.0), 297: (0.3585746584810609, -1.0), 154: (0.3294358037752001, 0.0)}",{'dummy': 0.18153537609324755},"[(-1.0, -1.0)]","[(0.0, -0.6)]"
