impression,user_id,app_version,model_version,mturk_id,status,NUM_INITIAL_RATINGS,NUM_REFINE_RATINGS,TOTAL_TRAINING_RATINGS,NUM_TEST_RATINGS,TIME_INITIAL,TIME_REFINE,TIME_TEST,random_test_predictions_ratings,good_test_predictions_ratings,hypers,redisplay_check,arbitrary_check
0,5c22dfce-ffa3-4f49-8818-bc6b0cdd5af9,4.1-knn-ar-dresses10-test,1.2,a6nqq3b2734mu,Completed,1,30,31,15,12.116167068481445,231.66856002807617,124.03286242485046,"{455: (-0.723877084651023, -0.6), 773: (-0.4418603814922841, 0.0), 719: (0.2112677945916858, 0.0), 751: (0.14375125953777565, 0.6000000000000001), 766: (-0.4745241751441294, -1.0), 634: (-0.010742448245001418, 0.19999999999999996), 749: (0.2038597611095615, 0.3999999999999999), 422: (-0.5413938587109673, -1.0), 796: (-0.2805190003558723, 0.3999999999999999), 612: (0.405846281291349, 0.3999999999999999)}","{654: (0.6237162309592752, -0.4), 744: (0.5991725717361792, 0.0), 223: (0.5813132349883257, 0.3999999999999999), 577: (0.504311373179615, 0.6000000000000001), 158: (0.4996330711145504, 0.19999999999999996)}",{'dummy': 0.9030664657306181},"[(-0.19999999999999996, 0.19999999999999996)]","[(-0.6, -0.6)]"
