impression,user_id,app_version,model_version,mturk_id,status,NUM_INITIAL_RATINGS,NUM_REFINE_RATINGS,TOTAL_TRAINING_RATINGS,NUM_TEST_RATINGS,TIME_INITIAL,TIME_REFINE,TIME_TEST,random_test_predictions_ratings,good_test_predictions_ratings,hypers,redisplay_check,arbitrary_check
0,5d16589b-0563-4b4f-978c-7079e9ca3aa6,4.1-knn-ar-dresses10-test,1.2,A3EQVDHHKZRC0K,Completed,1,40,41,15,15.176430463790894,189.67175602912903,78.16532278060913,"{770: (0.04966002265746152, 0.6000000000000001), 751: (0.03458596045443413, 0.19999999999999996), 97: (0.20785392312591225, 0.0), 52: (0.21236505501490505, 0.8), 656: (0.1648750639958377, 0.0), 471: (0.4065387385319524, 0.3999999999999999), 594: (0.39713199088037554, 0.3999999999999999), 204: (-0.14105302472471662, 0.0), 494: (-0.07225326724649571, 0.3999999999999999), 510: (0.8015885847006368, 1.0)}","{573: (0.9440190892075461, 0.8), 142: (0.9336306309561895, 1.0), 51: (0.9319236254697859, 1.0), 397: (0.9295032021906214, 1.0), 762: (0.871439378513536, 0.19999999999999996)}",{'dummy': 0.7168138678256991},"[(0.3999999999999999, 0.3999999999999999)]","[(-0.6, -0.6)]"
