impression,user_id,app_version,model_version,mturk_id,status,NUM_INITIAL_RATINGS,NUM_REFINE_RATINGS,TOTAL_TRAINING_RATINGS,NUM_TEST_RATINGS,TIME_INITIAL,TIME_REFINE,TIME_TEST,random_test_predictions_ratings,good_test_predictions_ratings,hypers,redisplay_check,arbitrary_check
0,5e2f4d74-8b7b-478b-8450-8a6036ddf92e,4.1-knn-ar-dresses10-test,1.2,A3D2KVZO69GSX4,Completed,1,20,21,15,8.738040447235107,116.88700032234192,84.13488864898682,"{798: (0.3602082465062869, -0.6), 152: (-0.04304337205343448, -0.8), 548: (0.38372548703711334, -0.19999999999999996), 59: (0.2705200162736866, 0.0), 309: (0.3665143377246081, 0.3999999999999999), 90: (-0.08734267683569474, 0.3999999999999999), 380: (0.24598140640350524, 0.3999999999999999), 67: (0.22022558900140263, -0.19999999999999996), 477: (0.2774759687687501, -0.19999999999999996), 236: (0.2843349606922575, 0.19999999999999996)}","{501: (0.6719061894287875, 0.6000000000000001), 292: (0.6705038567396483, 0.3999999999999999), 741: (0.6589641978390226, 0.3999999999999999), 650: (0.6258484704195006, 0.6000000000000001), 32: (0.6228127720494112, 0.3999999999999999)}",{'dummy': 0.8678698086166249},"[(0.0, 0.3999999999999999)]","[(0.0, -0.6)]"
