impression,user_id,app_version,model_version,mturk_id,status,NUM_INITIAL_RATINGS,NUM_REFINE_RATINGS,TOTAL_TRAINING_RATINGS,NUM_TEST_RATINGS,TIME_INITIAL,TIME_REFINE,TIME_TEST,random_test_predictions_ratings,good_test_predictions_ratings,hypers,redisplay_check,arbitrary_check
0,5ee5f975-5f01-4960-bd2c-95d0b091a64c,4.1-knn-ar-dresses10-test,1.2,A1AVKKVWWFUGLT,Completed,1,30,31,15,20.55519962310791,307.83469009399414,107.21184206008911,"{56: (-0.4066226215100649, -0.4), 619: (0.017120398001586892, -0.19999999999999996), 813: (-0.2136314365922533, -1.0), 302: (-0.5357732240383296, -1.0), 240: (0.39450217430766926, 0.0), 257: (-0.2583752862516876, -0.8), 557: (0.2557442689227643, 0.19999999999999996), 85: (-0.20821311692844427, -1.0), 735: (-0.13009472887071877, 0.19999999999999996), 765: (0.1415784662298002, -0.19999999999999996)}","{652: (0.6924080395931221, 0.0), 569: (0.6782886688192856, 0.0), 65: (0.6781648051253824, 0.19999999999999996), 685: (0.6726650378319512, -0.6), 230: (0.6681125857695301, 0.3999999999999999)}",{'dummy': 0.9106676056315122},"[(0.0, 0.19999999999999996)]","[(-0.6, -0.6)]"
