impression,user_id,app_version,model_version,mturk_id,status,NUM_INITIAL_RATINGS,NUM_REFINE_RATINGS,TOTAL_TRAINING_RATINGS,NUM_TEST_RATINGS,TIME_INITIAL,TIME_REFINE,TIME_TEST,random_test_predictions_ratings,good_test_predictions_ratings,hypers,redisplay_check,arbitrary_check
0,5f82469f-7c19-4464-b39d-0bdbf4be42f7,4.1-knn-ar-dresses10-test,1.2,A2DBMKJCUX09Q5,Completed,1,40,41,15,13.299724102020264,390.5931062698364,160.82858157157898,"{339: (-0.040422043271286276, 0.24), 362: (0.24233457776402428, 0.6000000000000001), 431: (0.0027443516899576916, 0.0), 388: (-0.13974503123886514, 0.11999999999999988), 661: (-0.010125695251973432, -0.19999999999999996), 66: (0.06752842282500221, 0.0), 481: (0.13324339984532735, -0.19999999999999996), 15: (-0.10295986723160003, -0.05999999999999994), 83: (-0.039793280278581096, 0.31999999999999984), 212: (-0.011736067192743217, -0.08000000000000007)}","{635: (0.36240744344961334, 0.0), 761: (0.36224154269028763, 0.15999999999999992), 263: (0.31923934981353413, 0.3599999999999999), 533: (0.31691751634015186, 0.43999999999999995), 386: (0.31330608762438195, 0.30000000000000004)}",{'dummy': 0.7534314688823067},"[(-0.019999999999999907, -0.08000000000000007)]","[(0.08000000000000007, -0.6)]"
