impression,user_id,app_version,model_version,status,NUM_INITIAL_RATINGS,NUM_REFINE_RATINGS,TOTAL_TRAINING_RATINGS,NUM_TEST_RATINGS,items_shown,ratings,model_fit,history_dict,hypers,redisplay_check,arbitrary_check,hyper_history
0,603c6ee0-2ec7-466a-9e6a-11b239688ee5,4.1-knn-ar-dresses10-test,1.2,Started,1,10,11,15,"[680, 352, 302, 127, 188, 68, 785, 372, 457, 777, 193]","[0.19999999999999996, -0.4, -0.4, 0.8, 0.3999999999999999, 0.19999999999999996, 0.0, -0.19999999999999996, -0.6, -0.8, -0.4]","[0.19999999999999996, -0.4, -0.4, 0.8, 0.3999999999999999, 0.19999999999999996, 0.0, -0.19999999999999996, -0.6, -0.8, -0.4]","{680: (0.19999999999999996, 0.19999999999999996), 352: (-0.4, -0.4), 302: (-0.4, -0.4), 127: (0.8, 0.8), 188: (0.3999999999999999, 0.3999999999999999), 68: (0.19999999999999996, 0.19999999999999996), 785: (0.0, 0.0), 372: (-0.19999999999999996, -0.19999999999999996), 457: (-0.6, -0.6), 777: (-0.8, -0.8), 193: (-0.4, -0.4)}",{'dummy': 0.6463864261641139},"[(-0.4, -0.4)]","[(1.0, -0.8)]","[{'dummy': 0.4470885926685424}, {'dummy': 0.23248316805135316}, {'dummy': 0.45227429257542706}, {'dummy': 0.8797862354839602}, {'dummy': 0.6844200352280122}, {'dummy': 0.5004480335782795}, {'dummy': 0.3311252574814533}, {'dummy': 0.9274377941414778}, {'dummy': 0.1255694684977492}, {'dummy': 0.04029510123851909}]"
