impression,user_id,app_version,model_version,mturk_id,status,NUM_INITIAL_RATINGS,NUM_REFINE_RATINGS,TOTAL_TRAINING_RATINGS,NUM_TEST_RATINGS,TIME_INITIAL,TIME_REFINE,TIME_TEST,random_test_predictions_ratings,good_test_predictions_ratings,hypers,redisplay_check,arbitrary_check
0,604872ab-0fa6-4092-9996-317904bb441c,4.1-knn-ar-dresses10-test,1.2,A3BP890CXV4UMN,Completed,1,20,21,15,10.907115697860718,156.2859263420105,95.07807445526123,"{229: (-0.693224722355664, -1.0), 173: (-0.9549772215710938, -0.88), 779: (-0.9617719364339584, -0.88), 268: (-0.7269432023922644, -1.0), 586: (-0.9648487179017584, -0.92), 563: (-0.9933359719082547, -0.84), 786: (-0.9243163337145479, -0.86), 9: (-0.9129744630021661, -0.8200000000000001), 481: (-0.9391096414839395, -0.88), 584: (-0.9470440374136966, -1.0)}","{55: (-0.5345599855509023, -1.0), 703: (-0.5560184824288456, -1.0), 427: (-0.5627002057782248, -0.86), 152: (-0.5665636055474266, -1.0), 195: (-0.5962206113633486, -1.0)}",{'dummy': 0.047178695629488177},"[(-0.84, -0.86)]","[(-0.84, -0.6)]"
