impression,user_id,app_version,model_version,status,NUM_INITIAL_RATINGS,NUM_REFINE_RATINGS,TOTAL_TRAINING_RATINGS,NUM_TEST_RATINGS,items_shown,ratings,model_fit,history_dict,hypers,redisplay_check,arbitrary_check,hyper_history
0,604872ab-0fa6-4092-9996-317904bb441c,4.1-knn-ar-dresses10-test,1.2,Started,1,20,21,15,"[256, 277, 789, 354, 523, 774, 300, 185, 487, 150, 278, 420, 567, 199, 509, 348, 709, 556, 520, 743, 679]","[0.0, -0.96, -0.8200000000000001, -0.98, -0.8200000000000001, -0.8, -0.88, -1.0, -1.0, -0.98, -1.0, -0.88, -1.0, -1.0, -1.0, -0.94, -1.0, -0.8200000000000001, -1.0, -0.96, -1.0]","[0.0, -0.96, -0.8200000000000001, -0.98, -0.8200000000000001, -0.8, -0.88, -1.0, -1.0, -0.98, -1.0, -0.88, -1.0, -1.0, -1.0, -0.94, -1.0, -0.8200000000000001, -1.0, -0.96, -1.0]","{256: (0.0, 0.0), 277: (-0.96, -0.96), 789: (-0.8200000000000001, -0.8200000000000001), 354: (-0.98, -0.98), 523: (-0.8200000000000001, -0.8200000000000001), 774: (-0.8, -0.8), 300: (-0.88, -0.88), 185: (-1.0, -1.0), 487: (-1.0, -1.0), 150: (-0.98, -0.98), 278: (-1.0, -1.0), 420: (-0.88, -0.88), 567: (-1.0, -1.0), 199: (-1.0, -1.0), 509: (-1.0, -1.0), 348: (-0.94, -0.94), 709: (-1.0, -1.0), 556: (-0.8200000000000001, -0.8200000000000001), 520: (-1.0, -1.0), 743: (-0.96, -0.96), 679: (-1.0, -1.0)}",{'dummy': 0.33609874377935167},"[(-0.8, -0.8200000000000001)]","[(-1.0, -0.8)]","[{'dummy': 0.4208210421205908}, {'dummy': 0.5328345317261911}, {'dummy': 0.0829669956099871}, {'dummy': 0.8128000306553362}, {'dummy': 0.7392294978114929}, {'dummy': 0.05927942764846439}, {'dummy': 0.16792300337923127}, {'dummy': 0.7909334576078497}, {'dummy': 0.7026423323836017}, {'dummy': 0.5324788642066032}, {'dummy': 0.8931868965106794}, {'dummy': 0.7905673453354548}, {'dummy': 0.3046728083782225}, {'dummy': 0.6499918103453689}, {'dummy': 0.8663913576543683}, {'dummy': 0.7913168982587774}, {'dummy': 0.2127711019510301}, {'dummy': 0.3580828887842381}, {'dummy': 0.5956673594052195}, {'dummy': 0.6875914345304514}]"
