impression,user_id,app_version,model_version,mturk_id,status,NUM_INITIAL_RATINGS,NUM_REFINE_RATINGS,TOTAL_TRAINING_RATINGS,NUM_TEST_RATINGS,TIME_INITIAL,TIME_REFINE,TIME_TEST,random_test_predictions_ratings,good_test_predictions_ratings,hypers,redisplay_check,arbitrary_check
0,604da217-df89-4612-8dd0-0dc5fb8e42cf,4.1-knn-ar-dresses10-test,1.2,A3U0JKK8IXEP7D,Completed,1,30,31,15,12.162245988845825,159.53722739219666,71.8764181137085,"{438: (0.2759883201518214, 0.19999999999999996), 111: (0.6161815328110511, 0.19999999999999996), 738: (0.6954339822374086, 0.6000000000000001), 813: (0.43676443137501003, 0.3999999999999999), 74: (0.5236810030758041, 0.3999999999999999), 607: (0.5515959326302047, 0.6000000000000001), 455: (0.1791416670561761, 0.6000000000000001), 513: (0.18315194300800736, 0.3999999999999999), 22: (0.10468584642314091, 0.6000000000000001), 68: (0.46090257280277624, 0.6000000000000001)}","{30: (0.8064514080878733, 0.3999999999999999), 623: (0.7456345095734233, 0.6000000000000001), 194: (0.7451001764949265, 0.3999999999999999), 154: (0.7429541331488291, 0.8), 333: (0.7417410859787692, 0.6000000000000001)}",{'dummy': 0.7504976691288351},"[(0.8, 0.6000000000000001)]","[(0.3999999999999999, -0.6)]"
