impression,user_id,app_version,model_version,mturk_id,status,NUM_INITIAL_RATINGS,NUM_REFINE_RATINGS,TOTAL_TRAINING_RATINGS,NUM_TEST_RATINGS,TIME_INITIAL,TIME_REFINE,TIME_TEST,random_test_predictions_ratings,good_test_predictions_ratings,hypers,redisplay_check,arbitrary_check
0,63fba678-8d57-4c15-b599-c04854f8a090,4.1-knn-ar-dresses10-test,1.2,AJ9O2ZA0E8UDZ,Completed,1,10,11,15,7.542683362960815,51.12231469154358,102.97789239883423,"{206: (0.18855962906271373, 0.0), 119: (0.14290091818857203, 0.0), 277: (0.25902743709504855, 0.19999999999999996), 249: (0.0, 0.19999999999999996), 613: (0.1347348294912112, 0.0), 772: (0.14289656807678683, 0.0), 117: (0.06032034275391437, -0.19999999999999996), 678: (0.26332921905063933, 0.0), 725: (0.26910264250124716, 0.0), 312: (0.3207127906533993, -0.4)}","{480: (0.5342992060833373, -0.19999999999999996), 553: (0.41732646618758446, -0.19999999999999996), 788: (0.41637942573636877, -0.19999999999999996), 679: (0.41581980138168495, -0.19999999999999996), 662: (0.409086399856508, 0.0)}",{'dummy': 0.9277148433461164},"[(-0.19999999999999996, 0.0)]","[(0.8, -0.6)]"
