impression,user_id,app_version,model_version,mturk_id,status,NUM_INITIAL_RATINGS,NUM_REFINE_RATINGS,TOTAL_TRAINING_RATINGS,NUM_TEST_RATINGS,TIME_INITIAL,TIME_REFINE,TIME_TEST,random_test_predictions_ratings,good_test_predictions_ratings,hypers,redisplay_check,arbitrary_check
0,643e31d9-953d-4a15-8e83-1df29d9f1be7,4.1-knn-ar-dresses10-test,1.2,A3DYQ1OLJ2BJTR,Completed,1,40,41,15,8.072216033935547,147.37821006774902,46.35845160484314,"{646: (0.4008276869689409, 0.6000000000000001), 635: (0.5344417256324298, 0.3999999999999999), 606: (0.463136469352043, 0.6000000000000001), 376: (0.13782010810958842, 0.6000000000000001), 409: (0.46662043143782517, 0.6000000000000001), 450: (0.33718051868593346, 0.6000000000000001), 656: (0.5767537841005281, 0.6000000000000001), 673: (0.06807831022397255, 0.6000000000000001), 785: (0.5801899247074814, 0.3999999999999999), 172: (0.6008809532274763, 0.6000000000000001)}","{428: (0.8000000000000003, 0.6000000000000001), 260: (0.8000000000000002, 0.6000000000000001), 64: (0.8000000000000002, 0.6000000000000001), 469: (0.8000000000000002, 0.3999999999999999), 90: (0.8000000000000002, 0.6000000000000001)}",{'dummy': 0.7744000861415943},"[(0.6000000000000001, 0.6000000000000001)]","[(-0.6, -0.6)]"
