impression,user_id,app_version,model_version,mturk_id,status,NUM_INITIAL_RATINGS,NUM_REFINE_RATINGS,TOTAL_TRAINING_RATINGS,NUM_TEST_RATINGS,TIME_INITIAL,TIME_REFINE,TIME_TEST,random_test_predictions_ratings,good_test_predictions_ratings,hypers,redisplay_check,arbitrary_check
0,650cc25c-5cc7-4e92-a835-925d0d3c29f1,4.1-knn-ar-dresses10-test,1.2,A1KRDCZ1YYBUIZ,Completed,1,10,11,15,11.432496309280396,93.54650664329529,153.24249410629272,"{120: (0.005060460281218911, 1.0), 530: (-0.08682488161375854, 0.6399999999999999), 215: (-0.4050318271462498, -0.28), 25: (-0.15680694589583122, 0.21999999999999997), 96: (-0.012486199424464162, 0.26), 69: (-0.3884690534219855, 0.24), 788: (0.052305328660651684, -0.05999999999999994), 575: (-0.20584158845117376, 0.7600000000000002), 603: (-0.06810938537187769, 0.19999999999999996), 332: (-0.4832953917187491, -0.18000000000000005)}","{602: (0.3083102083750323, 0.54), 802: (0.30046054435608627, -0.05999999999999994), 504: (0.2993288634335272, -0.11999999999999988), 528: (0.29283327142067367, 0.48), 639: (0.2834345826560068, 0.6000000000000001)}",{'dummy': 0.49805562170038986},"[(0.5, 0.24)]","[(-0.6, -0.6)]"
