impression,user_id,app_version,model_version,mturk_id,status,NUM_INITIAL_RATINGS,NUM_REFINE_RATINGS,TOTAL_TRAINING_RATINGS,NUM_TEST_RATINGS,TIME_INITIAL,TIME_REFINE,TIME_TEST,random_test_predictions_ratings,good_test_predictions_ratings,hypers,redisplay_check,arbitrary_check
0,652b2098-97d3-4e18-bb13-1090713fed79,4.1-knn-ar-dresses10-test,1.2,AD1ADVT707N9G,Completed,1,40,41,15,14.060171365737915,219.31200504302979,69.19631338119507,"{438: (-0.4119605553433013, -0.8), 142: (-0.6253067790498591, -0.8), 313: (-0.6740131765469031, -0.8), 806: (-0.8000000000000002, -0.8), 71: (-0.6782658365294008, 0.3999999999999999), 646: (-0.8, -0.8), 30: (-0.8, -0.8), 429: (-0.8, -0.8), 164: (-0.8, -0.8), 315: (-0.37189113985243527, -0.8)}","{41: (0.33943991837044046, -0.8), 519: (0.12071934355877711, 0.0), 549: (0.09325117407817927, 0.0), 512: (0.057066421776670984, -0.8), 87: (0.05664492864825361, -0.8)}",{'dummy': 0.6860982078997367},"[(-0.8, -0.8)]","[(-0.6, -0.6)]"
