impression,user_id,app_version,model_version,mturk_id,status,NUM_INITIAL_RATINGS,NUM_REFINE_RATINGS,TOTAL_TRAINING_RATINGS,NUM_TEST_RATINGS,TIME_INITIAL,TIME_REFINE,TIME_TEST,random_test_predictions_ratings,good_test_predictions_ratings,hypers,redisplay_check,arbitrary_check
0,66244615-daa5-45f4-9ffd-3ca00d4f8f5d,4.1-knn-ar-dresses10-test,1.2,A3MA1TJWCJRZ18,Completed,1,20,21,15,11.625387191772461,77.80227661132812,52.771456718444824,"{689: (0.43476348623473265, 0.19999999999999996), 17: (0.0570608358271285, 0.19999999999999996), 357: (-0.036734725182470465, 0.3999999999999999), 369: (0.25392310806481333, 0.19999999999999996), 706: (0.5447411974648816, 0.3999999999999999), 209: (0.016030378192020543, 0.19999999999999996), 609: (0.06388638558552892, 0.3999999999999999), 314: (0.15493836859747062, 0.19999999999999996), 538: (0.4735817213588344, 0.19999999999999996), 237: (0.1334079030868038, -0.19999999999999996)}","{677: (0.608595388400796, 0.0), 147: (0.6073958590037271, 0.19999999999999996), 556: (0.6070317609204614, 0.19999999999999996), 543: (0.6064480934449195, 0.3999999999999999), 746: (0.6063865647136747, 0.6000000000000001)}",{'dummy': 0.9378510868503376},"[(0.0, 0.0)]","[(0.19999999999999996, -0.6)]"
