impression,user_id,app_version,model_version,mturk_id,status,NUM_INITIAL_RATINGS,NUM_REFINE_RATINGS,TOTAL_TRAINING_RATINGS,NUM_TEST_RATINGS,TIME_INITIAL,TIME_REFINE,TIME_TEST,random_test_predictions_ratings,good_test_predictions_ratings,hypers,redisplay_check,arbitrary_check
0,664a87a9-6927-4996-b24f-873db2caa384,4.1-knn-ar-dresses10-test,1.2,A27CEAL8PWSAG5,Completed,1,30,31,15,10.780773162841797,165.19762420654297,73.54449248313904,"{183: (0.011630971480487192, 0.0), 174: (0.126924705449544, 0.0), 538: (-0.3971935250289501, 0.0), 167: (0.13721669135593642, -0.19999999999999996), 403: (0.40957084076421263, 0.0), 27: (0.20872518357644376, 0.0), 283: (0.0, 1.0), 322: (0.13897668824823925, 0.0), 86: (-0.0028622383581329907, 0.6000000000000001), 693: (-0.09214771102537356, 0.19999999999999996)}","{375: (0.4920307785843777, 0.8), 205: (0.48918169864038247, 0.0), 500: (0.4865629655423767, 0.19999999999999996), 78: (0.48294616816633973, 0.6000000000000001), 343: (0.4777542460347548, 0.8)}",{'dummy': 0.17747008690789567},"[(0.0, 0.19999999999999996)]","[(-0.6, -0.6)]"
