impression,user_id,app_version,model_version,status,NUM_INITIAL_RATINGS,NUM_REFINE_RATINGS,TOTAL_TRAINING_RATINGS,NUM_TEST_RATINGS,items_shown,ratings,model_fit,history_dict,hypers,redisplay_check,arbitrary_check,hyper_history
0,677c7189-19b3-4ff9-ba37-4b2b2b0a22cf,4.1-knn-ar-dresses10-test,1.2,Started,1,10,11,15,"[379, 288, 810, 450, 668, 437, 152, 391, 98, 372, 680]","[0.6000000000000001, 0.0, 0.5, 0.0, 0.5, 0.10000000000000009, -0.19999999999999996, 0.0, -0.4, -0.4, 0.19999999999999996]","[0.6000000000000001, 0.0, 0.5, 0.0, 0.5, 0.10000000000000009, -0.19999999999999996, 0.0, -0.4, -0.4, 0.19999999999999996]","{379: (0.6000000000000001, 0.6000000000000001), 288: (0.0, 0.0), 810: (0.5, 0.5), 450: (0.0, 0.0), 668: (0.5, 0.5), 437: (0.10000000000000009, 0.10000000000000009), 152: (-0.19999999999999996, -0.19999999999999996), 391: (0.0, 0.0), 98: (-0.4, -0.4), 372: (-0.4, -0.4), 680: (0.19999999999999996, 0.19999999999999996)}",{'dummy': 0.24140514979035776},"[(0.5, 0.5)]","[(0.8, -0.8)]","[{'dummy': 0.5784705519776226}, {'dummy': 0.3002447527467377}, {'dummy': 0.9626536914242471}, {'dummy': 0.8682447818344385}, {'dummy': 0.6005196038799362}, {'dummy': 0.37247553489295826}, {'dummy': 0.38107143624998885}, {'dummy': 0.6357306856606832}, {'dummy': 0.7009867945696343}, {'dummy': 0.6013085041936117}]"
