impression,user_id,app_version,model_version,mturk_id,status,NUM_INITIAL_RATINGS,NUM_REFINE_RATINGS,TOTAL_TRAINING_RATINGS,NUM_TEST_RATINGS,TIME_INITIAL,TIME_REFINE,TIME_TEST,random_test_predictions_ratings,good_test_predictions_ratings,hypers,redisplay_check,arbitrary_check
0,679c1eb4-d52c-4577-a4d7-3af599529b44,4.1-knn-ar-dresses10-test,1.2,A37E36IPU0BJX5,Completed,1,50,51,15,17.30248498916626,454.5333318710327,136.26814675331116,"{304: (0.18659024503866828, 0.3999999999999999), 50: (0.3370589571219632, -0.19999999999999996), 428: (-0.058733188892843596, 0.3999999999999999), 749: (0.5379666248853102, -0.19999999999999996), 694: (-0.22009724911180326, -0.4), 354: (0.26015653838704966, -0.6), 126: (-0.2553900933289095, -0.8), 106: (0.34729715863318966, 0.6000000000000001), 53: (-0.21385634402314088, -0.4), 571: (0.17468341567946294, 0.8)}","{338: (0.7236402116761311, 0.0), 235: (0.6982416664240972, -0.4), 595: (0.6889426899427783, -0.4), 660: (0.6877167227750508, 0.6000000000000001), 462: (0.6822894596758137, -0.19999999999999996)}",{'dummy': 0.38105543614576565},"[(0.6000000000000001, 0.6000000000000001)]","[(0.3999999999999999, -0.6)]"
