impression,user_id,app_version,model_version,status,NUM_INITIAL_RATINGS,NUM_REFINE_RATINGS,TOTAL_TRAINING_RATINGS,NUM_TEST_RATINGS,items_shown,ratings,model_fit,history_dict,hypers,redisplay_check,arbitrary_check,hyper_history
0,682ed171-ee9c-4eba-8324-7727440e58b0,4.1-knn-ar-dresses10-test,1.2,Started,1,10,11,15,"[323, 162, 19, 349, 542, 784, 171, 485, 105, 94, 544]","[-0.19999999999999996, -0.19999999999999996, 0.0, 0.19999999999999996, 0.30000000000000004, 0.0, 0.19999999999999996, -0.19999999999999996, 0.3999999999999999, -0.19999999999999996, 0.0]","[-0.19999999999999996, -0.19999999999999996, 0.0, 0.19999999999999996, 0.30000000000000004, 0.0, 0.19999999999999996, -0.19999999999999996, 0.3999999999999999, -0.19999999999999996, 0.0]","{323: (-0.19999999999999996, -0.19999999999999996), 162: (-0.19999999999999996, -0.19999999999999996), 19: (0.0, 0.0), 349: (0.19999999999999996, 0.19999999999999996), 542: (0.30000000000000004, 0.30000000000000004), 784: (0.0, 0.0), 171: (0.19999999999999996, 0.19999999999999996), 485: (-0.19999999999999996, -0.19999999999999996), 105: (0.3999999999999999, 0.3999999999999999), 94: (-0.19999999999999996, -0.19999999999999996), 544: (0.0, 0.0)}",{'dummy': 0.8086956589498184},"[(0.19999999999999996, 0.0)]","[(-0.8, -0.8)]","[{'dummy': 0.14393207549236076}, {'dummy': 0.8848530183613211}, {'dummy': 0.8124801747907268}, {'dummy': 0.7146915409778871}, {'dummy': 0.3884161738578126}, {'dummy': 0.6364751790958715}, {'dummy': 0.0077976353903722595}, {'dummy': 0.4565875805774241}, {'dummy': 0.7152231805540908}, {'dummy': 0.3904848607911884}]"
