impression,user_id,app_version,model_version,mturk_id,status,NUM_INITIAL_RATINGS,NUM_REFINE_RATINGS,TOTAL_TRAINING_RATINGS,NUM_TEST_RATINGS,TIME_INITIAL,TIME_REFINE,TIME_TEST,random_test_predictions_ratings,good_test_predictions_ratings,hypers,redisplay_check,arbitrary_check
0,68590f44-c35c-428d-9bbb-6a23a38032fb,4.1-knn-ar-dresses10-test,1.2,AAS3GYGU055LS,Completed,1,30,31,15,7.123934268951416,147.82155680656433,61.43051028251648,"{133: (-0.2077626558249834, -0.4), 547: (-0.6685634353312944, -1.0), 570: (-0.4503649661377656, 0.6000000000000001), 601: (-0.7831239105067289, -1.0), 743: (-0.40239369215300425, -1.0), 330: (-0.4074010270765846, -0.6), 662: (-0.5819501267145639, -1.0), 704: (-0.5530134359774368, -1.0), 257: (-0.3483271657155034, -1.0), 85: (-0.38612725641533074, -1.0)}","{295: (0.6112390008580939, 0.19999999999999996), 582: (0.5500990061877294, 0.6000000000000001), 77: (0.5478789510443218, -0.4), 356: (0.5401769437350535, -0.6), 88: (0.5342179635308145, 0.6000000000000001)}",{'dummy': 0.053713361765792556},"[(0.8, -0.6)]","[(-0.19999999999999996, -0.6)]"
