impression,user_id,app_version,model_version,status,NUM_INITIAL_RATINGS,NUM_REFINE_RATINGS,TOTAL_TRAINING_RATINGS,NUM_TEST_RATINGS,items_shown,ratings,model_fit,history_dict,hypers,redisplay_check,arbitrary_check,hyper_history
0,68ba98d6-bd17-4838-8150-f7a9d5505036,4.1-knn-ar-dresses10-test,1.2,Started,1,10,11,15,"[51, 349, 345, 619, 42, 101, 784, 708, 196, 465, 490]","[0.6000000000000001, 0.6000000000000001, 0.19999999999999996, 0.3999999999999999, 0.6000000000000001, 0.0, 0.0, 0.3999999999999999, 0.19999999999999996, 0.3999999999999999, 0.19999999999999996]","[0.6000000000000001, 0.6000000000000001, 0.19999999999999996, 0.3999999999999999, 0.6000000000000001, 0.0, 0.0, 0.3999999999999999, 0.19999999999999996, 0.3999999999999999, 0.19999999999999996]","{51: (0.6000000000000001, 0.6000000000000001), 349: (0.6000000000000001, 0.6000000000000001), 345: (0.19999999999999996, 0.19999999999999996), 619: (0.3999999999999999, 0.3999999999999999), 42: (0.6000000000000001, 0.6000000000000001), 101: (0.0, 0.0), 784: (0.0, 0.0), 708: (0.3999999999999999, 0.3999999999999999), 196: (0.19999999999999996, 0.19999999999999996), 465: (0.3999999999999999, 0.3999999999999999), 490: (0.19999999999999996, 0.19999999999999996)}",{'dummy': 0.06436867405817204},"[(0.6000000000000001, 0.19999999999999996)]","[(-0.19999999999999996, -0.8)]","[{'dummy': 0.13813691321296884}, {'dummy': 0.71390437570208}, {'dummy': 0.9738903458593421}, {'dummy': 0.5857354930126374}, {'dummy': 0.494189548345046}, {'dummy': 0.7933316906021332}, {'dummy': 0.8548253482702947}, {'dummy': 0.007016250042771288}, {'dummy': 0.3561368074694454}, {'dummy': 0.09016637016482609}]"
