impression,user_id,app_version,model_version,mturk_id,status,NUM_INITIAL_RATINGS,NUM_REFINE_RATINGS,TOTAL_TRAINING_RATINGS,NUM_TEST_RATINGS,TIME_INITIAL,TIME_REFINE,TIME_TEST,random_test_predictions_ratings,good_test_predictions_ratings,hypers,redisplay_check,arbitrary_check
0,69262761-046d-4c82-8bd3-8c818895873b,4.1-knn-ar-dresses10-test,1.2,A39I0RCEOJLFF5,Completed,1,10,11,15,12.767119646072388,118.1889898777008,124.16696739196777,"{485: (-0.01354602710734721, -0.4), 803: (0.0970128991399699, -0.19999999999999996), 114: (-0.05650347173544153, -0.6), 640: (-0.3377298839249366, -0.19999999999999996), 785: (0.12311831974358661, 0.3999999999999999), 228: (-0.4002158488745607, -0.6), 70: (-0.38406502351840016, -0.4), 324: (0.0039348777703789055, -0.19999999999999996), 97: (-0.041857442131052164, -0.8), 72: (-0.08913489317981538, 0.6000000000000001)}","{104: (0.5281125905300871, -0.6), 690: (0.5259248003055188, -0.4), 393: (0.5208033536397596, -0.19999999999999996), 481: (0.5203253627194385, -0.8), 747: (0.419952320025971, -0.6)}",{'dummy': 0.8085234388598245},"[(0.0, -0.19999999999999996)]","[(0.6000000000000001, -0.6)]"
