impression,user_id,app_version,model_version,status,NUM_INITIAL_RATINGS,NUM_REFINE_RATINGS,TOTAL_TRAINING_RATINGS,NUM_TEST_RATINGS,items_shown,ratings,model_fit,history_dict,hypers,redisplay_check,arbitrary_check,hyper_history
0,69262761-046d-4c82-8bd3-8c818895873b,4.1-knn-ar-dresses10-test,1.2,Started,1,10,11,15,"[639, 562, 272, 461, 23, 357, 334, 529, 103, 685, 4]","[0.8, 0.3999999999999999, -0.4, 0.0, -0.4, -0.19999999999999996, -0.8, -1.0, -0.6, -0.4, 0.3999999999999999]","[0.8, 0.3999999999999999, -0.4, 0.0, -0.4, -0.19999999999999996, -0.8, -1.0, -0.6, -0.4, 0.3999999999999999]","{639: (0.8, 0.8), 562: (0.3999999999999999, 0.3999999999999999), 272: (-0.4, -0.4), 461: (0.0, 0.0), 23: (-0.4, -0.4), 357: (-0.19999999999999996, -0.19999999999999996), 334: (-0.8, -0.8), 529: (-1.0, -1.0), 103: (-0.6, -0.6), 685: (-0.4, -0.4), 4: (0.3999999999999999, 0.3999999999999999)}",{'dummy': 0.8476006575980511},"[(-0.6, -0.4)]","[(-0.6, -0.8)]","[{'dummy': 0.15433889638888576}, {'dummy': 0.6021160990480567}, {'dummy': 0.21924330454232033}, {'dummy': 0.8568307534038742}, {'dummy': 0.18087763281702507}, {'dummy': 0.9457819055148527}, {'dummy': 0.14143527231006214}, {'dummy': 0.7156190709532971}, {'dummy': 0.4761842388791996}, {'dummy': 0.9528673062500684}]"
