impression,user_id,app_version,model_version,status,NUM_INITIAL_RATINGS,NUM_REFINE_RATINGS,TOTAL_TRAINING_RATINGS,NUM_TEST_RATINGS,items_shown,ratings,model_fit,history_dict,hypers,redisplay_check,arbitrary_check,hyper_history
0,6ac23afd-6292-41e0-bf5a-f469c674cdda,4.1-knn-ar-dresses10-test,1.2,Started,1,20,21,15,"[649, 29, 355, 122, 31, 54, 704, 259, 752, 238, 486, 751, 490, 132, 230, 515, 244, 270, 223, 443, 102]","[0.7, -0.09999999999999998, 0.5, -0.09999999999999998, -0.36, 0.0, -0.4, 0.78, 0.6000000000000001, 0.5, -0.30000000000000004, 0.19999999999999996, -0.19999999999999996, -0.4, 0.3999999999999999, 0.3999999999999999, -0.19999999999999996, 0.3999999999999999, -0.19999999999999996, -0.19999999999999996, 0.0]","[0.7, -0.09999999999999998, 0.5, -0.09999999999999998, -0.36, 0.0, -0.4, 0.78, 0.6000000000000001, 0.5, -0.30000000000000004, 0.19999999999999996, -0.19999999999999996, -0.4, 0.3999999999999999, 0.3999999999999999, -0.19999999999999996, 0.3999999999999999, -0.19999999999999996, -0.19999999999999996, 0.0]","{649: (0.7, 0.7), 29: (-0.09999999999999998, -0.09999999999999998), 355: (0.5, 0.5), 122: (-0.09999999999999998, -0.09999999999999998), 31: (-0.36, -0.36), 54: (0.0, 0.0), 704: (-0.4, -0.4), 259: (0.78, 0.78), 752: (0.6000000000000001, 0.6000000000000001), 238: (0.5, 0.5), 486: (-0.30000000000000004, -0.30000000000000004), 751: (0.19999999999999996, 0.19999999999999996), 490: (-0.19999999999999996, -0.19999999999999996), 132: (-0.4, -0.4), 230: (0.3999999999999999, 0.3999999999999999), 515: (0.3999999999999999, 0.3999999999999999), 244: (-0.19999999999999996, -0.19999999999999996), 270: (0.3999999999999999, 0.3999999999999999), 223: (-0.19999999999999996, -0.19999999999999996), 443: (-0.19999999999999996, -0.19999999999999996), 102: (0.0, 0.0)}",{'dummy': 0.28547966183562024},"[(0.5, 0.5)]","[(-0.4, -0.8)]","[{'dummy': 0.7258508029336478}, {'dummy': 0.7494918604728835}, {'dummy': 0.7826750236193462}, {'dummy': 0.328424257995265}, {'dummy': 0.6411217592440221}, {'dummy': 0.8360138039174377}, {'dummy': 0.21714661516785827}, {'dummy': 0.5903111672815029}, {'dummy': 0.2566262559169742}, {'dummy': 0.9989020044505983}, {'dummy': 0.3457722111248335}, {'dummy': 0.06334584198846938}, {'dummy': 0.3110313237115484}, {'dummy': 0.00853813896707556}, {'dummy': 0.13241877891261522}, {'dummy': 0.8278169871196064}, {'dummy': 0.8894737202085607}, {'dummy': 0.5133780808783242}, {'dummy': 0.8343824727858835}, {'dummy': 0.40767576512219283}]"
