impression,user_id,app_version,model_version,mturk_id,status,NUM_INITIAL_RATINGS,NUM_REFINE_RATINGS,TOTAL_TRAINING_RATINGS,NUM_TEST_RATINGS,TIME_INITIAL,TIME_REFINE,TIME_TEST,random_test_predictions_ratings,good_test_predictions_ratings,hypers,redisplay_check,arbitrary_check
0,6ac23afd-6292-41e0-bf5a-f469c674cdda,4.1-knn-ar-dresses10-test,1.2,A598UDLZZZAJ3,Completed,1,20,21,15,28.69826912879944,344.8996217250824,215.71577906608582,"{753: (0.2091459533556909, 0.19999999999999996), 136: (0.13541873459559783, 0.5), 232: (-0.06718421361214515, -0.4), 403: (0.3060473692758633, 0.3999999999999999), 466: (-0.12203966243733706, 0.3999999999999999), 791: (0.46888878250557203, 0.0), 178: (0.22535201269807015, 0.0), 231: (0.029197033772870945, 0.30000000000000004), 635: (0.4255276014680515, 0.30000000000000004), 248: (0.09790680704103817, -0.8)}","{358: (0.567024159025497, 0.0), 86: (0.5591299569496367, 0.30000000000000004), 214: (0.5555518880549438, 0.19999999999999996), 18: (0.5544497811064941, 0.3999999999999999), 726: (0.5535046007792087, 0.5)}",{'dummy': 0.3269103885177739},"[(0.3999999999999999, 0.3999999999999999)]","[(0.3999999999999999, -0.6)]"
