impression,user_id,app_version,model_version,mturk_id,status,NUM_INITIAL_RATINGS,NUM_REFINE_RATINGS,TOTAL_TRAINING_RATINGS,NUM_TEST_RATINGS,TIME_INITIAL,TIME_REFINE,TIME_TEST,random_test_predictions_ratings,good_test_predictions_ratings,hypers,redisplay_check,arbitrary_check
0,6ac30e43-c01c-4aa5-ba53-c879ccd43423,4.1-knn-ar-dresses10-test,1.2,A3PIHDC8LXVQ4H,Completed,1,50,51,15,26.979358434677124,537.1918704509735,144.19579696655273,"{638: (-0.2308086986271908, -0.14), 605: (-0.0003845740615837035, 0.72), 334: (-0.27585150930175695, -0.8200000000000001), 601: (0.3383047492798665, 0.24), 330: (0.3814968728350574, 0.52), 201: (-0.5082483505731007, -0.09999999999999998), 398: (0.5702718246197954, 0.0), 425: (0.12830432246026074, 0.0), 253: (0.5116702148377872, 0.9199999999999999), 734: (0.4534991398157577, -0.05999999999999994)}","{194: (0.8269380905399565, -0.8), 290: (0.8256057158732826, 0.6600000000000001), 320: (0.7810935936962561, 0.52), 684: (0.7791373042968908, 0.52), 643: (0.7450679416103388, 0.11999999999999988)}",{'dummy': 0.07108989560349299},"[(0.24, 0.0)]","[(-0.6, -0.6)]"
