impression,user_id,app_version,model_version,mturk_id,status,NUM_INITIAL_RATINGS,NUM_REFINE_RATINGS,TOTAL_TRAINING_RATINGS,NUM_TEST_RATINGS,TIME_INITIAL,TIME_REFINE,TIME_TEST,random_test_predictions_ratings,good_test_predictions_ratings,hypers,redisplay_check,arbitrary_check
0,6d8f8d0c-d629-45da-b455-424508921322,4.1-knn-ar-dresses10-test,1.2,A1PJXJY7VY7OAS,Completed,1,20,21,15,6.931352615356445,71.93882274627686,57.424129486083984,"{703: (-0.14433464666754955, -0.6), 270: (0.2684427180399616, 1.0), 318: (-0.7544158779321789, -0.6), 269: (-0.20620809366313014, -0.19999999999999996), 670: (-0.5493055730477354, -0.8), 757: (-0.509905380080971, -0.8), 143: (-0.44981370069181076, -0.8), 615: (-0.4, -0.8), 374: (0.13258832157315634, -0.6), 631: (0.04164199139351137, 0.3999999999999999)}","{272: (0.4719005754970276, -0.6), 288: (0.46987543076254756, 0.6000000000000001), 259: (0.4652045543143597, 0.8), 172: (0.4636157517346737, 0.19999999999999996), 358: (0.46342441413559965, -0.4)}",{'dummy': 0.41634652283062745},"[(-0.8, -0.8)]","[(0.0, -0.6)]"
