impression,user_id,app_version,model_version,mturk_id,status,NUM_INITIAL_RATINGS,NUM_REFINE_RATINGS,TOTAL_TRAINING_RATINGS,NUM_TEST_RATINGS,TIME_INITIAL,TIME_REFINE,TIME_TEST,random_test_predictions_ratings,good_test_predictions_ratings,hypers,redisplay_check,arbitrary_check
0,6ed02381-6598-4ac8-a920-de9dcc44e86b,4.1-knn-ar-dresses10-test,1.2,A30MSJ54L8JWCD,Completed,1,20,21,15,19.959480047225952,307.2168414592743,134.25160479545593,"{243: (0.06920484837511552, 0.3999999999999999), 108: (0.26322503912574013, -0.19999999999999996), 645: (0.09949216500179846, -0.4), 325: (0.2929046475191925, -0.19999999999999996), 42: (-0.3195596632682395, -0.19999999999999996), 56: (0.07967215135280921, 0.0), 95: (0.19179771421145486, 0.3999999999999999), 646: (-0.024355835925248804, 0.7), 451: (0.28684030831100216, -0.4), 148: (0.1591855935533529, 0.19999999999999996)}","{260: (0.6665801863523073, 0.0), 597: (0.5983573530211922, 0.6000000000000001), 514: (0.5971683090369925, -0.6), 738: (0.5959680165023055, -0.4), 677: (0.5957283264179919, 0.0)}",{'dummy': 0.2618147869856494},"[(0.3999999999999999, 0.3999999999999999)]","[(-0.6, -0.6)]"
