impression,user_id,app_version,model_version,status,NUM_INITIAL_RATINGS,NUM_REFINE_RATINGS,TOTAL_TRAINING_RATINGS,NUM_TEST_RATINGS,items_shown,ratings,model_fit,history_dict,hypers,redisplay_check,arbitrary_check,hyper_history
0,6efb1236-80cf-4d24-ae27-c75a74324125,4.1-knn-ar-dresses10-test,1.2,Started,1,10,11,15,"[46, 110, 379, 66, 456, 534, 649, 147, 430, 391, 203]","[-0.15999999999999992, -0.040000000000000036, 0.3999999999999999, 0.3999999999999999, 0.0, 0.30000000000000004, 0.3999999999999999, 0.5, 0.19999999999999996, 0.0, 0.5]","[-0.15999999999999992, -0.040000000000000036, 0.3999999999999999, 0.3999999999999999, 0.0, 0.30000000000000004, 0.3999999999999999, 0.5, 0.19999999999999996, 0.0, 0.5]","{46: (-0.15999999999999992, -0.15999999999999992), 110: (-0.040000000000000036, -0.040000000000000036), 379: (0.3999999999999999, 0.3999999999999999), 66: (0.3999999999999999, 0.3999999999999999), 456: (0.0, 0.0), 534: (0.30000000000000004, 0.30000000000000004), 649: (0.3999999999999999, 0.3999999999999999), 147: (0.5, 0.5), 430: (0.19999999999999996, 0.19999999999999996), 391: (0.0, 0.0), 203: (0.5, 0.5)}",{'dummy': 0.2508495680256745},"[(0.3999999999999999, 0.3999999999999999)]","[(0.45999999999999996, -0.8)]","[{'dummy': 0.6373195347156289}, {'dummy': 0.3944966469113832}, {'dummy': 0.8050998292657824}, {'dummy': 0.7781650263389179}, {'dummy': 0.5470867110867769}, {'dummy': 0.4430119052100828}, {'dummy': 0.7515084710538863}, {'dummy': 0.8237707275358176}, {'dummy': 0.6080682971798398}, {'dummy': 0.7351522110560217}]"
