impression,user_id,app_version,model_version,mturk_id,status,NUM_INITIAL_RATINGS,NUM_REFINE_RATINGS,TOTAL_TRAINING_RATINGS,NUM_TEST_RATINGS,TIME_INITIAL,TIME_REFINE,TIME_TEST,random_test_predictions_ratings,good_test_predictions_ratings,hypers,redisplay_check,arbitrary_check
0,6f489944-3c42-40f2-91c6-08005fd2444c,4.1-knn-ar-dresses10-test,1.2,AS9EBNZCQY562,Completed,1,40,41,15,14.51835560798645,228.14852261543274,78.75408911705017,"{296: (-0.4118546748669854, -0.6), 113: (-0.1366499796058624, 0.3999999999999999), 264: (0.3339905026444177, 0.19999999999999996), 66: (-0.06447203848532243, 0.19999999999999996), 731: (-0.038005983852553236, 0.6000000000000001), 517: (0.06505594101171791, -0.4), 152: (-0.010407427163030248, -0.8), 427: (-0.004972114283443501, -0.6), 525: (-0.019201491080151633, 0.19999999999999996), 755: (0.22272844972488975, 0.19999999999999996)}","{120: (0.7564716099337502, 0.8), 176: (0.7531093582246893, 0.6000000000000001), 636: (0.7241034824245025, 0.0), 496: (0.6802937502784867, 0.19999999999999996), 374: (0.6587476399771941, -0.19999999999999996)}",{'dummy': 0.4337051101372482},"[(-0.19999999999999996, 0.19999999999999996)]","[(-0.6, -0.6)]"
