impression,user_id,app_version,model_version,mturk_id,status,NUM_INITIAL_RATINGS,NUM_REFINE_RATINGS,TOTAL_TRAINING_RATINGS,NUM_TEST_RATINGS,TIME_INITIAL,TIME_REFINE,TIME_TEST,random_test_predictions_ratings,good_test_predictions_ratings,hypers,redisplay_check,arbitrary_check
0,710ba823-14bd-444e-8470-ac6fb34b4501,4.1-knn-ar-dresses10-test,1.2,A17MQHLWAOPWPN,Completed,1,30,31,15,19.038126230239868,431.12761187553406,169.50393295288086,"{690: (-0.3378191192391995, -0.8), 20: (-0.3525647147133306, 0.5), 745: (-0.11954827656165168, -0.7), 489: (-0.31885677342605184, -0.8), 91: (-0.0161556624043752, 0.8), 743: (-0.16241453278910198, -0.8), 393: (-0.2633520661693787, -0.8), 706: (-0.5752817359025669, -0.8), 497: (-0.11281577225877482, 0.7), 424: (-0.03966825263602397, -0.8)}","{708: (0.5008685753759076, -0.09999999999999998), 789: (0.4464871039194311, -0.05999999999999994), 23: (0.43148292467418387, 0.30000000000000004), 266: (0.4311093429182486, 0.0), 207: (0.4281143361813199, -0.19999999999999996)}",{'dummy': 0.55751469170816},"[(0.3999999999999999, -0.09999999999999998)]","[(0.10000000000000009, -0.6)]"
