impression,user_id,app_version,model_version,status,NUM_INITIAL_RATINGS,NUM_REFINE_RATINGS,TOTAL_TRAINING_RATINGS,NUM_TEST_RATINGS,items_shown,ratings,model_fit,history_dict,hypers,redisplay_check,arbitrary_check,hyper_history
0,719dcf82-77f4-40a4-b5ad-e755046bc3c2,4.1-knn-ar-dresses10-test,1.2,Started,1,10,11,15,"[219, 651, 206, 602, 536, 753, 420, 96, 543, 668, 97]","[0.6000000000000001, 0.0, -0.4, -0.19999999999999996, -0.6, 0.6000000000000001, 0.8, -0.8, 0.8, -0.6, -0.6]","[0.6000000000000001, 0.0, -0.4, -0.19999999999999996, -0.6, 0.6000000000000001, 0.8, -0.8, 0.8, -0.6, -0.6]","{219: (0.6000000000000001, 0.6000000000000001), 651: (0.0, 0.0), 206: (-0.4, -0.4), 602: (-0.19999999999999996, -0.19999999999999996), 536: (-0.6, -0.6), 753: (0.6000000000000001, 0.6000000000000001), 420: (0.8, 0.8), 96: (-0.8, -0.8), 543: (0.8, 0.8), 668: (-0.6, -0.6), 97: (-0.6, -0.6)}",{'dummy': 0.8481266547811624},"[(-0.8, -0.4)]","[(-0.19999999999999996, -0.8)]","[{'dummy': 0.7485421617573939}, {'dummy': 0.6299539803499034}, {'dummy': 0.310200851518156}, {'dummy': 0.39266815408084754}, {'dummy': 0.5976657186522741}, {'dummy': 0.8007088151381907}, {'dummy': 0.33015208570985743}, {'dummy': 0.6869702157865771}, {'dummy': 0.37123730937106925}, {'dummy': 0.8642052209177993}]"
