impression,user_id,app_version,model_version,mturk_id,status,NUM_INITIAL_RATINGS,NUM_REFINE_RATINGS,TOTAL_TRAINING_RATINGS,NUM_TEST_RATINGS,TIME_INITIAL,TIME_REFINE,TIME_TEST,random_test_predictions_ratings,good_test_predictions_ratings,hypers,redisplay_check,arbitrary_check
0,71ae0405-2ba5-4d39-9b01-8f9adb711503,4.1-knn-ar-dresses10-test,1.2,A31XUQFSE7CCZX,Completed,1,50,51,15,15.429772138595581,531.5013773441315,101.46234107017517,"{615: (-0.6228621962954634, -0.8), 294: (-0.9010712353680159, -1.0), 237: (-0.48773796554359566, -1.0), 455: (0.09689343470697473, -1.0), 81: (-0.7777945309783149, -1.0), 365: (-0.34042728927364546, -0.8), 165: (-0.48410690512863974, -1.0), 84: (-0.5197894962801772, -1.0), 296: (-0.47561224375566447, -0.8), 204: (-0.7110411458854663, -0.6)}","{53: (0.8593889700901757, 0.8), 236: (0.848156212143488, 0.0), 547: (0.7835866547929629, -1.0), 317: (0.7487790129859819, 1.0), 499: (0.7292882943135908, -1.0)}",{'dummy': 0.5621475869527782},"[(-1.0, -1.0)]","[(0.19999999999999996, -0.6)]"
