impression,user_id,app_version,model_version,mturk_id,status,NUM_INITIAL_RATINGS,NUM_REFINE_RATINGS,TOTAL_TRAINING_RATINGS,NUM_TEST_RATINGS,TIME_INITIAL,TIME_REFINE,TIME_TEST,random_test_predictions_ratings,good_test_predictions_ratings,hypers,redisplay_check,arbitrary_check
0,73069c10-3c59-483e-b5d8-46deab44e60d,4.1-knn-ar-dresses10-test,1.2,A3HVFSD8K94SOR,Completed,1,10,11,15,9.978974103927612,111.823322057724,154.34971356391907,"{224: (-0.19999999999999996, 0.0), 332: (0.23134552547137116, 0.0), 589: (-0.0802797110539448, -0.4), 720: (-0.26522569425445913, 0.0), 387: (-0.25560130311794294, -0.6), 212: (0.16685984896670672, -0.4), 271: (-0.4058472358994869, -0.6), 445: (-0.04497350166931479, -0.4), 615: (-0.1418006808562239, -0.4), 179: (0.03705687089286141, -0.6)}","{249: (0.5095216634915913, 0.19999999999999996), 800: (0.5073773448116875, 0.3999999999999999), 405: (0.5058172574862, 0.3999999999999999), 52: (0.4990239681894529, 0.6000000000000001), 738: (0.4944667640898957, 0.6000000000000001)}",{'dummy': 0.45094600923028116},"[(-0.4, -0.4)]","[(-0.6, -0.6)]"
