impression,user_id,app_version,model_version,status,NUM_INITIAL_RATINGS,NUM_REFINE_RATINGS,TOTAL_TRAINING_RATINGS,NUM_TEST_RATINGS,items_shown,ratings,model_fit,history_dict,hypers,redisplay_check,arbitrary_check,hyper_history
0,73069c10-3c59-483e-b5d8-46deab44e60d,4.1-knn-ar-dresses10-test,1.2,Started,1,10,11,15,"[44, 399, 728, 50, 133, 651, 180, 443, 353, 654, 380]","[0.0, -0.19999999999999996, 0.6000000000000001, 0.19999999999999996, 0.6000000000000001, -0.19999999999999996, -0.6, -0.4, -0.4, 0.19999999999999996, -0.19999999999999996]","[0.0, -0.19999999999999996, 0.6000000000000001, 0.19999999999999996, 0.6000000000000001, -0.19999999999999996, -0.6, -0.4, -0.4, 0.19999999999999996, -0.19999999999999996]","{44: (0.0, 0.0), 399: (-0.19999999999999996, -0.19999999999999996), 728: (0.6000000000000001, 0.6000000000000001), 50: (0.19999999999999996, 0.19999999999999996), 133: (0.6000000000000001, 0.6000000000000001), 651: (-0.19999999999999996, -0.19999999999999996), 180: (-0.6, -0.6), 443: (-0.4, -0.4), 353: (-0.4, -0.4), 654: (0.19999999999999996, 0.19999999999999996), 380: (-0.19999999999999996, -0.19999999999999996)}",{'dummy': 0.673215794182273},"[(0.6000000000000001, 0.6000000000000001)]","[(0.0, -0.8)]","[{'dummy': 0.7420145953820314}, {'dummy': 0.020557578366293572}, {'dummy': 0.5127657919639369}, {'dummy': 0.7726159810250129}, {'dummy': 0.521105432099892}, {'dummy': 0.6420357074455866}, {'dummy': 0.19266091940199048}, {'dummy': 0.4029464509551429}, {'dummy': 0.4751629615260421}, {'dummy': 0.5725697477297899}]"
