impression,user_id,app_version,model_version,status,NUM_INITIAL_RATINGS,NUM_REFINE_RATINGS,TOTAL_TRAINING_RATINGS,NUM_TEST_RATINGS,items_shown,ratings,model_fit,history_dict,hypers,redisplay_check,arbitrary_check,hyper_history
0,7347203b-5ee4-4911-9351-48160c052d17,4.1-knn-ar-dresses10-test,1.2,Started,1,10,11,15,"[237, 361, 255, 190, 74, 571, 787, 672, 648, 336, 192]","[0.0, -0.6, 0.0, 0.6000000000000001, 0.3999999999999999, 0.0, -0.19999999999999996, -0.4, -0.4, -0.19999999999999996, 0.0]","[0.0, -0.6, 0.0, 0.6000000000000001, 0.3999999999999999, 0.0, -0.19999999999999996, -0.4, -0.4, -0.19999999999999996, 0.0]","{237: (0.0, 0.0), 361: (-0.6, -0.6), 255: (0.0, 0.0), 190: (0.6000000000000001, 0.6000000000000001), 74: (0.3999999999999999, 0.3999999999999999), 571: (0.0, 0.0), 787: (-0.19999999999999996, -0.19999999999999996), 672: (-0.4, -0.4), 648: (-0.4, -0.4), 336: (-0.19999999999999996, -0.19999999999999996), 192: (0.0, 0.0)}",{'dummy': 0.87780435740466},"[(0.19999999999999996, 0.0)]","[(0.0, -0.8)]","[{'dummy': 0.29630154064158765}, {'dummy': 0.9767377885076395}, {'dummy': 0.3802971362649753}, {'dummy': 0.7062081508499629}, {'dummy': 0.6861712948032851}, {'dummy': 0.8347905835694512}, {'dummy': 0.8776317491346888}, {'dummy': 0.05649031661630832}, {'dummy': 0.24924429428675854}, {'dummy': 0.6586947634021808}]"
