impression,user_id,app_version,model_version,mturk_id,status,NUM_INITIAL_RATINGS,NUM_REFINE_RATINGS,TOTAL_TRAINING_RATINGS,NUM_TEST_RATINGS,TIME_INITIAL,TIME_REFINE,TIME_TEST,random_test_predictions_ratings,good_test_predictions_ratings,hypers,redisplay_check,arbitrary_check
0,73c72cd4-9db1-40c7-af1f-43dec2fd6392,4.1-knn-ar-dresses10-test,1.2,A1478D53NEDP9N,Completed,1,30,31,15,13.925954341888428,251.44132924079895,127.96368956565857,"{260: (0.6011446608443343, 0.8), 710: (0.3532426060447616, 0.8), 763: (0.44481607512914184, 0.8), 332: (0.5610270844124827, 0.3999999999999999), 557: (0.32328183439673797, 0.3999999999999999), 285: (0.33237130420303707, 0.3999999999999999), 84: (0.0527752283525343, 0.7), 549: (0.1018151914416812, 0.7), 237: (0.45940854026746336, 0.3999999999999999), 8: (0.45925741329773107, 0.3999999999999999)}","{620: (0.8000000000000003, 0.8999999999999999), 174: (0.8, 0.8), 208: (0.8, 0.8), 210: (0.8, 0.8), 713: (0.7999999999999999, 0.8999999999999999)}",{'dummy': 0.8324867673368636},"[(0.3999999999999999, 0.3999999999999999)]","[(0.3999999999999999, -0.6)]"
