impression,user_id,app_version,model_version,mturk_id,status,NUM_INITIAL_RATINGS,NUM_REFINE_RATINGS,TOTAL_TRAINING_RATINGS,NUM_TEST_RATINGS,TIME_INITIAL,TIME_REFINE,TIME_TEST,random_test_predictions_ratings,good_test_predictions_ratings,hypers,redisplay_check,arbitrary_check
0,73e0f255-3f75-424b-a7ed-8438f1e76c5b,4.1-knn-ar-dresses10-test,1.2,A16KV0X2ID0HH1,Completed,1,10,11,15,25.05887722969055,87.90883445739746,106.92582654953003,"{542: (0.345207920087571, 0.19999999999999996), 629: (0.4740297720615367, 0.19999999999999996), 770: (0.6337407120365993, 0.3999999999999999), 543: (0.32352692618519047, 1.0), 494: (0.2814743977902246, 0.3999999999999999), 555: (0.5173709719354067, 0.3999999999999999), 394: (0.39999999999999997, 0.3999999999999999), 10: (0.5299227683964397, 0.8), 434: (0.3225046791627701, 0.0), 108: (0.32318497420794357, 0.6000000000000001)}","{680: (0.7131172828649988, 0.6000000000000001), 253: (0.7069310741322133, 0.6000000000000001), 210: (0.6966244334670549, 0.6000000000000001), 467: (0.6932390932852578, 0.19999999999999996), 17: (0.6892225625936987, 0.19999999999999996)}",{'dummy': 0.7655684609665008},"[(0.0, 0.19999999999999996)]","[(-0.6, -0.6)]"
