impression,user_id,app_version,model_version,mturk_id,status,NUM_INITIAL_RATINGS,NUM_REFINE_RATINGS,TOTAL_TRAINING_RATINGS,NUM_TEST_RATINGS,TIME_INITIAL,TIME_REFINE,TIME_TEST,random_test_predictions_ratings,good_test_predictions_ratings,hypers,redisplay_check,arbitrary_check
0,740a2ed5-a389-432c-864f-a6c60c631ea1,4.1-knn-ar-dresses10-test,1.2,AVFZLWRV14IYN,Completed,1,10,11,15,7.933637857437134,67.77356123924255,83.1498155593872,"{755: (0.6018405561019486, 0.19999999999999996), 611: (0.08155005521843332, 0.3999999999999999), 268: (0.8270878521515417, 0.8), 799: (0.834164224054193, 0.15999999999999992), 230: (0.9216837067251726, 0.8), 162: (0.9197936689958652, 0.3999999999999999), 250: (0.8651097947215891, 0.6000000000000001), 147: (0.8706222763597881, 0.6000000000000001), 170: (0.9008294065738217, 0.6000000000000001), 705: (0.8707260195360992, 0.6000000000000001)}","{225: (0.9344517237455203, 0.5800000000000001), 51: (0.9328382478533024, 1.0), 29: (0.9316128029330812, 0.8199999999999998), 467: (0.9301183501937506, 0.78), 219: (0.9298600121943625, 0.9600000000000002)}",{'dummy': 0.44391372366758775},"[(0.78, 0.6000000000000001)]","[(0.8, -0.6)]"
