impression,user_id,app_version,model_version,mturk_id,status,NUM_INITIAL_RATINGS,NUM_REFINE_RATINGS,TOTAL_TRAINING_RATINGS,NUM_TEST_RATINGS,TIME_INITIAL,TIME_REFINE,TIME_TEST,random_test_predictions_ratings,good_test_predictions_ratings,hypers,redisplay_check,arbitrary_check
0,74995d35-1cd6-4445-ab9d-e6de5ad6a839,4.1-knn-ar-dresses10-test,1.2,A2B1YSMEHN1G2K,Completed,1,20,21,15,30.589409828186035,56.904077768325806,43.877864837646484,"{134: (-0.28147005386089713, 0.0), 702: (-0.15815064959273045, -0.6), 147: (0.01619346166547776, 0.0), 291: (-0.3373660286403807, -0.19999999999999996), 363: (-0.3159332283628635, 0.19999999999999996), 292: (-0.11480004689037668, -0.6), 571: (-0.42081881120285164, 0.6000000000000001), 623: (-0.3722947073288843, -0.19999999999999996), 776: (-0.1463213289745016, -0.6), 162: (-0.27765239269958936, 0.0)}","{230: (0.2664750993842718, 0.0), 209: (0.2581483753146934, 0.8), 797: (0.2091020283288507, -0.6), 595: (0.2058909184842002, 0.3999999999999999), 542: (0.20532667765075005, 0.3999999999999999)}",{'dummy': 0.4781705656525428},"[(0.0, 0.3999999999999999)]","[(-0.4, -0.6)]"
