impression,user_id,app_version,model_version,mturk_id,status,NUM_INITIAL_RATINGS,NUM_REFINE_RATINGS,TOTAL_TRAINING_RATINGS,NUM_TEST_RATINGS,TIME_INITIAL,TIME_REFINE,TIME_TEST,random_test_predictions_ratings,good_test_predictions_ratings,hypers,redisplay_check,arbitrary_check
0,74f5b128-ad01-4af5-9023-61bb1a750655,4.1-knn-ar-dresses10-test,1.2,A2HQMB1GSEADL,Completed,1,50,51,15,10.30057406425476,503.86224150657654,137.83322143554688,"{529: (-0.11074207124195101, -0.6), 665: (-0.13604200043792367, -0.6), 338: (-0.19689912616218266, 0.6000000000000001), 616: (0.0, 0.0), 214: (-0.7215964202890381, -0.8), 661: (-0.16739744019666666, -0.4), 289: (-0.6000000000000001, -0.8), 161: (-0.5285257478959523, -0.19999999999999996), 799: (-0.1207493394031345, 0.6000000000000001), 809: (0.08500321190589157, -0.4)}","{578: (0.19099495190283994, 0.6000000000000001), 141: (0.16306090615608013, 0.0), 761: (0.15676177393815213, 0.0), 511: (0.15438428897854606, -0.19999999999999996), 686: (0.14601102330238078, 0.19999999999999996)}",{'dummy': 0.8717413886299102},"[(-0.4, -0.4)]","[(-0.6, -0.6)]"
