impression,user_id,app_version,model_version,mturk_id,status,NUM_INITIAL_RATINGS,NUM_REFINE_RATINGS,TOTAL_TRAINING_RATINGS,NUM_TEST_RATINGS,TIME_INITIAL,TIME_REFINE,TIME_TEST,random_test_predictions_ratings,good_test_predictions_ratings,hypers,redisplay_check,arbitrary_check
0,75d47c8b-6d99-4ec8-9e6e-351ef00cbf0b,4.1-knn-ar-dresses10-test,1.2,A3N5RLYH05PY8L,Completed,1,50,51,15,33.317522048950195,299.2473132610321,81.76029133796692,"{47: (0.0, -0.19999999999999996), 803: (-0.6005917478661507, -0.19999999999999996), 680: (-0.4767919224598137, 0.19999999999999996), 403: (0.2981745346440715, 0.0), 485: (-0.6660526616365852, -0.6), 262: (-0.0697801031299135, -0.6), 129: (-0.7302076359268606, -0.19999999999999996), 549: (0.06513141622108572, 0.0), 567: (0.38484895918755296, 0.0), 276: (0.03543757669037719, -0.6)}","{141: (0.5200107033396993, 0.0), 571: (0.5069676529246622, -0.19999999999999996), 336: (0.4974224555423853, -0.19999999999999996), 495: (0.47290119639123285, 0.6000000000000001), 65: (0.44719591947316184, 0.0)}",{'dummy': 0.6335560567658318},"[(0.0, 0.0)]","[(-0.4, -0.6)]"
