impression,user_id,app_version,model_version,mturk_id,status,NUM_INITIAL_RATINGS,NUM_REFINE_RATINGS,TOTAL_TRAINING_RATINGS,NUM_TEST_RATINGS,TIME_INITIAL,TIME_REFINE,TIME_TEST,random_test_predictions_ratings,good_test_predictions_ratings,hypers,redisplay_check,arbitrary_check
0,75fc155a-edf4-419a-ac08-c3bc9348fa3c,4.1-knn-ar-dresses10-test,1.2,A3EHSE72YO5P4U,Completed,1,10,11,15,26.413349151611328,145.21551704406738,129.78762412071228,"{154: (0.22770236192489038, 0.3999999999999999), 612: (0.27642744586971524, 0.6000000000000001), 93: (0.11239346870711807, 0.0), 734: (0.2806922386104172, 0.6000000000000001), 15: (0.2826171820489543, 0.19999999999999996), 650: (0.25637193482182513, 0.19999999999999996), 124: (0.15863500613223963, 0.3999999999999999), 225: (0.20386342179719164, 0.19999999999999996), 619: (0.41947584679476746, 0.3999999999999999), 98: (0.26967519085076, 0.6000000000000001)}","{451: (0.6000000000000002, 0.6000000000000001), 727: (0.6000000000000001, 0.19999999999999996), 585: (0.6000000000000001, 0.6000000000000001), 71: (0.6000000000000001, 0.3999999999999999), 607: (0.6000000000000001, 0.3999999999999999)}",{'dummy': 0.267253097260191},"[(0.19999999999999996, 0.19999999999999996)]","[(0.19999999999999996, -0.6)]"
