impression,user_id,app_version,model_version,mturk_id,status,NUM_INITIAL_RATINGS,NUM_REFINE_RATINGS,TOTAL_TRAINING_RATINGS,NUM_TEST_RATINGS,TIME_INITIAL,TIME_REFINE,TIME_TEST,random_test_predictions_ratings,good_test_predictions_ratings,hypers,redisplay_check,arbitrary_check
0,76b449a2-604f-4ed6-b6a8-97d2965bf9e8,4.1-knn-ar-dresses10-test,1.2,A2S93GQU97VZTB,Completed,1,20,21,15,13.79129433631897,365.0881857872009,178.82977104187012,"{799: (0.45744153125220244, 0.3800000000000001), 606: (0.11865202794275868, 0.43999999999999995), 752: (0.2775593612205406, 0.0), 169: (0.35466807474842194, 0.5800000000000001), 570: (0.46288914448006857, 0.28), 174: (0.48657090056138075, 0.31999999999999984), 638: (0.14216240106565092, 0.10000000000000009), 81: (0.3421532620342704, -0.19999999999999996), 362: (0.4180272990340627, 0.43999999999999995), 250: (0.3498246642056616, 0.15999999999999992)}","{485: (0.6002803216208205, 0.18000000000000016), 680: (0.6001756917346373, 0.43999999999999995), 351: (0.5989837878047942, 0.3999999999999999), 63: (0.577259952372468, 0.3999999999999999), 408: (0.5758117544617154, 0.3599999999999999)}",{'dummy': 0.4937231565569664},"[(0.10000000000000009, 0.15999999999999992)]","[(0.5, -0.6)]"
