impression,user_id,app_version,model_version,mturk_id,status,NUM_INITIAL_RATINGS,NUM_REFINE_RATINGS,TOTAL_TRAINING_RATINGS,NUM_TEST_RATINGS,TIME_INITIAL,TIME_REFINE,TIME_TEST,random_test_predictions_ratings,good_test_predictions_ratings,hypers,redisplay_check,arbitrary_check
0,76cc91fe-bbfc-4014-a9fa-81c624039009,4.1-knn-ar-dresses10-test,1.2,A47P5PR27PW3B,Completed,1,30,31,15,9.03532862663269,241.01505088806152,200.1893539428711,"{717: (-0.29639741825545807, -0.8), 414: (-0.3775004562669842, -0.4), 496: (0.12387348765071876, 0.0), 51: (0.5261725711700839, -0.4), 329: (-0.11603103645678385, -0.4), 392: (0.1796673911084243, 0.0), 637: (-0.04890495368264691, 0.6000000000000001), 793: (-0.266578183568659, 0.6000000000000001), 248: (0.21233703827135808, -0.8), 559: (0.17887480891192917, 0.0)}","{338: (0.8527911032057298, 1.0), 462: (0.7304689467795497, -0.8), 691: (0.7201826579554084, -0.19999999999999996), 785: (0.719489703231032, 0.6000000000000001), 454: (0.6784606946119098, 0.19999999999999996)}",{'dummy': 0.4329795492784887},"[(-0.6, -0.4)]","[(-0.6, -0.6)]"
