impression,user_id,app_version,model_version,mturk_id,status,NUM_INITIAL_RATINGS,NUM_REFINE_RATINGS,TOTAL_TRAINING_RATINGS,NUM_TEST_RATINGS,TIME_INITIAL,TIME_REFINE,TIME_TEST,random_test_predictions_ratings,good_test_predictions_ratings,hypers,redisplay_check,arbitrary_check
0,76d1f6e7-a5e8-444f-a89c-e548229413ce,4.1-knn-ar-dresses10-test,1.2,ADUJUZANFOWKW,Completed,1,50,51,15,12.146869659423828,252.25963473320007,82.54683208465576,"{406: (-0.19868208299242435, -0.4), 583: (-0.2810650270182847, -0.4), 127: (-0.285797016900245, -0.6), 641: (-0.2846996356590785, -0.19999999999999996), 51: (-0.34262761663190283, -0.19999999999999996), 443: (-0.27239876369187227, 0.0), 201: (-0.4124307572556956, -1.0), 164: (-0.42907830473295233, -0.8), 323: (-0.40049212561664965, -0.8), 666: (-0.016927363509403184, -0.19999999999999996)}","{495: (0.3368710980143301, 0.3999999999999999), 555: (0.33099555724747554, 0.3999999999999999), 160: (0.19731511023191092, -0.8), 218: (0.17247844992843017, -0.6), 278: (0.14639777265500786, -0.8)}",{'dummy': 0.9053484275440487},"[(-0.4, -0.4)]","[(-0.4, -0.6)]"
