impression,user_id,app_version,model_version,status,NUM_INITIAL_RATINGS,NUM_REFINE_RATINGS,TOTAL_TRAINING_RATINGS,NUM_TEST_RATINGS,items_shown,ratings,model_fit,history_dict,hypers,redisplay_check,arbitrary_check,hyper_history
0,79222990-6dd9-4395-81cc-903028f7270e,4.1-knn-ar-dresses10-test,1.2,Started,1,10,11,15,"[270, 672, 123, 324, 567, 194, 352, 336, 571, 580, 312]","[0.7600000000000002, 0.6000000000000001, 0.52, 0.7, 0.10000000000000009, -0.30000000000000004, 0.14000000000000012, 0.18000000000000016, 0.3800000000000001, -0.30000000000000004, -0.6]","[0.7600000000000002, 0.6000000000000001, 0.52, 0.7, 0.10000000000000009, -0.30000000000000004, 0.14000000000000012, 0.18000000000000016, 0.3800000000000001, -0.30000000000000004, -0.6]","{270: (0.7600000000000002, 0.7600000000000002), 672: (0.6000000000000001, 0.6000000000000001), 123: (0.52, 0.52), 324: (0.7, 0.7), 567: (0.10000000000000009, 0.10000000000000009), 194: (-0.30000000000000004, -0.30000000000000004), 352: (0.14000000000000012, 0.14000000000000012), 336: (0.18000000000000016, 0.18000000000000016), 571: (0.3800000000000001, 0.3800000000000001), 580: (-0.30000000000000004, -0.30000000000000004), 312: (-0.6, -0.6)}",{'dummy': 0.9588714970621418},"[(-0.09999999999999998, 0.52)]","[(-0.6, -0.8)]","[{'dummy': 0.20952070057205618}, {'dummy': 0.7373782203454334}, {'dummy': 0.3653177226356511}, {'dummy': 0.4498533615492142}, {'dummy': 0.32639848751864764}, {'dummy': 0.22843468370068254}, {'dummy': 0.9313236885168554}, {'dummy': 0.18186515865815167}, {'dummy': 0.8107697053742134}, {'dummy': 0.4111404283074197}]"
