impression,user_id,app_version,model_version,mturk_id,status,NUM_INITIAL_RATINGS,NUM_REFINE_RATINGS,TOTAL_TRAINING_RATINGS,NUM_TEST_RATINGS,TIME_INITIAL,TIME_REFINE,TIME_TEST,random_test_predictions_ratings,good_test_predictions_ratings,hypers,redisplay_check,arbitrary_check
0,7978f127-cd98-4c14-a89c-1464de7af304,4.1-knn-ar-dresses10-test,1.2,ABDANX1LXJF4Z,Completed,1,20,21,15,7.83950138092041,97.11307263374329,82.08800721168518,"{97: (0.1749319062172842, -0.19999999999999996), 539: (0.13177077625173747, 0.19999999999999996), 594: (0.29883424152087856, -0.4), 541: (0.23996032764181546, 0.3999999999999999), 37: (0.33387077872619236, 0.6000000000000001), 743: (0.17474269784710106, 0.0), 173: (0.17238167902558962, -0.19999999999999996), 215: (0.2683759214390039, 0.6000000000000001), 557: (0.35763199333217394, -0.19999999999999996), 406: (0.49147701161468876, -0.19999999999999996)}","{73: (0.7466153122260766, 0.6000000000000001), 320: (0.7425147735624215, 0.8), 791: (0.7401231484544897, 0.6000000000000001), 194: (0.7391916264598467, 0.3999999999999999), 223: (0.7374705771072924, 0.6000000000000001)}",{'dummy': 0.7008005085864922},"[(0.6000000000000001, 0.6000000000000001)]","[(0.6000000000000001, -0.6)]"
