impression,user_id,app_version,model_version,mturk_id,status,NUM_INITIAL_RATINGS,NUM_REFINE_RATINGS,TOTAL_TRAINING_RATINGS,NUM_TEST_RATINGS,TIME_INITIAL,TIME_REFINE,TIME_TEST,random_test_predictions_ratings,good_test_predictions_ratings,hypers,redisplay_check,arbitrary_check
0,7a8df27d-59d6-47d2-ae59-744cbf3d2933,4.1-knn-ar-dresses10-test,1.2,A3ANY1IVWHG999,Completed,1,20,21,15,12.19767165184021,146.17340850830078,93.43283152580261,"{571: (-0.1545011491502073, -0.7), 347: (-0.21815864066399676, -0.30000000000000004), 103: (0.1792840668911015, -0.30000000000000004), 252: (-0.22034156512105804, -0.30000000000000004), 517: (0.01906173725139839, -0.5), 526: (0.10511064306878948, -0.5), 726: (-0.5272013523791572, -0.7), 766: (0.23965779867432807, -0.7), 441: (-0.08282603481573553, -0.09999999999999998), 214: (-0.5335652969773639, -0.7)}","{515: (0.7000000000000001, -0.5), 482: (0.7000000000000001, -0.09999999999999998), 45: (0.7000000000000001, 0.10000000000000009), 731: (0.7000000000000001, 0.5), 538: (0.7, 0.10000000000000009)}",{'dummy': 0.7754957411654724},"[(-0.30000000000000004, -0.5)]","[(-0.6, -0.6)]"
