impression,user_id,app_version,model_version,status,NUM_INITIAL_RATINGS,NUM_REFINE_RATINGS,TOTAL_TRAINING_RATINGS,NUM_TEST_RATINGS,items_shown,ratings,model_fit,history_dict,hypers,redisplay_check,arbitrary_check,hyper_history
0,7af03d33-008b-4a7b-9f64-22093716df5f,4.1-knn-ar-dresses10-test,1.2,Started,1,10,11,15,"[489, 122, 551, 552, 381, 339, 308, 446, 27, 493, 563]","[0.3999999999999999, 0.19999999999999996, 0.0, 0.19999999999999996, 0.6000000000000001, 1.0, 0.19999999999999996, 0.8, 0.3999999999999999, 0.6000000000000001, 0.0]","[0.3999999999999999, 0.19999999999999996, 0.0, 0.19999999999999996, 0.6000000000000001, 1.0, 0.19999999999999996, 0.8, 0.3999999999999999, 0.6000000000000001, 0.0]","{489: (0.3999999999999999, 0.3999999999999999), 122: (0.19999999999999996, 0.19999999999999996), 551: (0.0, 0.0), 552: (0.19999999999999996, 0.19999999999999996), 381: (0.6000000000000001, 0.6000000000000001), 339: (1.0, 1.0), 308: (0.19999999999999996, 0.19999999999999996), 446: (0.8, 0.8), 27: (0.3999999999999999, 0.3999999999999999), 493: (0.6000000000000001, 0.6000000000000001), 563: (0.0, 0.0)}",{'dummy': 0.7721509389302289},"[(0.0, 0.0)]","[(-0.8, -0.8)]","[{'dummy': 0.3446475728357111}, {'dummy': 0.713285620059483}, {'dummy': 0.8135409623959705}, {'dummy': 0.93407262107492}, {'dummy': 0.988683712125507}, {'dummy': 0.4104900500334234}, {'dummy': 0.6062208483728478}, {'dummy': 0.28233018577632296}, {'dummy': 0.11266599292253698}, {'dummy': 0.024851987077758153}]"
