impression,user_id,app_version,model_version,status,NUM_INITIAL_RATINGS,NUM_REFINE_RATINGS,TOTAL_TRAINING_RATINGS,NUM_TEST_RATINGS,items_shown,ratings,model_fit,history_dict,hypers,redisplay_check,arbitrary_check,hyper_history
0,7b1c8e9a-221f-4886-b08c-67de334fb145,4.1-knn-ar-dresses10-test,1.2,Started,1,20,21,15,"[206, 152, 699, 167, 234, 740, 39, 579, 303, 567, 261, 714, 436, 217, 135, 325, 594, 726, 297, 394, 761]","[-0.86, -0.98, -0.96, -0.9, -0.8200000000000001, -0.86, -0.96, -0.86, -0.8200000000000001, -0.86, -0.94, -0.86, -0.98, -0.98, -0.96, -0.86, -0.98, -0.84, -0.94, -0.98, -0.8200000000000001]","[-0.86, -0.98, -0.96, -0.9, -0.8200000000000001, -0.86, -0.96, -0.86, -0.8200000000000001, -0.86, -0.94, -0.86, -0.98, -0.98, -0.96, -0.86, -0.98, -0.84, -0.94, -0.98, -0.8200000000000001]","{206: (-0.86, -0.86), 152: (-0.98, -0.98), 699: (-0.96, -0.96), 167: (-0.9, -0.9), 234: (-0.8200000000000001, -0.8200000000000001), 740: (-0.86, -0.86), 39: (-0.96, -0.96), 579: (-0.86, -0.86), 303: (-0.8200000000000001, -0.8200000000000001), 567: (-0.86, -0.86), 261: (-0.94, -0.94), 714: (-0.86, -0.86), 436: (-0.98, -0.98), 217: (-0.98, -0.98), 135: (-0.96, -0.96), 325: (-0.86, -0.86), 594: (-0.98, -0.98), 726: (-0.84, -0.84), 297: (-0.94, -0.94), 394: (-0.98, -0.98), 761: (-0.8200000000000001, -0.8200000000000001)}",{'dummy': 0.3648113212749593},"[(-0.98, -0.96)]","[(-0.8200000000000001, -0.8)]","[{'dummy': 0.5373880152575934}, {'dummy': 0.6635317827637361}, {'dummy': 0.52666101188301}, {'dummy': 0.3141201512421038}, {'dummy': 0.26582097203911836}, {'dummy': 0.25238012758426887}, {'dummy': 0.45088702368545575}, {'dummy': 0.8454621223824945}, {'dummy': 0.5431443187926926}, {'dummy': 0.8498918730046532}, {'dummy': 0.7306453806653885}, {'dummy': 0.9950816951668094}, {'dummy': 0.5145098133592977}, {'dummy': 0.8102928498024052}, {'dummy': 0.9300358226181522}, {'dummy': 0.6146361676456458}, {'dummy': 0.9135974294486501}, {'dummy': 0.19539897330768152}, {'dummy': 0.9810408052529603}, {'dummy': 0.17360217540619582}]"
