impression,user_id,app_version,model_version,mturk_id,status,NUM_INITIAL_RATINGS,NUM_REFINE_RATINGS,TOTAL_TRAINING_RATINGS,NUM_TEST_RATINGS,TIME_INITIAL,TIME_REFINE,TIME_TEST,random_test_predictions_ratings,good_test_predictions_ratings,hypers,redisplay_check,arbitrary_check
0,7b21afe5-556e-4df8-b0d0-1b5b363825ab,4.1-knn-ar-dresses10-test,1.2,A27IABVBUZ9X8Z,Completed,1,40,41,15,6.864739179611206,200.99850296974182,74.61298418045044,"{802: (0.702137779759748, 0.8), 17: (-0.0868214736870342, -0.4), 49: (0.22552642751632704, 1.0), 74: (-0.5528583553109824, -0.6), 426: (0.5108266752496515, 0.3999999999999999), 359: (0.33112856625922277, 0.0), 482: (-0.07410287451302605, -0.19999999999999996), 398: (0.3393385334943677, 0.8), 331: (-0.590639216126026, -0.19999999999999996), 521: (0.07497669431827765, 0.3999999999999999)}","{528: (0.8188422329221183, -0.6), 565: (0.8100851176028556, -0.19999999999999996), 68: (0.8096374280103884, 0.8), 697: (0.7815464435110011, 0.8), 124: (0.7699910714107188, 0.8)}",{'dummy': 0.8845063422700041},"[(-0.19999999999999996, 0.0)]","[(0.6000000000000001, -0.6)]"
