impression,user_id,app_version,model_version,mturk_id,status,NUM_INITIAL_RATINGS,NUM_REFINE_RATINGS,TOTAL_TRAINING_RATINGS,NUM_TEST_RATINGS,TIME_INITIAL,TIME_REFINE,TIME_TEST,random_test_predictions_ratings,good_test_predictions_ratings,hypers,redisplay_check,arbitrary_check
0,7b489dc4-f756-4cc5-9d7c-7723874f42f9,4.1-knn-ar-dresses10-test,1.2,A3PZKOCRVCTFEP,Completed,1,50,51,15,13.566538572311401,304.873911857605,48.15394425392151,"{585: (0.21408639799853926, 0.19999999999999996), 798: (-0.7562593033863007, -0.8), 304: (-0.19999999999999996, 0.0), 329: (-0.5004454289084461, 0.19999999999999996), 106: (-0.2288073693867427, -0.6), 93: (-0.16323795758945242, -0.8), 94: (-0.33331887308567476, -0.4), 729: (0.0009158849943161904, 0.6000000000000001), 432: (0.3345142129141581, 0.6000000000000001), 262: (-0.3291795875971227, 0.0)}","{643: (0.5310339626909916, 0.19999999999999996), 789: (0.529010116479203, 0.0), 237: (0.5240366470742448, 0.0), 303: (0.4655298884461808, 0.0), 209: (0.46154651802656854, -0.8)}",{'dummy': 0.66620822864807},"[(-0.19999999999999996, -0.8)]","[(0.3999999999999999, -0.6)]"
