impression,user_id,app_version,model_version,status,NUM_INITIAL_RATINGS,NUM_REFINE_RATINGS,TOTAL_TRAINING_RATINGS,NUM_TEST_RATINGS,items_shown,ratings,model_fit,history_dict,hypers,redisplay_check,arbitrary_check,hyper_history
0,7ce4122f-37ad-4765-b0d1-092808bd8422,4.1-knn-ar-dresses10-test,1.2,Started,1,20,21,15,"[256, 169, 532, 293, 720, 160, 258, 405, 387, 75, 410, 666, 705, 559, 582, 208, 695, 143, 713, 437, 396]","[-0.94, -0.88, -0.96, -0.98, -0.98, -0.98, -0.86, -0.98, -0.92, -0.98, -0.98, -0.8200000000000001, -0.84, -0.88, -0.92, -0.98, -0.8200000000000001, -0.98, -0.94, -0.98, -0.96]","[-0.94, -0.88, -0.96, -0.98, -0.98, -0.98, -0.86, -0.98, -0.92, -0.98, -0.98, -0.8200000000000001, -0.84, -0.88, -0.92, -0.98, -0.8200000000000001, -0.98, -0.94, -0.98, -0.96]","{256: (-0.94, -0.94), 169: (-0.88, -0.88), 532: (-0.96, -0.96), 293: (-0.98, -0.98), 720: (-0.98, -0.98), 160: (-0.98, -0.98), 258: (-0.86, -0.86), 405: (-0.98, -0.98), 387: (-0.92, -0.92), 75: (-0.98, -0.98), 410: (-0.98, -0.98), 666: (-0.8200000000000001, -0.8200000000000001), 705: (-0.84, -0.84), 559: (-0.88, -0.88), 582: (-0.92, -0.92), 208: (-0.98, -0.98), 695: (-0.8200000000000001, -0.8200000000000001), 143: (-0.98, -0.98), 713: (-0.94, -0.94), 437: (-0.98, -0.98), 396: (-0.96, -0.96)}",{'dummy': 0.6605128277628849},"[(-0.96, -0.96)]","[(-0.94, -0.8)]","[{'dummy': 0.873917093065606}, {'dummy': 0.35738976924852384}, {'dummy': 0.7510919971480977}, {'dummy': 0.5919788579820143}, {'dummy': 0.06475901672169748}, {'dummy': 0.3313199136430618}, {'dummy': 0.4890892142526354}, {'dummy': 0.6779170786067474}, {'dummy': 0.9225876181048321}, {'dummy': 0.22740429165714493}, {'dummy': 0.179627715157471}, {'dummy': 0.9346030747887517}, {'dummy': 0.865914491463814}, {'dummy': 0.3035507438877507}, {'dummy': 0.8602052615003433}, {'dummy': 0.7989359594809576}, {'dummy': 0.6006688978977045}, {'dummy': 0.3609980810616218}, {'dummy': 0.12377217969988086}, {'dummy': 0.06541342036824926}]"
