impression,user_id,app_version,model_version,mturk_id,status,NUM_INITIAL_RATINGS,NUM_REFINE_RATINGS,TOTAL_TRAINING_RATINGS,NUM_TEST_RATINGS,TIME_INITIAL,TIME_REFINE,TIME_TEST,random_test_predictions_ratings,good_test_predictions_ratings,hypers,redisplay_check,arbitrary_check
0,7e1e8e94-80be-4fed-862d-b8e8db89cc54,4.1-knn-ar-dresses10-test,1.2,A1QCUR2Z75LS5N,Completed,1,50,51,15,3.897129774093628,159.09648871421814,84.35215902328491,"{575: (-0.1419074642217324, 0.6000000000000001), 807: (0.2312774298416161, 1.0), 426: (0.2027062793804009, 1.0), 296: (0.45033645997476385, -1.0), 632: (0.7403543772605548, 1.0), 529: (-0.5373044739847522, 1.0), 808: (0.4601155149760977, 1.0), 249: (0.07639956597086221, 1.0), 407: (0.6660753115833709, 0.0), 208: (-0.0019301791100165837, 0.6000000000000001)}","{131: (1.0, 0.3999999999999999), 255: (1.0, 1.0), 649: (0.9346463766253823, 0.3999999999999999), 759: (0.9320655268748264, -0.6), 241: (0.9244758324553983, 0.6000000000000001)}",{'dummy': 0.415998800776165},"[(1.0, 1.0)]","[(0.0, -0.6)]"
