impression,user_id,app_version,model_version,status,NUM_INITIAL_RATINGS,NUM_REFINE_RATINGS,TOTAL_TRAINING_RATINGS,NUM_TEST_RATINGS,items_shown,ratings,model_fit,history_dict,hypers,redisplay_check,arbitrary_check,hyper_history
0,7e55ed56-4dac-4f8b-8de0-e5bbcacdecb3,4.1-knn-ar-dresses10-test,1.2,Started,1,20,21,15,"[317, 28, 69, 192, 482, 717, 732, 70, 6, 676, 76, 296, 620, 414, 703, 97, 579, 212, 25, 419, 530]","[0.19999999999999996, 0.8, 0.6000000000000001, 0.8, 0.6000000000000001, 0.3999999999999999, 0.0, 0.8, 0.3999999999999999, 0.8, 0.19999999999999996, 0.8, 0.6000000000000001, 0.8, 0.3999999999999999, 0.0, 0.19999999999999996, 0.3999999999999999, 0.8, 0.8, 0.6000000000000001]","[0.19999999999999996, 0.8, 0.6000000000000001, 0.8, 0.6000000000000001, 0.3999999999999999, 0.0, 0.8, 0.3999999999999999, 0.8, 0.19999999999999996, 0.8, 0.6000000000000001, 0.8, 0.3999999999999999, 0.0, 0.19999999999999996, 0.3999999999999999, 0.8, 0.8, 0.6000000000000001]","{317: (0.19999999999999996, 0.19999999999999996), 28: (0.8, 0.8), 69: (0.6000000000000001, 0.6000000000000001), 192: (0.8, 0.8), 482: (0.6000000000000001, 0.6000000000000001), 717: (0.3999999999999999, 0.3999999999999999), 732: (0.0, 0.0), 70: (0.8, 0.8), 6: (0.3999999999999999, 0.3999999999999999), 676: (0.8, 0.8), 76: (0.19999999999999996, 0.19999999999999996), 296: (0.8, 0.8), 620: (0.6000000000000001, 0.6000000000000001), 414: (0.8, 0.8), 703: (0.3999999999999999, 0.3999999999999999), 97: (0.0, 0.0), 579: (0.19999999999999996, 0.19999999999999996), 212: (0.3999999999999999, 0.3999999999999999), 25: (0.8, 0.8), 419: (0.8, 0.8), 530: (0.6000000000000001, 0.6000000000000001)}",{'dummy': 0.33891432534553956},"[(0.3999999999999999, 0.6000000000000001)]","[(1.0, -0.8)]","[{'dummy': 0.07972704008657794}, {'dummy': 0.13935422446419787}, {'dummy': 0.4203413508014241}, {'dummy': 0.44818275774747074}, {'dummy': 0.0736556165416381}, {'dummy': 0.5696790181084257}, {'dummy': 0.6410504344174144}, {'dummy': 0.42407724644698086}, {'dummy': 0.6945853275171451}, {'dummy': 0.14898206720816043}, {'dummy': 0.32099135785623045}, {'dummy': 0.5812370797821796}, {'dummy': 0.14539859291970736}, {'dummy': 0.328114238947806}, {'dummy': 0.7545714538189642}, {'dummy': 0.5409467418681306}, {'dummy': 0.6472512905488789}, {'dummy': 0.340629172080115}, {'dummy': 0.7222864582155164}, {'dummy': 0.7177482921326969}]"
