impression,user_id,app_version,model_version,mturk_id,status,NUM_INITIAL_RATINGS,NUM_REFINE_RATINGS,TOTAL_TRAINING_RATINGS,NUM_TEST_RATINGS,TIME_INITIAL,TIME_REFINE,TIME_TEST,random_test_predictions_ratings,good_test_predictions_ratings,hypers,redisplay_check,arbitrary_check
0,7ea1a1be-f9cc-438b-9286-998042df0b69,4.1-knn-ar-dresses10-test,1.2,ARFQ8FJRKCUZ6,Completed,1,40,41,15,23.690106630325317,701.0295867919922,230.53640246391296,"{454: (0.967563437658335, 1.0), 714: (0.7251901530265532, -0.4), 260: (0.5704134670322111, -0.8), 619: (0.3026543643498503, 1.0), 689: (0.5133614814884585, 1.0), 759: (0.5967169340495677, -0.4), 430: (0.39841412296705514, 1.0), 554: (0.836541298135166, 0.19999999999999996), 741: (1.0, 1.0), 384: (-0.20610356496876864, -0.4)}","{164: (1.0, -0.8), 701: (1.0, 1.0), 146: (1.0, -0.4), 145: (1.0, 1.0), 323: (1.0, 0.6000000000000001)}",{'dummy': 0.18257923618914296},"[(1.0, 1.0)]","[(0.0, -0.6)]"
