impression,user_id,app_version,model_version,mturk_id,status,NUM_INITIAL_RATINGS,NUM_REFINE_RATINGS,TOTAL_TRAINING_RATINGS,NUM_TEST_RATINGS,TIME_INITIAL,TIME_REFINE,TIME_TEST,random_test_predictions_ratings,good_test_predictions_ratings,hypers,redisplay_check,arbitrary_check
0,7ebfbf95-5aed-421a-82eb-b7e7e0d1f702,4.1-knn-ar-dresses10-test,1.2,A29DHX7JEFSRU9,Completed,1,10,11,15,11.203999757766724,47.92139267921448,69.57733130455017,"{732: (-0.33625713252380707, 0.19999999999999996), 252: (-0.2828879309451739, -0.6), 129: (-0.258051948544919, 0.3999999999999999), 53: (-0.4605521321325677, -0.6), 556: (0.04588669939246854, -0.6), 369: (-0.6029616990316216, -0.4), 734: (-0.28527802348345793, 0.6000000000000001), 301: (-0.07920760396640707, 0.19999999999999996), 335: (0.22363019506419154, 0.6000000000000001), 259: (-0.4609371249801358, 0.3999999999999999)}","{696: (0.3016056259442766, 0.0), 791: (0.2892292809801956, -0.4), 13: (0.2834073200783195, -0.19999999999999996), 88: (0.27844806881051803, -0.4), 435: (0.27773314989209774, 0.0)}",{'dummy': 0.5044461047928408},"[(0.0, 0.3999999999999999)]","[(0.19999999999999996, -0.6)]"
