impression,user_id,app_version,model_version,mturk_id,status,NUM_INITIAL_RATINGS,NUM_REFINE_RATINGS,TOTAL_TRAINING_RATINGS,NUM_TEST_RATINGS,TIME_INITIAL,TIME_REFINE,TIME_TEST,random_test_predictions_ratings,good_test_predictions_ratings,hypers,redisplay_check,arbitrary_check
0,7efb1111-a643-4ed6-b5d6-71b75639009b,4.1-knn-ar-dresses10-test,1.2,AG2YM9OWQP690,Completed,1,30,31,15,26.63789939880371,193.92216181755066,94.01378846168518,"{178: (-0.09428243031511566, -0.6), 186: (-0.8, -0.6), 359: (-0.06698159555598689, 0.19999999999999996), 13: (-0.6502689276572229, -1.0), 602: (-0.5368675815804018, 0.6000000000000001), 442: (-0.9174644196575632, 0.0), 727: (-0.8763252816405454, 0.19999999999999996), 40: (0.032203522147315665, 0.19999999999999996), 399: (-0.3034317935568133, 0.0), 338: (-0.3873543406777533, -0.4)}","{329: (0.41629411689257095, -0.19999999999999996), 431: (0.34898517612876234, 0.6000000000000001), 184: (0.3319041178244877, 0.19999999999999996), 484: (0.3226473102319394, -1.0), 243: (0.31791619908996377, 0.0)}",{'dummy': 0.9364330086922416},"[(0.8, 0.6000000000000001)]","[(0.8, -0.6)]"
