impression,user_id,app_version,model_version,status,NUM_INITIAL_RATINGS,NUM_REFINE_RATINGS,TOTAL_TRAINING_RATINGS,NUM_TEST_RATINGS,items_shown,ratings,model_fit,history_dict,hypers,redisplay_check,arbitrary_check,hyper_history
0,7f1ee32e-ca82-4e73-bcd9-c5361cff634d,4.1-knn-ar-dresses10-test,1.2,Started,1,20,21,15,"[428, 573, 260, 499, 23, 568, 161, 697, 12, 476, 683, 799, 803, 365, 76, 773, 240, 242, 385, 184, 110]","[-0.6, 0.0, 0.19999999999999996, -0.6, -0.19999999999999996, 0.0, 0.3999999999999999, 0.3999999999999999, -0.19999999999999996, 0.3999999999999999, 0.6000000000000001, -0.6, 0.3999999999999999, 0.8, 0.3999999999999999, -0.6, 0.0, 0.19999999999999996, -0.19999999999999996, -0.6, 0.19999999999999996]","[-0.6, 0.0, 0.19999999999999996, -0.6, -0.19999999999999996, 0.0, 0.3999999999999999, 0.3999999999999999, -0.19999999999999996, 0.3999999999999999, 0.6000000000000001, -0.6, 0.3999999999999999, 0.8, 0.3999999999999999, -0.6, 0.0, 0.19999999999999996, -0.19999999999999996, -0.6, 0.19999999999999996]","{428: (-0.6, -0.6), 573: (0.0, 0.0), 260: (0.19999999999999996, 0.19999999999999996), 499: (-0.6, -0.6), 23: (-0.19999999999999996, -0.19999999999999996), 568: (0.0, 0.0), 161: (0.3999999999999999, 0.3999999999999999), 697: (0.3999999999999999, 0.3999999999999999), 12: (-0.19999999999999996, -0.19999999999999996), 476: (0.3999999999999999, 0.3999999999999999), 683: (0.6000000000000001, 0.6000000000000001), 799: (-0.6, -0.6), 803: (0.3999999999999999, 0.3999999999999999), 365: (0.8, 0.8), 76: (0.3999999999999999, 0.3999999999999999), 773: (-0.6, -0.6), 240: (0.0, 0.0), 242: (0.19999999999999996, 0.19999999999999996), 385: (-0.19999999999999996, -0.19999999999999996), 184: (-0.6, -0.6), 110: (0.19999999999999996, 0.19999999999999996)}",{'dummy': 0.7527951371124113},"[(0.19999999999999996, 0.19999999999999996)]","[(-0.8, -0.8)]","[{'dummy': 0.7564539917413132}, {'dummy': 0.034363763843551665}, {'dummy': 0.09744286044801409}, {'dummy': 0.8401082194704063}, {'dummy': 0.89351391000208}, {'dummy': 0.3094642992103891}, {'dummy': 0.13112378950290682}, {'dummy': 0.7505539763135962}, {'dummy': 0.6889577180071376}, {'dummy': 0.9947492846280701}, {'dummy': 0.5901679249275668}, {'dummy': 0.987181033650105}, {'dummy': 0.8545652439007534}, {'dummy': 0.7811458744966242}, {'dummy': 0.44575610980687985}, {'dummy': 0.19357649009281552}, {'dummy': 0.13884271419995486}, {'dummy': 0.48468990211300667}, {'dummy': 0.9377945595090151}, {'dummy': 0.42405240420403123}]"
