impression,user_id,app_version,model_version,mturk_id,status,NUM_INITIAL_RATINGS,NUM_REFINE_RATINGS,TOTAL_TRAINING_RATINGS,NUM_TEST_RATINGS,TIME_INITIAL,TIME_REFINE,TIME_TEST,random_test_predictions_ratings,good_test_predictions_ratings,hypers,redisplay_check,arbitrary_check
0,7fcc49a8-81d9-422c-b312-6ea5b349b475,4.1-knn-ar-dresses10-test,1.2,A2PQDK3MLDFXYM,Completed,1,40,41,15,6.06739354133606,109.82645916938782,37.96756410598755,"{597: (0.49442858883183155, 0.6000000000000001), 673: (0.36071281780115283, 0.0), 408: (0.3251235862240672, 1.0), 494: (0.3407010831121371, 1.0), 384: (0.12446973240106535, 0.0), 76: (0.4419205009832478, 0.3999999999999999), 342: (0.015481488328861044, 0.0), 596: (0.8542106462949121, -0.6), 647: (0.48635366893550147, -0.8), 167: (0.6978042554659809, 0.6000000000000001)}","{485: (1.0, -0.4), 349: (1.0, 1.0), 781: (1.0, 0.0), 220: (1.0, 1.0), 137: (1.0, 1.0)}",{'dummy': 0.12552801416544346},"[(-0.8, -0.8)]","[(0.8, -0.6)]"
