impression,user_id,app_version,model_version,status,NUM_INITIAL_RATINGS,NUM_REFINE_RATINGS,TOTAL_TRAINING_RATINGS,NUM_TEST_RATINGS,items_shown,ratings,model_fit,history_dict,hypers,redisplay_check,arbitrary_check,hyper_history
0,819cdd32-fcfd-4a35-a973-6b17e964252e,4.1-knn-ar-dresses10-test,1.2,Started,1,10,11,15,"[540, 761, 394, 231, 704, 346, 748, 82, 727, 187, 69]","[0.6000000000000001, 0.19999999999999996, -0.6, 0.0, -0.6, -0.6, -0.4, 0.3999999999999999, 0.3999999999999999, 0.19999999999999996, -0.4]","[0.6000000000000001, 0.19999999999999996, -0.6, 0.0, -0.6, -0.6, -0.4, 0.3999999999999999, 0.3999999999999999, 0.19999999999999996, -0.4]","{540: (0.6000000000000001, 0.6000000000000001), 761: (0.19999999999999996, 0.19999999999999996), 394: (-0.6, -0.6), 231: (0.0, 0.0), 704: (-0.6, -0.6), 346: (-0.6, -0.6), 748: (-0.4, -0.4), 82: (0.3999999999999999, 0.3999999999999999), 727: (0.3999999999999999, 0.3999999999999999), 187: (0.19999999999999996, 0.19999999999999996), 69: (-0.4, -0.4)}",{'dummy': 0.5235664625336377},"[(-0.6, -0.6)]","[(-0.6, -0.8)]","[{'dummy': 0.43814893737077687}, {'dummy': 0.7276284078169178}, {'dummy': 0.5325075136813647}, {'dummy': 0.16724977832591315}, {'dummy': 0.2743012722671493}, {'dummy': 0.15835755764509274}, {'dummy': 0.08829023808142067}, {'dummy': 0.17082217371843322}, {'dummy': 0.8441761861049065}, {'dummy': 0.1099274788366138}]"
