impression,user_id,app_version,model_version,mturk_id,status,NUM_INITIAL_RATINGS,NUM_REFINE_RATINGS,TOTAL_TRAINING_RATINGS,NUM_TEST_RATINGS,TIME_INITIAL,TIME_REFINE,TIME_TEST,random_test_predictions_ratings,good_test_predictions_ratings,hypers,redisplay_check,arbitrary_check
0,819cdd32-fcfd-4a35-a973-6b17e964252e,4.1-knn-ar-dresses10-test,1.2,A140YK07NHCPOF,Completed,1,10,11,15,6.100749969482422,57.8773992061615,70.91193532943726,"{724: (-0.2663238480538606, 0.19999999999999996), 303: (0.2178340373490272, -0.4), 154: (0.3960120711177396, 0.6000000000000001), 396: (-0.3483476644728294, -0.6), 410: (0.11159727637065738, -0.6), 349: (-0.33593139696491564, 0.3999999999999999), 93: (0.08894540618578169, 0.19999999999999996), 195: (-0.25631226232401205, -0.6), 405: (0.3752772973117855, 0.6000000000000001), 542: (-0.028523964542309377, -0.4)}","{354: (0.46712000870675, -0.6), 180: (0.4661604878664741, -0.6), 50: (0.46374188920775933, -0.6), 52: (0.46316591063624435, 0.0), 599: (0.46261078043080217, -0.4)}",{'dummy': 0.19246987511516245},"[(-0.6, -0.4)]","[(-0.4, -0.6)]"
