impression,user_id,app_version,model_version,status,NUM_INITIAL_RATINGS,NUM_REFINE_RATINGS,TOTAL_TRAINING_RATINGS,NUM_TEST_RATINGS,items_shown,ratings,model_fit,history_dict,hypers,redisplay_check,arbitrary_check,hyper_history
0,835008c0-fd78-48ec-8e0f-a0b3828b156c,4.1-knn-ar-dresses10-test,1.2,Started,1,20,21,15,"[95, 150, 253, 178, 540, 284, 312, 214, 344, 362, 106, 447, 677, 644, 676, 96, 71, 81, 293, 28, 482]","[0.6000000000000001, 0.19999999999999996, 0.6000000000000001, 0.19999999999999996, -0.19999999999999996, 0.3999999999999999, -0.4, 0.0, 0.3999999999999999, 0.3999999999999999, -0.4, 0.3999999999999999, 0.19999999999999996, 0.0, -0.4, 0.3999999999999999, 0.0, -0.6, -0.19999999999999996, 0.0, 0.0]","[0.6000000000000001, 0.19999999999999996, 0.6000000000000001, 0.19999999999999996, -0.19999999999999996, 0.3999999999999999, -0.4, 0.0, 0.3999999999999999, 0.3999999999999999, -0.4, 0.3999999999999999, 0.19999999999999996, 0.0, -0.4, 0.3999999999999999, 0.0, -0.6, -0.19999999999999996, 0.0, 0.0]","{95: (0.6000000000000001, 0.6000000000000001), 150: (0.19999999999999996, 0.19999999999999996), 253: (0.6000000000000001, 0.6000000000000001), 178: (0.19999999999999996, 0.19999999999999996), 540: (-0.19999999999999996, -0.19999999999999996), 284: (0.3999999999999999, 0.3999999999999999), 312: (-0.4, -0.4), 214: (0.0, 0.0), 344: (0.3999999999999999, 0.3999999999999999), 362: (0.3999999999999999, 0.3999999999999999), 106: (-0.4, -0.4), 447: (0.3999999999999999, 0.3999999999999999), 677: (0.19999999999999996, 0.19999999999999996), 644: (0.0, 0.0), 676: (-0.4, -0.4), 96: (0.3999999999999999, 0.3999999999999999), 71: (0.0, 0.0), 81: (-0.6, -0.6), 293: (-0.19999999999999996, -0.19999999999999996), 28: (0.0, 0.0), 482: (0.0, 0.0)}",{'dummy': 0.3446918299974393},"[(0.19999999999999996, 0.6000000000000001)]","[(0.0, -0.8)]","[{'dummy': 0.602439027298729}, {'dummy': 0.02821479190010512}, {'dummy': 0.20497815894638982}, {'dummy': 0.3435073260303566}, {'dummy': 0.4587973381646988}, {'dummy': 0.39437249214386416}, {'dummy': 0.4590416257779011}, {'dummy': 0.184047832035516}, {'dummy': 0.39508954120169393}, {'dummy': 0.17383975780902383}, {'dummy': 0.7289610488542746}, {'dummy': 0.7152807681166833}, {'dummy': 0.39660433415439544}, {'dummy': 0.8299236818468416}, {'dummy': 0.97470967431995}, {'dummy': 0.038377643537904294}, {'dummy': 0.062133267332241005}, {'dummy': 0.14776692579704542}, {'dummy': 0.04357946607247676}, {'dummy': 0.7019386840343138}]"
