impression,user_id,app_version,model_version,mturk_id,status,NUM_INITIAL_RATINGS,NUM_REFINE_RATINGS,TOTAL_TRAINING_RATINGS,NUM_TEST_RATINGS,TIME_INITIAL,TIME_REFINE,TIME_TEST,random_test_predictions_ratings,good_test_predictions_ratings,hypers,redisplay_check,arbitrary_check
0,83ff2dce-7bb1-4fa8-bd1c-9b5fc66a41c3,4.1-knn-ar-dresses10-test,1.2,AEH29A6H16ANF,Completed,1,40,41,15,7.28213095664978,140.39591431617737,57.09938192367554,"{604: (-0.41381173990060593, -0.19999999999999996), 619: (0.2135244849774176, 0.6000000000000001), 792: (-0.7336442344338648, -0.19999999999999996), 41: (0.2782253283134563, 0.3999999999999999), 119: (-0.1451260481783393, -0.19999999999999996), 535: (0.15073206840641806, -0.8), 317: (0.0, 0.19999999999999996), 708: (-0.3822583335104208, 0.19999999999999996), 339: (0.33800381892065184, 0.19999999999999996), 500: (0.12340152263097784, 0.3999999999999999)}","{585: (0.7423420813799876, 0.19999999999999996), 597: (0.5997237420635273, 0.0), 718: (0.5730410609195957, -0.19999999999999996), 209: (0.5566503829324687, 0.6000000000000001), 441: (0.5159966209999284, 0.19999999999999996)}",{'dummy': 0.6909848227948463},"[(0.19999999999999996, 0.3999999999999999)]","[(0.19999999999999996, -0.6)]"
