impression,user_id,app_version,model_version,mturk_id,status,NUM_INITIAL_RATINGS,NUM_REFINE_RATINGS,TOTAL_TRAINING_RATINGS,NUM_TEST_RATINGS,TIME_INITIAL,TIME_REFINE,TIME_TEST,random_test_predictions_ratings,good_test_predictions_ratings,hypers,redisplay_check,arbitrary_check
0,8411de25-4bb6-423b-a55e-ed93cf979d6d,4.1-knn-ar-dresses10-test,1.2,AG2M9I8DS1SNK,Completed,1,20,21,15,9.336060285568237,184.46098971366882,127.41273379325867,"{724: (0.19654739670517435, 0.6000000000000001), 573: (0.8079525611698565, 1.0), 630: (0.29446359444962056, 0.19999999999999996), 59: (0.7544041543783758, 0.3999999999999999), 80: (0.2155331790332993, 0.0), 259: (0.6018538064543657, 0.8), 153: (0.3302474796745318, 0.8), 70: (0.41420863182522655, 0.8), 341: (0.4742714543333244, 0.6000000000000001), 441: (0.6000000000000001, 0.8)}","{351: (0.8684546509609631, 0.3999999999999999), 665: (0.8674773706646837, 0.8), 158: (0.8630081026295234, 0.8), 362: (0.8622100654813949, 0.8), 539: (0.8615698311916428, 0.8)}",{'dummy': 0.36649278542848096},"[(0.8, 0.8)]","[(0.6000000000000001, -0.6)]"
