impression,user_id,app_version,model_version,mturk_id,status,NUM_INITIAL_RATINGS,NUM_REFINE_RATINGS,TOTAL_TRAINING_RATINGS,NUM_TEST_RATINGS,TIME_INITIAL,TIME_REFINE,TIME_TEST,random_test_predictions_ratings,good_test_predictions_ratings,hypers,redisplay_check,arbitrary_check
0,84993853-34b4-4548-96dc-2f1b7519d71b,4.1-knn-ar-dresses10-test,1.2,A2IJEKMVEHQ90W,Completed,1,50,51,15,11.232398509979248,612.1592407226562,177.75440979003906,"{478: (0.5342810961504972, 0.19999999999999996), 708: (0.4347180811259639, 0.6000000000000001), 727: (0.2655357318643354, 0.8), 455: (-0.12957145508672877, 0.6000000000000001), 208: (0.1946940519556663, 0.19999999999999996), 791: (0.07315995650599137, 0.3999999999999999), 351: (0.17363699719350356, 0.19999999999999996), 6: (0.3540184532085154, 0.3999999999999999), 510: (0.21416188801412353, 0.19999999999999996), 382: (0.12829947138220948, 0.0)}","{425: (0.8, 0.8), 183: (0.8, 0.0), 340: (0.8, 0.0), 597: (0.7999999999999999, 0.6000000000000001), 246: (0.753467796655723, 0.3999999999999999)}",{'dummy': 0.45982728453343813},"[(0.6000000000000001, 0.6000000000000001)]","[(0.6000000000000001, -0.6)]"
