impression,user_id,app_version,model_version,mturk_id,status,NUM_INITIAL_RATINGS,NUM_REFINE_RATINGS,TOTAL_TRAINING_RATINGS,NUM_TEST_RATINGS,TIME_INITIAL,TIME_REFINE,TIME_TEST,random_test_predictions_ratings,good_test_predictions_ratings,hypers,redisplay_check,arbitrary_check
0,84e52118-b050-4a70-ab92-f7d9c9fb4676,4.1-knn-ar-dresses10-test,1.2,A24W2GXL0ELDFB,Completed,1,40,41,15,15.16823434829712,179.82136344909668,57.38364052772522,"{338: (0.5313728380095546, 0.8), 347: (0.49598087791773027, 0.6000000000000001), 213: (0.752355938025112, -0.8), 44: (0.8655012994383601, -0.19999999999999996), 674: (0.22978338791936, 0.19999999999999996), 4: (0.30097301852222613, 0.19999999999999996), 447: (-0.45954057008869725, -0.19999999999999996), 542: (-0.016956325919725183, 1.0), 285: (-0.18716689740444056, -0.4), 34: (0.571926942729479, 0.6000000000000001)}","{13: (1.0, 0.3999999999999999), 367: (0.9432797622192043, -0.4), 791: (0.9405427405265532, 0.3999999999999999), 179: (0.936949195626542, 0.7), 270: (0.9119094429773702, 0.3999999999999999)}",{'dummy': 0.915574393708643},"[(0.8, 0.3999999999999999)]","[(0.8, -0.6)]"
