impression,user_id,app_version,model_version,mturk_id,status,NUM_INITIAL_RATINGS,NUM_REFINE_RATINGS,TOTAL_TRAINING_RATINGS,NUM_TEST_RATINGS,TIME_INITIAL,TIME_REFINE,TIME_TEST,random_test_predictions_ratings,good_test_predictions_ratings,hypers,redisplay_check,arbitrary_check
0,85be4eec-cebe-40aa-b13b-97242e9eb794,4.1-knn-ar-dresses10-test,1.2,AOBTFLJU2BEPR,Completed,1,40,41,15,12.430654764175415,214.3476860523224,80.45991969108582,"{253: (-0.0029300059575409414, -0.19999999999999996), 458: (-0.3341635705221275, -0.8), 297: (-0.27115010890790486, -0.4), 110: (0.3134023351498393, -0.4), 607: (0.2721978446851773, 0.3999999999999999), 558: (-0.1889778277061172, -0.6), 309: (-0.07204802202416645, 0.6000000000000001), 708: (0.059523783236563634, -0.4), 648: (-0.039721249557083615, -0.19999999999999996), 721: (0.018356730831648214, 0.19999999999999996)}","{516: (0.6000000000000002, 0.6000000000000001), 611: (0.6000000000000002, -0.6), 70: (0.6000000000000001, -0.4), 269: (0.6000000000000001, 0.0), 625: (0.6000000000000001, 0.6000000000000001)}",{'dummy': 0.2211486637137493},"[(0.0, 0.0)]","[(0.6000000000000001, -0.6)]"
