impression,user_id,app_version,model_version,mturk_id,status,NUM_INITIAL_RATINGS,NUM_REFINE_RATINGS,TOTAL_TRAINING_RATINGS,NUM_TEST_RATINGS,TIME_INITIAL,TIME_REFINE,TIME_TEST,random_test_predictions_ratings,good_test_predictions_ratings,hypers,redisplay_check,arbitrary_check
0,85e761d1-66bd-4192-9d7f-c6dc1b7ad579,4.1-knn-ar-dresses10-test,1.2,A1XQNSBDAOF66C,Completed,1,20,21,15,13.32718801498413,94.7353823184967,84.66900825500488,"{161: (-0.4916373985531735, 0.3999999999999999), 695: (-0.6008846435992609, -0.8), 724: (-0.4381809397602919, -0.6), 74: (-0.65904424761871, -0.19999999999999996), 279: (-0.663545472114833, -0.8), 734: (-0.4475945664257852, -0.19999999999999996), 716: (-0.3712396263328031, -0.8), 541: (-0.6701383924927167, -0.8), 13: (-0.6579167340869688, -0.4), 588: (-0.46919554241301775, 0.19999999999999996)}","{737: (-0.142324096205792, -0.8), 198: (-0.16153266827157023, -0.8), 475: (-0.2281209923719765, 0.0), 611: (-0.22934618117899366, -0.6), 108: (-0.25966249530753643, 0.19999999999999996)}",{'dummy': 0.3311914220598433},"[(0.6000000000000001, 0.0)]","[(0.3999999999999999, -0.6)]"
