impression,user_id,app_version,model_version,status,NUM_INITIAL_RATINGS,NUM_REFINE_RATINGS,TOTAL_TRAINING_RATINGS,NUM_TEST_RATINGS,items_shown,ratings,model_fit,history_dict,hypers,redisplay_check,arbitrary_check,hyper_history
0,86461e9c-69ab-4abf-be76-ec7871174827,4.1-knn-ar-dresses10-test,1.2,Started,1,10,11,15,"[97, 141, 630, 36, 266, 305, 110, 352, 704, 779, 605]","[0.3999999999999999, 0.19999999999999996, 0.19999999999999996, 0.3999999999999999, 0.6000000000000001, 0.3999999999999999, 0.3999999999999999, 0.0, -0.19999999999999996, -0.19999999999999996, -0.19999999999999996]","[0.3999999999999999, 0.19999999999999996, 0.19999999999999996, 0.3999999999999999, 0.6000000000000001, 0.3999999999999999, 0.3999999999999999, 0.0, -0.19999999999999996, -0.19999999999999996, -0.19999999999999996]","{97: (0.3999999999999999, 0.3999999999999999), 141: (0.19999999999999996, 0.19999999999999996), 630: (0.19999999999999996, 0.19999999999999996), 36: (0.3999999999999999, 0.3999999999999999), 266: (0.6000000000000001, 0.6000000000000001), 305: (0.3999999999999999, 0.3999999999999999), 110: (0.3999999999999999, 0.3999999999999999), 352: (0.0, 0.0), 704: (-0.19999999999999996, -0.19999999999999996), 779: (-0.19999999999999996, -0.19999999999999996), 605: (-0.19999999999999996, -0.19999999999999996)}",{'dummy': 0.03743925163592221},"[(0.19999999999999996, 0.19999999999999996)]","[(0.0, -0.8)]","[{'dummy': 0.4178603270169906}, {'dummy': 0.08610913410214172}, {'dummy': 0.06644285984756715}, {'dummy': 0.6789510264733584}, {'dummy': 0.24008360643838955}, {'dummy': 0.44278176821080095}, {'dummy': 0.09910427018417145}, {'dummy': 0.5712986657827734}, {'dummy': 0.3590929090612215}, {'dummy': 0.5593309889159247}]"
