impression,user_id,app_version,model_version,mturk_id,status,NUM_INITIAL_RATINGS,NUM_REFINE_RATINGS,TOTAL_TRAINING_RATINGS,NUM_TEST_RATINGS,TIME_INITIAL,TIME_REFINE,TIME_TEST,random_test_predictions_ratings,good_test_predictions_ratings,hypers,redisplay_check,arbitrary_check
0,86aea3b2-413c-4994-9a3a-bdbd78316cf8,4.1-knn-ar-dresses10-test,1.2,A6OS6YO0XH58S,Completed,1,40,41,15,20.376269340515137,226.45332050323486,86.2920708656311,"{42: (-0.2304656941030598, 0.06000000000000005), 232: (-0.8971871562502075, -0.94), 151: (-0.8416795025845434, 0.0), 741: (-0.31747772444942307, -0.36), 781: (-0.3010807119837397, 0.19999999999999996), 433: (-0.2964029815690984, 0.3400000000000001), 104: (-0.08981339624266205, -0.05999999999999994), 386: (-0.7904290617893707, -0.7), 187: (-0.2573871069429278, -0.6), 85: (-0.030405744715801607, -0.9)}","{255: (0.7434892343450383, 0.7), 485: (0.6907180549452016, 0.3599999999999999), 419: (0.6494745788572036, -0.30000000000000004), 714: (0.6414820405881743, 0.19999999999999996), 690: (0.5524539342754038, -0.19999999999999996)}",{'dummy': 0.23215957383157404},"[(-0.94, -0.9)]","[(-0.15999999999999992, -0.6)]"
