impression,user_id,app_version,model_version,mturk_id,status,NUM_INITIAL_RATINGS,NUM_REFINE_RATINGS,TOTAL_TRAINING_RATINGS,NUM_TEST_RATINGS,TIME_INITIAL,TIME_REFINE,TIME_TEST,random_test_predictions_ratings,good_test_predictions_ratings,hypers,redisplay_check,arbitrary_check
0,88061901-3832-4a6a-804d-80ae9784bc91,4.1-knn-ar-dresses10-test,1.2,A1LJT9OW9UR4GF,Completed,1,30,31,15,9.233657121658325,152.82565212249756,96.9009439945221,"{413: (0.11728465940558323, 0.19999999999999996), 286: (0.0620656540437005, 0.3999999999999999), 94: (0.13617801930477758, 0.19999999999999996), 159: (0.1244985613430388, 0.3999999999999999), 514: (0.12969672000411844, 0.0), 175: (0.06816213306221065, 0.3999999999999999), 510: (0.2182703339467446, 0.19999999999999996), 244: (-0.07726792279640589, 0.3999999999999999), 710: (0.18980551861435366, 0.3999999999999999), 256: (0.13103339934126323, 0.6000000000000001)}","{246: (0.5359095405591959, 0.0), 591: (0.5301272674025603, 0.19999999999999996), 1: (0.5286663163661773, 0.19999999999999996), 661: (0.4776562272340639, 0.19999999999999996), 475: (0.47726177259080316, 0.19999999999999996)}",{'dummy': 0.9101105687193628},"[(0.19999999999999996, 0.19999999999999996)]","[(0.3999999999999999, -0.6)]"
