impression,user_id,app_version,model_version,mturk_id,status,NUM_INITIAL_RATINGS,NUM_REFINE_RATINGS,TOTAL_TRAINING_RATINGS,NUM_TEST_RATINGS,TIME_INITIAL,TIME_REFINE,TIME_TEST,random_test_predictions_ratings,good_test_predictions_ratings,hypers,redisplay_check,arbitrary_check
0,88afbb70-2cd4-4de4-956f-ecaa726c1d37,4.1-knn-ar-dresses10-test,1.2,A2IIIRZ1UMOND,Completed,1,50,51,15,9.041046857833862,219.6597776412964,61.66551089286804,"{353: (-0.5462333138652737, 0.0), 226: (-0.4353069051824465, 0.3999999999999999), 497: (0.37369062571230427, -0.19999999999999996), 437: (-0.8742292474744912, -0.4), 198: (-0.48202384628560735, -0.8), 738: (-0.06216975633163323, -0.8), 265: (-0.3792509935490896, -0.4), 206: (-0.5512270715207721, -0.6), 369: (-0.658548307934685, -0.8), 808: (-0.3186853975733395, 0.3999999999999999)}","{37: (0.7506635089128355, -0.6), 9: (0.7370614886288531, 0.6000000000000001), 714: (0.7344629801807999, 0.6000000000000001), 386: (0.7324528602160255, -0.19999999999999996), 12: (0.7260301429586354, 0.0)}",{'dummy': 0.06266889059238112},"[(-0.4, -0.4)]","[(-0.19999999999999996, -0.6)]"
