impression,user_id,app_version,model_version,status,NUM_INITIAL_RATINGS,NUM_REFINE_RATINGS,TOTAL_TRAINING_RATINGS,NUM_TEST_RATINGS,items_shown,ratings,model_fit,history_dict,hypers,redisplay_check,arbitrary_check,hyper_history
0,8909cd9f-08e6-4c79-a4f3-dc37de9d024e,4.1-knn-ar-dresses10-test,1.2,Started,1,10,11,15,"[660, 610, 326, 782, 367, 672, 738, 805, 668, 375, 27]","[0.19999999999999996, 0.6000000000000001, 0.8, -0.19999999999999996, 0.19999999999999996, 0.19999999999999996, 0.3999999999999999, -0.4, 0.0, 0.6000000000000001, 0.0]","[0.19999999999999996, 0.6000000000000001, 0.8, -0.19999999999999996, 0.19999999999999996, 0.19999999999999996, 0.3999999999999999, -0.4, 0.0, 0.6000000000000001, 0.0]","{660: (0.19999999999999996, 0.19999999999999996), 610: (0.6000000000000001, 0.6000000000000001), 326: (0.8, 0.8), 782: (-0.19999999999999996, -0.19999999999999996), 367: (0.19999999999999996, 0.19999999999999996), 672: (0.19999999999999996, 0.19999999999999996), 738: (0.3999999999999999, 0.3999999999999999), 805: (-0.4, -0.4), 668: (0.0, 0.0), 375: (0.6000000000000001, 0.6000000000000001), 27: (0.0, 0.0)}",{'dummy': 0.9960647171160988},"[(0.8, 0.8)]","[(-0.8, -0.8)]","[{'dummy': 0.6843501605773553}, {'dummy': 0.6564532747893196}, {'dummy': 0.9886939387296974}, {'dummy': 0.21548757231200255}, {'dummy': 0.41894151475331876}, {'dummy': 0.21405979458005064}, {'dummy': 0.30145000745926864}, {'dummy': 0.00016412833099788138}, {'dummy': 0.09489702067939254}, {'dummy': 0.7404990743095538}]"
