impression,user_id,app_version,model_version,mturk_id,status,NUM_INITIAL_RATINGS,NUM_REFINE_RATINGS,TOTAL_TRAINING_RATINGS,NUM_TEST_RATINGS,TIME_INITIAL,TIME_REFINE,TIME_TEST,random_test_predictions_ratings,good_test_predictions_ratings,hypers,redisplay_check,arbitrary_check
0,8b6fb8e5-a856-404c-a0a3-c7277c696946,4.1-knn-ar-dresses10-test,1.2,A13MAWPV4T44I2,Completed,1,30,31,15,17.940964937210083,208.79995346069336,91.4113461971283,"{382: (0.48846650896482097, 0.8), 275: (0.1929489553680563, 0.19999999999999996), 558: (0.38493653425500574, 0.0), 385: (0.5347367945860545, 0.6000000000000001), 779: (0.19829087779364135, 0.0), 790: (0.40271793633283937, 0.0), 664: (0.6619092108104406, 0.3999999999999999), 113: (0.4584647649564565, 0.19999999999999996), 447: (0.3621869234045603, 0.19999999999999996), 732: (0.4663174863640603, 0.6000000000000001)}","{345: (0.7397662057979513, 0.6000000000000001), 53: (0.7368294222404747, 0.19999999999999996), 772: (0.7350682993662863, 0.6000000000000001), 767: (0.7339638787793492, 0.6000000000000001), 233: (0.7337397523807319, 0.6000000000000001)}",{'dummy': 0.15136030607457784},"[(0.19999999999999996, 0.19999999999999996)]","[(-0.6, -0.6)]"
