impression,user_id,app_version,model_version,mturk_id,status,NUM_INITIAL_RATINGS,NUM_REFINE_RATINGS,TOTAL_TRAINING_RATINGS,NUM_TEST_RATINGS,TIME_INITIAL,TIME_REFINE,TIME_TEST,random_test_predictions_ratings,good_test_predictions_ratings,hypers,redisplay_check,arbitrary_check
0,8b80e637-8934-41f9-9175-57dd2f029f8f,4.1-knn-ar-dresses10-test,1.2,A6U2C66WQ7QQN,Completed,1,40,41,15,25.090294361114502,426.3141551017761,93.91538143157959,"{45: (0.08382109423326382, 0.10000000000000009), 316: (0.15622936930310077, 0.0), 339: (0.02654931900756655, 0.5), 782: (0.27474412899995243, 0.30000000000000004), 64: (0.4706325385179456, 0.6000000000000001), 648: (0.37371701539053925, 0.5), 105: (0.4332021160033806, 0.6000000000000001), 74: (0.6072512741878788, -0.19999999999999996), 178: (0.5474810155960492, 0.3999999999999999), 377: (0.3897163059185447, 0.19999999999999996)}","{169: (0.8646879197465017, 0.3999999999999999), 769: (0.8335961271287258, 0.7), 486: (0.8064756547623562, 0.6000000000000001), 727: (0.8026254461981029, 0.6000000000000001), 691: (0.8011133779520885, 0.19999999999999996)}",{'dummy': 0.36074289113066527},"[(0.3999999999999999, 0.6000000000000001)]","[(-0.6, -0.6)]"
