impression,user_id,app_version,model_version,mturk_id,status,NUM_INITIAL_RATINGS,NUM_REFINE_RATINGS,TOTAL_TRAINING_RATINGS,NUM_TEST_RATINGS,TIME_INITIAL,TIME_REFINE,TIME_TEST,random_test_predictions_ratings,good_test_predictions_ratings,hypers,redisplay_check,arbitrary_check
0,8b872bb8-6b87-43b3-b51b-8e07eeaa1179,4.1-knn-ar-dresses10-test,1.2,AURYD2FH3FUOQ,Completed,1,10,11,15,8.754101753234863,63.864327907562256,81.67004585266113,"{556: (-0.4676749536685395, 0.0), 722: (-0.142201577344807, -0.9), 135: (0.26788670881248144, -1.0), 166: (0.24110751989840917, -1.0), 539: (0.11051612357232328, 0.19999999999999996), 565: (-0.1715921203511282, -0.09999999999999998), 768: (-0.37732105273054506, 0.3999999999999999), 553: (0.18766098662449496, -0.94), 592: (-0.25237471549041646, 0.30000000000000004), 672: (-0.2587867012641829, 0.19999999999999996)}","{767: (0.5372902108572719, -0.19999999999999996), 540: (0.5357552764355862, -0.8), 160: (0.5344010547538718, -0.19999999999999996), 492: (0.5328646656383286, -0.7), 735: (0.519842696914782, -1.0)}",{'dummy': 0.6717288762895037},"[(0.0, 0.19999999999999996)]","[(0.5, -0.6)]"
