impression,user_id,app_version,model_version,status,NUM_INITIAL_RATINGS,NUM_REFINE_RATINGS,TOTAL_TRAINING_RATINGS,NUM_TEST_RATINGS,items_shown,ratings,model_fit,history_dict,hypers,redisplay_check,arbitrary_check,hyper_history
0,8b872bb8-6b87-43b3-b51b-8e07eeaa1179,4.1-knn-ar-dresses10-test,1.2,Started,1,10,11,15,"[194, 93, 268, 38, 507, 315, 500, 108, 431, 174, 316]","[0.0, 0.30000000000000004, -0.6, -1.0, -1.0, -0.84, 0.6000000000000001, 0.24, 0.7, -0.19999999999999996, -1.0]","[0.0, 0.30000000000000004, -0.6, -1.0, -1.0, -0.84, 0.6000000000000001, 0.24, 0.7, -0.19999999999999996, -1.0]","{194: (0.0, 0.0), 93: (0.30000000000000004, 0.30000000000000004), 268: (-0.6, -0.6), 38: (-1.0, -1.0), 507: (-1.0, -1.0), 315: (-0.84, -0.84), 500: (0.6000000000000001, 0.6000000000000001), 108: (0.24, 0.24), 431: (0.7, 0.7), 174: (-0.19999999999999996, -0.19999999999999996), 316: (-1.0, -1.0)}",{'dummy': 0.77341636826954},"[(-0.6, -0.6)]","[(-0.6, -0.8)]","[{'dummy': 0.9335554318605822}, {'dummy': 0.19266894866566187}, {'dummy': 0.39299116468862216}, {'dummy': 0.20040454177672873}, {'dummy': 0.7574442268128141}, {'dummy': 0.3973506124540659}, {'dummy': 0.55963102047883}, {'dummy': 0.6714642114548481}, {'dummy': 0.31394183326078995}, {'dummy': 0.622482928558824}]"
