impression,user_id,app_version,model_version,mturk_id,status,NUM_INITIAL_RATINGS,NUM_REFINE_RATINGS,TOTAL_TRAINING_RATINGS,NUM_TEST_RATINGS,TIME_INITIAL,TIME_REFINE,TIME_TEST,random_test_predictions_ratings,good_test_predictions_ratings,hypers,redisplay_check,arbitrary_check
0,8bbe5980-52b4-4e1f-831d-63e644941e49,4.1-knn-ar-dresses10-test,1.2,A345VDWYMDWTGD,Completed,1,30,31,15,4.222468137741089,92.1948881149292,52.748695611953735,"{215: (-0.6858100230943552, -0.6), 405: (-0.5395286607503273, -0.6), 17: (-0.46509111083959087, -0.4), 533: (-0.6000000000000001, -0.19999999999999996), 34: (-0.4629776061758512, -0.4), 367: (0.4218965279511269, -0.19999999999999996), 84: (-0.14307309067333493, -0.6), 28: (-0.15079134107830386, -0.8), 674: (0.2819509036717269, 0.3999999999999999), 760: (0.37092196975844755, 0.6000000000000001)}","{384: (0.9350258101853157, -0.8), 229: (0.9309288902210956, -0.6), 270: (0.9290660971576209, -0.4), 297: (0.9273265229894148, -0.19999999999999996), 426: (0.9272655010133525, 0.19999999999999996)}",{'dummy': 0.947141600993543},"[(-0.6, -0.19999999999999996)]","[(-0.8, -0.6)]"
