impression,user_id,app_version,model_version,mturk_id,status,NUM_INITIAL_RATINGS,NUM_REFINE_RATINGS,TOTAL_TRAINING_RATINGS,NUM_TEST_RATINGS,TIME_INITIAL,TIME_REFINE,TIME_TEST,random_test_predictions_ratings,good_test_predictions_ratings,hypers,redisplay_check,arbitrary_check
0,8bcddeb1-d34b-4ef2-bd0b-cbcf586790af,4.1-knn-ar-dresses10-test,1.2,A1G6F1HWIS2K2K,Completed,1,20,21,15,18.403910875320435,214.6412124633789,96.25803875923157,"{548: (-0.7051421742934258, -0.19999999999999996), 227: (-0.7304545070313464, -0.4), 367: (-0.028190934126813994, -0.19999999999999996), 30: (-0.10486833122024958, -0.6), 432: (-0.2728887886954948, -0.6), 294: (-0.33565638612984827, -0.6), 771: (-0.10385068899889147, -0.6), 78: (-0.22368503793548938, -0.4), 123: (-0.06340847760104515, -0.6), 590: (0.005501893548451259, 0.8)}","{752: (0.6192096165470984, -0.8), 394: (0.6115630578963526, 0.6000000000000001), 555: (0.6104416490234618, 0.6000000000000001), 404: (0.5640238380737745, -0.8), 242: (0.5369842280895275, 1.0)}",{'dummy': 0.372434998228101},"[(0.8, 0.6000000000000001)]","[(-0.8, -0.6)]"
