impression,user_id,app_version,model_version,mturk_id,status,NUM_INITIAL_RATINGS,NUM_REFINE_RATINGS,TOTAL_TRAINING_RATINGS,NUM_TEST_RATINGS,TIME_INITIAL,TIME_REFINE,TIME_TEST,random_test_predictions_ratings,good_test_predictions_ratings,hypers,redisplay_check,arbitrary_check
0,8c112397-e9cf-4ea2-9da9-6f519640e9de,4.1-knn-ar-dresses10-test,1.2,AKH6KB905WB72,Completed,1,40,41,15,15.153499841690063,368.50417923927307,156.2500102519989,"{675: (-0.5677349683097694, 0.19999999999999996), 40: (-0.3544033922848724, -0.19999999999999996), 353: (-0.3851168194014286, -0.6), 778: (0.038323191459233776, -0.6), 296: (0.22214690050813624, 0.0), 339: (-0.5540442754452798, -0.8), 201: (0.038021617406481654, -0.8), 734: (-0.29799323497187796, -0.19999999999999996), 472: (-0.022516935201075332, -0.4), 546: (-0.05195490626983919, 0.3999999999999999)}","{35: (0.6736942214274874, 0.3999999999999999), 764: (0.6624319795831816, -0.19999999999999996), 517: (0.6582379710331429, -0.4), 18: (0.5951083545942871, 0.3999999999999999), 523: (0.5878111690543898, 0.19999999999999996)}",{'dummy': 0.9091567913305407},"[(-0.8, -0.8)]","[(-0.6, -0.6)]"
