impression,user_id,app_version,model_version,mturk_id,status,NUM_INITIAL_RATINGS,NUM_REFINE_RATINGS,TOTAL_TRAINING_RATINGS,NUM_TEST_RATINGS,TIME_INITIAL,TIME_REFINE,TIME_TEST,random_test_predictions_ratings,good_test_predictions_ratings,hypers,redisplay_check,arbitrary_check
0,8ca53b57-56bd-4897-88e8-af99016b08d4,4.1-knn-ar-dresses10-test,1.2,A1F1BIPJR11LSR,Completed,1,50,51,15,5.917665243148804,162.53031253814697,66.47155833244324,"{431: (0.325271603379667, 0.6000000000000001), 27: (-0.004405879082038331, 0.0), 37: (0.406833472839886, 0.19999999999999996), 554: (0.20976756231060315, 0.8), 586: (0.6000000000000001, 0.6000000000000001), 684: (0.652749798964717, 0.3999999999999999), 381: (0.1330949575253767, 0.8), 652: (0.2580030482086629, 1.0), 293: (0.4047101616990078, 0.3999999999999999), 417: (0.7304755324468836, 0.8)}","{205: (0.874298841861379, 0.3999999999999999), 78: (0.8642230361359042, 0.6000000000000001), 137: (0.8581519025972041, 0.8), 136: (0.8562430980657543, 0.19999999999999996), 349: (0.8561634551076507, 0.19999999999999996)}",{'dummy': 0.422494461774099},"[(0.6000000000000001, 0.6000000000000001)]","[(0.3999999999999999, -0.6)]"
