impression,user_id,app_version,model_version,mturk_id,status,NUM_INITIAL_RATINGS,NUM_REFINE_RATINGS,TOTAL_TRAINING_RATINGS,NUM_TEST_RATINGS,TIME_INITIAL,TIME_REFINE,TIME_TEST,random_test_predictions_ratings,good_test_predictions_ratings,hypers,redisplay_check,arbitrary_check
0,8d1604e6-fc44-421d-80a4-0bfa6ffb338d,4.1-knn-ar-dresses10-test,1.2,A2DDNXODLMMVE0,Completed,1,30,31,15,10.41183853149414,125.97348284721375,64.53745174407959,"{12: (0.6797456697985534, 1.0), 581: (0.5994250076015109, 0.8), 414: (0.40102384813849307, 0.19999999999999996), 711: (0.13301047355184445, 0.8), 637: (0.2762997962290378, 0.8), 757: (0.6000000000000001, 0.3999999999999999), 301: (0.4945693035302092, 0.6000000000000001), 84: (-0.05458757094776059, -0.19999999999999996), 421: (0.19677769916403112, -0.8), 100: (0.22238247806525102, 0.0)}","{439: (0.7396390602154201, -0.6), 768: (0.7368889767839593, 0.8), 147: (0.7357251097361486, 0.8), 684: (0.7344706000100157, 0.8), 270: (0.7344311603368505, 0.6000000000000001)}",{'dummy': 0.4333628385287225},"[(1.0, 0.8)]","[(0.3999999999999999, -0.6)]"
