impression,user_id,app_version,model_version,mturk_id,status,NUM_INITIAL_RATINGS,NUM_REFINE_RATINGS,TOTAL_TRAINING_RATINGS,NUM_TEST_RATINGS,TIME_INITIAL,TIME_REFINE,TIME_TEST,random_test_predictions_ratings,good_test_predictions_ratings,hypers,redisplay_check,arbitrary_check
0,8e6ac172-ad53-41bd-9f71-11265a0876f0,4.1-knn-ar-dresses10-test,1.2,A9G7LHA14B6K3,Completed,1,40,41,15,21.65736413002014,318.0604290962219,119.77395272254944,"{506: (-0.46621654530035933, -0.4), 169: (-0.4654108310484668, -0.6), 783: (-0.5971444898560139, 0.19999999999999996), 257: (0.2650312468440394, -0.4), 387: (-0.4757989532505227, -0.4), 388: (-0.5890347963747368, -0.8), 677: (-0.5315317146289359, -0.8), 138: (-0.668325870112274, -0.8), 500: (-0.10745180200357138, 0.0), 71: (-0.43551161861580845, -0.8)}","{408: (0.2751329491690061, 0.0), 446: (0.27273924972823504, 0.0), 300: (0.27143767170418814, -0.8), 453: (0.2703605761860327, -0.19999999999999996), 645: (0.2700067572072245, 0.0)}",{'dummy': 0.5847961919029826},"[(-0.8, -0.8)]","[(-0.19999999999999996, -0.6)]"
