impression,user_id,app_version,model_version,status,NUM_INITIAL_RATINGS,NUM_REFINE_RATINGS,TOTAL_TRAINING_RATINGS,NUM_TEST_RATINGS,items_shown,ratings,model_fit,history_dict,hypers,redisplay_check,arbitrary_check,hyper_history
0,8f1719ad-6b68-418b-90c9-2aca97facaaa,4.1-knn-ar-dresses10-test,1.2,Started,1,20,21,15,"[538, 578, 769, 201, 411, 164, 720, 331, 727, 35, 522, 135, 274, 330, 264, 271, 267, 116, 212, 619, 413]","[-0.4, -0.19999999999999996, 0.6000000000000001, -0.4, -0.8, -0.6, -0.4, -0.19999999999999996, 0.0, 0.0, 0.19999999999999996, -0.8, -0.6, 0.6000000000000001, -0.6, -0.8, 0.6000000000000001, -0.6, 0.3999999999999999, 0.0, 0.19999999999999996]","[-0.4, -0.19999999999999996, 0.6000000000000001, -0.4, -0.8, -0.6, -0.4, -0.19999999999999996, 0.0, 0.0, 0.19999999999999996, -0.8, -0.6, 0.6000000000000001, -0.6, -0.8, 0.6000000000000001, -0.6, 0.3999999999999999, 0.0, 0.19999999999999996]","{538: (-0.4, -0.4), 578: (-0.19999999999999996, -0.19999999999999996), 769: (0.6000000000000001, 0.6000000000000001), 201: (-0.4, -0.4), 411: (-0.8, -0.8), 164: (-0.6, -0.6), 720: (-0.4, -0.4), 331: (-0.19999999999999996, -0.19999999999999996), 727: (0.0, 0.0), 35: (0.0, 0.0), 522: (0.19999999999999996, 0.19999999999999996), 135: (-0.8, -0.8), 274: (-0.6, -0.6), 330: (0.6000000000000001, 0.6000000000000001), 264: (-0.6, -0.6), 271: (-0.8, -0.8), 267: (0.6000000000000001, 0.6000000000000001), 116: (-0.6, -0.6), 212: (0.3999999999999999, 0.3999999999999999), 619: (0.0, 0.0), 413: (0.19999999999999996, 0.19999999999999996)}",{'dummy': 0.0026913444284560883},"[(0.6000000000000001, 0.6000000000000001)]","[(0.0, -0.8)]","[{'dummy': 0.045329403657489276}, {'dummy': 0.4363465429939979}, {'dummy': 0.5736551672697782}, {'dummy': 0.7355837344149423}, {'dummy': 0.4164174062521745}, {'dummy': 0.5939908924018387}, {'dummy': 0.4863170383244655}, {'dummy': 0.6802817925175909}, {'dummy': 0.8957215314883317}, {'dummy': 0.33139238632475865}, {'dummy': 0.630271804245219}, {'dummy': 0.770203759552832}, {'dummy': 0.8079999502447841}, {'dummy': 0.14231876733426607}, {'dummy': 0.8473718788657818}, {'dummy': 0.37881876918841284}, {'dummy': 0.05003865404921093}, {'dummy': 0.7183991809141346}, {'dummy': 0.7591462557859392}, {'dummy': 0.6606897500976}]"
