impression,user_id,app_version,model_version,mturk_id,status,NUM_INITIAL_RATINGS,NUM_REFINE_RATINGS,TOTAL_TRAINING_RATINGS,NUM_TEST_RATINGS,TIME_INITIAL,TIME_REFINE,TIME_TEST,random_test_predictions_ratings,good_test_predictions_ratings,hypers,redisplay_check,arbitrary_check
0,8f363f1b-b733-4737-b47f-00aebe1466d1,4.1-knn-ar-dresses10-test,1.2,A2X8VEGNRIT7P9,Completed,1,30,31,15,6.998205661773682,168.0726387500763,87.09426379203796,"{9: (-0.4352424221085656, 0.6000000000000001), 46: (0.23874298455985782, -0.19999999999999996), 664: (-0.49142438118103954, 0.0), 485: (-0.27628117275082215, -0.6), 333: (0.16325416347975966, 0.19999999999999996), 220: (-0.06597119996051194, 0.0), 499: (0.03216970067372453, -0.8), 189: (-0.0716910866629779, -0.4), 267: (-0.09579623178999523, 0.3999999999999999), 433: (-0.09748301996749995, 0.0)}","{489: (0.8170291232236105, 0.0), 396: (0.816198878629758, 0.0), 493: (0.8147139589257641, -0.4), 364: (0.8135940564030875, 0.3999999999999999), 529: (0.7407426920448771, -1.0)}",{'dummy': 0.5236209510076238},"[(0.19999999999999996, 0.3999999999999999)]","[(-0.6, -0.6)]"
