impression,user_id,app_version,model_version,mturk_id,status,NUM_INITIAL_RATINGS,NUM_REFINE_RATINGS,TOTAL_TRAINING_RATINGS,NUM_TEST_RATINGS,TIME_INITIAL,TIME_REFINE,TIME_TEST,random_test_predictions_ratings,good_test_predictions_ratings,hypers,redisplay_check,arbitrary_check
0,9064ede8-c0fc-4427-a6a1-aeaa6a09801a,4.1-knn-ar-dresses10-test,1.2,A3OBX0VX5W6VFJ,Completed,1,20,21,15,9.659457445144653,202.76518726348877,1340.8699760437012,"{647: (0.5098050040927056, 0.3999999999999999), 766: (0.0014902303650451232, 0.6000000000000001), 659: (0.0, -0.19999999999999996), 203: (-0.18404176869001754, -0.8), 108: (0.02942978304467505, -0.6), 354: (-0.1042866069018124, -0.6), 449: (-0.0760429520528812, 0.8), 492: (0.08460347476004337, -0.8), 268: (-0.2027421101291755, -0.19999999999999996), 567: (0.20949546385208617, 0.6000000000000001)}","{757: (0.5569088679203644, 0.6000000000000001), 677: (0.5569054587592683, 0.3999999999999999), 93: (0.5554346279725191, 0.8), 50: (0.5544353422075899, 0.8), 315: (0.5520396131308499, -0.8)}",{'dummy': 0.22685711556646004},"[(0.8, 0.8)]","[(-0.4, -0.6)]"
