impression,user_id,app_version,model_version,mturk_id,status,NUM_INITIAL_RATINGS,NUM_REFINE_RATINGS,TOTAL_TRAINING_RATINGS,NUM_TEST_RATINGS,TIME_INITIAL,TIME_REFINE,TIME_TEST,random_test_predictions_ratings,good_test_predictions_ratings,hypers,redisplay_check,arbitrary_check
0,9088d789-73f6-43bf-b9ab-0542a8fb0c9d,4.1-knn-ar-dresses10-test,1.2,A235DXY5FJN0IW,Completed,1,10,11,15,11.773788928985596,34.798898220062256,96.16377305984497,"{277: (0.18898072862064771, 0.19999999999999996), 509: (0.020728168234237836, -0.4), 361: (0.041923614641267225, 0.0), 165: (0.3342301530685629, 0.6000000000000001), 218: (-0.06067849984866552, 0.3999999999999999), 600: (0.3293621775738625, 0.6000000000000001), 462: (-0.01646820866571992, 0.19999999999999996), 751: (-0.02351682794792039, 0.6000000000000001), 733: (-0.009875186537476058, -0.6), 177: (-0.1746614421625592, -0.19999999999999996)}","{624: (0.5311926480334608, 0.19999999999999996), 12: (0.4317701726271259, 0.0), 18: (0.41171711409986533, -0.4), 170: (0.4021702520041045, 0.0), 37: (0.3960721396921465, -0.19999999999999996)}",{'dummy': 0.06555162649364266},"[(-0.6, -0.4)]","[(0.0, -0.6)]"
