impression,user_id,app_version,model_version,status,NUM_INITIAL_RATINGS,NUM_REFINE_RATINGS,TOTAL_TRAINING_RATINGS,NUM_TEST_RATINGS,items_shown,ratings,model_fit,history_dict,hypers,redisplay_check,arbitrary_check,hyper_history
0,91480019-8774-425c-88d9-e8f161895cf5,4.1-knn-ar-dresses10-test,1.2,Started,1,10,11,15,"[27, 249, 72, 313, 389, 150, 115, 93, 420, 132, 762]","[0.0, 0.19999999999999996, -0.6, -0.19999999999999996, -0.4, -0.4, 0.0, -0.6, 0.0, -0.19999999999999996, 0.19999999999999996]","[0.0, 0.19999999999999996, -0.6, -0.19999999999999996, -0.4, -0.4, 0.0, -0.6, 0.0, -0.19999999999999996, 0.19999999999999996]","{27: (0.0, 0.0), 249: (0.19999999999999996, 0.19999999999999996), 72: (-0.6, -0.6), 313: (-0.19999999999999996, -0.19999999999999996), 389: (-0.4, -0.4), 150: (-0.4, -0.4), 115: (0.0, 0.0), 93: (-0.6, -0.6), 420: (0.0, 0.0), 132: (-0.19999999999999996, -0.19999999999999996), 762: (0.19999999999999996, 0.19999999999999996)}",{'dummy': 0.867133818486643},"[(-0.4, -0.6)]","[(-0.4, -0.8)]","[{'dummy': 0.15158808662740453}, {'dummy': 0.12652612181228196}, {'dummy': 0.02488700240187447}, {'dummy': 0.9298014433074087}, {'dummy': 0.33403311951998893}, {'dummy': 0.7082299859313813}, {'dummy': 0.7103757835580449}, {'dummy': 0.46776929526229505}, {'dummy': 0.09193188643442796}, {'dummy': 0.817121384690162}]"
