impression,user_id,app_version,model_version,mturk_id,status,NUM_INITIAL_RATINGS,NUM_REFINE_RATINGS,TOTAL_TRAINING_RATINGS,NUM_TEST_RATINGS,TIME_INITIAL,TIME_REFINE,TIME_TEST,random_test_predictions_ratings,good_test_predictions_ratings,hypers,redisplay_check,arbitrary_check
0,9233f127-5119-441d-becf-f7674bfd503e,4.1-knn-ar-dresses10-test,1.2,A1B1J0BQ44ZV72,Completed,1,50,51,15,10.369672536849976,335.6864218711853,82.75460600852966,"{464: (-0.3465070841929716, -0.4), 630: (-0.4972421813322754, -1.0), 641: (-0.3194435797425155, -0.6), 115: (0.09316907313483097, 0.3999999999999999), 3: (-0.48556450699962983, -0.19999999999999996), 489: (-0.4999116727972881, -1.0), 663: (0.30415591036989587, 0.3999999999999999), 125: (-0.3166326911679164, -0.8), 633: (-0.7294047762562584, 0.0), 443: (-0.12292993860505619, -0.8)}","{212: (0.7518461927250908, 0.19999999999999996), 597: (0.7439588234814164, 0.3999999999999999), 598: (0.6061879730159466, 0.3999999999999999), 523: (0.601199911592084, 0.19999999999999996), 386: (0.5962390556512724, -0.4)}",{'dummy': 0.0575435607929603},"[(0.19999999999999996, 0.19999999999999996)]","[(0.6000000000000001, -0.6)]"
