impression,user_id,app_version,model_version,mturk_id,status,NUM_INITIAL_RATINGS,NUM_REFINE_RATINGS,TOTAL_TRAINING_RATINGS,NUM_TEST_RATINGS,TIME_INITIAL,TIME_REFINE,TIME_TEST,random_test_predictions_ratings,good_test_predictions_ratings,hypers,redisplay_check,arbitrary_check
0,93d27dc1-c944-4c0b-ab45-8453b382be0e,4.1-knn-ar-dresses10-test,1.2,A5Z9DOJRPICW1,Completed,1,40,41,15,9.381824970245361,211.53078508377075,90.88092422485352,"{215: (-0.24222009792178295, -0.4), 730: (-0.37568034798906513, -1.0), 380: (-0.2927340783561836, 0.0), 358: (-1.0, -0.8), 186: (-0.7128890597923199, -1.0), 123: (-0.880657173294566, -0.8), 771: (-0.7297784126371314, -0.19999999999999996), 235: (-0.5288207080962823, -0.8), 53: (-0.26592751263882436, -1.0), 744: (-0.473891019340894, -1.0)}","{545: (0.21918620789061136, 0.3999999999999999), 414: (0.20026902527733884, 0.8), 149: (0.18503942893795394, 0.3999999999999999), 7: (0.1843313489342018, 0.6000000000000001), 211: (0.16045384931117704, -0.6)}",{'dummy': 0.09742465715854576},"[(0.0, -0.4)]","[(-0.8, -0.6)]"
