impression,user_id,app_version,model_version,mturk_id,status,NUM_INITIAL_RATINGS,NUM_REFINE_RATINGS,TOTAL_TRAINING_RATINGS,NUM_TEST_RATINGS,TIME_INITIAL,TIME_REFINE,TIME_TEST,random_test_predictions_ratings,good_test_predictions_ratings,hypers,redisplay_check,arbitrary_check
0,942b2bd2-879f-46ca-8c46-d013dac1cc29,4.1-knn-ar-dresses10-test,1.2,A3LJ5FJIXEEGXQ,Completed,1,10,11,15,20.162550687789917,77.86857914924622,87.53806400299072,"{389: (-0.04287955658501979, 0.3999999999999999), 610: (-0.20697696770672175, 0.0), 342: (-0.13326226813759037, -0.6), 619: (-0.19121855300171328, 0.0), 400: (-0.10261614480212433, -0.19999999999999996), 699: (0.31305608867465806, 0.30000000000000004), 170: (0.04240147197659498, -0.4), 717: (0.23906795849190965, 0.19999999999999996), 525: (0.6660368307440168, 0.19999999999999996), 667: (0.4172524272599948, -0.4)}","{218: (0.7087689658244924, 0.19999999999999996), 403: (0.7040116924637639, 0.6000000000000001), 137: (0.6961604569420082, 0.19999999999999996), 594: (0.6940283484877203, 0.19999999999999996), 576: (0.6923514645182347, 0.30000000000000004)}",{'dummy': 0.5984933250012564},"[(0.19999999999999996, 0.19999999999999996)]","[(0.3999999999999999, -0.6)]"
