impression,user_id,app_version,model_version,status,NUM_INITIAL_RATINGS,NUM_REFINE_RATINGS,TOTAL_TRAINING_RATINGS,NUM_TEST_RATINGS,items_shown,ratings,model_fit,history_dict,hypers,redisplay_check,arbitrary_check,hyper_history
0,944eb19c-c2c1-47b4-bcf0-5cc0534b0144,4.1-knn-ar-dresses10-test,1.2,Started,1,20,21,15,"[664, 515, 72, 164, 52, 777, 175, 233, 8, 77, 420, 39, 670, 764, 427, 171, 583, 619, 255, 212, 667]","[0.6000000000000001, -0.4, -0.6, -0.6, 0.3999999999999999, -0.6, -0.8, 0.30000000000000004, 0.30000000000000004, 0.5, 0.7, 0.0, -0.19999999999999996, -0.6, -0.19999999999999996, 0.3999999999999999, -0.8, 0.0, -0.6, -0.19999999999999996, 0.0]","[0.6000000000000001, -0.4, -0.6, -0.6, 0.3999999999999999, -0.6, -0.8, 0.30000000000000004, 0.30000000000000004, 0.5, 0.7, 0.0, -0.19999999999999996, -0.6, -0.19999999999999996, 0.3999999999999999, -0.8, 0.0, -0.6, -0.19999999999999996, 0.0]","{664: (0.6000000000000001, 0.6000000000000001), 515: (-0.4, -0.4), 72: (-0.6, -0.6), 164: (-0.6, -0.6), 52: (0.3999999999999999, 0.3999999999999999), 777: (-0.6, -0.6), 175: (-0.8, -0.8), 233: (0.30000000000000004, 0.30000000000000004), 8: (0.30000000000000004, 0.30000000000000004), 77: (0.5, 0.5), 420: (0.7, 0.7), 39: (0.0, 0.0), 670: (-0.19999999999999996, -0.19999999999999996), 764: (-0.6, -0.6), 427: (-0.19999999999999996, -0.19999999999999996), 171: (0.3999999999999999, 0.3999999999999999), 583: (-0.8, -0.8), 619: (0.0, 0.0), 255: (-0.6, -0.6), 212: (-0.19999999999999996, -0.19999999999999996), 667: (0.0, 0.0)}",{'dummy': 0.5394459548346355},"[(-0.6, -0.6)]","[(0.6000000000000001, -0.8)]","[{'dummy': 0.8177684690631132}, {'dummy': 0.933431606018502}, {'dummy': 0.008402792647362656}, {'dummy': 0.3181413571397377}, {'dummy': 0.5911675747726612}, {'dummy': 0.5161523294283413}, {'dummy': 0.41681218036793843}, {'dummy': 0.22835850400137336}, {'dummy': 0.685235829779167}, {'dummy': 0.2756305032223564}, {'dummy': 0.7737742452583595}, {'dummy': 0.823938622280239}, {'dummy': 0.5335295272052895}, {'dummy': 0.5506587471031265}, {'dummy': 0.4137268488125886}, {'dummy': 0.7195578085833234}, {'dummy': 0.461633327554699}, {'dummy': 0.6023028626244508}, {'dummy': 0.06959514135926859}, {'dummy': 0.510231922607904}]"
