impression,user_id,app_version,model_version,mturk_id,status,NUM_INITIAL_RATINGS,NUM_REFINE_RATINGS,TOTAL_TRAINING_RATINGS,NUM_TEST_RATINGS,TIME_INITIAL,TIME_REFINE,TIME_TEST,random_test_predictions_ratings,good_test_predictions_ratings,hypers,redisplay_check,arbitrary_check
0,954cac6f-117c-43bd-b6c2-c5a282e40f89,4.1-knn-ar-dresses10-test,1.2,A3RNGN5WLE1OBU,Completed,1,40,41,15,14.161526441574097,300.0346281528473,81.23988199234009,"{311: (-0.19825944078783564, -0.4), 633: (-0.46377341441758324, -0.4), 761: (-0.2518439903396665, -0.4), 759: (-0.3173169392575008, -0.4), 567: (-0.5624847103664058, -0.4), 421: (-0.2515583738708397, 0.0), 78: (-0.005122635593947793, -0.4), 55: (-0.3329589548174725, -0.6), 581: (-0.20460271432639812, -0.6), 797: (-0.27212076404988433, -0.6)}","{778: (0.09001736493959095, -0.4), 576: (0.08623370217424804, -0.6), 137: (0.08589267802062966, -0.6), 136: (0.07942282795452234, -0.4), 70: (0.07923147226789425, -0.6)}",{'dummy': 0.6370140017641827},"[(-0.4, -0.4)]","[(-0.4, -0.6)]"
