impression,user_id,app_version,model_version,status,NUM_INITIAL_RATINGS,NUM_REFINE_RATINGS,TOTAL_TRAINING_RATINGS,NUM_TEST_RATINGS,items_shown,ratings,model_fit,history_dict,hypers,redisplay_check,arbitrary_check,hyper_history
0,9762a16b-b1e1-4b58-aa81-e26cbb5763bc,4.1-knn-ar-dresses10-test,1.2,Started,1,10,11,15,"[752, 537, 643, 167, 578, 479, 518, 804, 48, 431, 380]","[0.19999999999999996, 0.8, 0.6000000000000001, 0.0, 0.8, -0.4, 1.0, 0.0, 0.8, 0.3999999999999999, 0.0]","[0.19999999999999996, 0.8, 0.6000000000000001, 0.0, 0.8, -0.4, 1.0, 0.0, 0.8, 0.3999999999999999, 0.0]","{752: (0.19999999999999996, 0.19999999999999996), 537: (0.8, 0.8), 643: (0.6000000000000001, 0.6000000000000001), 167: (0.0, 0.0), 578: (0.8, 0.8), 479: (-0.4, -0.4), 518: (1.0, 1.0), 804: (0.0, 0.0), 48: (0.8, 0.8), 431: (0.3999999999999999, 0.3999999999999999), 380: (0.0, 0.0)}",{'dummy': 0.6423904219646847},"[(0.0, 0.6000000000000001)]","[(0.19999999999999996, -0.8)]","[{'dummy': 0.7147125925683357}, {'dummy': 0.3593732185838042}, {'dummy': 0.03606484289478251}, {'dummy': 0.860975368096636}, {'dummy': 0.8820248331046181}, {'dummy': 0.8129110083183695}, {'dummy': 0.4261906258094408}, {'dummy': 0.24503229742985122}, {'dummy': 0.5450675135414081}, {'dummy': 0.3922311110245603}]"
