impression,user_id,app_version,model_version,mturk_id,status,NUM_INITIAL_RATINGS,NUM_REFINE_RATINGS,TOTAL_TRAINING_RATINGS,NUM_TEST_RATINGS,TIME_INITIAL,TIME_REFINE,TIME_TEST,random_test_predictions_ratings,good_test_predictions_ratings,hypers,redisplay_check,arbitrary_check
0,987fabe4-b30f-4471-8e6b-56fe025ddd9c,4.1-knn-ar-dresses10-test,1.2,AH31QLJ57XC8W,Completed,1,50,51,15,5.481287002563477,169.48785614967346,36.5518798828125,"{754: (-0.05508748917747726, -0.19999999999999996), 745: (-0.10448438065053843, -0.19999999999999996), 770: (-0.2856106124699197, 0.19999999999999996), 591: (-0.34840472436334147, 0.0), 80: (-0.20340680740628042, -0.19999999999999996), 782: (-0.31165471782863735, 0.0), 566: (-0.16696087760856806, 0.0), 230: (-0.19383670568436376, -0.19999999999999996), 326: (-0.18955855420562376, -0.19999999999999996), 751: (0.0, 0.19999999999999996)}","{652: (0.19999999999999998, -0.19999999999999996), 752: (0.19999999999999996, 0.0), 43: (0.19999999999999996, 0.0), 148: (0.14911841036898987, -0.19999999999999996), 555: (0.14856973820042133, 0.0)}",{'dummy': 0.23390890629897154},"[(0.0, -0.19999999999999996)]","[(-0.19999999999999996, -0.6)]"
