impression,user_id,app_version,model_version,mturk_id,status,NUM_INITIAL_RATINGS,NUM_REFINE_RATINGS,TOTAL_TRAINING_RATINGS,NUM_TEST_RATINGS,TIME_INITIAL,TIME_REFINE,TIME_TEST,random_test_predictions_ratings,good_test_predictions_ratings,hypers,redisplay_check,arbitrary_check
0,98b7a1a3-00b4-481d-b127-bf9f2d0ba992,4.1-knn-ar-dresses10-test,1.2,A2A95LW49NBG2E,Completed,1,30,31,15,18.3224196434021,235.04661107063293,116.21700501441956,"{153: (-0.2666915650555072, -0.8), 177: (-0.1285514175011028, -0.6), 605: (0.008447969638750464, 0.8), 631: (-0.6007654724528491, 0.6000000000000001), 431: (-0.6006542941608791, -0.8), 363: (-0.1573074499097365, -0.6), 311: (0.4463547451710831, -0.8), 520: (-0.03352791950624112, -0.6), 37: (-0.4206940813876615, -0.6), 218: (0.3827336196080119, 0.0)}","{597: (0.8174945696584568, 0.19999999999999996), 362: (0.8123044969441999, 0.6000000000000001), 608: (0.8075406976113612, -0.4), 32: (0.6871736601725245, 0.8), 343: (0.6811848718267234, -0.4)}",{'dummy': 0.6183174659421505},"[(-0.4, 0.0)]","[(-0.6, -0.6)]"
