impression,user_id,app_version,model_version,mturk_id,status,NUM_INITIAL_RATINGS,NUM_REFINE_RATINGS,TOTAL_TRAINING_RATINGS,NUM_TEST_RATINGS,TIME_INITIAL,TIME_REFINE,TIME_TEST,random_test_predictions_ratings,good_test_predictions_ratings,hypers,redisplay_check,arbitrary_check
0,990a690b-d0f8-4531-8527-eb6732a23394,4.1-knn-ar-dresses10-test,1.2,A368366DSK3KW6,Completed,1,10,11,15,7.961324453353882,55.50926160812378,79.64517855644226,"{123: (0.4029153211971699, 0.0), 281: (-0.11407972847573171, 0.19999999999999996), 272: (-0.350206429031388, -0.6), 412: (-0.3159562276827376, -1.0), 362: (0.3346203787465881, 0.6000000000000001), 133: (0.507275434412785, 0.8), 786: (-0.009907005216476803, -0.19999999999999996), 381: (-0.38991229865083754, -0.6), 592: (-0.30570895841783674, 0.6000000000000001), 789: (-0.41973130281215637, 0.10000000000000009)}","{151: (0.5346843870396698, 0.5), 343: (0.5327619257243676, 0.30000000000000004), 402: (0.5313239211211405, 0.6000000000000001), 247: (0.5306006186165332, -0.19999999999999996), 6: (0.5299949074394258, 0.0)}",{'dummy': 0.27430827704875116},"[(-1.0, -1.0)]","[(-0.19999999999999996, -0.6)]"
