impression,user_id,app_version,model_version,mturk_id,status,NUM_INITIAL_RATINGS,NUM_REFINE_RATINGS,TOTAL_TRAINING_RATINGS,NUM_TEST_RATINGS,TIME_INITIAL,TIME_REFINE,TIME_TEST,random_test_predictions_ratings,good_test_predictions_ratings,hypers,redisplay_check,arbitrary_check
0,995bf5c3-f0f0-4f55-b838-0dcad142ff45,4.1-knn-ar-dresses10-test,1.2,AYPOAY43REHC8,Completed,1,30,31,15,386.21524691581726,394.43103313446045,25.780471801757812,"{25: (-0.08959776616704193, -0.6), 307: (-0.13817421767683358, 0.0), 290: (0.15589005109830903, -0.8), 7: (-0.5282549125030985, 0.3999999999999999), 471: (-0.5061135391411434, -0.4), 197: (-0.24757105829082657, 0.19999999999999996), 557: (-0.5962301738415491, 0.0), 59: (-0.06383415651183885, 0.19999999999999996), 625: (0.20171834852854514, -0.19999999999999996), 6: (-0.39009344621169395, 0.3999999999999999)}","{127: (0.6334600341590321, -0.19999999999999996), 425: (0.5996440536107065, 0.0), 773: (0.5590519796605342, 0.0), 40: (0.544445447711583, -0.4), 532: (0.5426112720576298, 0.0)}",{'dummy': 0.591372120582185},"[(-0.8, -0.19999999999999996)]","[(-0.8, -0.6)]"
