impression,user_id,app_version,model_version,mturk_id,status,NUM_INITIAL_RATINGS,NUM_REFINE_RATINGS,TOTAL_TRAINING_RATINGS,NUM_TEST_RATINGS,TIME_INITIAL,TIME_REFINE,TIME_TEST,random_test_predictions_ratings,good_test_predictions_ratings,hypers,redisplay_check,arbitrary_check
0,998abf05-04c9-4bd2-b0be-64547531e278,4.1-knn-ar-dresses10-test,1.2,A1PXBCO9WR06Z7,Completed,1,50,51,15,18.845627069473267,309.71757769584656,72.10003304481506,"{644: (-0.10240798546549122, 0.0), 50: (-0.13124247881487577, -0.19999999999999996), 674: (-0.07462211854423637, -0.4), 275: (-0.2596057404602757, 0.0), 26: (-0.1412165873348973, -0.4), 563: (-0.46301886339612025, -0.19999999999999996), 172: (-0.17366306295429065, 0.0), 577: (-0.13968107005643746, 0.3999999999999999), 735: (-0.3262941927566295, -0.19999999999999996), 592: (-0.18602505269835382, 0.0)}","{757: (0.3460995867715022, 0.3999999999999999), 147: (0.3317476479354819, 0.3999999999999999), 343: (0.31875731112588374, 0.3999999999999999), 503: (0.292603970166391, 0.19999999999999996), 395: (0.2895543933360994, -0.19999999999999996)}",{'dummy': 0.7025328447762936},"[(0.0, 0.0)]","[(0.3999999999999999, -0.6)]"
