impression,user_id,app_version,model_version,mturk_id,status,NUM_INITIAL_RATINGS,NUM_REFINE_RATINGS,TOTAL_TRAINING_RATINGS,NUM_TEST_RATINGS,TIME_INITIAL,TIME_REFINE,TIME_TEST,random_test_predictions_ratings,good_test_predictions_ratings,hypers,redisplay_check,arbitrary_check
0,99c8aab8-b4c9-4842-9dcb-033eb9ca4b41,4.1-knn-ar-dresses10-test,1.2,A1QG4N21BF61PC,Completed,1,10,11,15,10.116269826889038,87.71559238433838,103.31098079681396,"{75: (0.3480846038991923, 0.0), 111: (0.6000000000000001, -0.4), 434: (-0.03211089863271435, -0.6), 305: (0.4027593169828059, 0.19999999999999996), 387: (0.456148417295919, 0.19999999999999996), 42: (-0.4262291510614861, -0.4), 608: (0.15617207698695162, 0.6000000000000001), 813: (0.3449793864084956, -0.4), 174: (0.010939404408307393, -0.19999999999999996), 261: (-0.02388336164593449, -0.6)}","{235: (0.6000000000000002, 0.19999999999999996), 759: (0.6000000000000002, 0.3999999999999999), 789: (0.6000000000000002, 0.8), 270: (0.6000000000000002, -0.19999999999999996), 123: (0.6000000000000002, 0.6000000000000001)}",{'dummy': 0.15384176100913294},"[(0.0, 0.19999999999999996)]","[(0.8, -0.6)]"
