impression,user_id,app_version,model_version,status,NUM_INITIAL_RATINGS,NUM_REFINE_RATINGS,TOTAL_TRAINING_RATINGS,NUM_TEST_RATINGS,items_shown,ratings,model_fit,history_dict,hypers,redisplay_check,arbitrary_check,hyper_history
0,99c8aab8-b4c9-4842-9dcb-033eb9ca4b41,4.1-knn-ar-dresses10-test,1.2,Started,1,10,11,15,"[677, 208, 253, 13, 61, 416, 154, 469, 496, 409, 163]","[0.6000000000000001, 0.19999999999999996, 0.0, 0.0, -0.19999999999999996, -0.6, 0.6000000000000001, 0.6000000000000001, 0.3999999999999999, -0.4, 0.6000000000000001]","[0.6000000000000001, 0.19999999999999996, 0.0, 0.0, -0.19999999999999996, -0.6, 0.6000000000000001, 0.6000000000000001, 0.3999999999999999, -0.4, 0.6000000000000001]","{677: (0.6000000000000001, 0.6000000000000001), 208: (0.19999999999999996, 0.19999999999999996), 253: (0.0, 0.0), 13: (0.0, 0.0), 61: (-0.19999999999999996, -0.19999999999999996), 416: (-0.6, -0.6), 154: (0.6000000000000001, 0.6000000000000001), 469: (0.6000000000000001, 0.6000000000000001), 496: (0.3999999999999999, 0.3999999999999999), 409: (-0.4, -0.4), 163: (0.6000000000000001, 0.6000000000000001)}",{'dummy': 0.647936714448911},"[(0.0, 0.0)]","[(-0.19999999999999996, -0.8)]","[{'dummy': 0.20950394652655602}, {'dummy': 0.5912103876780145}, {'dummy': 0.40524098521976737}, {'dummy': 0.8392809025124729}, {'dummy': 0.43259709446954375}, {'dummy': 0.556797561530204}, {'dummy': 0.1334373353986782}, {'dummy': 0.06871684135220613}, {'dummy': 0.07004533213105102}, {'dummy': 0.6586660564650441}]"
