impression,user_id,app_version,model_version,mturk_id,status,NUM_INITIAL_RATINGS,NUM_REFINE_RATINGS,TOTAL_TRAINING_RATINGS,NUM_TEST_RATINGS,TIME_INITIAL,TIME_REFINE,TIME_TEST,random_test_predictions_ratings,good_test_predictions_ratings,hypers,redisplay_check,arbitrary_check
0,9a6c2a6e-259b-49dd-b7c0-e079f4079569,4.1-knn-ar-dresses10-test,1.2,A15I6Y5WBI6QRV,Completed,1,20,21,15,29.254307746887207,351.41551089286804,287.43854451179504,"{476: (0.12733310115669402, -0.4), 19: (-0.10207890762600212, 0.30000000000000004), 742: (-0.12519970103988518, -0.09999999999999998), 320: (-0.07065943258743203, -0.19999999999999996), 385: (-0.17315131685719978, -0.19999999999999996), 53: (-0.12285973372101322, -0.4), 213: (-0.13355231870079518, -0.6), 380: (-0.00015093272764161926, 0.6000000000000001), 90: (-0.1371137691128056, -0.19999999999999996), 448: (0.29258175980770873, 0.0)}","{695: (0.3669280181938833, -0.09999999999999998), 113: (0.3440012855159358, -0.4), 606: (0.342280083041691, 0.8), 365: (0.3417390471877423, 0.10000000000000009), 54: (0.3413275341874517, 0.0)}",{'dummy': 0.38971832379058213},"[(-0.4, -0.4)]","[(-0.6, -0.6)]"
