impression,user_id,app_version,model_version,mturk_id,status,NUM_INITIAL_RATINGS,NUM_REFINE_RATINGS,TOTAL_TRAINING_RATINGS,NUM_TEST_RATINGS,TIME_INITIAL,TIME_REFINE,TIME_TEST,random_test_predictions_ratings,good_test_predictions_ratings,hypers,redisplay_check,arbitrary_check
0,9ada72b2-8b86-477a-ab84-bd4c3f244a86,4.1-knn-ar-dresses10-test,1.2,A1DC5O5XEIMM1M,Completed,1,10,11,15,9.59188199043274,64.70744156837463,75.90845561027527,"{449: (0.3096214035454137, 0.8), 759: (0.24384100593366984, 0.19999999999999996), 450: (-0.08559287893279327, -0.8), 351: (0.10122654078513145, -0.4), 248: (0.09576314390304257, -0.19999999999999996), 353: (-0.06336776684836187, -0.19999999999999996), 685: (-0.25862911273536565, 0.6000000000000001), 589: (0.3933980350898039, -0.4), 51: (0.15506726138230095, 0.19999999999999996), 158: (0.1070262265478019, 0.0)}","{533: (0.5842296740610403, -0.4), 595: (0.5569831580201599, 0.6000000000000001), 575: (0.546998013428194, 0.6000000000000001), 378: (0.5422046312469331, 0.19999999999999996), 139: (0.5393906799915776, 0.0)}",{'dummy': 0.8767873897623707},"[(0.19999999999999996, 0.19999999999999996)]","[(-0.6, -0.6)]"
