impression,user_id,app_version,model_version,mturk_id,status,NUM_INITIAL_RATINGS,NUM_REFINE_RATINGS,TOTAL_TRAINING_RATINGS,NUM_TEST_RATINGS,TIME_INITIAL,TIME_REFINE,TIME_TEST,random_test_predictions_ratings,good_test_predictions_ratings,hypers,redisplay_check,arbitrary_check
0,9af33fcf-8092-4cb7-b42e-abb8eda5f305,4.1-knn-ar-dresses10-test,1.2,A2PIFMM4Q2I9ZS,Completed,1,20,21,15,4.049166202545166,73.13409924507141,37.941696882247925,"{343: (-0.4008319611413696, -0.6), 327: (-0.4657178166117659, 0.19999999999999996), 326: (-0.40093070659009217, -0.6), 581: (-0.0835004661586696, -0.6), 790: (-0.15764709008856, -0.8), 754: (-0.11328936977408784, -0.6), 768: (-0.1262284528331749, -0.19999999999999996), 791: (-0.3409398084157176, -0.4), 610: (-0.20802476880143964, -0.4), 739: (0.20735834765553726, -0.4)}","{696: (0.34130286450335756, 0.3999999999999999), 464: (0.3359426585612459, 0.19999999999999996), 585: (0.28011540875781876, -0.4), 540: (0.26706320928015004, -0.19999999999999996), 133: (0.26648670208128283, 0.0)}",{'dummy': 0.3015066617903196},"[(-0.6, -0.6)]","[(-0.4, -0.6)]"
