impression,user_id,app_version,model_version,status,NUM_INITIAL_RATINGS,NUM_REFINE_RATINGS,TOTAL_TRAINING_RATINGS,NUM_TEST_RATINGS,items_shown,ratings,model_fit,history_dict,hypers,redisplay_check,arbitrary_check,hyper_history
0,9b2e69d7-74a1-4143-aba3-789cd14626cf,4.1-knn-ar-dresses10-test,1.2,Started,1,10,11,15,"[473, 243, 348, 682, 636, 172, 803, 314, 250, 752, 481]","[0.3999999999999999, 0.6000000000000001, 0.19999999999999996, -0.4, -0.6, 0.19999999999999996, 0.6000000000000001, 0.3999999999999999, 0.3999999999999999, 0.6000000000000001, 0.6000000000000001]","[0.3999999999999999, 0.6000000000000001, 0.19999999999999996, -0.4, -0.6, 0.19999999999999996, 0.6000000000000001, 0.3999999999999999, 0.3999999999999999, 0.6000000000000001, 0.6000000000000001]","{473: (0.3999999999999999, 0.3999999999999999), 243: (0.6000000000000001, 0.6000000000000001), 348: (0.19999999999999996, 0.19999999999999996), 682: (-0.4, -0.4), 636: (-0.6, -0.6), 172: (0.19999999999999996, 0.19999999999999996), 803: (0.6000000000000001, 0.6000000000000001), 314: (0.3999999999999999, 0.3999999999999999), 250: (0.3999999999999999, 0.3999999999999999), 752: (0.6000000000000001, 0.6000000000000001), 481: (0.6000000000000001, 0.6000000000000001)}",{'dummy': 0.8801756417310693},"[(0.3999999999999999, 0.19999999999999996)]","[(-0.8, -0.8)]","[{'dummy': 0.8552397425410957}, {'dummy': 0.5304585572442471}, {'dummy': 0.9028313033371851}, {'dummy': 0.20556408625960876}, {'dummy': 0.49519024948132584}, {'dummy': 0.45319278748673}, {'dummy': 0.19157960183075406}, {'dummy': 0.616354157907064}, {'dummy': 0.9285166436998344}, {'dummy': 0.10626386507396801}]"
