impression,user_id,app_version,model_version,mturk_id,status,NUM_INITIAL_RATINGS,NUM_REFINE_RATINGS,TOTAL_TRAINING_RATINGS,NUM_TEST_RATINGS,TIME_INITIAL,TIME_REFINE,TIME_TEST,random_test_predictions_ratings,good_test_predictions_ratings,hypers,redisplay_check,arbitrary_check
0,9b2e69d7-74a1-4143-aba3-789cd14626cf,4.1-knn-ar-dresses10-test,1.2,A1YV31LYI26TT5,Completed,1,10,11,15,38.263060331344604,76.75917077064514,72.31410670280457,"{534: (0.5294153007310582, -0.19999999999999996), 633: (0.12463446329377942, -0.4), 457: (0.13910217857049337, 0.3999999999999999), 219: (0.469447061673874, -0.6), 706: (0.38580704179699005, 0.6000000000000001), 371: (0.14681077252350688, -0.8), 328: (0.6000000000000001, 0.0), 206: (0.4553445589522742, 0.3999999999999999), 439: (-0.2122319532604293, -0.4), 652: (0.3457313390630558, 0.19999999999999996)}","{265: (0.6000000000000002, 0.3999999999999999), 304: (0.6000000000000002, 0.6000000000000001), 339: (0.6000000000000002, 0.19999999999999996), 479: (0.6000000000000002, 0.3999999999999999), 325: (0.6000000000000002, 0.6000000000000001)}",{'dummy': 0.5427474390621159},"[(-0.8, -0.6)]","[(0.3999999999999999, -0.6)]"
