impression,user_id,app_version,model_version,mturk_id,status,NUM_INITIAL_RATINGS,NUM_REFINE_RATINGS,TOTAL_TRAINING_RATINGS,NUM_TEST_RATINGS,TIME_INITIAL,TIME_REFINE,TIME_TEST,random_test_predictions_ratings,good_test_predictions_ratings,hypers,redisplay_check,arbitrary_check
0,9b563249-3f6c-4c9d-b0d3-d73430a60569,4.1-knn-ar-dresses10-test,1.2,A1WXKJZ2QSPY,Completed,1,10,11,15,15.92264437675476,80.5182409286499,100.61891007423401,"{41: (-0.2300271461415805, 0.6000000000000001), 156: (-0.3277632371137119, 0.6000000000000001), 699: (0.373586510969991, -0.6), 705: (-0.00039588445609722834, 0.19999999999999996), 256: (-0.32488680455052577, -0.4), 796: (0.21492920047055591, 0.0), 45: (-0.08209325796395683, 1.0), 39: (0.1813200837248727, -0.4), 765: (-0.06599478840355318, 0.8), 14: (-0.4291654340455514, -0.4)}","{202: (0.6998545493100196, 0.6000000000000001), 646: (0.6935669203257058, 0.19999999999999996), 350: (0.6884759087862686, -1.0), 754: (0.6876656722028622, 0.3999999999999999), 734: (0.6846240359808491, 0.3999999999999999)}",{'dummy': 0.7149062281659984},"[(0.3999999999999999, 0.3999999999999999)]","[(0.3999999999999999, -0.6)]"
