impression,user_id,app_version,model_version,status,NUM_INITIAL_RATINGS,NUM_REFINE_RATINGS,TOTAL_TRAINING_RATINGS,NUM_TEST_RATINGS,items_shown,ratings,model_fit,history_dict,hypers,redisplay_check,arbitrary_check,hyper_history
0,9b563249-3f6c-4c9d-b0d3-d73430a60569,4.1-knn-ar-dresses10-test,1.2,Started,1,10,11,15,"[271, 147, 450, 273, 328, 660, 521, 778, 379, 287, 282]","[-0.4, 0.0, -0.8, 0.6000000000000001, 0.19999999999999996, -0.19999999999999996, 0.3999999999999999, 0.8, 0.6000000000000001, -0.19999999999999996, 0.19999999999999996]","[-0.4, 0.0, -0.8, 0.6000000000000001, 0.19999999999999996, -0.19999999999999996, 0.3999999999999999, 0.8, 0.6000000000000001, -0.19999999999999996, 0.19999999999999996]","{271: (-0.4, -0.4), 147: (0.0, 0.0), 450: (-0.8, -0.8), 273: (0.6000000000000001, 0.6000000000000001), 328: (0.19999999999999996, 0.19999999999999996), 660: (-0.19999999999999996, -0.19999999999999996), 521: (0.3999999999999999, 0.3999999999999999), 778: (0.8, 0.8), 379: (0.6000000000000001, 0.6000000000000001), 287: (-0.19999999999999996, -0.19999999999999996), 282: (0.19999999999999996, 0.19999999999999996)}",{'dummy': 0.6107872260691841},"[(-0.8, -0.8)]","[(0.0, -0.8)]","[{'dummy': 0.1354002171565345}, {'dummy': 0.0345307134758277}, {'dummy': 0.29191648677582527}, {'dummy': 0.37999082599364387}, {'dummy': 0.9753521612155042}, {'dummy': 0.30371180935896247}, {'dummy': 0.24777814966404865}, {'dummy': 0.7063298371645857}, {'dummy': 0.9578200755117953}, {'dummy': 0.6440583415657506}]"
