impression,user_id,app_version,model_version,mturk_id,status,NUM_INITIAL_RATINGS,NUM_REFINE_RATINGS,TOTAL_TRAINING_RATINGS,NUM_TEST_RATINGS,TIME_INITIAL,TIME_REFINE,TIME_TEST,random_test_predictions_ratings,good_test_predictions_ratings,hypers,redisplay_check,arbitrary_check
0,9cb22ac4-10fc-48b4-b473-303ecba09add,4.1-knn-ar-dresses10-test,1.2,A2QQD03XX6800P,Completed,1,50,51,15,16.694671392440796,666.6819779872894,153.5529088973999,"{737: (0.29306321333695623, 0.19999999999999996), 132: (-0.3842019421048867, -0.6), 491: (-0.04454991595507565, 0.3999999999999999), 9: (0.04282261048849407, 0.19999999999999996), 124: (-0.027002331822148153, -0.8), 95: (0.1221697950694039, -0.19999999999999996), 732: (-0.07320813939971973, 0.3999999999999999), 398: (-0.1273555427602607, 0.3999999999999999), 300: (-0.29757021013679974, 0.0), 772: (-0.14005681409820345, 0.0)}","{297: (0.404732238204423, 0.19999999999999996), 508: (0.3999999999999999, 0.19999999999999996), 176: (0.3669233200404571, -0.6), 629: (0.3626802563871484, 0.6000000000000001), 708: (0.35651662575844556, 0.0)}",{'dummy': 0.8504397539699441},"[(0.6000000000000001, 0.6000000000000001)]","[(0.3999999999999999, -0.6)]"
