impression,user_id,app_version,model_version,mturk_id,status,NUM_INITIAL_RATINGS,NUM_REFINE_RATINGS,TOTAL_TRAINING_RATINGS,NUM_TEST_RATINGS,TIME_INITIAL,TIME_REFINE,TIME_TEST,random_test_predictions_ratings,good_test_predictions_ratings,hypers,redisplay_check,arbitrary_check
0,9ce58455-7660-417f-890d-d27c004fc463,4.1-knn-ar-dresses10-test,1.2,A23HZ18KTCK2DA,Completed,1,50,51,15,9.483399868011475,187.52897334098816,81.3043417930603,"{671: (-0.5883210257864229, -0.8), 111: (-0.46357740754136095, -0.6), 166: (-0.14894092029633543, 0.0), 627: (-0.21745234720656695, -0.8), 153: (-0.064088031289126, -0.8), 263: (-0.6086062938335992, 0.6000000000000001), 12: (-0.06492060149353536, 0.19999999999999996), 466: (-0.3794755556645378, -0.8), 35: (-0.505825399893218, -0.6), 104: (0.0732082668140499, 0.0)}","{727: (0.46433755527856746, 0.19999999999999996), 764: (0.42682745343418554, 0.19999999999999996), 169: (0.3969601827904102, -0.8), 125: (0.3359405950723659, 0.3999999999999999), 357: (0.3358196851253974, -0.6)}",{'dummy': 0.4625213632759423},"[(0.19999999999999996, 0.0)]","[(0.19999999999999996, -0.6)]"
