impression,user_id,app_version,model_version,mturk_id,status,NUM_INITIAL_RATINGS,NUM_REFINE_RATINGS,TOTAL_TRAINING_RATINGS,NUM_TEST_RATINGS,TIME_INITIAL,TIME_REFINE,TIME_TEST,random_test_predictions_ratings,good_test_predictions_ratings,hypers,redisplay_check,arbitrary_check
0,9dfa3ae7-a221-4f1c-a02e-d1f9a3f7e06e,4.1-knn-ar-dresses10-test,1.2,A2CY1TSQ3KKP5Q,Completed,1,40,41,15,7.141008138656616,232.17729330062866,88.41587281227112,"{405: (-0.5805350726220139, 0.3999999999999999), 742: (-0.5260245889772038, -0.6), 408: (-0.6000000000000001, -0.8), 96: (-0.4662205349854071, -0.4), 612: (-0.03792942049595267, 0.6000000000000001), 98: (-0.4492488060954091, -0.6), 569: (0.0005803910767995794, -0.4), 625: (-0.6, -0.6), 419: (-0.31882595631992877, -0.19999999999999996), 435: (0.10129002653603636, 0.0)}","{234: (0.4654738043316305, 0.3999999999999999), 757: (0.46483189580878426, -0.4), 362: (0.46464475872814853, 0.19999999999999996), 503: (0.46345763870178863, -0.6), 543: (0.462328253467851, 0.6000000000000001)}",{'dummy': 0.20670692209619668},"[(-0.19999999999999996, 0.19999999999999996)]","[(-0.6, -0.6)]"
