impression,user_id,app_version,model_version,mturk_id,status,NUM_INITIAL_RATINGS,NUM_REFINE_RATINGS,TOTAL_TRAINING_RATINGS,NUM_TEST_RATINGS,TIME_INITIAL,TIME_REFINE,TIME_TEST,random_test_predictions_ratings,good_test_predictions_ratings,hypers,redisplay_check,arbitrary_check
0,9ec85121-35b7-45d6-83f5-73740d9686c7,4.1-knn-ar-dresses10-test,1.2,ABQKQQ8BD24BF,Completed,1,30,31,15,9.60450005531311,140.05507254600525,63.34878087043762,"{525: (0.3314861722588416, 0.3999999999999999), 310: (-0.05974419776977389, 0.19999999999999996), 110: (0.34688177051019176, 0.3999999999999999), 177: (0.13870747520894164, 0.19999999999999996), 0: (-0.07573073164846003, 0.19999999999999996), 340: (0.3304143652003663, 0.3999999999999999), 679: (0.39999999999999986, 0.3999999999999999), 68: (0.04211429146832969, 0.3999999999999999), 612: (0.19504084565205138, 0.8), 345: (0.1413438038196451, 0.8)}","{53: (0.5342865084465735, 0.3999999999999999), 368: (0.5332050668393915, 0.3999999999999999), 710: (0.5298450559498656, 0.3999999999999999), 279: (0.5035502146447309, 0.3999999999999999), 508: (0.5027482734011788, 0.6000000000000001)}",{'dummy': 0.5931667533565784},"[(0.3999999999999999, 0.19999999999999996)]","[(-0.6, -0.6)]"
