impression,user_id,app_version,model_version,status,NUM_INITIAL_RATINGS,NUM_REFINE_RATINGS,TOTAL_TRAINING_RATINGS,NUM_TEST_RATINGS,items_shown,ratings,model_fit,history_dict,hypers,redisplay_check,arbitrary_check,hyper_history
0,9ed683c6-b728-4d3b-be6c-610261fc3846,4.1-knn-ar-dresses10-test,1.2,Started,1,10,11,15,"[627, 349, 202, 21, 89, 339, 807, 252, 86, 478, 475]","[0.3999999999999999, 0.6000000000000001, 0.3999999999999999, 0.3999999999999999, 0.0, -0.4, 0.0, 0.19999999999999996, -0.4, 0.19999999999999996, 0.3999999999999999]","[0.3999999999999999, 0.6000000000000001, 0.3999999999999999, 0.3999999999999999, 0.0, -0.4, 0.0, 0.19999999999999996, -0.4, 0.19999999999999996, 0.3999999999999999]","{627: (0.3999999999999999, 0.3999999999999999), 349: (0.6000000000000001, 0.6000000000000001), 202: (0.3999999999999999, 0.3999999999999999), 21: (0.3999999999999999, 0.3999999999999999), 89: (0.0, 0.0), 339: (-0.4, -0.4), 807: (0.0, 0.0), 252: (0.19999999999999996, 0.19999999999999996), 86: (-0.4, -0.4), 478: (0.19999999999999996, 0.19999999999999996), 475: (0.3999999999999999, 0.3999999999999999)}",{'dummy': 0.766870217396314},"[(0.3999999999999999, 0.3999999999999999)]","[(0.19999999999999996, -0.8)]","[{'dummy': 0.9716495462608479}, {'dummy': 0.7493674238621554}, {'dummy': 0.6458213381324219}, {'dummy': 0.06769739741634473}, {'dummy': 0.6588709669107952}, {'dummy': 0.4945512385514006}, {'dummy': 0.02391212443550894}, {'dummy': 0.6799576970151335}, {'dummy': 0.9781583300943035}, {'dummy': 0.047565939459497275}]"
