impression,user_id,app_version,model_version,mturk_id,status,NUM_INITIAL_RATINGS,NUM_REFINE_RATINGS,TOTAL_TRAINING_RATINGS,NUM_TEST_RATINGS,TIME_INITIAL,TIME_REFINE,TIME_TEST,random_test_predictions_ratings,good_test_predictions_ratings,hypers,redisplay_check,arbitrary_check
0,9f6534af-df7a-462d-bd5c-7e86a73c50d6,4.1-knn-ar-dresses10-test,1.2,A2AFAWJX5LTUVN,Completed,1,20,21,15,6.270290851593018,99.63709568977356,86.6370530128479,"{609: (-0.11094983928318815, -0.19999999999999996), 171: (-0.0033101735520639337, 0.0), 134: (0.09968786078788064, 0.5), 332: (-0.06480651034529807, 0.19999999999999996), 802: (0.20367787216504438, 0.3999999999999999), 251: (-0.05954144518977183, 0.19999999999999996), 244: (0.17023518179533478, 0.19999999999999996), 688: (0.1300249273342229, 0.3999999999999999), 690: (0.3933716399881946, 0.30000000000000004), 682: (-0.0030260188095042606, -0.19999999999999996)}","{532: (0.5005127832844348, 0.30000000000000004), 221: (0.4679083668802046, -0.19999999999999996), 457: (0.4184878758033241, 0.7), 472: (0.417343655890038, 0.5), 40: (0.41691970620225777, 0.30000000000000004)}",{'dummy': 0.366646413408082},"[(0.19999999999999996, 0.3999999999999999)]","[(0.3999999999999999, -0.6)]"
