impression,user_id,app_version,model_version,mturk_id,status,NUM_INITIAL_RATINGS,NUM_REFINE_RATINGS,TOTAL_TRAINING_RATINGS,NUM_TEST_RATINGS,TIME_INITIAL,TIME_REFINE,TIME_TEST,random_test_predictions_ratings,good_test_predictions_ratings,hypers,redisplay_check,arbitrary_check
0,a0063665-6f54-4f53-8888-d2db5d8746dd,4.1-knn-ar-dresses10-test,1.2,A3124SRR191UIL,Completed,1,30,31,15,6.3487513065338135,183.74811673164368,101.08835887908936,"{399: (0.2235180537322895, -1.0), 558: (0.562482506071149, 0.6000000000000001), 806: (-1.0, -1.0), 101: (0.5212357314249023, 0.6000000000000001), 677: (0.7342841602249971, 0.0), 130: (-0.2492075327021619, -1.0), 359: (0.5037433406866958, 0.0), 739: (0.20068921428551761, 0.6000000000000001), 613: (0.5085408900038166, 0.6000000000000001), 166: (-0.12385345926895808, 0.0)}","{779: (1.0, 0.0), 327: (1.0, 0.0), 223: (1.0, 0.6000000000000001), 320: (0.8915328717372234, 0.0), 73: (0.8795352228513202, 0.0)}",{'dummy': 0.5468492919695346},"[(0.0, 0.0)]","[(-0.6, -0.6)]"
