impression,user_id,app_version,model_version,mturk_id,status,NUM_INITIAL_RATINGS,NUM_REFINE_RATINGS,TOTAL_TRAINING_RATINGS,NUM_TEST_RATINGS,TIME_INITIAL,TIME_REFINE,TIME_TEST,random_test_predictions_ratings,good_test_predictions_ratings,hypers,redisplay_check,arbitrary_check
0,a0918979-1761-4735-a3d0-a4b606ca9928,4.1-knn-ar-dresses10-test,1.2,A149EP9GKNX4J0,Completed,1,10,11,15,19.64505887031555,122.18148136138916,163.4452359676361,"{365: (-0.19558967992413456, 0.19999999999999996), 105: (-0.3396745241694448, 0.19999999999999996), 677: (-0.13255394739979548, 0.3999999999999999), 660: (-0.2535487422453994, -0.4), 106: (-0.376775795601181, -0.6), 280: (-0.3179085338809947, 0.3999999999999999), 197: (-0.4163127581809307, -0.6), 696: (0.0, 0.19999999999999996), 779: (-0.35973068174263195, -0.19999999999999996), 652: (-0.13473090748515854, 0.0)}","{666: (0.0, 0.19999999999999996), 498: (0.0, -0.8), 674: (0.0, -0.8), 304: (0.0, 0.19999999999999996), 98: (0.0, -0.4)}",{'dummy': 0.9405718855706221},"[(0.3999999999999999, 0.3999999999999999)]","[(-0.6, -0.6)]"
