impression,user_id,app_version,model_version,status,NUM_INITIAL_RATINGS,NUM_REFINE_RATINGS,TOTAL_TRAINING_RATINGS,NUM_TEST_RATINGS,items_shown,ratings,model_fit,history_dict,hypers,redisplay_check,arbitrary_check,hyper_history
0,a0bcf0da-a0ba-4cf8-95e8-8e7efa4753ec,4.1-knn-ar-dresses10-test,1.2,Started,1,10,11,15,"[237, 764, 16, 559, 470, 553, 145, 53, 143, 581, 768]","[-0.6, 0.19999999999999996, -0.6, -1.0, -0.6, -0.6, -0.4, -0.4, 0.6000000000000001, 0.19999999999999996, 0.19999999999999996]","[-0.6, 0.19999999999999996, -0.6, -1.0, -0.6, -0.6, -0.4, -0.4, 0.6000000000000001, 0.19999999999999996, 0.19999999999999996]","{237: (-0.6, -0.6), 764: (0.19999999999999996, 0.19999999999999996), 16: (-0.6, -0.6), 559: (-1.0, -1.0), 470: (-0.6, -0.6), 553: (-0.6, -0.6), 145: (-0.4, -0.4), 53: (-0.4, -0.4), 143: (0.6000000000000001, 0.6000000000000001), 581: (0.19999999999999996, 0.19999999999999996), 768: (0.19999999999999996, 0.19999999999999996)}",{'dummy': 0.3428030952651723},"[(0.3999999999999999, -0.6)]","[(0.19999999999999996, -0.8)]","[{'dummy': 0.11390454933917549}, {'dummy': 0.19707285373132766}, {'dummy': 0.5129071916259619}, {'dummy': 0.31055704944116147}, {'dummy': 0.2723670225325615}, {'dummy': 0.6485342442191541}, {'dummy': 0.54183503849867}, {'dummy': 0.7595355725056102}, {'dummy': 0.12081252493612193}, {'dummy': 0.749961598549079}]"
