impression,user_id,app_version,model_version,mturk_id,status,NUM_INITIAL_RATINGS,NUM_REFINE_RATINGS,TOTAL_TRAINING_RATINGS,NUM_TEST_RATINGS,TIME_INITIAL,TIME_REFINE,TIME_TEST,random_test_predictions_ratings,good_test_predictions_ratings,hypers,redisplay_check,arbitrary_check
0,a2382e1a-90bd-4fd0-8254-159a6940d33c,4.1-knn-ar-dresses10-test,1.2,A2FRD8U3DU923Q,Completed,1,40,41,15,7.860087156295776,275.0666320323944,102.90446782112122,"{766: (-0.14063330662140228, -1.0), 14: (-0.11142207110817992, 0.6000000000000001), 13: (0.29190233106935054, 0.30000000000000004), 372: (0.050324244819244614, 0.19999999999999996), 157: (-0.6925362227182004, -1.0), 286: (-0.1435893800611895, 0.19999999999999996), 266: (0.5689057970995516, 0.6000000000000001), 548: (0.3652283089934678, 0.3999999999999999), 414: (0.009058566298021585, 0.0), 607: (0.24122937577079012, 0.3999999999999999)}","{281: (0.7070647941315195, 0.7), 379: (0.6741037550106211, 0.8999999999999999), 590: (0.671862318038212, -0.09999999999999998), 169: (0.6716643775902245, 0.0), 382: (0.6714384515906495, 0.5)}",{'dummy': 0.5979308539588404},"[(0.19999999999999996, -0.09999999999999998)]","[(0.8999999999999999, -0.6)]"
