impression,user_id,app_version,model_version,mturk_id,status,NUM_INITIAL_RATINGS,NUM_REFINE_RATINGS,TOTAL_TRAINING_RATINGS,NUM_TEST_RATINGS,TIME_INITIAL,TIME_REFINE,TIME_TEST,random_test_predictions_ratings,good_test_predictions_ratings,hypers,redisplay_check,arbitrary_check
0,a27d2d86-6ffb-4767-b114-082ab7f52df0,4.1-knn-ar-dresses10-test,1.2,A3PDOZ6I8PE9ZK,Completed,1,50,51,15,7.719762325286865,315.04224824905396,88.99389863014221,"{245: (0.6, 0.6000000000000001), 79: (0.03244354341287707, -0.6), 405: (0.5598590735151534, 0.19999999999999996), 706: (0.37663321751182255, 0.3999999999999999), 639: (0.17737007904922752, -0.19999999999999996), 129: (0.5350192840243808, 0.19999999999999996), 412: (0.3554619919020192, -0.19999999999999996), 228: (0.12777444278617323, 0.3999999999999999), 425: (0.6000000000000001, 0.8), 534: (0.6000000000000001, 0.8)}","{387: (0.870741199359448, 0.6000000000000001), 54: (0.8683561729929093, 0.3999999999999999), 545: (0.868299529604652, 0.3999999999999999), 215: (0.867984724356171, 0.19999999999999996), 348: (0.8674260567124745, 0.6000000000000001)}",{'dummy': 0.7633699899729101},"[(0.3999999999999999, 0.3999999999999999)]","[(0.6000000000000001, -0.6)]"
