impression,user_id,app_version,model_version,status,NUM_INITIAL_RATINGS,NUM_REFINE_RATINGS,TOTAL_TRAINING_RATINGS,NUM_TEST_RATINGS,items_shown,ratings,model_fit,history_dict,hypers,redisplay_check,arbitrary_check,hyper_history
0,a31182a3-a047-463e-8744-e62f708ea8df,4.1-knn-ar-dresses10-test,1.2,Started,1,20,21,15,"[712, 15, 315, 250, 174, 524, 369, 796, 260, 111, 790, 284, 128, 678, 481, 440, 179, 505, 44, 566, 620]","[-0.4, -0.6, -0.6, -0.6, 0.19999999999999996, -0.6, 0.19999999999999996, 0.6000000000000001, -0.8, 0.3999999999999999, -1.0, 0.0, 0.19999999999999996, 0.6000000000000001, 0.19999999999999996, 0.8, 0.19999999999999996, 1.0, 0.3999999999999999, -0.8, -1.0]","[-0.4, -0.6, -0.6, -0.6, 0.19999999999999996, -0.6, 0.19999999999999996, 0.6000000000000001, -0.8, 0.3999999999999999, -1.0, 0.0, 0.19999999999999996, 0.6000000000000001, 0.19999999999999996, 0.8, 0.19999999999999996, 1.0, 0.3999999999999999, -0.8, -1.0]","{712: (-0.4, -0.4), 15: (-0.6, -0.6), 315: (-0.6, -0.6), 250: (-0.6, -0.6), 174: (0.19999999999999996, 0.19999999999999996), 524: (-0.6, -0.6), 369: (0.19999999999999996, 0.19999999999999996), 796: (0.6000000000000001, 0.6000000000000001), 260: (-0.8, -0.8), 111: (0.3999999999999999, 0.3999999999999999), 790: (-1.0, -1.0), 284: (0.0, 0.0), 128: (0.19999999999999996, 0.19999999999999996), 678: (0.6000000000000001, 0.6000000000000001), 481: (0.19999999999999996, 0.19999999999999996), 440: (0.8, 0.8), 179: (0.19999999999999996, 0.19999999999999996), 505: (1.0, 1.0), 44: (0.3999999999999999, 0.3999999999999999), 566: (-0.8, -0.8), 620: (-1.0, -1.0)}",{'dummy': 0.6200195585992454},"[(-0.6, -0.6)]","[(-0.6, -0.8)]","[{'dummy': 0.3945351729735057}, {'dummy': 0.9206315735373027}, {'dummy': 0.6415621555304887}, {'dummy': 0.5863014993620257}, {'dummy': 0.6245500377718636}, {'dummy': 0.7703261334378901}, {'dummy': 0.9333932266811873}, {'dummy': 0.5453633730427105}, {'dummy': 0.49784101114027457}, {'dummy': 0.8127931161379336}, {'dummy': 0.4639790850477473}, {'dummy': 0.8269698742115524}, {'dummy': 0.7244984640335148}, {'dummy': 0.287325705454866}, {'dummy': 0.8663782087742727}, {'dummy': 0.8484459376481105}, {'dummy': 0.9797443426468054}, {'dummy': 0.40641716994701305}, {'dummy': 0.4288850375050104}, {'dummy': 0.2885440314256398}]"
