impression,user_id,app_version,model_version,status,NUM_INITIAL_RATINGS,NUM_REFINE_RATINGS,TOTAL_TRAINING_RATINGS,NUM_TEST_RATINGS,items_shown,ratings,model_fit,history_dict,hypers,redisplay_check,arbitrary_check,hyper_history
0,a685a532-9d61-401e-8f46-0ad657327c88,4.1-knn-ar-dresses10-test,1.2,Started,1,10,11,15,"[30, 616, 104, 730, 19, 203, 771, 504, 780, 96, 76]","[-1.0, -0.19999999999999996, 0.6000000000000001, 0.0, 0.19999999999999996, -0.6, -0.19999999999999996, -1.0, -0.8, -0.8, -0.8]","[-1.0, -0.19999999999999996, 0.6000000000000001, 0.0, 0.19999999999999996, -0.6, -0.19999999999999996, -1.0, -0.8, -0.8, -0.8]","{30: (-1.0, -1.0), 616: (-0.19999999999999996, -0.19999999999999996), 104: (0.6000000000000001, 0.6000000000000001), 730: (0.0, 0.0), 19: (0.19999999999999996, 0.19999999999999996), 203: (-0.6, -0.6), 771: (-0.19999999999999996, -0.19999999999999996), 504: (-1.0, -1.0), 780: (-0.8, -0.8), 96: (-0.8, -0.8), 76: (-0.8, -0.8)}",{'dummy': 0.49069043552388114},"[(0.6000000000000001, 0.6000000000000001)]","[(-0.6, -0.8)]","[{'dummy': 0.037361260140246655}, {'dummy': 0.7460496881532487}, {'dummy': 0.7403377642303232}, {'dummy': 0.1365104978664764}, {'dummy': 0.6712080536175409}, {'dummy': 0.24826506486602784}, {'dummy': 0.5014554269892171}, {'dummy': 0.6817865403759761}, {'dummy': 0.5092634763904943}, {'dummy': 0.2974239544576581}]"
