impression,user_id,app_version,model_version,mturk_id,status,NUM_INITIAL_RATINGS,NUM_REFINE_RATINGS,TOTAL_TRAINING_RATINGS,NUM_TEST_RATINGS,TIME_INITIAL,TIME_REFINE,TIME_TEST,random_test_predictions_ratings,good_test_predictions_ratings,hypers,redisplay_check,arbitrary_check
0,a6c6959f-f6ff-4423-9865-c088c2a35723,4.1-knn-ar-dresses10-test,1.2,A1UCM4T7TZDUAO,Completed,1,10,11,15,8.582323551177979,58.30308794975281,81.12148714065552,"{516: (0.2890961908882598, 0.6000000000000001), 39: (0.20330531081664127, 0.3999999999999999), 401: (0.2711355658115784, 0.19999999999999996), 387: (0.21635325941395872, 0.6000000000000001), 373: (0.1842541680083971, 0.6000000000000001), 95: (0.5282744549234971, 0.19999999999999996), 730: (0.278315457036849, 0.8), 70: (0.4054486203557584, 0.6000000000000001), 734: (0.6054279493921041, 0.8), 198: (0.5243450015442774, 0.8)}","{34: (0.6875208517653603, 0.6000000000000001), 172: (0.6812834648866584, 0.8), 237: (0.6794057697823415, 0.6000000000000001), 204: (0.6722216242506567, 0.8), 296: (0.6720983779966125, 0.6000000000000001)}",{'dummy': 0.9496824438606957},"[(0.8, 0.6000000000000001)]","[(0.6000000000000001, -0.6)]"
