impression,user_id,app_version,model_version,status,NUM_INITIAL_RATINGS,NUM_REFINE_RATINGS,TOTAL_TRAINING_RATINGS,NUM_TEST_RATINGS,items_shown,ratings,model_fit,history_dict,hypers,redisplay_check,arbitrary_check,hyper_history
0,a6e44d9f-796e-40e9-bb9f-1bf73e45514d,4.1-knn-ar-dresses10-test,1.2,Started,1,10,11,15,"[473, 96, 677, 729, 493, 645, 163, 466, 105, 507, 389]","[0.3999999999999999, 0.6000000000000001, 0.8, 0.19999999999999996, 0.19999999999999996, -0.19999999999999996, -0.19999999999999996, -0.6, 0.19999999999999996, -0.8, 0.0]","[0.3999999999999999, 0.6000000000000001, 0.8, 0.19999999999999996, 0.19999999999999996, -0.19999999999999996, -0.19999999999999996, -0.6, 0.19999999999999996, -0.8, 0.0]","{473: (0.3999999999999999, 0.3999999999999999), 96: (0.6000000000000001, 0.6000000000000001), 677: (0.8, 0.8), 729: (0.19999999999999996, 0.19999999999999996), 493: (0.19999999999999996, 0.19999999999999996), 645: (-0.19999999999999996, -0.19999999999999996), 163: (-0.19999999999999996, -0.19999999999999996), 466: (-0.6, -0.6), 105: (0.19999999999999996, 0.19999999999999996), 507: (-0.8, -0.8), 389: (0.0, 0.0)}",{'dummy': 0.8171077922383773},"[(0.6000000000000001, 0.8)]","[(-0.8, -0.8)]","[{'dummy': 0.04503911036006003}, {'dummy': 0.10148645061109474}, {'dummy': 0.9252819448560401}, {'dummy': 0.41480363187399993}, {'dummy': 0.7512213873471687}, {'dummy': 0.24052351410164086}, {'dummy': 0.09164671912067168}, {'dummy': 0.932813147767062}, {'dummy': 0.8529255431490913}, {'dummy': 0.8259417080308671}]"
