impression,user_id,app_version,model_version,mturk_id,status,NUM_INITIAL_RATINGS,NUM_REFINE_RATINGS,TOTAL_TRAINING_RATINGS,NUM_TEST_RATINGS,TIME_INITIAL,TIME_REFINE,TIME_TEST,random_test_predictions_ratings,good_test_predictions_ratings,hypers,redisplay_check,arbitrary_check
0,a6e44d9f-796e-40e9-bb9f-1bf73e45514d,4.1-knn-ar-dresses10-test,1.2,A3GTPW3MYSLMR7,Completed,1,10,11,15,7.944474458694458,72.8421106338501,92.45442819595337,"{772: (0.41683241126036136, -0.19999999999999996), 37: (0.2558039178746919, 0.6000000000000001), 667: (0.3266807578507855, 0.3999999999999999), 324: (0.2519484135170867, 0.8), 795: (0.24722024101813944, -0.8), 240: (0.326061761876576, 0.19999999999999996), 130: (-0.45781727460786203, 0.19999999999999996), 380: (-0.25809051635475294, -0.4), 577: (0.30873259815607784, 0.8), 437: (-0.47023457824783954, -0.6)}","{253: (0.6128195509057773, 0.6000000000000001), 375: (0.6100831900877176, 0.0), 410: (0.6057952922068517, 0.0), 19: (0.6031630767706464, 0.19999999999999996), 65: (0.6017704730185841, 0.0)}",{'dummy': 0.18450248821983872},"[(0.3999999999999999, 0.8)]","[(-0.6, -0.6)]"
