impression,user_id,app_version,model_version,mturk_id,status,NUM_INITIAL_RATINGS,NUM_REFINE_RATINGS,TOTAL_TRAINING_RATINGS,NUM_TEST_RATINGS,TIME_INITIAL,TIME_REFINE,TIME_TEST,random_test_predictions_ratings,good_test_predictions_ratings,hypers,redisplay_check,arbitrary_check
0,a71b80e6-422d-4bc5-b480-37ccc28e274d,4.1-knn-ar-dresses10-test,1.2,AGRQAFDCB6WTN,Completed,1,30,31,15,28.37302279472351,494.61317133903503,248.65889048576355,"{769: (0.46802745124758627, -0.19999999999999996), 59: (-0.014033151723279296, 0.6000000000000001), 286: (0.14143843348603577, 0.10000000000000009), 629: (0.6630483744139056, 0.8), 798: (-0.005751692122510376, 0.0), 733: (0.521454135904696, 0.5), 101: (0.2593104435353482, -0.4), 668: (0.41642104161690924, 0.30000000000000004), 88: (-0.0019752154501151745, 0.8), 275: (0.4424466238914326, -0.09999999999999998)}","{598: (0.7980242199686696, 0.30000000000000004), 614: (0.7672370888366593, -0.6), 405: (0.764821132977761, 0.8), 226: (0.7605345188106166, 0.7), 66: (0.7560941593771323, 0.8)}",{'dummy': 0.9136606077212457},"[(0.8, 0.8)]","[(0.8, -0.6)]"
