impression,user_id,app_version,model_version,mturk_id,status,NUM_INITIAL_RATINGS,NUM_REFINE_RATINGS,TOTAL_TRAINING_RATINGS,NUM_TEST_RATINGS,TIME_INITIAL,TIME_REFINE,TIME_TEST,random_test_predictions_ratings,good_test_predictions_ratings,hypers,redisplay_check,arbitrary_check
0,a76f17b8-3a38-40b6-abbf-91c3089e8001,4.1-knn-ar-dresses10-test,1.2,A1ABKDMUL5GLT1,Completed,1,40,41,15,17.040029764175415,746.6355967521667,230.24297165870667,"{105: (0.3142534914877661, -0.4), 2: (-0.6005045384112425, -0.6), 197: (-0.19936187329452523, 1.0), 346: (-0.18879134890488738, -1.0), 374: (0.1626042161544089, -0.6), 359: (0.22412679164547275, -0.8), 31: (0.5596701871027304, -0.4), 532: (-0.5703254179321438, -0.8), 162: (0.2431509040919564, -1.0), 783: (0.5344166055911277, 0.0)}","{541: (1.0, 1.0), 204: (0.9362776668528702, -0.8), 189: (0.835121359058338, 0.3999999999999999), 540: (0.8192898185507174, 0.19999999999999996), 328: (0.789677602807372, 0.6000000000000001)}",{'dummy': 0.6594365037129966},"[(0.19999999999999996, 0.3999999999999999)]","[(-0.8, -0.6)]"
