impression,user_id,app_version,model_version,mturk_id,status,NUM_INITIAL_RATINGS,NUM_REFINE_RATINGS,TOTAL_TRAINING_RATINGS,NUM_TEST_RATINGS,TIME_INITIAL,TIME_REFINE,TIME_TEST,random_test_predictions_ratings,good_test_predictions_ratings,hypers,redisplay_check,arbitrary_check
0,a772c166-e10b-4c1e-9f2e-921d0577d13c,4.1-knn-ar-dresses10-test,1.2,AT8WD9ENVE1J6,Completed,1,50,51,15,4.449366331100464,273.7322816848755,130.1581060886383,"{539: (-0.29588578022344214, 0.6000000000000001), 355: (-0.16247100811936427, 0.5), 668: (-0.3795124238827718, -0.8), 298: (-0.8000000000000002, -0.6), 264: (-0.331728245318368, -0.4), 177: (-0.03937163698814853, 0.7), 507: (-0.07520166796998505, -0.4), 387: (-0.24156938136511877, -0.8), 268: (0.023938834678655287, -0.8), 223: (0.231866593274649, -0.7)}","{234: (0.5065141854185778, 0.30000000000000004), 705: (0.4671563119995812, -0.8), 677: (0.46010939399960826, 0.6000000000000001), 81: (0.4352561987762401, 0.5), 721: (0.4160154686148766, 0.6000000000000001)}",{'dummy': 0.15024258171871052},"[(0.3999999999999999, -0.4)]","[(-0.4, -0.6)]"
