impression,user_id,app_version,model_version,mturk_id,status,NUM_INITIAL_RATINGS,NUM_REFINE_RATINGS,TOTAL_TRAINING_RATINGS,NUM_TEST_RATINGS,TIME_INITIAL,TIME_REFINE,TIME_TEST,random_test_predictions_ratings,good_test_predictions_ratings,hypers,redisplay_check,arbitrary_check
0,a798fe86-145c-4f66-a176-a581bf9cd434,4.1-knn-ar-dresses10-test,1.2,APLBZ1ZVP1R8O,Completed,1,50,51,15,14.099348306655884,336.2851221561432,107.23237085342407,"{631: (0.2045193812075067, 0.6000000000000001), 605: (0.736113108529463, 0.6000000000000001), 693: (0.20203509315017135, 0.19999999999999996), 549: (0.1555559560885699, 0.19999999999999996), 488: (-0.4022853222242009, -0.4), 1: (0.15051858720644892, -0.4), 33: (0.5581789581242684, -0.8), 310: (0.656024478508902, -0.6), 492: (-0.07510470033481882, -0.19999999999999996), 800: (-0.08276301150610729, 0.6000000000000001)}","{50: (1.0, 0.0), 599: (0.878678463285341, -0.6), 665: (0.8725985129646323, 0.3999999999999999), 261: (0.8653237963818267, -0.6), 510: (0.863727265236528, 0.3999999999999999)}",{'dummy': 0.14591615133323532},"[(0.6000000000000001, 0.6000000000000001)]","[(0.3999999999999999, -0.6)]"
