impression,user_id,app_version,model_version,mturk_id,status,NUM_INITIAL_RATINGS,NUM_REFINE_RATINGS,TOTAL_TRAINING_RATINGS,NUM_TEST_RATINGS,TIME_INITIAL,TIME_REFINE,TIME_TEST,random_test_predictions_ratings,good_test_predictions_ratings,hypers,redisplay_check,arbitrary_check
0,a832c15f-876c-40a2-a4ee-fb3183963806,4.1-knn-ar-dresses10-test,1.2,A41APS6V2Z1FJ,Completed,1,50,51,15,15.336876392364502,290.68368005752563,78.62370944023132,"{60: (-0.5950253004914523, -0.38), 783: (-0.31062546920410394, -0.5599999999999999), 735: (-0.628806550328908, -0.72), 430: (0.09434232341690493, -0.94), 249: (-0.3196562072233105, -0.36), 387: (-0.7774133775629686, -0.45999999999999996), 714: (-0.06840447131735984, 0.18000000000000016), 692: (-0.4183524558610179, -0.54), 170: (-0.166181339276973, -0.52), 59: (0.13316444655142964, -0.30000000000000004)}","{41: (0.27148316615763224, 0.08000000000000007), 50: (0.26891007936356426, -0.48), 310: (0.24546919327601702, -0.52), 37: (0.24425364968571983, -0.6799999999999999), 573: (0.2425254340923155, 0.43999999999999995)}",{'dummy': 0.8560078310188934},"[(-0.42000000000000004, -0.36)]","[(-0.7, -0.6)]"
