impression,user_id,app_version,model_version,status,NUM_INITIAL_RATINGS,NUM_REFINE_RATINGS,TOTAL_TRAINING_RATINGS,NUM_TEST_RATINGS,items_shown,ratings,model_fit,history_dict,hypers,redisplay_check,arbitrary_check,hyper_history
0,a96160c5-5cd1-46be-8ed3-3aea9093798e,4.1-knn-ar-dresses10-test,1.2,Started,1,20,21,15,"[38, 573, 772, 279, 623, 238, 82, 250, 544, 750, 88, 91, 799, 237, 646, 83, 214, 597, 728, 686, 619]","[0.0, -0.4, 0.0, 0.3999999999999999, 0.6000000000000001, 0.19999999999999996, 0.6000000000000001, 0.19999999999999996, 0.6000000000000001, 0.6000000000000001, 0.0, 0.3999999999999999, -0.19999999999999996, 0.0, 0.8, -0.6, 1.0, 0.6000000000000001, 0.8, 0.3999999999999999, 0.3999999999999999]","[0.0, -0.4, 0.0, 0.3999999999999999, 0.6000000000000001, 0.19999999999999996, 0.6000000000000001, 0.19999999999999996, 0.6000000000000001, 0.6000000000000001, 0.0, 0.3999999999999999, -0.19999999999999996, 0.0, 0.8, -0.6, 1.0, 0.6000000000000001, 0.8, 0.3999999999999999, 0.3999999999999999]","{38: (0.0, 0.0), 573: (-0.4, -0.4), 772: (0.0, 0.0), 279: (0.3999999999999999, 0.3999999999999999), 623: (0.6000000000000001, 0.6000000000000001), 238: (0.19999999999999996, 0.19999999999999996), 82: (0.6000000000000001, 0.6000000000000001), 250: (0.19999999999999996, 0.19999999999999996), 544: (0.6000000000000001, 0.6000000000000001), 750: (0.6000000000000001, 0.6000000000000001), 88: (0.0, 0.0), 91: (0.3999999999999999, 0.3999999999999999), 799: (-0.19999999999999996, -0.19999999999999996), 237: (0.0, 0.0), 646: (0.8, 0.8), 83: (-0.6, -0.6), 214: (1.0, 1.0), 597: (0.6000000000000001, 0.6000000000000001), 728: (0.8, 0.8), 686: (0.3999999999999999, 0.3999999999999999), 619: (0.3999999999999999, 0.3999999999999999)}",{'dummy': 0.732455008891014},"[(0.3999999999999999, 0.0)]","[(-0.8, -0.8)]","[{'dummy': 0.3677737810246431}, {'dummy': 0.6919431626129589}, {'dummy': 0.8133215240567122}, {'dummy': 0.2661313908305035}, {'dummy': 0.11914491807702865}, {'dummy': 0.7951680847501101}, {'dummy': 0.48950752263695607}, {'dummy': 0.5543549322478863}, {'dummy': 0.8631263738258106}, {'dummy': 0.6744834453040349}, {'dummy': 0.7303390184376428}, {'dummy': 0.4014819601419458}, {'dummy': 0.11561224803220427}, {'dummy': 0.5365412107561196}, {'dummy': 0.2570398989186372}, {'dummy': 0.5333565744592148}, {'dummy': 0.39802114724720883}, {'dummy': 0.11237269426392216}, {'dummy': 0.5541380155041364}, {'dummy': 0.110715667729688}]"
