impression,user_id,app_version,model_version,mturk_id,status,NUM_INITIAL_RATINGS,NUM_REFINE_RATINGS,TOTAL_TRAINING_RATINGS,NUM_TEST_RATINGS,TIME_INITIAL,TIME_REFINE,TIME_TEST,random_test_predictions_ratings,good_test_predictions_ratings,hypers,redisplay_check,arbitrary_check
0,a9df48dd-6de8-4cb3-b440-6729247b9c66,4.1-knn-ar-dresses10-test,1.2,A30UDMQUJS3KOC,Completed,1,30,31,15,8.088877439498901,258.6113369464874,194.40573143959045,"{126: (-0.5745332589397019, -0.4), 92: (-0.5412059588464159, -0.8), 749: (-0.658165828310333, 0.0), 245: (-0.6856774970434848, -0.6), 740: (-0.5464954460546075, -0.4), 47: (-0.49007336356552916, 0.19999999999999996), 537: (-0.47792649122579345, -0.19999999999999996), 177: (-0.5417821456374207, 0.0), 271: (-0.48649381657875723, -0.4), 298: (-0.45793116814368806, -0.4)}","{185: (-0.05479077959242321, -0.4), 796: (-0.10893969613600522, 0.0), 570: (-0.1257355057909031, -0.19999999999999996), 626: (-0.12803955155599236, -0.4), 592: (-0.13587274789764342, -0.19999999999999996)}",{'dummy': 0.16278164329289901},"[(0.0, -0.4)]","[(0.3999999999999999, -0.6)]"
