impression,user_id,app_version,model_version,mturk_id,status,NUM_INITIAL_RATINGS,NUM_REFINE_RATINGS,TOTAL_TRAINING_RATINGS,NUM_TEST_RATINGS,TIME_INITIAL,TIME_REFINE,TIME_TEST,random_test_predictions_ratings,good_test_predictions_ratings,hypers,redisplay_check,arbitrary_check
0,ac62914b-8cb9-433d-8db7-ca173d2313e9,4.1-knn-ar-dresses10-test,1.2,A2QFTRIL815VIX,Completed,1,50,51,15,13.769127607345581,280.8107349872589,92.79061007499695,"{574: (0.06915377479446289, 0.3999999999999999), 246: (0.11285684471268778, 0.19999999999999996), 640: (0.07678920609222144, 0.19999999999999996), 379: (0.12921958902598588, 0.3999999999999999), 672: (0.26065869178287115, 0.3999999999999999), 20: (0.1618759461987412, 0.3999999999999999), 773: (-0.046218232057028893, -0.19999999999999996), 511: (0.06630908775416111, -0.19999999999999996), 36: (0.05623763786242204, 0.0), 186: (0.20567280871208066, 0.0)}","{746: (0.6000000000000001, 0.8), 306: (0.5455156690838575, 0.3999999999999999), 190: (0.5428360777212505, 0.6000000000000001), 713: (0.5416438928664677, 0.19999999999999996), 624: (0.5383380439867295, 0.19999999999999996)}",{'dummy': 0.021550384592053717},"[(0.3999999999999999, 0.3999999999999999)]","[(0.3999999999999999, -0.6)]"
