impression,user_id,app_version,model_version,mturk_id,status,NUM_INITIAL_RATINGS,NUM_REFINE_RATINGS,TOTAL_TRAINING_RATINGS,NUM_TEST_RATINGS,TIME_INITIAL,TIME_REFINE,TIME_TEST,random_test_predictions_ratings,good_test_predictions_ratings,hypers,redisplay_check,arbitrary_check
0,ac9f4120-acfb-4853-aadf-412ab6c71b31,4.1-knn-ar-dresses10-test,1.2,ACBK30I7R42NI,Completed,1,40,41,15,26.170379161834717,325.66907954216003,441.83590626716614,"{755: (-0.13488525270748516, -0.8), 756: (0.21683452224147348, 0.8), 234: (0.33221232817591057, 0.8), 35: (0.3555994994226212, 0.6000000000000001), 394: (-0.03876346313887451, 0.0), 479: (0.14233680904506785, -0.8), 182: (-0.13875122479382337, -0.6), 654: (0.4239508190680869, -0.8), 236: (0.07181234118575551, 0.3999999999999999), 650: (-0.3154295589174757, 0.3999999999999999)}","{337: (0.6660040826089009, 0.0), 289: (0.6627777421510997, -0.4), 621: (0.6596493765228335, 0.0), 34: (0.6543526994104254, 0.0), 743: (0.6318458059168897, -0.6)}",{'dummy': 0.3468123012747216},"[(0.3999999999999999, -0.6)]","[(0.8, -0.6)]"
