impression,user_id,app_version,model_version,mturk_id,status,NUM_INITIAL_RATINGS,NUM_REFINE_RATINGS,TOTAL_TRAINING_RATINGS,NUM_TEST_RATINGS,TIME_INITIAL,TIME_REFINE,TIME_TEST,random_test_predictions_ratings,good_test_predictions_ratings,hypers,redisplay_check,arbitrary_check
0,ad282feb-5c8f-48d8-9e73-61d3ef81ef14,4.1-knn-ar-dresses10-test,1.2,A38DHLB88V8DL8,Completed,1,20,21,15,15.295613527297974,210.69221663475037,76.60932803153992,"{697: (-0.4211867883427008, 0.3999999999999999), 638: (-0.06518539411244458, 0.0), 208: (-0.16417842465603855, 0.3999999999999999), 481: (-0.6266200170620192, -0.6), 315: (-0.265081821525288, 0.0), 117: (-0.12883170696695545, -0.8), 424: (0.05177017605505562, -0.8), 325: (-0.07482695514809685, 0.0), 82: (0.22233183044245575, 0.3999999999999999), 716: (-0.39915939042684667, 0.0)}","{40: (0.48542934135213456, -0.6), 78: (0.46199537349904923, 0.3999999999999999), 263: (0.4200050677244484, -0.19999999999999996), 151: (0.41970265948275165, 0.3999999999999999), 340: (0.4070407496019845, 0.0)}",{'dummy': 0.11952571812847868},"[(-0.8, -0.8)]","[(-0.6, -0.6)]"
