impression,user_id,app_version,model_version,mturk_id,status,NUM_INITIAL_RATINGS,NUM_REFINE_RATINGS,TOTAL_TRAINING_RATINGS,NUM_TEST_RATINGS,TIME_INITIAL,TIME_REFINE,TIME_TEST,random_test_predictions_ratings,good_test_predictions_ratings,hypers,redisplay_check,arbitrary_check
0,ad9738d9-2eb0-4185-ab48-35a5e3bfedf9,4.1-knn-ar-dresses10-test,1.2,AWAW665TQQP2F,Completed,1,30,31,15,10.573402166366577,143.99359846115112,69.8930971622467,"{568: (0.08435173780198883, -0.74), 672: (0.06106246944642596, 0.6000000000000001), 618: (-0.03328774048989275, 0.30000000000000004), 553: (0.2063346911218608, -0.36), 34: (0.1812053926260541, -1.0), 737: (0.07693399976510341, -0.76), 690: (-0.5218444207894616, -0.19999999999999996), 385: (0.18657062807030117, 0.11999999999999988), 727: (0.1996535055960725, -1.0), 63: (0.13341654279224757, -0.19999999999999996)}","{567: (0.570342976013546, 0.0), 479: (0.5564480081281307, -0.6), 362: (0.5423152550157356, 0.18000000000000016), 608: (0.5415208489591818, -0.30000000000000004), 399: (0.5352417120159738, 0.3800000000000001)}",{'dummy': 0.2472062191165133},"[(0.5, 0.30000000000000004)]","[(-0.08000000000000007, -0.6)]"
