impression,user_id,app_version,model_version,mturk_id,status,NUM_INITIAL_RATINGS,NUM_REFINE_RATINGS,TOTAL_TRAINING_RATINGS,NUM_TEST_RATINGS,TIME_INITIAL,TIME_REFINE,TIME_TEST,random_test_predictions_ratings,good_test_predictions_ratings,hypers,redisplay_check,arbitrary_check
0,ae9f8d2e-027b-4250-b77b-4967e440fda0,4.1-knn-ar-dresses10-test,1.2,A2GIT09BQEUM9M,Completed,1,30,31,15,14.594685554504395,161.4584276676178,66.78384804725647,"{567: (-0.597396254914831, 0.3999999999999999), 732: (-0.8059816795052962, -0.8), 242: (-0.5933061807741861, 0.0), 193: (-0.1830040555967348, -0.19999999999999996), 378: (-0.9359365511928749, -0.4), 779: (-0.6358002972649756, 0.0), 460: (-0.2527880995101235, -0.8), 239: (-0.798494400397567, -0.8), 225: (-0.9404928945573158, -0.6), 112: (-0.6607412473097851, -1.0)}","{79: (0.6011921836437508, -0.8), 693: (0.4785587675572559, 0.6000000000000001), 674: (0.4745802835760719, -0.8), 304: (0.46468451901654917, 0.6000000000000001), 379: (0.46242769018933644, 0.19999999999999996)}",{'dummy': 0.8221008755984857},"[(-0.8, -0.8)]","[(-0.6, -0.6)]"
