impression,user_id,app_version,model_version,mturk_id,status,NUM_INITIAL_RATINGS,NUM_REFINE_RATINGS,TOTAL_TRAINING_RATINGS,NUM_TEST_RATINGS,TIME_INITIAL,TIME_REFINE,TIME_TEST,random_test_predictions_ratings,good_test_predictions_ratings,hypers,redisplay_check,arbitrary_check
0,aeb3715a-6bbf-45b7-ba01-b61127000f20,4.1-knn-ar-dresses10-test,1.2,AWRMHUCV3KAW9,Completed,1,30,31,15,6.7612624168396,162.3043565750122,77.43889999389648,"{348: (-0.6084137698976536, -0.19999999999999996), 318: (-0.5355203340723343, -0.19999999999999996), 334: (-0.5343559920399834, -0.6), 343: (-0.0007310298074074248, 0.19999999999999996), 105: (-0.1990089440404526, -0.19999999999999996), 101: (-0.6201616559774202, -1.0), 677: (-0.1933135596774001, 0.19999999999999996), 506: (-0.2118633222095661, -0.6), 703: (-0.3528492474588066, -0.4), 625: (-0.5085373075873791, -0.4)}","{605: (0.2828978022412251, 0.3999999999999999), 461: (0.2772389623300136, 0.19999999999999996), 342: (0.2763586094539031, 0.0), 163: (0.2728246194412996, 0.0), 426: (0.27232775047597196, 0.3999999999999999)}",{'dummy': 0.702272381433574},"[(0.0, -0.19999999999999996)]","[(0.3999999999999999, -0.6)]"
