impression,user_id,app_version,model_version,mturk_id,status,NUM_INITIAL_RATINGS,NUM_REFINE_RATINGS,TOTAL_TRAINING_RATINGS,NUM_TEST_RATINGS,TIME_INITIAL,TIME_REFINE,TIME_TEST,random_test_predictions_ratings,good_test_predictions_ratings,hypers,redisplay_check,arbitrary_check
0,afe209b6-060e-4fb3-94cf-e02ff5ecda85,4.1-knn-ar-dresses10-test,1.2,A2QIWWNL33VJ3J,Completed,1,10,11,15,183.00354981422424,185.18760561943054,107.21221828460693,"{362: (0.5249372328773019, 0.3999999999999999), 312: (0.6297018437314453, 0.0), 382: (0.5400532585139678, 0.3999999999999999), 11: (0.6070689425814092, 0.3999999999999999), 531: (0.6776205416607028, -0.19999999999999996), 181: (0.6293788908839311, 0.19999999999999996), 489: (0.6448928142798916, 0.6000000000000001), 194: (0.5141523853553831, 0.0), 697: (0.5357827242764064, 0.3999999999999999), 661: (0.5225678550826965, 0.19999999999999996)}","{80: (0.7583166823068684, 0.0), 159: (0.754461808416115, 0.19999999999999996), 332: (0.751984471838331, 0.3999999999999999), 6: (0.7519657489266921, 0.6000000000000001), 17: (0.7514386680401021, 0.19999999999999996)}",{'dummy': 0.7505736588044918},"[(0.0, 0.3999999999999999)]","[(-0.6, -0.6)]"
