impression,user_id,app_version,model_version,mturk_id,status,NUM_INITIAL_RATINGS,NUM_REFINE_RATINGS,TOTAL_TRAINING_RATINGS,NUM_TEST_RATINGS,TIME_INITIAL,TIME_REFINE,TIME_TEST,random_test_predictions_ratings,good_test_predictions_ratings,hypers,redisplay_check,arbitrary_check
0,afeaf17a-b5a0-40b1-a839-d6b40a130217,4.1-knn-ar-dresses10-test,1.2,ATJE8CN82IOHU,Completed,1,40,41,15,6.9236414432525635,134.97885942459106,51.47475218772888,"{172: (0.11610546947662571, 1.0), 320: (-0.20092736515406537, -0.4), 372: (-0.0629196745000929, -0.8), 301: (0.1544353148439862, 0.6000000000000001), 659: (-0.2101761468185613, 0.19999999999999996), 54: (-0.3581411275350593, -0.4), 112: (-0.5204453530614647, -0.4), 599: (-0.06783886985129016, 0.3999999999999999), 708: (-0.3249480396669286, 0.19999999999999996), 750: (-0.743590873618584, -0.8)}","{648: (0.7998523536324842, 0.19999999999999996), 264: (0.7944445044045406, 0.19999999999999996), 600: (0.7262088757601273, -0.19999999999999996), 504: (0.6672973087079936, -0.4), 44: (0.6025989064039432, -0.19999999999999996)}",{'dummy': 0.24252741979473935},"[(-0.8, -0.8)]","[(-0.8, -0.6)]"
