impression,user_id,app_version,model_version,mturk_id,status,NUM_INITIAL_RATINGS,NUM_REFINE_RATINGS,TOTAL_TRAINING_RATINGS,NUM_TEST_RATINGS,TIME_INITIAL,TIME_REFINE,TIME_TEST,random_test_predictions_ratings,good_test_predictions_ratings,hypers,redisplay_check,arbitrary_check
0,aff2a28d-99c6-4dd8-ba61-6bdd0456cb56,4.1-knn-ar-dresses10-test,1.2,A346UAH34GVOZX,Completed,1,40,41,15,12.082536220550537,345.9802689552307,143.36384105682373,"{303: (0.1359958890545895, 0.8), 658: (-0.1345663603485791, -0.19999999999999996), 239: (0.3359951270737617, 1.0), 652: (-0.011158015768131607, 1.0), 713: (0.26690483507648555, 0.6000000000000001), 97: (0.34894929035821, -0.8), 526: (0.2602092537528824, -0.8), 566: (-0.23650792919485486, -0.6), 534: (0.20672876897182865, -0.19999999999999996), 107: (-0.07299679209903025, 0.0)}","{418: (0.7483573684781794, 0.0), 497: (0.7424692459474251, 0.3999999999999999), 512: (0.7403609519086489, 0.6000000000000001), 727: (0.7367590403089013, 0.3999999999999999), 75: (0.7359649575248863, -0.6)}",{'dummy': 0.8413736605367207},"[(-0.6, -0.19999999999999996)]","[(-0.6, -0.6)]"
