impression,user_id,app_version,model_version,mturk_id,status,NUM_INITIAL_RATINGS,NUM_REFINE_RATINGS,TOTAL_TRAINING_RATINGS,NUM_TEST_RATINGS,TIME_INITIAL,TIME_REFINE,TIME_TEST,random_test_predictions_ratings,good_test_predictions_ratings,hypers,redisplay_check,arbitrary_check
0,b00467d8-7415-4e94-a22e-be80bc3d2329,4.1-knn-ar-dresses10-test,1.2, A2YB18JHC2C7GF,Completed,1,10,11,15,13.099884986877441,121.20617079734802,138.51084852218628,"{704: (-0.30949983899949435, 0.3999999999999999), 533: (0.7612753178841056, 1.0), 580: (-0.0847844716524858, 0.8), 641: (-0.44313575420570556, 0.8), 162: (0.1824043968403121, 1.0), 265: (0.8088326442992998, 0.0), 401: (0.35293013172151716, 0.0), 722: (0.08116437572870726, -0.4), 62: (0.44728900030470475, 1.0), 540: (0.4407949269515515, 1.0)}","{530: (1.0, 1.0), 651: (1.0, 1.0), 650: (1.0, 0.3999999999999999), 585: (1.0, 1.0), 32: (1.0, 1.0)}",{'dummy': 0.8581825163983133},"[(0.6000000000000001, 1.0)]","[(0.6000000000000001, -0.6)]"
