impression,user_id,app_version,model_version,mturk_id,status,NUM_INITIAL_RATINGS,NUM_REFINE_RATINGS,TOTAL_TRAINING_RATINGS,NUM_TEST_RATINGS,TIME_INITIAL,TIME_REFINE,TIME_TEST,random_test_predictions_ratings,good_test_predictions_ratings,hypers,redisplay_check,arbitrary_check
0,b02fe7a1-074f-42c4-8ae9-9e63b43c2477,4.1-knn-ar-dresses10-test,1.2,AXTZU0PO55S3S,Completed,1,30,31,15,10.659785270690918,235.86198949813843,137.3215138912201,"{461: (0.07744971114472292, 0.6000000000000001), 328: (0.0038684574691097403, -0.6), 801: (-0.5010250622239995, -1.0), 796: (-0.28079755754506913, -0.19999999999999996), 221: (-0.8719194431966019, -0.8), 809: (-0.6036719750634029, -0.6), 506: (0.0858866143858889, -1.0), 120: (-0.693317069266467, -0.6), 438: (-0.356560182182952, -1.0), 789: (0.08831410003988978, 0.19999999999999996)}","{540: (0.6000000000000002, -0.8), 266: (0.6000000000000002, 0.0), 283: (0.6000000000000001, 0.6000000000000001), 52: (0.6000000000000001, 0.3999999999999999), 212: (0.6, 0.0)}",{'dummy': 0.43733593257039904},"[(-0.8, -0.6)]","[(0.0, -0.6)]"
