impression,user_id,app_version,model_version,status,NUM_INITIAL_RATINGS,NUM_REFINE_RATINGS,TOTAL_TRAINING_RATINGS,NUM_TEST_RATINGS,items_shown,ratings,model_fit,history_dict,hypers,redisplay_check,arbitrary_check,hyper_history
0,b1efb5b1-761c-4488-bbc2-f0d2e89c31da,4.1-knn-ar-dresses10-test,1.2,Started,1,10,11,15,"[811, 61, 198, 270, 283, 272, 20, 545, 669, 649, 243]","[0.8, 0.6000000000000001, 0.6000000000000001, 0.6000000000000001, 0.3999999999999999, 0.0, 0.6000000000000001, 0.19999999999999996, 0.0, 0.3999999999999999, 0.6000000000000001]","[0.8, 0.6000000000000001, 0.6000000000000001, 0.6000000000000001, 0.3999999999999999, 0.0, 0.6000000000000001, 0.19999999999999996, 0.0, 0.3999999999999999, 0.6000000000000001]","{811: (0.8, 0.8), 61: (0.6000000000000001, 0.6000000000000001), 198: (0.6000000000000001, 0.6000000000000001), 270: (0.6000000000000001, 0.6000000000000001), 283: (0.3999999999999999, 0.3999999999999999), 272: (0.0, 0.0), 20: (0.6000000000000001, 0.6000000000000001), 545: (0.19999999999999996, 0.19999999999999996), 669: (0.0, 0.0), 649: (0.3999999999999999, 0.3999999999999999), 243: (0.6000000000000001, 0.6000000000000001)}",{'dummy': 0.4566775759920628},"[(0.6000000000000001, 0.6000000000000001)]","[(0.19999999999999996, -0.8)]","[{'dummy': 0.39848269306162976}, {'dummy': 0.07526874924775262}, {'dummy': 0.7313261552503995}, {'dummy': 0.19717817919177694}, {'dummy': 0.533479275666693}, {'dummy': 0.5104386538676995}, {'dummy': 0.05087227980022446}, {'dummy': 0.48342911171113134}, {'dummy': 0.7705305389256455}, {'dummy': 0.5537680900136356}]"
