impression,user_id,app_version,model_version,mturk_id,status,NUM_INITIAL_RATINGS,NUM_REFINE_RATINGS,TOTAL_TRAINING_RATINGS,NUM_TEST_RATINGS,TIME_INITIAL,TIME_REFINE,TIME_TEST,random_test_predictions_ratings,good_test_predictions_ratings,hypers,redisplay_check,arbitrary_check
0,b27e151f-6568-4ad8-bdcb-6074f6d2e9ed,4.1-knn-ar-dresses10-test,1.2,A3P0AYUYPCOLMA,Completed,1,40,41,15,24.65622115135193,341.70700335502625,170.89193081855774,"{708: (-0.038973544356203184, 0.6000000000000001), 661: (0.014207157480608367, 0.0), 595: (0.1588448453123463, -0.8), 689: (0.5149530086120223, -0.8), 731: (0.17958060442427856, -0.6), 505: (0.15565791418324057, 0.3999999999999999), 261: (0.21258177480152202, -0.6), 763: (-0.12713233616419467, 0.8), 393: (-0.46118597233149705, 0.3999999999999999), 26: (0.14790311276460474, -0.6)}","{244: (0.6924123837624931, 1.0), 65: (0.5903611366410171, 0.0), 355: (0.5896252893571583, 0.8), 72: (0.5720867576113748, 0.0), 547: (0.5574860234650798, 1.0)}",{'dummy': 0.3381930414422979},"[(0.3999999999999999, 0.8)]","[(0.8, -0.6)]"
