impression,user_id,app_version,model_version,mturk_id,status,NUM_INITIAL_RATINGS,NUM_REFINE_RATINGS,TOTAL_TRAINING_RATINGS,NUM_TEST_RATINGS,TIME_INITIAL,TIME_REFINE,TIME_TEST,random_test_predictions_ratings,good_test_predictions_ratings,hypers,redisplay_check,arbitrary_check
0,b2ef1775-3342-4011-8605-dbf0133075a5,4.1-knn-ar-dresses10-test,1.2,A2RZLYO5QJT4AS,Completed,1,10,11,15,5.200560092926025,68.43527030944824,131.7866497039795,"{690: (0.3043307216598124, 0.5), 249: (-0.14750498108434168, 0.19999999999999996), 5: (0.21282076490645735, 0.30000000000000004), 432: (0.20119103866110233, -0.19999999999999996), 451: (-0.12380095078361253, 0.3999999999999999), 33: (-0.014210304017912982, -0.6), 701: (-0.3424460848417379, 0.10000000000000009), 642: (0.18655993952893737, 0.10000000000000009), 689: (0.5362363666846106, -0.4), 45: (0.5356756285590215, 0.19999999999999996)}","{634: (0.613496770559467, 0.6000000000000001), 280: (0.6079707265613303, 0.19999999999999996), 264: (0.6040140997879259, 0.5), 412: (0.601424196016832, -0.6), 672: (0.6012227442037165, 0.3999999999999999)}",{'dummy': 0.6143097946194543},"[(-0.19999999999999996, 0.19999999999999996)]","[(-0.4, -0.6)]"
