impression,user_id,app_version,model_version,status,NUM_INITIAL_RATINGS,NUM_REFINE_RATINGS,TOTAL_TRAINING_RATINGS,NUM_TEST_RATINGS,items_shown,ratings,model_fit,history_dict,hypers,redisplay_check,arbitrary_check,hyper_history
0,b2ef1775-3342-4011-8605-dbf0133075a5,4.1-knn-ar-dresses10-test,1.2,Started,1,10,11,15,"[474, 489, 373, 334, 251, 185, 483, 59, 179, 462, 12]","[-0.19999999999999996, -0.6, 0.19999999999999996, -0.19999999999999996, 0.8, 0.3999999999999999, 0.6000000000000001, 0.19999999999999996, 0.0, -0.4, 0.0]","[-0.19999999999999996, -0.6, 0.19999999999999996, -0.19999999999999996, 0.8, 0.3999999999999999, 0.6000000000000001, 0.19999999999999996, 0.0, -0.4, 0.0]","{474: (-0.19999999999999996, -0.19999999999999996), 489: (-0.6, -0.6), 373: (0.19999999999999996, 0.19999999999999996), 334: (-0.19999999999999996, -0.19999999999999996), 251: (0.8, 0.8), 185: (0.3999999999999999, 0.3999999999999999), 483: (0.6000000000000001, 0.6000000000000001), 59: (0.19999999999999996, 0.19999999999999996), 179: (0.0, 0.0), 462: (-0.4, -0.4), 12: (0.0, 0.0)}",{'dummy': 0.49654014574781824},"[(0.19999999999999996, 0.19999999999999996)]","[(-0.19999999999999996, -0.8)]","[{'dummy': 0.457630802037579}, {'dummy': 0.7530182333395431}, {'dummy': 0.6955614994256045}, {'dummy': 0.7382620605658191}, {'dummy': 0.9983549601577312}, {'dummy': 0.8023941911068118}, {'dummy': 0.38810295824234686}, {'dummy': 0.9464577562966221}, {'dummy': 0.5752487094150494}, {'dummy': 0.8089560453371646}]"
