impression,user_id,app_version,model_version,mturk_id,status,NUM_INITIAL_RATINGS,NUM_REFINE_RATINGS,TOTAL_TRAINING_RATINGS,NUM_TEST_RATINGS,TIME_INITIAL,TIME_REFINE,TIME_TEST,random_test_predictions_ratings,good_test_predictions_ratings,hypers,redisplay_check,arbitrary_check
0,b315565b-160d-44fe-b357-ceb77ec52214,4.1-knn-ar-dresses10-test,1.2,A1AMGHYG5PT0L2,Completed,1,30,31,15,4.544484376907349,95.69938087463379,39.882280349731445,"{796: (0.09847417300720131, -0.19999999999999996), 141: (0.3709372519229806, 0.0), 665: (-0.37893584817416415, 0.0), 146: (0.23988330789991838, -0.4), 395: (-0.12358282595593906, -0.8), 656: (0.24234116055565072, 0.0), 271: (-0.3962981633642508, -0.19999999999999996), 304: (0.10879788142894718, -0.4), 32: (0.4075810063998503, -0.19999999999999996), 456: (0.2668525851969911, 0.19999999999999996)}","{724: (0.6000000000000002, -0.19999999999999996), 687: (0.6000000000000002, 0.0), 580: (0.6000000000000001, 0.0), 759: (0.6000000000000001, -0.4), 148: (0.6000000000000001, -0.19999999999999996)}",{'dummy': 0.7664394740213744},"[(-0.4, -0.19999999999999996)]","[(0.19999999999999996, -0.6)]"
