impression,user_id,app_version,model_version,mturk_id,status,NUM_INITIAL_RATINGS,NUM_REFINE_RATINGS,TOTAL_TRAINING_RATINGS,NUM_TEST_RATINGS,TIME_INITIAL,TIME_REFINE,TIME_TEST,random_test_predictions_ratings,good_test_predictions_ratings,hypers,redisplay_check,arbitrary_check
0,b3a4d0a4-c814-44a9-8d7a-39cfad6a3c96,4.1-knn-ar-dresses10-test,1.2,A1VA9QXDZ3F0CW,Completed,1,40,41,15,15.694216012954712,271.22538805007935,97.43876266479492,"{672: (-0.04692692941474979, 0.19999999999999996), 103: (0.12820651111043366, -0.19999999999999996), 523: (0.17969363355896223, 0.6000000000000001), 339: (-0.22680164126380242, -0.19999999999999996), 145: (0.07962209434729756, -0.4), 375: (0.3005349046553378, 0.3999999999999999), 320: (0.30567009477742835, 0.0), 306: (0.06372849012647869, 0.3999999999999999), 349: (0.14019233284869498, 0.5), 467: (-0.17069242048356598, 0.3999999999999999)}","{171: (0.545215881206156, 0.19999999999999996), 34: (0.5252103596295191, -0.6), 278: (0.4855171807782132, 0.0), 31: (0.47497350582594755, -0.4), 635: (0.46411403764917175, 0.19999999999999996)}",{'dummy': 0.6047063717337998},"[(-0.19999999999999996, 0.0)]","[(0.0, -0.6)]"
