impression,user_id,app_version,model_version,mturk_id,status,NUM_INITIAL_RATINGS,NUM_REFINE_RATINGS,TOTAL_TRAINING_RATINGS,NUM_TEST_RATINGS,TIME_INITIAL,TIME_REFINE,TIME_TEST,random_test_predictions_ratings,good_test_predictions_ratings,hypers,redisplay_check,arbitrary_check
0,b43599d7-8b46-4838-85ce-12d79f32006f,4.1-knn-ar-dresses10-test,1.2,A2OTB9GR7FEQLP,Completed,1,40,41,15,15.792575597763062,370.98774003982544,123.27922773361206,"{9: (0.4330507087658511, 0.8999999999999999), 359: (0.10514385771715604, -0.8), 766: (-0.37712186795281366, -1.0), 301: (0.704039846505238, 0.19999999999999996), 796: (0.6800392764284416, -0.19999999999999996), 116: (0.5988368497856016, -1.0), 577: (0.20579767035272786, 0.5), 228: (0.09312854852265864, -1.0), 672: (-0.12865300995141632, 0.19999999999999996), 602: (0.5117072696748277, 0.19999999999999996)}","{358: (0.9485059412749993, 0.5), 435: (0.9450900295075382, 0.8), 496: (0.944411288564758, 0.6000000000000001), 290: (0.9433799867622135, 0.6000000000000001), 320: (0.9423419857668134, 0.6000000000000001)}",{'dummy': 0.87407394236288},"[(0.8, 0.6000000000000001)]","[(-0.6, -0.6)]"
