impression,user_id,app_version,model_version,mturk_id,status,NUM_INITIAL_RATINGS,NUM_REFINE_RATINGS,TOTAL_TRAINING_RATINGS,NUM_TEST_RATINGS,TIME_INITIAL,TIME_REFINE,TIME_TEST,random_test_predictions_ratings,good_test_predictions_ratings,hypers,redisplay_check,arbitrary_check
0,b45d51e3-9dbe-4ccb-a566-b547e73eea32,4.1-knn-ar-dresses10-test,1.2,A222GZB608T1B8,Completed,1,30,31,15,10.293847799301147,255.46086597442627,110.93491840362549,"{540: (-0.33977150522058486, -0.19999999999999996), 738: (-0.2473546847966838, 0.0), 159: (0.19349910302585924, 0.6000000000000001), 153: (-0.053989794872496416, -0.19999999999999996), 112: (0.13249096202797683, -0.4), 245: (-0.4081562139287351, -0.6), 785: (0.32121438337272, -0.4), 790: (0.3438921194909818, 0.6000000000000001), 728: (-0.3283490873684949, 0.19999999999999996), 220: (-0.12770902684358307, -0.4)}","{391: (0.8690073753701567, 0.19999999999999996), 446: (0.8488510951015807, 0.8), 262: (0.8165650617360248, 0.3999999999999999), 257: (0.7884607385571234, 0.8), 736: (0.7751404163698247, 0.8)}",{'dummy': 0.7665613801080025},"[(-0.4, -0.4)]","[(-0.6, -0.6)]"
