impression,user_id,app_version,model_version,mturk_id,status,NUM_INITIAL_RATINGS,NUM_REFINE_RATINGS,TOTAL_TRAINING_RATINGS,NUM_TEST_RATINGS,TIME_INITIAL,TIME_REFINE,TIME_TEST,random_test_predictions_ratings,good_test_predictions_ratings,hypers,redisplay_check,arbitrary_check
0,b5081f9c-5431-430d-ae3b-d860db91f1ce,4.1-knn-ar-dresses10-test,1.2,A75HJLMVANNZD,Completed,1,10,11,15,5.83514404296875,164.28661441802979,46.367767333984375,"{771: (0.026423073283179315, -0.6), 594: (0.2987841139646321, -0.19999999999999996), 742: (0.6240431686235258, 0.8), 278: (0.2461395807445268, 0.8), 770: (0.21112652512767557, 0.6000000000000001), 791: (0.07385827098825203, 0.8), 650: (-0.16720630594175542, -0.6), 438: (-0.4923017634921295, 1.0), 329: (-0.06170201774793356, -0.8), 102: (0.6261104407025009, 0.0)}","{199: (0.872032751695992, 0.6000000000000001), 2: (0.8679417079220277, 1.0), 8: (0.8663770982655491, -0.6), 703: (0.7766922310419919, -0.19999999999999996), 117: (0.753089628273741, 0.3999999999999999)}",{'dummy': 0.6944592134212968},"[(-0.6, 0.0)]","[(-0.98, -0.6)]"
