impression,user_id,app_version,model_version,mturk_id,status,NUM_INITIAL_RATINGS,NUM_REFINE_RATINGS,TOTAL_TRAINING_RATINGS,NUM_TEST_RATINGS,TIME_INITIAL,TIME_REFINE,TIME_TEST,random_test_predictions_ratings,good_test_predictions_ratings,hypers,redisplay_check,arbitrary_check
0,b50ba8ef-c8d7-44a2-9fe6-afe0ccdb098f,4.1-knn-ar-dresses10-test,1.2,A3GO56JAHRU2Y1,Completed,1,20,21,15,44.45488882064819,274.78259325027466,137.81995844841003,"{86: (-1.0, -1.0), 369: (-0.6848010066115531, -1.0), 37: (-0.1653655636728215, -1.0), 673: (-0.7207166454752905, -1.0), 596: (0.0, -1.0), 167: (-1.0, -1.0), 283: (-0.6449202089100265, -1.0), 310: (-0.2915684273269913, -1.0), 517: (-0.20726912899848526, -1.0), 461: (-0.6835568644462049, 0.3999999999999999)}","{567: (0.27479583366990407, -1.0), 510: (0.2697306056436987, 0.3999999999999999), 804: (0.26128687783456206, -1.0), 451: (0.24838231399111269, 0.0), 750: (0.23020855884760838, -1.0)}",{'dummy': 0.00802466703627902},"[(-1.0, -1.0)]","[(-1.0, -0.6)]"
