impression,user_id,app_version,model_version,mturk_id,status,NUM_INITIAL_RATINGS,NUM_REFINE_RATINGS,TOTAL_TRAINING_RATINGS,NUM_TEST_RATINGS,TIME_INITIAL,TIME_REFINE,TIME_TEST,random_test_predictions_ratings,good_test_predictions_ratings,hypers,redisplay_check,arbitrary_check
0,b68c1afa-9657-4725-ba30-638760a9d0fa,4.1-knn-ar-dresses10-test,1.2,A1TGZ063G5UKEC,Completed,1,10,11,15,4.7454400062561035,56.52052640914917,97.30830693244934,"{675: (-0.6203966935803276, -0.4), 147: (-0.3586107372192167, 0.6000000000000001), 756: (0.0756431950162416, 0.3999999999999999), 710: (-0.4504542146572373, 0.0), 743: (-0.1318840852017873, -0.6), 683: (-0.2676688085155826, -0.8), 258: (-0.32277786152219784, -0.8), 704: (-0.20701803639264313, -0.8), 299: (-0.5471089695450123, -0.6), 388: (-0.06925492231062312, -0.4)}","{800: (0.15066246789268237, -0.19999999999999996), 564: (0.14148025576270987, 0.19999999999999996), 444: (0.139446775700672, 0.19999999999999996), 749: (0.13841336199063536, 0.3999999999999999), 233: (0.1376685947362924, -0.8)}",{'dummy': 0.07861652562772192},"[(-0.6, -0.4)]","[(0.8, -0.6)]"
