impression,user_id,app_version,model_version,mturk_id,status,NUM_INITIAL_RATINGS,NUM_REFINE_RATINGS,TOTAL_TRAINING_RATINGS,NUM_TEST_RATINGS,TIME_INITIAL,TIME_REFINE,TIME_TEST,random_test_predictions_ratings,good_test_predictions_ratings,hypers,redisplay_check,arbitrary_check
0,b71408b5-15ef-4a57-b2d8-9a1af1b1b8b9,4.1-knn-ar-dresses10-test,1.2,A11ILN5YSUDVG8,Completed,1,10,11,15,9.05924677848816,52.20317268371582,67.09575843811035,"{749: (0.21143572651747386, -0.6), 574: (0.28611171890054204, -0.4), 51: (0.11785463100832606, -0.4), 711: (-0.5284861293633673, -0.6), 560: (0.2847265430092213, -0.19999999999999996), 617: (0.14254525017713926, 0.3999999999999999), 65: (-0.5313142185461388, -0.6), 393: (0.15896803433985618, -0.19999999999999996), 180: (0.3354155275261851, -0.6), 634: (-0.2025315503105083, -0.6)}","{434: (0.4104756752928107, 0.19999999999999996), 14: (0.4101245809362983, 0.19999999999999996), 447: (0.40761634798205515, 0.19999999999999996), 649: (0.3990917261689341, 0.0), 433: (0.38856251466399927, -0.6)}",{'dummy': 0.8385337445384511},"[(-0.4, -0.19999999999999996)]","[(-0.6, -0.6)]"
