impression,user_id,app_version,model_version,mturk_id,status,NUM_INITIAL_RATINGS,NUM_REFINE_RATINGS,TOTAL_TRAINING_RATINGS,NUM_TEST_RATINGS,TIME_INITIAL,TIME_REFINE,TIME_TEST,random_test_predictions_ratings,good_test_predictions_ratings,hypers,redisplay_check,arbitrary_check
0,b85a6a62-0ecd-4efb-85a3-02116b689f05,4.1-knn-ar-dresses10-test,1.2,A34H7UVYQTC390,Completed,1,40,41,15,8.000672340393066,247.11372351646423,75.5379478931427,"{426: (-0.21163263310168, -0.8), 650: (-0.2050062097661777, -0.6), 148: (-0.6438528167321529, -0.09999999999999998), 264: (-0.135166855888224, 0.0), 632: (0.28204418171495066, 0.3999999999999999), 685: (-0.4605285397479154, -0.8), 102: (0.020190766978561644, 0.28), 415: (-0.3904678135786986, 0.19999999999999996), 64: (-0.1539949288683747, 0.0), 497: (-0.689141436853622, 0.0)}","{619: (0.373375169541678, -0.08000000000000007), 33: (0.3551974199289379, -0.96), 530: (0.3475683523316294, 0.24), 612: (0.34641807712806055, -0.19999999999999996), 306: (0.34258414235217755, 0.6000000000000001)}",{'dummy': 0.8019151742749293},"[(0.19999999999999996, 0.19999999999999996)]","[(-0.8, -0.6)]"
