impression,user_id,app_version,model_version,status,NUM_INITIAL_RATINGS,NUM_REFINE_RATINGS,TOTAL_TRAINING_RATINGS,NUM_TEST_RATINGS,items_shown,ratings,model_fit,history_dict,hypers,redisplay_check,arbitrary_check,hyper_history
0,b8a4d03e-7b5f-4052-b325-e3853feab49b,4.1-knn-ar-dresses10-test,1.2,Started,1,20,21,15,"[775, 326, 644, 618, 288, 716, 460, 97, 151, 732, 284, 335, 241, 1, 306, 530, 215, 781, 371, 347, 575]","[-0.9, 0.19999999999999996, -0.4, 0.0, 0.0, -0.8, -0.8, 0.19999999999999996, 0.19999999999999996, 0.19999999999999996, 0.0, 0.0, 0.0, 0.19999999999999996, 0.19999999999999996, -0.6, 0.0, -0.6, 0.19999999999999996, -0.6, -0.6]","[-0.9, 0.19999999999999996, -0.4, 0.0, 0.0, -0.8, -0.8, 0.19999999999999996, 0.19999999999999996, 0.19999999999999996, 0.0, 0.0, 0.0, 0.19999999999999996, 0.19999999999999996, -0.6, 0.0, -0.6, 0.19999999999999996, -0.6, -0.6]","{775: (-0.9, -0.9), 326: (0.19999999999999996, 0.19999999999999996), 644: (-0.4, -0.4), 618: (0.0, 0.0), 288: (0.0, 0.0), 716: (-0.8, -0.8), 460: (-0.8, -0.8), 97: (0.19999999999999996, 0.19999999999999996), 151: (0.19999999999999996, 0.19999999999999996), 732: (0.19999999999999996, 0.19999999999999996), 284: (0.0, 0.0), 335: (0.0, 0.0), 241: (0.0, 0.0), 1: (0.19999999999999996, 0.19999999999999996), 306: (0.19999999999999996, 0.19999999999999996), 530: (-0.6, -0.6), 215: (0.0, 0.0), 781: (-0.6, -0.6), 371: (0.19999999999999996, 0.19999999999999996), 347: (-0.6, -0.6), 575: (-0.6, -0.6)}",{'dummy': 0.670206297892016},"[(-0.6, -0.4)]","[(0.19999999999999996, -0.8)]","[{'dummy': 0.940183331284288}, {'dummy': 0.2543445056821316}, {'dummy': 0.20597753935723384}, {'dummy': 0.984677401148075}, {'dummy': 0.5755670641243433}, {'dummy': 0.9775354127171462}, {'dummy': 0.8063335817433057}, {'dummy': 0.4375766791269933}, {'dummy': 0.7667235708982933}, {'dummy': 0.8546783899893639}, {'dummy': 0.07296155953407402}, {'dummy': 0.16897730221983487}, {'dummy': 0.6955256001954404}, {'dummy': 0.5827794489172744}, {'dummy': 0.1651337031790644}, {'dummy': 0.5558012162152243}, {'dummy': 0.3335426736009409}, {'dummy': 0.15211240258534353}, {'dummy': 0.569005660677143}, {'dummy': 0.18090272817286035}]"
