impression,user_id,app_version,model_version,status,NUM_INITIAL_RATINGS,NUM_REFINE_RATINGS,TOTAL_TRAINING_RATINGS,NUM_TEST_RATINGS,items_shown,ratings,model_fit,history_dict,hypers,redisplay_check,arbitrary_check,hyper_history
0,b9a17af1-94c4-4342-9d13-bfde534d5c74,4.1-knn-ar-dresses10-test,1.2,Started,1,10,11,15,"[516, 86, 493, 532, 729, 621, 578, 161, 211, 642, 526]","[-0.09999999999999998, 0.5, 0.6000000000000001, 0.30000000000000004, 0.5, 0.6000000000000001, 0.6000000000000001, 0.30000000000000004, 0.5, 0.6000000000000001, 0.7]","[-0.09999999999999998, 0.5, 0.6000000000000001, 0.30000000000000004, 0.5, 0.6000000000000001, 0.6000000000000001, 0.30000000000000004, 0.5, 0.6000000000000001, 0.7]","{516: (-0.09999999999999998, -0.09999999999999998), 86: (0.5, 0.5), 493: (0.6000000000000001, 0.6000000000000001), 532: (0.30000000000000004, 0.30000000000000004), 729: (0.5, 0.5), 621: (0.6000000000000001, 0.6000000000000001), 578: (0.6000000000000001, 0.6000000000000001), 161: (0.30000000000000004, 0.30000000000000004), 211: (0.5, 0.5), 642: (0.6000000000000001, 0.6000000000000001), 526: (0.7, 0.7)}",{'dummy': 0.4149276894268249},"[(0.7, 0.6000000000000001)]","[(0.0, -0.8)]","[{'dummy': 0.5779962741404393}, {'dummy': 0.3061044266806181}, {'dummy': 0.011682563196442786}, {'dummy': 0.345855143472404}, {'dummy': 0.46627727032262833}, {'dummy': 0.1992739601629221}, {'dummy': 0.8631768599955928}, {'dummy': 0.21750372631903925}, {'dummy': 0.9988254966381108}, {'dummy': 0.8143172812594196}]"
