impression,user_id,app_version,model_version,mturk_id,status,NUM_INITIAL_RATINGS,NUM_REFINE_RATINGS,TOTAL_TRAINING_RATINGS,NUM_TEST_RATINGS,TIME_INITIAL,TIME_REFINE,TIME_TEST,random_test_predictions_ratings,good_test_predictions_ratings,hypers,redisplay_check,arbitrary_check
0,bae96129-1e38-4a76-ad50-91c106972c07,4.1-knn-ar-dresses10-test,1.2,A2BCK6M4SPHRRH,Completed,1,50,51,15,7.244784355163574,201.52580976486206,69.06145763397217,"{558: (0.3597353988631967, 0.0), 740: (-0.0027586002844433417, -0.19999999999999996), 649: (0.0069314748532273715, 0.8), 592: (0.14085792059777763, 0.19999999999999996), 116: (0.1300959990323159, -0.19999999999999996), 99: (0.12676148094751963, 0.19999999999999996), 641: (0.011774719404569804, 0.19999999999999996), 260: (0.39999999999999997, 0.0), 448: (0.13596037635321254, 0.19999999999999996), 414: (-0.0684211773050918, 0.3999999999999999)}","{66: (0.6000000000000001, 0.6000000000000001), 765: (0.5519637047665427, 0.8), 133: (0.5501774280192316, 0.6000000000000001), 57: (0.5409424981607259, 0.3999999999999999), 352: (0.5333595828243569, 0.3999999999999999)}",{'dummy': 0.29181223773254394},"[(0.3999999999999999, 0.3999999999999999)]","[(-0.6, -0.6)]"
