impression,user_id,app_version,model_version,mturk_id,status,NUM_INITIAL_RATINGS,NUM_REFINE_RATINGS,TOTAL_TRAINING_RATINGS,NUM_TEST_RATINGS,TIME_INITIAL,TIME_REFINE,TIME_TEST,random_test_predictions_ratings,good_test_predictions_ratings,hypers,redisplay_check,arbitrary_check
0,bc2430f7-7467-472c-8dcd-05ed15981bfc,4.1-knn-ar-dresses10-test,1.2,A3S3NLZV7A06QN,Completed,1,30,31,15,15.734288454055786,145.47853255271912,57.37826466560364,"{656: (0.06979236073062714, 0.0), 287: (-0.06161708854085504, -0.4), 161: (0.0670324102855603, 0.0), 226: (0.22268572762464348, 0.6000000000000001), 684: (0.5808377824762996, 0.3999999999999999), 359: (-0.19780136616656493, -0.19999999999999996), 757: (-0.1554665714782951, 0.6000000000000001), 487: (-0.31988277770236634, -0.19999999999999996), 340: (0.023252058456045888, -0.4), 271: (-0.265305386104336, -0.6)}","{612: (0.7058048255186774, 0.0), 651: (0.7023830347093236, 0.19999999999999996), 306: (0.6983735346613997, 0.6000000000000001), 25: (0.6788808081610055, -0.19999999999999996), 374: (0.6571066910519338, 0.19999999999999996)}",{'dummy': 0.13541091165816177},"[(0.0, 0.0)]","[(-0.6, -0.6)]"
