impression,user_id,app_version,model_version,status,NUM_INITIAL_RATINGS,NUM_REFINE_RATINGS,TOTAL_TRAINING_RATINGS,NUM_TEST_RATINGS,items_shown,ratings,model_fit,history_dict,hypers,redisplay_check,arbitrary_check,hyper_history
0,bccc3494-0193-4d8e-8b58-642acd80d610,4.1-knn-ar-dresses10-test,1.2,Started,1,20,21,15,"[659, 510, 55, 309, 17, 429, 211, 339, 234, 809, 377, 485, 140, 142, 764, 424, 690, 460, 58, 277, 785]","[-0.4, -0.19999999999999996, -0.4, -0.19999999999999996, -0.6, -0.6, -0.09999999999999998, -0.19999999999999996, 0.19999999999999996, -0.4, 0.10000000000000009, -0.4, -0.30000000000000004, -0.6, -0.4, 0.0, -0.6, -0.09999999999999998, -0.8, -0.4, 0.0]","[-0.4, -0.19999999999999996, -0.4, -0.19999999999999996, -0.6, -0.6, -0.09999999999999998, -0.19999999999999996, 0.19999999999999996, -0.4, 0.10000000000000009, -0.4, -0.30000000000000004, -0.6, -0.4, 0.0, -0.6, -0.09999999999999998, -0.8, -0.4, 0.0]","{659: (-0.4, -0.4), 510: (-0.19999999999999996, -0.19999999999999996), 55: (-0.4, -0.4), 309: (-0.19999999999999996, -0.19999999999999996), 17: (-0.6, -0.6), 429: (-0.6, -0.6), 211: (-0.09999999999999998, -0.09999999999999998), 339: (-0.19999999999999996, -0.19999999999999996), 234: (0.19999999999999996, 0.19999999999999996), 809: (-0.4, -0.4), 377: (0.10000000000000009, 0.10000000000000009), 485: (-0.4, -0.4), 140: (-0.30000000000000004, -0.30000000000000004), 142: (-0.6, -0.6), 764: (-0.4, -0.4), 424: (0.0, 0.0), 690: (-0.6, -0.6), 460: (-0.09999999999999998, -0.09999999999999998), 58: (-0.8, -0.8), 277: (-0.4, -0.4), 785: (0.0, 0.0)}",{'dummy': 0.6425643126589025},"[(-0.6, -0.4)]","[(-0.30000000000000004, -0.8)]","[{'dummy': 0.9110604096699232}, {'dummy': 0.3158928770160776}, {'dummy': 0.4392662882684617}, {'dummy': 0.7761137929963297}, {'dummy': 0.11643184383551919}, {'dummy': 0.7674000049335957}, {'dummy': 0.7934774152177962}, {'dummy': 0.2316102612959422}, {'dummy': 0.8468035370983503}, {'dummy': 0.9723641609090189}, {'dummy': 0.8334289509769123}, {'dummy': 0.4657561964657666}, {'dummy': 0.06707885621352094}, {'dummy': 0.6694265913004711}, {'dummy': 0.7046209903083449}, {'dummy': 0.64136321564194}, {'dummy': 0.8026695588765754}, {'dummy': 0.647950142084248}, {'dummy': 0.5416105704424437}, {'dummy': 0.89236377952365}]"
