impression,user_id,app_version,model_version,mturk_id,status,NUM_INITIAL_RATINGS,NUM_REFINE_RATINGS,TOTAL_TRAINING_RATINGS,NUM_TEST_RATINGS,TIME_INITIAL,TIME_REFINE,TIME_TEST,random_test_predictions_ratings,good_test_predictions_ratings,hypers,redisplay_check,arbitrary_check
0,bd644123-59bd-4233-be4c-016a46b9da34,4.1-knn-ar-dresses10-test,1.2,A2RJQ7V9C078KO,Completed,1,20,21,15,14.541499376296997,197.60817885398865,138.6807029247284,"{654: (0.1637313745783198, 0.3999999999999999), 743: (0.12979001575481885, 0.0), 166: (0.2036160939809415, 0.6000000000000001), 205: (0.20393190294671232, 0.8), 747: (0.19542300733164994, 0.30000000000000004), 1: (0.18561780677571302, -0.19999999999999996), 273: (-0.03176075242871064, 0.5), 177: (0.18116331424186322, 0.8), 569: (0.19926388420846664, 0.8), 289: (0.290080121712935, 0.0)}","{617: (0.6681422085071693, 0.3999999999999999), 545: (0.5768878261592648, 0.3999999999999999), 364: (0.5691759662220922, 0.6000000000000001), 606: (0.5681162522994406, 0.5), 382: (0.5679772428615766, 0.6000000000000001)}",{'dummy': 0.4244311956666781},"[(0.6000000000000001, 0.8)]","[(0.6000000000000001, -0.6)]"
