impression,user_id,app_version,model_version,status,NUM_INITIAL_RATINGS,NUM_REFINE_RATINGS,TOTAL_TRAINING_RATINGS,NUM_TEST_RATINGS,items_shown,ratings,model_fit,history_dict,hypers,redisplay_check,arbitrary_check,hyper_history
0,bde1b0d6-57a5-4504-9284-153f4803b256,4.1-knn-ar-dresses10-test,1.2,Started,1,20,21,15,"[317, 777, 481, 588, 515, 282, 198, 55, 257, 286, 309, 531, 528, 365, 246, 414, 93, 213, 367, 584, 514]","[0.19999999999999996, -0.19999999999999996, -0.6, -0.4, -0.4, -0.8, -0.8, -0.6, -0.8, -0.8, -0.8, -0.6, -0.6, -0.8, -0.8, -0.8, 0.0, -0.4, -0.6, -0.8, -0.8]","[0.19999999999999996, -0.19999999999999996, -0.6, -0.4, -0.4, -0.8, -0.8, -0.6, -0.8, -0.8, -0.8, -0.6, -0.6, -0.8, -0.8, -0.8, 0.0, -0.4, -0.6, -0.8, -0.8]","{317: (0.19999999999999996, 0.19999999999999996), 777: (-0.19999999999999996, -0.19999999999999996), 481: (-0.6, -0.6), 588: (-0.4, -0.4), 515: (-0.4, -0.4), 282: (-0.8, -0.8), 198: (-0.8, -0.8), 55: (-0.6, -0.6), 257: (-0.8, -0.8), 286: (-0.8, -0.8), 309: (-0.8, -0.8), 531: (-0.6, -0.6), 528: (-0.6, -0.6), 365: (-0.8, -0.8), 246: (-0.8, -0.8), 414: (-0.8, -0.8), 93: (0.0, 0.0), 213: (-0.4, -0.4), 367: (-0.6, -0.6), 584: (-0.8, -0.8), 514: (-0.8, -0.8)}",{'dummy': 0.052982598824233285},"[(-0.4, -0.6)]","[(-0.8, -0.8)]","[{'dummy': 0.38542273104724867}, {'dummy': 0.0022980445701198393}, {'dummy': 0.5083519668509969}, {'dummy': 0.8873346504464755}, {'dummy': 0.574113476181108}, {'dummy': 0.052132374210614674}, {'dummy': 0.6230730541237398}, {'dummy': 0.5439820080972764}, {'dummy': 0.4635259770146394}, {'dummy': 0.47540648754562875}, {'dummy': 0.6343215135155396}, {'dummy': 0.8746864449317743}, {'dummy': 0.604796184684162}, {'dummy': 0.3967802714288816}, {'dummy': 0.053394631077469334}, {'dummy': 0.49014160877703816}, {'dummy': 0.4917330986579861}, {'dummy': 0.43508718257446855}, {'dummy': 0.6347039924200409}, {'dummy': 0.7527759362076052}]"
