impression,user_id,app_version,model_version,mturk_id,status,NUM_INITIAL_RATINGS,NUM_REFINE_RATINGS,TOTAL_TRAINING_RATINGS,NUM_TEST_RATINGS,TIME_INITIAL,TIME_REFINE,TIME_TEST,random_test_predictions_ratings,good_test_predictions_ratings,hypers,redisplay_check,arbitrary_check
0,bee4a091-5fec-4bb2-a5b2-f985cefe12cb,4.1-knn-ar-dresses10-test,1.2,A1FGKIKJYSL1MI,Completed,1,50,51,15,20.857991456985474,390.33571100234985,124.70131945610046,"{291: (-0.0029915403253198856, -0.19999999999999996), 606: (-0.5176586231097882, 0.0), 326: (-0.5806198762120288, -0.6), 622: (-0.6571107255207681, -0.19999999999999996), 558: (-0.7421500867475104, -0.8), 333: (-0.6645139140620832, 0.0), 685: (-0.37974804050515987, -0.4), 338: (-0.3953297707783962, -0.6), 672: (-0.31644117105214603, -0.19999999999999996), 174: (-0.4563054717200519, 0.19999999999999996)}","{679: (0.2008800249187417, -0.6), 265: (0.18268456672548947, 0.0), 279: (0.15576952562231078, -0.8), 666: (0.14252772354795074, -0.4), 304: (0.1374212762478029, -0.4)}",{'dummy': 0.23909267968528003},"[(-0.19999999999999996, 0.0)]","[(-0.6, -0.6)]"
