impression,user_id,app_version,model_version,mturk_id,status,NUM_INITIAL_RATINGS,NUM_REFINE_RATINGS,TOTAL_TRAINING_RATINGS,NUM_TEST_RATINGS,TIME_INITIAL,TIME_REFINE,TIME_TEST,random_test_predictions_ratings,good_test_predictions_ratings,hypers,redisplay_check,arbitrary_check
0,bf9a859d-3b71-4559-a1dc-fe23bdd7207a,4.1-knn-ar-dresses10-test,1.2,ARWF605I7RWM7,Completed,1,40,41,15,6.903943777084351,164.94151520729065,55.82359027862549,"{12: (0.465662664512012, 0.3999999999999999), 142: (0.3972116182128683, 0.3999999999999999), 581: (0.2917827955423449, 0.6000000000000001), 325: (0.6013601314069847, 0.3999999999999999), 202: (0.4640385607632405, 0.3999999999999999), 327: (0.2747150631466642, 0.3999999999999999), 432: (0.31952539451941914, 0.3999999999999999), 536: (0.261191382671454, 0.3999999999999999), 585: (0.4044478331684049, 0.3999999999999999), 101: (0.535312285072595, 0.19999999999999996)}","{392: (0.7288629408362111, 0.3999999999999999), 553: (0.6681022849341287, 0.19999999999999996), 653: (0.663300116860617, 0.6000000000000001), 430: (0.6609267569159096, 0.8), 764: (0.6608708639784749, 0.3999999999999999)}",{'dummy': 0.05800626105725426},"[(0.3999999999999999, 0.3999999999999999)]","[(-0.6, -0.6)]"
