impression,user_id,app_version,model_version,mturk_id,status,NUM_INITIAL_RATINGS,NUM_REFINE_RATINGS,TOTAL_TRAINING_RATINGS,NUM_TEST_RATINGS,TIME_INITIAL,TIME_REFINE,TIME_TEST,random_test_predictions_ratings,good_test_predictions_ratings,hypers,redisplay_check,arbitrary_check
0,bfd77f29-750d-4fa3-9fc9-bf36fe3603c5,4.1-knn-ar-dresses10-test,1.2,A1FKDOE5LF3DMZ,Completed,1,10,11,15,18.193989753723145,76.004061460495,121.65291404724121,"{644: (0.13795426919721984, 0.6000000000000001), 599: (0.5466971335333686, 0.3999999999999999), 653: (0.46449656891737406, 0.8), 577: (0.5174444776917515, 0.7), 738: (0.19347596415887133, 0.30000000000000004), 789: (0.3013759345355535, 0.7), 711: (0.1294949147762192, 0.3999999999999999), 365: (0.5675687727845442, 0.19999999999999996), 391: (0.36467974909142464, 0.0), 666: (0.1108825874380021, 0.0)}","{261: (0.7394247136188561, 0.5), 348: (0.7366181234830991, 0.19999999999999996), 705: (0.7351408943018503, 0.30000000000000004), 208: (0.734044400396067, 0.6000000000000001), 573: (0.7309177744187095, 0.7)}",{'dummy': 0.4644569922662003},"[(0.7, 0.7)]","[(0.8, -0.6)]"
