impression,user_id,app_version,model_version,status,NUM_INITIAL_RATINGS,NUM_REFINE_RATINGS,TOTAL_TRAINING_RATINGS,NUM_TEST_RATINGS,items_shown,ratings,model_fit,history_dict,hypers,redisplay_check,arbitrary_check,hyper_history
0,c055ece7-9c5a-4e74-91ef-0c40d13b6f8c,4.1-knn-ar-dresses10-test,1.2,Started,1,20,21,15,"[488, 804, 295, 653, 308, 180, 151, 710, 408, 480, 645, 202, 137, 450, 83, 757, 582, 251, 395, 382, 660]","[-0.19999999999999996, -0.4, -0.5, -0.09999999999999998, 0.19999999999999996, 0.0, 0.6000000000000001, -0.19999999999999996, 0.8, 0.6000000000000001, -0.19999999999999996, 0.30000000000000004, -0.30000000000000004, -0.4, -0.24, 0.19999999999999996, 0.5, 0.8999999999999999, -0.6, 1.0, -0.7]","[-0.19999999999999996, -0.4, -0.5, -0.09999999999999998, 0.19999999999999996, 0.0, 0.6000000000000001, -0.19999999999999996, 0.8, 0.6000000000000001, -0.19999999999999996, 0.30000000000000004, -0.30000000000000004, -0.4, -0.24, 0.19999999999999996, 0.5, 0.8999999999999999, -0.6, 1.0, -0.7]","{488: (-0.19999999999999996, -0.19999999999999996), 804: (-0.4, -0.4), 295: (-0.5, -0.5), 653: (-0.09999999999999998, -0.09999999999999998), 308: (0.19999999999999996, 0.19999999999999996), 180: (0.0, 0.0), 151: (0.6000000000000001, 0.6000000000000001), 710: (-0.19999999999999996, -0.19999999999999996), 408: (0.8, 0.8), 480: (0.6000000000000001, 0.6000000000000001), 645: (-0.19999999999999996, -0.19999999999999996), 202: (0.30000000000000004, 0.30000000000000004), 137: (-0.30000000000000004, -0.30000000000000004), 450: (-0.4, -0.4), 83: (-0.24, -0.24), 757: (0.19999999999999996, 0.19999999999999996), 582: (0.5, 0.5), 251: (0.8999999999999999, 0.8999999999999999), 395: (-0.6, -0.6), 382: (1.0, 1.0), 660: (-0.7, -0.7)}",{'dummy': 0.6264787760340101},"[(-0.5, -0.5)]","[(-0.09999999999999998, -0.8)]","[{'dummy': 0.9732340635792565}, {'dummy': 0.2810690157370236}, {'dummy': 0.8592460091000648}, {'dummy': 0.06296775654335152}, {'dummy': 0.3436778183002789}, {'dummy': 0.6908516620367734}, {'dummy': 0.48278631825417306}, {'dummy': 0.8461623386844099}, {'dummy': 0.4735705766308871}, {'dummy': 0.22324238869014423}, {'dummy': 0.7710666354227845}, {'dummy': 0.4827320434459569}, {'dummy': 0.23049845202969288}, {'dummy': 0.380592800718756}, {'dummy': 0.2653952789439291}, {'dummy': 0.320462874022324}, {'dummy': 0.5915556340668275}, {'dummy': 0.5570949413447586}, {'dummy': 0.8097246906990532}, {'dummy': 0.7869879317076077}]"
