impression,user_id,app_version,model_version,mturk_id,status,NUM_INITIAL_RATINGS,NUM_REFINE_RATINGS,TOTAL_TRAINING_RATINGS,NUM_TEST_RATINGS,TIME_INITIAL,TIME_REFINE,TIME_TEST,random_test_predictions_ratings,good_test_predictions_ratings,hypers,redisplay_check,arbitrary_check
0,c055ece7-9c5a-4e74-91ef-0c40d13b6f8c,4.1-knn-ar-dresses10-test,1.2,A2RBG0G82ULSZC,Completed,1,20,21,15,12.558332681655884,150.68632078170776,118.83383059501648,"{563: (0.19929791660626944, -0.24), 657: (0.23205799320729034, -0.18000000000000005), 514: (0.10958632140178944, -0.7), 110: (0.4795897289373548, 0.0), 430: (0.0868678742331473, 0.6000000000000001), 753: (0.1313043923900715, -0.24), 82: (0.3708907117653868, 0.6399999999999999), 311: (0.4438219158061532, 0.8999999999999999), 209: (-0.2029309720696282, -0.6), 8: (0.1489390758750255, -0.09999999999999998)}","{346: (0.8007879310421842, -0.6), 680: (0.7819865147054605, 0.0), 392: (0.7581455008809842, 0.3999999999999999), 571: (0.7367970904890785, 0.10000000000000009), 567: (0.7337568383538748, 0.5)}",{'dummy': 0.373459357208785},"[(-0.30000000000000004, -0.24)]","[(0.56, -0.6)]"
