impression,user_id,app_version,model_version,mturk_id,status,NUM_INITIAL_RATINGS,NUM_REFINE_RATINGS,TOTAL_TRAINING_RATINGS,NUM_TEST_RATINGS,TIME_INITIAL,TIME_REFINE,TIME_TEST,random_test_predictions_ratings,good_test_predictions_ratings,hypers,redisplay_check,arbitrary_check
0,c0cb6430-e605-4d54-a0fc-cb220aada7c0,4.1-knn-ar-dresses10-test,1.2,A2OFN0A5CPLH57,Completed,1,20,21,15,9.263017177581787,108.87902045249939,103.97126078605652,"{745: (0.22934292455718266, 0.19999999999999996), 42: (-0.70558511808406, 0.19999999999999996), 583: (-0.7909358507662396, -1.0), 768: (-0.24851884661732587, -1.0), 120: (0.08368620342652837, -1.0), 168: (-0.31427551229182016, -0.6), 8: (-0.5003802409832482, -0.8), 235: (-0.10913691021059305, -0.8), 263: (0.03561764303334606, -0.8), 615: (-0.6432841405461316, 0.0)}","{505: (0.6843076484987207, 0.0), 23: (0.5248888081869432, -0.8), 420: (0.520110135712606, -0.4), 275: (0.5074422394396436, -0.4), 732: (0.4107956664641674, 0.19999999999999996)}",{'dummy': 0.4063076526478764},"[(-1.0, -1.0)]","[(-0.19999999999999996, -0.6)]"
