impression,user_id,app_version,model_version,mturk_id,status,NUM_INITIAL_RATINGS,NUM_REFINE_RATINGS,TOTAL_TRAINING_RATINGS,NUM_TEST_RATINGS,TIME_INITIAL,TIME_REFINE,TIME_TEST,random_test_predictions_ratings,good_test_predictions_ratings,hypers,redisplay_check,arbitrary_check
0,c1017140-56ff-4bdb-9253-d47635f1ba9f,4.1-knn-ar-dresses10-test,1.2,A1W12MOBY99BUG,Completed,1,30,31,15,10.878998517990112,188.65096044540405,90.41608786582947,"{561: (0.009267652683789158, -0.6), 684: (0.2796038065564884, 0.19999999999999996), 332: (0.6254493108238458, 0.19999999999999996), 379: (-0.002410827635047595, 0.6000000000000001), 258: (-0.30075067914519316, 0.3999999999999999), 185: (-0.07442458480569465, -0.19999999999999996), 106: (-0.3586904933265507, -0.4), 206: (0.005045994384193569, 0.19999999999999996), 198: (-0.13803669995680368, 0.0), 485: (0.6126828852056109, -0.8)}","{719: (0.6732081829888085, 0.8), 467: (0.673120528671933, 0.3999999999999999), 107: (0.6684852199601521, 0.19999999999999996), 369: (0.6670805322186547, 0.19999999999999996), 542: (0.665786568381359, 0.19999999999999996)}",{'dummy': 0.0747561653369615},"[(-0.19999999999999996, -0.19999999999999996)]","[(-0.19999999999999996, -0.6)]"
