impression,user_id,app_version,model_version,mturk_id,status,NUM_INITIAL_RATINGS,NUM_REFINE_RATINGS,TOTAL_TRAINING_RATINGS,NUM_TEST_RATINGS,TIME_INITIAL,TIME_REFINE,TIME_TEST,random_test_predictions_ratings,good_test_predictions_ratings,hypers,redisplay_check,arbitrary_check
0,c2d2ce34-5aee-4d24-8a21-5cb76045a4e2,4.1-knn-ar-dresses10-test,1.2,A5BMKZRGHNSRT,Completed,1,40,41,15,3.47562313079834,96.28999137878418,44.50946760177612,"{395: (-0.33409911441758244, -0.19999999999999996), 99: (-0.1353162347574354, 0.0), 378: (-0.5331601571825664, 0.6000000000000001), 390: (-0.5332707112862094, -0.19999999999999996), 528: (-0.13977765421669638, -0.6), 465: (-0.53150719199687, 0.6000000000000001), 536: (-0.3318448982501883, -0.19999999999999996), 700: (-0.1454765355693823, -0.4), 124: (-0.3549078988171113, -0.19999999999999996), 510: (-0.2324157018760034, 0.0)}","{614: (0.34980791797442085, -0.19999999999999996), 429: (0.3356931836854811, 0.0), 204: (0.33520464527297034, -0.6), 625: (0.32406999591576213, 0.0), 130: (0.3026033969794549, -0.6)}",{'dummy': 0.5173259877074297},"[(-0.6, -0.6)]","[(-0.6, -0.6)]"
