impression,user_id,app_version,model_version,status,NUM_INITIAL_RATINGS,NUM_REFINE_RATINGS,TOTAL_TRAINING_RATINGS,NUM_TEST_RATINGS,items_shown,ratings,model_fit,history_dict,hypers,redisplay_check,arbitrary_check,hyper_history
0,c2f0226e-4636-4a03-8090-4d39198190ba,4.1-knn-ar-dresses10-test,1.2,Started,1,10,11,15,"[476, 670, 226, 634, 502, 377, 364, 401, 802, 336, 732]","[0.3999999999999999, 0.6000000000000001, 0.8, 1.0, 0.3999999999999999, 0.6000000000000001, 0.3999999999999999, 0.6000000000000001, 0.3999999999999999, 0.6000000000000001, 0.8]","[0.3999999999999999, 0.6000000000000001, 0.8, 1.0, 0.3999999999999999, 0.6000000000000001, 0.3999999999999999, 0.6000000000000001, 0.3999999999999999, 0.6000000000000001, 0.8]","{476: (0.3999999999999999, 0.3999999999999999), 670: (0.6000000000000001, 0.6000000000000001), 226: (0.8, 0.8), 634: (1.0, 1.0), 502: (0.3999999999999999, 0.3999999999999999), 377: (0.6000000000000001, 0.6000000000000001), 364: (0.3999999999999999, 0.3999999999999999), 401: (0.6000000000000001, 0.6000000000000001), 802: (0.3999999999999999, 0.3999999999999999), 336: (0.6000000000000001, 0.6000000000000001), 732: (0.8, 0.8)}",{'dummy': 0.5836816254184122},"[(0.8, 0.8)]","[(-0.8, -0.8)]","[{'dummy': 0.34805930537635776}, {'dummy': 0.5957454288087191}, {'dummy': 0.2754047135033717}, {'dummy': 0.1276759605007186}, {'dummy': 0.9076064846050135}, {'dummy': 0.4868196376114833}, {'dummy': 0.8386087667799772}, {'dummy': 0.6742843061658824}, {'dummy': 0.9038759631844856}, {'dummy': 0.4486384535130643}]"
