impression,user_id,app_version,model_version,status,NUM_INITIAL_RATINGS,NUM_REFINE_RATINGS,TOTAL_TRAINING_RATINGS,NUM_TEST_RATINGS,items_shown,ratings,model_fit,history_dict,hypers,redisplay_check,arbitrary_check,hyper_history
0,c387b536-9dd4-4b01-afe0-29aed069e31b,4.1-knn-ar-dresses10-test,1.2,Started,1,10,11,15,"[143, 475, 212, 478, 804, 736, 245, 139, 44, 325, 95]","[0.19999999999999996, -0.19999999999999996, -0.4, 0.3999999999999999, 0.3999999999999999, 0.0, 0.6000000000000001, 0.8, 0.3999999999999999, 0.19999999999999996, 1.0]","[0.19999999999999996, -0.19999999999999996, -0.4, 0.3999999999999999, 0.3999999999999999, 0.0, 0.6000000000000001, 0.8, 0.3999999999999999, 0.19999999999999996, 1.0]","{143: (0.19999999999999996, 0.19999999999999996), 475: (-0.19999999999999996, -0.19999999999999996), 212: (-0.4, -0.4), 478: (0.3999999999999999, 0.3999999999999999), 804: (0.3999999999999999, 0.3999999999999999), 736: (0.0, 0.0), 245: (0.6000000000000001, 0.6000000000000001), 139: (0.8, 0.8), 44: (0.3999999999999999, 0.3999999999999999), 325: (0.19999999999999996, 0.19999999999999996), 95: (1.0, 1.0)}",{'dummy': 0.8668383428771758},"[(-0.4, -0.4)]","[(-0.8, -0.8)]","[{'dummy': 0.8631163117433492}, {'dummy': 0.9543138694525551}, {'dummy': 0.7370066752880072}, {'dummy': 0.18006730965365714}, {'dummy': 0.8863615657495786}, {'dummy': 0.7312340520671456}, {'dummy': 0.5436829646011405}, {'dummy': 0.5597593227210785}, {'dummy': 0.38110947925978467}, {'dummy': 0.8368210223739724}]"
