impression,user_id,app_version,model_version,mturk_id,status,NUM_INITIAL_RATINGS,NUM_REFINE_RATINGS,TOTAL_TRAINING_RATINGS,NUM_TEST_RATINGS,TIME_INITIAL,TIME_REFINE,TIME_TEST,random_test_predictions_ratings,good_test_predictions_ratings,hypers,redisplay_check,arbitrary_check
0,c387b536-9dd4-4b01-afe0-29aed069e31b,4.1-knn-ar-dresses10-test,1.2,A34GH9SAZ3NAGE,Completed,1,10,11,15,10.693475008010864,69.33447051048279,81.5236713886261,"{497: (0.2836144119523313, 0.3999999999999999), 682: (0.6528462591005375, 0.19999999999999996), 94: (0.5952789397437246, 0.19999999999999996), 747: (0.1105860906921176, 0.3999999999999999), 324: (0.3587075988186367, 0.6000000000000001), 2: (0.20691997943747087, 0.19999999999999996), 174: (0.23375890987615858, 0.6000000000000001), 383: (0.12750913010463585, 0.0), 705: (0.6179233689355004, 1.0), 253: (0.6028307004903353, 1.0)}","{111: (0.8062274285194732, 0.19999999999999996), 333: (0.7949856733459386, 0.3999999999999999), 50: (0.7804907061918747, 0.3999999999999999), 708: (0.767346042869773, 0.6000000000000001), 129: (0.7638821720482841, 1.0)}",{'dummy': 0.9039030013351249},"[(0.19999999999999996, 0.19999999999999996)]","[(-0.6, -0.6)]"
