impression,user_id,app_version,model_version,mturk_id,status,NUM_INITIAL_RATINGS,NUM_REFINE_RATINGS,TOTAL_TRAINING_RATINGS,NUM_TEST_RATINGS,TIME_INITIAL,TIME_REFINE,TIME_TEST,random_test_predictions_ratings,good_test_predictions_ratings,hypers,redisplay_check,arbitrary_check
0,c410be55-705a-4535-bc2a-bb01ed48cd08,4.1-knn-ar-dresses10-test,1.2,A114BI2ZRYWKC0,Completed,1,50,51,15,8.017698526382446,391.82659006118774,75.12919402122498,"{288: (-0.3095529028871094, -1.0), 102: (-0.3907178598114797, -1.0), 313: (0.11983666436941574, -0.8), 467: (-0.4698911987950905, -0.6), 231: (-0.49417506715544857, -0.6), 21: (-0.345253648076965, -0.6), 665: (-0.5473681535394538, -0.8), 596: (-0.3973574289729734, -1.0), 204: (-0.5533864684838552, -0.8), 51: (-0.6546073979041785, -0.8)}","{413: (0.39160247295377043, -1.0), 546: (0.36764285916118805, -1.0), 223: (0.3635724630528204, 0.3999999999999999), 558: (0.33996677442715334, -0.6), 734: (0.334854383677615, -0.6)}",{'dummy': 0.8777109354410287},"[(-1.0, -1.0)]","[(0.6000000000000001, -0.6)]"
