impression,user_id,app_version,model_version,mturk_id,status,NUM_INITIAL_RATINGS,NUM_REFINE_RATINGS,TOTAL_TRAINING_RATINGS,NUM_TEST_RATINGS,TIME_INITIAL,TIME_REFINE,TIME_TEST,random_test_predictions_ratings,good_test_predictions_ratings,hypers,redisplay_check,arbitrary_check
0,c45990b5-f32d-4b90-92b4-54930a6bb77a,4.1-knn-ar-dresses10-test,1.2,A2CEYQH4UDNIEV,Completed,1,20,21,15,7.084305286407471,81.08609008789062,49.97439908981323,"{192: (-0.7374029012648168, -0.8), 641: (-0.5308975014318894, 0.6000000000000001), 680: (0.0995393206130757, 0.0), 20: (0.10850090127664418, 0.8), 460: (-0.5551012633729395, -0.19999999999999996), 597: (-0.06215368647590522, 0.6000000000000001), 669: (-0.7279513658864593, -0.8), 774: (-0.7136739605955625, 0.3999999999999999), 624: (-0.28115836028669344, -0.19999999999999996), 328: (-0.0027143107795336977, 0.3999999999999999)}","{561: (0.5351430675813312, -0.8), 630: (0.4572597422202036, 0.0), 130: (0.44113705844526435, 0.6000000000000001), 537: (0.4234682494011206, 0.19999999999999996), 196: (0.40978426923285205, 0.8)}",{'dummy': 0.2222121198146657},"[(-0.8, -0.8)]","[(0.0, -0.6)]"
