impression,user_id,app_version,model_version,mturk_id,status,NUM_INITIAL_RATINGS,NUM_REFINE_RATINGS,TOTAL_TRAINING_RATINGS,NUM_TEST_RATINGS,TIME_INITIAL,TIME_REFINE,TIME_TEST,random_test_predictions_ratings,good_test_predictions_ratings,hypers,redisplay_check,arbitrary_check
0,c46f2c9e-1d7f-4309-992c-56205610b475,4.1-knn-ar-dresses10-test,1.2,A13ZQSOMIZAN4Y,Completed,1,30,31,15,13.751522541046143,242.69916653633118,99.21207976341248,"{751: (0.7145730079058852, 0.0), 783: (0.322070651863144, -0.19999999999999996), 256: (0.04124668443297243, 0.0), 384: (-0.022086618339838816, -0.6), 677: (0.3974754291120402, 0.8), 494: (-0.27424727145682587, -0.8), 796: (0.37990611734105684, 0.0), 36: (0.006693517575948575, 0.30000000000000004), 264: (0.02320735500993738, 0.19999999999999996), 234: (0.2585808826585105, 0.6000000000000001)}","{143: (0.7392031535473158, 0.0), 666: (0.7346541788599497, -0.4), 743: (0.7321122008683589, 0.19999999999999996), 711: (0.7314751995697543, 0.3999999999999999), 646: (0.7289912867097873, -0.4)}",{'dummy': 0.8448038441640681},"[(-0.4, -0.19999999999999996)]","[(0.8, -0.6)]"
