impression,user_id,app_version,model_version,mturk_id,status,NUM_INITIAL_RATINGS,NUM_REFINE_RATINGS,TOTAL_TRAINING_RATINGS,NUM_TEST_RATINGS,TIME_INITIAL,TIME_REFINE,TIME_TEST,random_test_predictions_ratings,good_test_predictions_ratings,hypers,redisplay_check,arbitrary_check
0,c47a00d3-c70c-4224-ad67-3cb9cc27f5e4,4.1-knn-ar-dresses10-test,1.2,AUOOM0L9EM9KW,Completed,1,30,31,15,5.246882438659668,77.93874144554138,45.50282526016235,"{642: (0.06614709798617596, 0.0), 673: (-0.13939517507202248, -0.19999999999999996), 584: (0.06721346216556881, -0.19999999999999996), 658: (0.49355810094138863, 0.19999999999999996), 321: (0.0013124470563511481, 0.3999999999999999), 0: (0.06249214060820591, -0.19999999999999996), 152: (-0.37178993038239533, -1.0), 636: (-0.0671067452226553, -0.19999999999999996), 233: (0.002435754375854764, 0.3999999999999999), 488: (-0.12455645254633017, -0.8)}","{760: (0.7724568386766287, 0.6000000000000001), 178: (0.7632681504359711, 0.0), 223: (0.7616265249713973, 0.3999999999999999), 778: (0.7612204744740584, 0.0), 254: (0.7584233869629754, 0.0)}",{'dummy': 0.11593255433598681},"[(0.0, 0.0)]","[(0.19999999999999996, -0.6)]"
