impression,user_id,app_version,model_version,mturk_id,status,NUM_INITIAL_RATINGS,NUM_REFINE_RATINGS,TOTAL_TRAINING_RATINGS,NUM_TEST_RATINGS,TIME_INITIAL,TIME_REFINE,TIME_TEST,random_test_predictions_ratings,good_test_predictions_ratings,hypers,redisplay_check,arbitrary_check
0,c4f5187c-28de-4298-9b2b-e7f09066623f,4.1-knn-ar-dresses10-test,1.2,AIQM86IRETAJN,Completed,1,30,31,15,6.477191686630249,1038.873286485672,638.1194512844086,"{292: (0.330563647601728, 0.3999999999999999), 88: (0.40342229921684625, 0.3599999999999999), 293: (0.19999999999999996, 0.6000000000000001), 339: (0.19999999999999996, 0.3999999999999999), 242: (0.4609905765548344, 0.6000000000000001), 546: (0.46540094234552976, 0.8), 365: (0.47465100866327115, 0.56), 73: (0.39999999999999997, 0.6000000000000001), 102: (0.3999999999999999, 0.3999999999999999), 79: (0.0772522992365502, -0.19999999999999996)}","{167: (0.536518243047871, 0.3999999999999999), 60: (0.5359048596276618, 0.3999999999999999), 679: (0.5355128991311026, 0.6000000000000001), 696: (0.5277394129511793, 0.6000000000000001), 356: (0.521108263477816, 0.19999999999999996)}",{'dummy': 0.6973721942674582},"[(0.3999999999999999, 0.6000000000000001)]","[(0.19999999999999996, -0.6)]"
