impression,user_id,app_version,model_version,mturk_id,status,NUM_INITIAL_RATINGS,NUM_REFINE_RATINGS,TOTAL_TRAINING_RATINGS,NUM_TEST_RATINGS,TIME_INITIAL,TIME_REFINE,TIME_TEST,random_test_predictions_ratings,good_test_predictions_ratings,hypers,redisplay_check,arbitrary_check
0,c55717cc-b80a-4e1d-9113-24c6460e2572,4.1-knn-ar-dresses10-test,1.2,A3PGCZCYMXQMZ8,Completed,1,50,51,15,8.955103158950806,427.9889783859253,128.69105458259583,"{177: (0.7316165242926714, 0.19999999999999996), 407: (0.7284351226262644, 0.6000000000000001), 611: (0.5835895272145543, 0.18000000000000016), 552: (0.37068161693676555, 0.0), 580: (0.40676527869122353, 0.0), 199: (0.8027193108786131, 0.3999999999999999), 6: (0.6489015211620262, 0.6000000000000001), 94: (0.6673841337876564, 0.19999999999999996), 551: (0.510061651122355, 0.52), 502: (0.4632198276259782, 0.19999999999999996)}","{707: (0.9321724615878576, 0.6000000000000001), 52: (0.9296903037577883, 0.6000000000000001), 539: (0.9288458183825843, 0.94), 512: (0.9246281730825876, 0.6199999999999999), 577: (0.9105552238002265, 0.8)}",{'dummy': 0.3776055003936588},"[(0.3999999999999999, 0.19999999999999996)]","[(-0.6, -0.6)]"
