impression,user_id,app_version,model_version,mturk_id,status,NUM_INITIAL_RATINGS,NUM_REFINE_RATINGS,TOTAL_TRAINING_RATINGS,NUM_TEST_RATINGS,TIME_INITIAL,TIME_REFINE,TIME_TEST,random_test_predictions_ratings,good_test_predictions_ratings,hypers,redisplay_check,arbitrary_check
0,c58fc7de-0c6e-4283-b4f0-b3d9d159b8f2,4.1-knn-ar-dresses10-test,1.2,AUDH0P4ZHJKS2,Completed,1,10,11,15,10.305614233016968,36.003275632858276,52.41019058227539,"{183: (0.20670364587040235, 0.8), 429: (-0.34171025195820415, 0.0), 671: (0.6008904095650554, -0.19999999999999996), 746: (0.4523266822828997, 1.0), 151: (0.012025191176277872, 0.19999999999999996), 303: (-0.019996420974860096, 0.0), 610: (-0.022511223902051933, 0.6000000000000001), 242: (0.12147899377726977, -0.19999999999999996), 761: (0.2032214620467016, 0.0), 476: (0.17844141189717733, 0.19999999999999996)}","{365: (0.6448929443259147, 0.8), 147: (0.621405490220389, 1.0), 448: (0.6196700490686338, 0.19999999999999996), 406: (0.6185680399133795, -0.6), 387: (0.6163101286651661, 1.0)}",{'dummy': 0.42522692757987346},"[(-0.19999999999999996, -0.19999999999999996)]","[(1.0, -0.6)]"
