impression,user_id,app_version,model_version,mturk_id,status,NUM_INITIAL_RATINGS,NUM_REFINE_RATINGS,TOTAL_TRAINING_RATINGS,NUM_TEST_RATINGS,TIME_INITIAL,TIME_REFINE,TIME_TEST,random_test_predictions_ratings,good_test_predictions_ratings,hypers,redisplay_check,arbitrary_check
0,c5b9794a-b59f-4f03-aa48-66baea48d6c6,4.1-knn-ar-dresses10-test,1.2,A7L9ZA6QTLZ1J,Completed,1,30,31,15,18.38573908805847,323.4775459766388,145.22244691848755,"{321: (0.008860314911531714, 1.0), 378: (-0.33658866655785696, 0.6000000000000001), 484: (0.2671999578121715, -0.6), 617: (0.21751487339522518, 0.0), 322: (0.061292669261338764, -0.6), 140: (0.4143277819080848, -0.6), 650: (-0.2986444182635411, 1.0), 362: (0.1831583182884498, -0.4), 593: (0.07166132154934218, -0.4), 196: (0.04709629479382636, 0.6000000000000001)}","{272: (0.8556717077211412, 1.0), 682: (0.8377362794057923, 1.0), 288: (0.8339596585637565, 0.3999999999999999), 275: (0.8324035004914234, 1.0), 60: (0.8116775895180062, 0.19999999999999996)}",{'dummy': 0.9932023747010464},"[(1.0, 0.6000000000000001)]","[(-0.6, -0.6)]"
