impression,user_id,app_version,model_version,mturk_id,status,NUM_INITIAL_RATINGS,NUM_REFINE_RATINGS,TOTAL_TRAINING_RATINGS,NUM_TEST_RATINGS,TIME_INITIAL,TIME_REFINE,TIME_TEST,random_test_predictions_ratings,good_test_predictions_ratings,hypers,redisplay_check,arbitrary_check
0,c5d25465-5bd0-49da-a79d-6322ad3da9b9,4.1-knn-ar-dresses10-test,1.2,AK6B3JUL7HIBO,Completed,1,10,11,15,14.59397840499878,83.59564447402954,81.33982849121094,"{810: (-0.08477027623144984, 0.6000000000000001), 396: (-0.08816139123473545, 0.6000000000000001), 230: (0.3399038645569152, 0.3999999999999999), 562: (-0.05723005372070183, 0.6000000000000001), 427: (0.08405939667529493, 0.3999999999999999), 627: (0.23902028253762558, -0.19999999999999996), 536: (0.2663388756416454, 0.8), 356: (-0.01700303509280663, 0.0), 368: (-0.12481115570658749, -0.4), 216: (-0.09273777706602421, -0.6)}","{75: (0.5067343527914938, 0.8), 41: (0.5019632344263395, 0.19999999999999996), 119: (0.49616235072803955, 0.0), 302: (0.4952276164629711, 0.10000000000000009), 358: (0.49432177247831466, 0.6000000000000001)}",{'dummy': 0.45038005415051774},"[(-0.4, -0.4)]","[(-0.6, -0.6)]"
