impression,user_id,app_version,model_version,status,NUM_INITIAL_RATINGS,NUM_REFINE_RATINGS,TOTAL_TRAINING_RATINGS,NUM_TEST_RATINGS,items_shown,ratings,model_fit,history_dict,hypers,redisplay_check,arbitrary_check,hyper_history
0,c5d25465-5bd0-49da-a79d-6322ad3da9b9,4.1-knn-ar-dresses10-test,1.2,Started,1,10,11,15,"[56, 641, 441, 340, 66, 531, 357, 301, 771, 584, 509]","[0.0, 0.7, 0.19999999999999996, -0.19999999999999996, 0.6000000000000001, 0.10000000000000009, 0.19999999999999996, 0.14000000000000012, -0.4, -0.4, 0.19999999999999996]","[0.0, 0.7, 0.19999999999999996, -0.19999999999999996, 0.6000000000000001, 0.10000000000000009, 0.19999999999999996, 0.14000000000000012, -0.4, -0.4, 0.19999999999999996]","{56: (0.0, 0.0), 641: (0.7, 0.7), 441: (0.19999999999999996, 0.19999999999999996), 340: (-0.19999999999999996, -0.19999999999999996), 66: (0.6000000000000001, 0.6000000000000001), 531: (0.10000000000000009, 0.10000000000000009), 357: (0.19999999999999996, 0.19999999999999996), 301: (0.14000000000000012, 0.14000000000000012), 771: (-0.4, -0.4), 584: (-0.4, -0.4), 509: (0.19999999999999996, 0.19999999999999996)}",{'dummy': 0.33664231894078434},"[(0.19999999999999996, 0.19999999999999996)]","[(0.06000000000000005, -0.8)]","[{'dummy': 0.24830016249973652}, {'dummy': 0.6489154436543267}, {'dummy': 0.8765918798176593}, {'dummy': 0.3524532217053472}, {'dummy': 0.8672712485643643}, {'dummy': 0.01425367968868152}, {'dummy': 0.7850785588888588}, {'dummy': 0.9529106825016453}, {'dummy': 0.543676087708283}, {'dummy': 0.5755122577544933}]"
