impression,user_id,app_version,model_version,mturk_id,status,NUM_INITIAL_RATINGS,NUM_REFINE_RATINGS,TOTAL_TRAINING_RATINGS,NUM_TEST_RATINGS,TIME_INITIAL,TIME_REFINE,TIME_TEST,random_test_predictions_ratings,good_test_predictions_ratings,hypers,redisplay_check,arbitrary_check
0,c66516b6-2903-4f13-87f4-494ef3c675c2,4.1-knn-ar-dresses10-test,1.2,A21Y7K669KM1PR,Completed,1,40,41,15,8.025994777679443,157.20203280448914,46.703912019729614,"{371: (-0.4567453355720328, -0.4), 656: (-0.08700750018739495, 0.0), 638: (-0.8, -0.8), 224: (-0.531459942996268, -0.4), 113: (-0.23711088039920725, -0.8), 322: (-0.6745256118803445, -0.6), 403: (-0.15102391490244582, -0.19999999999999996), 83: (-0.3790250074682043, -0.6), 94: (-0.14294333440312004, -0.19999999999999996), 806: (-0.5406955042569109, -0.4)}","{318: (0.10236663075506729, -0.19999999999999996), 581: (0.07080605358733422, 0.0), 339: (0.06722153521550712, 0.0), 369: (0.06663783835664767, -0.4), 740: (0.06348427476110341, 0.0)}",{'dummy': 0.1236913573996058},"[(-0.4, -0.4)]","[(0.3999999999999999, -0.6)]"
