impression,user_id,app_version,model_version,mturk_id,status,NUM_INITIAL_RATINGS,NUM_REFINE_RATINGS,TOTAL_TRAINING_RATINGS,NUM_TEST_RATINGS,TIME_INITIAL,TIME_REFINE,TIME_TEST,random_test_predictions_ratings,good_test_predictions_ratings,hypers,redisplay_check,arbitrary_check
0,c70ce278-9d73-4422-94ef-d1267d6c0cf3,4.1-knn-ar-dresses10-test,1.2,A3EVXSWHYA1PTT,Completed,1,40,41,15,7.054143190383911,167.83462190628052,50.444854736328125,"{487: (0.5577126871276153, 0.19999999999999996), 94: (-0.14362191270220875, -0.19999999999999996), 0: (0.28507124068085943, 0.19999999999999996), 310: (-0.05231743855662361, -0.6), 161: (-0.022219550293937858, 0.8), 755: (-0.6166125583822754, -1.0), 435: (-0.14883433382478464, 0.0), 390: (-0.46506420672439897, -0.8), 619: (-0.19299436349179852, 0.19999999999999996), 680: (0.013813233394916542, 0.3999999999999999)}","{717: (0.6487489157368087, 0.3999999999999999), 609: (0.6338020954163048, 0.0), 157: (0.6081591704198767, 0.0), 501: (0.607586673477076, 0.19999999999999996), 551: (0.6018914767173248, 0.0)}",{'dummy': 0.8212696117225549},"[(0.0, 0.0)]","[(0.8, -0.6)]"
