impression,user_id,app_version,model_version,mturk_id,status,NUM_INITIAL_RATINGS,NUM_REFINE_RATINGS,TOTAL_TRAINING_RATINGS,NUM_TEST_RATINGS,TIME_INITIAL,TIME_REFINE,TIME_TEST,random_test_predictions_ratings,good_test_predictions_ratings,hypers,redisplay_check,arbitrary_check
0,c72e9696-da5f-4666-a23d-e4d5a6063290,4.1-knn-ar-dresses10-test,1.2,A20NJGHYKL73LC,Completed,1,20,21,15,6.790379047393799,146.11566352844238,120.51533627510071,"{223: (0.5829736214956868, -0.6), 793: (0.47434716622059075, 0.3999999999999999), 90: (-0.1427089326602973, 0.19999999999999996), 416: (-0.49670513975590685, -0.8), 539: (0.5950475563722455, 0.8), 384: (0.686781176992492, 1.0), 721: (-0.17801648416369162, -0.19999999999999996), 380: (-0.2624419402498138, 0.0), 388: (0.5502301346793814, 0.3999999999999999), 542: (0.34820499009794237, 0.8)}","{93: (0.8000000000000002, 0.0), 152: (0.8000000000000002, -1.0), 707: (0.8000000000000002, 0.0), 158: (0.8, 1.0), 599: (0.8, 0.3999999999999999)}",{'dummy': 0.7107937110363701},"[(0.3999999999999999, 0.3999999999999999)]","[(-0.6, -0.6)]"
