impression,user_id,app_version,model_version,mturk_id,status,NUM_INITIAL_RATINGS,NUM_REFINE_RATINGS,TOTAL_TRAINING_RATINGS,NUM_TEST_RATINGS,TIME_INITIAL,TIME_REFINE,TIME_TEST,random_test_predictions_ratings,good_test_predictions_ratings,hypers,redisplay_check,arbitrary_check
0,c73418b3-9ec8-4a69-8d7a-81ebfb40baf8,4.1-knn-ar-dresses10-test,1.2,AQCG5PJF5XHD0,Completed,1,30,31,15,14.083106994628906,118.61592245101929,95.9028205871582,"{175: (-0.40953391799185607, -0.6), 560: (0.5646513980075101, 0.0), 452: (-0.6631559821677144, 0.0), 107: (0.47410927704447275, 0.6000000000000001), 195: (-0.3183243844910461, -0.4), 406: (0.32501210076010356, 0.6000000000000001), 430: (-0.04925349622857301, -0.4), 232: (0.04094929893627183, 0.6000000000000001), 660: (-0.23611345625289115, 0.6000000000000001), 605: (-0.16310593394469564, 0.8)}","{133: (0.8, 0.8), 127: (0.7999999999999998, 0.6000000000000001), 280: (0.7320582560141561, 0.19999999999999996), 37: (0.7306182104017135, 0.0), 756: (0.6744460010200648, 0.0)}",{'dummy': 0.5831155456082945},"[(0.0, 0.0)]","[(0.19999999999999996, -0.6)]"
