impression,user_id,app_version,model_version,status,NUM_INITIAL_RATINGS,NUM_REFINE_RATINGS,TOTAL_TRAINING_RATINGS,NUM_TEST_RATINGS,items_shown,ratings,model_fit,history_dict,hypers,redisplay_check,arbitrary_check,hyper_history
0,c74bd629-1b9b-4e1d-80e3-87a5b8022aa5,4.1-knn-ar-dresses10-test,1.2,Started,1,20,21,15,"[595, 250, 608, 812, 68, 151, 669, 347, 296, 667, 807, 679, 305, 41, 399, 417, 395, 709, 261, 54, 502]","[-0.8, -0.6, 0.8, 0.6000000000000001, -0.6, 0.3999999999999999, -0.8, 0.3999999999999999, -0.4, 0.8, -0.4, -0.8, -0.8, -0.19999999999999996, -0.6, -0.8, -0.6, 0.0, -0.4, -0.8, -1.0]","[-0.8, -0.6, 0.8, 0.6000000000000001, -0.6, 0.3999999999999999, -0.8, 0.3999999999999999, -0.4, 0.8, -0.4, -0.8, -0.8, -0.19999999999999996, -0.6, -0.8, -0.6, 0.0, -0.4, -0.8, -1.0]","{595: (-0.8, -0.8), 250: (-0.6, -0.6), 608: (0.8, 0.8), 812: (0.6000000000000001, 0.6000000000000001), 68: (-0.6, -0.6), 151: (0.3999999999999999, 0.3999999999999999), 669: (-0.8, -0.8), 347: (0.3999999999999999, 0.3999999999999999), 296: (-0.4, -0.4), 667: (0.8, 0.8), 807: (-0.4, -0.4), 679: (-0.8, -0.8), 305: (-0.8, -0.8), 41: (-0.19999999999999996, -0.19999999999999996), 399: (-0.6, -0.6), 417: (-0.8, -0.8), 395: (-0.6, -0.6), 709: (0.0, 0.0), 261: (-0.4, -0.4), 54: (-0.8, -0.8), 502: (-1.0, -1.0)}",{'dummy': 0.840804381541864},"[(0.8, 0.8)]","[(-0.6, -0.8)]","[{'dummy': 0.49193078099996723}, {'dummy': 0.13060968152897134}, {'dummy': 0.10744705228431439}, {'dummy': 0.7458221828830196}, {'dummy': 0.9462382350083194}, {'dummy': 0.22924278052328073}, {'dummy': 0.35099083871872794}, {'dummy': 0.8338464325007833}, {'dummy': 0.42408076940219686}, {'dummy': 0.017173667727237607}, {'dummy': 0.9607278664667762}, {'dummy': 0.4851372939465042}, {'dummy': 0.9234634611421527}, {'dummy': 0.07201433698811499}, {'dummy': 0.42730233373207227}, {'dummy': 0.6638669543335537}, {'dummy': 0.2950490106871866}, {'dummy': 0.6969970189059196}, {'dummy': 0.24305583741949288}, {'dummy': 0.15310490441840108}]"
