impression,user_id,app_version,model_version,mturk_id,status,NUM_INITIAL_RATINGS,NUM_REFINE_RATINGS,TOTAL_TRAINING_RATINGS,NUM_TEST_RATINGS,TIME_INITIAL,TIME_REFINE,TIME_TEST,random_test_predictions_ratings,good_test_predictions_ratings,hypers,redisplay_check,arbitrary_check
0,c74bd629-1b9b-4e1d-80e3-87a5b8022aa5,4.1-knn-ar-dresses10-test,1.2,A1OR82RF1ZFWP,Completed,1,20,21,15,13.367616891860962,111.9114682674408,77.89655017852783,"{224: (-0.5992287417790712, -0.6), 638: (-0.4496633450429438, -0.8), 182: (-0.4758834285739421, -0.8), 24: (-0.6798937086922663, -0.4), 333: (0.45428334237821955, 0.6000000000000001), 152: (-0.11036186423649384, -1.0), 338: (-0.3812194967958734, -0.4), 202: (-0.5865539129858841, 0.3999999999999999), 335: (-0.6091669942512493, -0.8), 306: (0.2846481072300648, 0.8)}","{755: (0.6014908591468169, -1.0), 154: (0.5375834354489262, 0.6000000000000001), 749: (0.46672046365852254, -0.4), 241: (0.4620680447131508, 0.19999999999999996), 531: (0.45636015907808225, 0.19999999999999996)}",{'dummy': 0.11048991031658284},"[(0.8, 0.6000000000000001)]","[(-0.19999999999999996, -0.6)]"
