impression,user_id,app_version,model_version,mturk_id,status,NUM_INITIAL_RATINGS,NUM_REFINE_RATINGS,TOTAL_TRAINING_RATINGS,NUM_TEST_RATINGS,TIME_INITIAL,TIME_REFINE,TIME_TEST,random_test_predictions_ratings,good_test_predictions_ratings,hypers,redisplay_check,arbitrary_check
0,c77eef9d-481c-47c1-9021-40a5792269a3,4.1-knn-ar-dresses10-test,1.2,AJDHPRCJ985C7,Completed,1,40,41,15,10.421143054962158,359.8028178215027,172.41964030265808,"{572: (0.25802175278370904, -0.4), 452: (-0.3342598382457533, -0.8), 140: (0.39914271892833997, -0.8), 633: (-0.26209278431321087, 0.0), 206: (-0.2628911485851419, -1.0), 105: (0.3135883562828174, 0.19999999999999996), 810: (-0.18693807020719208, 0.3999999999999999), 542: (0.2227191469584473, 1.0), 551: (-0.08984970070753047, -0.5), 434: (-0.6755164816756601, -0.09999999999999998)}","{769: (0.6683611164596296, 0.3999999999999999), 743: (0.618337932394597, -0.6), 481: (0.612385366993873, 0.19999999999999996), 448: (0.6062483660534035, -0.19999999999999996), 540: (0.6029423600559942, -0.4)}",{'dummy': 0.052381475058001725},"[(0.30000000000000004, 0.19999999999999996)]","[(0.6000000000000001, -0.6)]"
