impression,user_id,app_version,model_version,mturk_id,status,NUM_INITIAL_RATINGS,NUM_REFINE_RATINGS,TOTAL_TRAINING_RATINGS,NUM_TEST_RATINGS,TIME_INITIAL,TIME_REFINE,TIME_TEST,random_test_predictions_ratings,good_test_predictions_ratings,hypers,redisplay_check,arbitrary_check
0,c7e4d412-94f9-4740-bd37-a916b1d515fe,4.1-knn-ar-dresses10-test,1.2,AL9JUMMNJRNRF,Completed,1,50,51,15,8.33032774925232,359.7775204181671,68.51766800880432,"{252: (0.0732195538762205, -0.4), 552: (-0.2460438911258414, -0.8), 444: (0.1898906284534929, -0.19999999999999996), 500: (-0.27088560496441233, 1.0), 641: (-0.3273361705259482, -0.4), 293: (-0.04837859918340003, -0.8), 781: (-0.47322667089745324, -0.6), 667: (0.20997299530209593, 0.19999999999999996), 642: (0.358852064440393, -0.6), 24: (-0.45964506219529483, 0.0)}","{111: (0.8228427040239569, 0.19999999999999996), 461: (0.8063321711825594, 0.3999999999999999), 12: (0.8013723394830875, 0.8), 384: (0.8002344551597627, 0.19999999999999996), 712: (0.796672033132778, -0.4)}",{'dummy': 0.4018103811327749},"[(-0.19999999999999996, -0.4)]","[(0.6000000000000001, -0.6)]"
