impression,user_id,app_version,model_version,mturk_id,status,NUM_INITIAL_RATINGS,NUM_REFINE_RATINGS,TOTAL_TRAINING_RATINGS,NUM_TEST_RATINGS,TIME_INITIAL,TIME_REFINE,TIME_TEST,random_test_predictions_ratings,good_test_predictions_ratings,hypers,redisplay_check,arbitrary_check
0,c7f00e79-e42a-4ea1-8a17-16a808d75108,4.1-knn-ar-dresses10-test,1.2,A2EX19ML8PJWIR,Completed,1,50,51,15,5.958103656768799,377.3070013523102,134.331218957901,"{654: (-0.49131927283197213, -0.4), 341: (0.11598081892904123, -0.6), 696: (0.12972172874266436, -0.19999999999999996), 94: (-0.4021500140381293, -1.0), 433: (0.05719008428742182, -0.6), 700: (0.09695438416004858, -0.8), 474: (0.016198546752994942, -0.8), 140: (0.3415273329654096, -0.8), 58: (-0.04064959122840189, -0.4), 569: (0.133287548186448, -0.6)}","{458: (0.7978219686086908, -0.8), 75: (0.7417306199736993, -0.8), 422: (0.7406699700071321, -0.19999999999999996), 767: (0.7321542035884612, 0.3999999999999999), 394: (0.7198994614379566, -1.0)}",{'dummy': 0.24650879313440943},"[(-0.8, -0.6)]","[(-0.19999999999999996, -0.6)]"
