impression,user_id,app_version,model_version,mturk_id,status,NUM_INITIAL_RATINGS,NUM_REFINE_RATINGS,TOTAL_TRAINING_RATINGS,NUM_TEST_RATINGS,TIME_INITIAL,TIME_REFINE,TIME_TEST,random_test_predictions_ratings,good_test_predictions_ratings,hypers,redisplay_check,arbitrary_check
0,c80f3621-3478-438e-893e-0c87d60d8b26,4.1-knn-ar-dresses10-test,1.2,A2SKOPFTRTNFUY,Completed,1,20,21,15,12.784455060958862,123.46602034568787,88.18489813804626,"{302: (0.33232660612942977, 0.6000000000000001), 264: (0.5965305604244105, 0.3999999999999999), 599: (0.6000000000000001, 0.3999999999999999), 782: (0.45685586126453537, 0.19999999999999996), 101: (0.6604593566584059, 0.19999999999999996), 740: (0.33370099382757046, 0.6000000000000001), 722: (0.6, 0.3999999999999999), 186: (0.7149369683947484, 0.6000000000000001), 522: (0.7114104811455945, 0.8), 511: (0.5367586302796854, 0.8)}","{351: (0.8000000000000002, 0.8), 483: (0.8000000000000002, 0.8), 690: (0.8000000000000002, 0.6000000000000001), 207: (0.8000000000000002, 0.8), 538: (0.8000000000000002, 0.8)}",{'dummy': 0.9824424211131174},"[(0.8, 0.3999999999999999)]","[(0.8, -0.6)]"
