impression,user_id,app_version,model_version,mturk_id,status,NUM_INITIAL_RATINGS,NUM_REFINE_RATINGS,TOTAL_TRAINING_RATINGS,NUM_TEST_RATINGS,TIME_INITIAL,TIME_REFINE,TIME_TEST,random_test_predictions_ratings,good_test_predictions_ratings,hypers,redisplay_check,arbitrary_check
0,c864ed50-c045-4d2d-afa6-c495c4544162,4.1-knn-ar-dresses10-test,1.2,A2BICWCPAW5N7O,Completed,1,20,21,15,149.12289190292358,176.34697222709656,108.46574258804321,"{605: (0.05387644708304168, 1.0), 395: (0.669852240226279, -1.0), 784: (1.0, -1.0), 579: (0.7864652958517847, -1.0), 413: (0.8318186105237736, -1.0), 592: (0.9250224797789348, 0.3999999999999999), 24: (0.9292646383217479, -1.0), 67: (0.5908092239816743, -1.0), 277: (0.13972212639654244, -1.0), 657: (0.5608558829706998, -1.0)}","{331: (1.0, 0.0), 586: (1.0, -1.0), 104: (1.0, 0.3999999999999999), 612: (1.0, 1.0), 246: (1.0, 0.3999999999999999)}",{'dummy': 0.7859764468066256},"[(-1.0, 0.3999999999999999)]","[(1.0, -0.6)]"
