impression,user_id,app_version,model_version,mturk_id,status,NUM_INITIAL_RATINGS,NUM_REFINE_RATINGS,TOTAL_TRAINING_RATINGS,NUM_TEST_RATINGS,TIME_INITIAL,TIME_REFINE,TIME_TEST,random_test_predictions_ratings,good_test_predictions_ratings,hypers,redisplay_check,arbitrary_check
0,c86e2d1f-ccd6-4ddf-a3eb-b2dd89a70b14,4.1-knn-ar-dresses10-test,1.2,A2CIRSDBG6NQU1,Completed,1,50,51,15,10.398219108581543,342.0973677635193,103.34463310241699,"{10: (0.13876123248023997, 0.0), 618: (0.33386926989214993, -0.4), 233: (-0.5301519049244939, -0.8), 699: (-0.024912830245254914, -0.4), 174: (0.47518592051779474, 0.0), 720: (-0.2503724215849576, -0.6), 196: (-0.3683518445069755, -0.4), 764: (-0.02118417303513125, -0.4), 375: (0.061907237219365356, 0.0), 20: (0.28540907250809366, -0.19999999999999996)}","{651: (0.6541115452361904, 0.0), 569: (0.6006649544234026, 0.0), 360: (0.5348655998998219, -0.19999999999999996), 379: (0.5340992785817736, 0.6000000000000001), 601: (0.5323641249247387, 0.19999999999999996)}",{'dummy': 0.3962305996792661},"[(0.0, 0.0)]","[(0.6000000000000001, -0.6)]"
