impression,user_id,app_version,model_version,mturk_id,status,NUM_INITIAL_RATINGS,NUM_REFINE_RATINGS,TOTAL_TRAINING_RATINGS,NUM_TEST_RATINGS,TIME_INITIAL,TIME_REFINE,TIME_TEST,random_test_predictions_ratings,good_test_predictions_ratings,hypers,redisplay_check,arbitrary_check
0,c8867697-c2a2-48a1-b0b9-a223d49ff670,4.1-knn-ar-dresses10-test,1.2,AB2GXS09TR7CB,Completed,1,30,31,15,38.71303987503052,759.8428015708923,419.0787115097046,"{89: (0.29711649621257535, -0.19999999999999996), 233: (-0.26100907102588816, -0.8), 349: (0.5850978674207422, 0.8), 547: (-0.1803784371584013, -0.4), 766: (-0.14038773620776512, -1.0), 319: (0.22081237929792769, -0.8), 791: (0.4845634606178228, 0.3999999999999999), 309: (-0.5335403222578445, -0.8), 259: (-0.0010593070862353934, 0.8), 355: (0.49789072894284264, 0.3999999999999999)}","{409: (0.7454043913331575, 0.0), 158: (0.7365261343485546, 0.19999999999999996), 739: (0.7357423238670779, 0.6000000000000001), 33: (0.7341669509313463, 0.19999999999999996), 197: (0.7310405665571766, 0.6000000000000001)}",{'dummy': 0.2836342650465514},"[(-0.4, -0.4)]","[(0.19999999999999996, -0.6)]"
