impression,user_id,app_version,model_version,mturk_id,status,NUM_INITIAL_RATINGS,NUM_REFINE_RATINGS,TOTAL_TRAINING_RATINGS,NUM_TEST_RATINGS,TIME_INITIAL,TIME_REFINE,TIME_TEST,random_test_predictions_ratings,good_test_predictions_ratings,hypers,redisplay_check,arbitrary_check
0,c930dbd9-ff13-4957-84c5-b4a9131139df,4.1-knn-ar-dresses10-test,1.2,A3OQ2IHS3KKIHY,Completed,1,10,11,15,35.70973753929138,157.76754212379456,206.17100834846497,"{808: (0.5959998681199621, 1.0), 805: (0.22777988181327163, -0.19999999999999996), 416: (0.19999731865438902, -0.30000000000000004), 627: (0.30251105645419724, 0.3999999999999999), 464: (0.26524784334753515, 0.5), 618: (0.20039217870629802, 0.10000000000000009), 540: (-0.21421157317639583, -0.09999999999999998), 149: (0.26053113342593376, -0.09999999999999998), 479: (-0.22273372660114107, -0.9), 177: (-0.003093748545600871, -0.6)}","{375: (0.725635603108663, 0.5), 435: (0.7255761839341219, 0.8), 221: (0.7246474338457284, 0.5), 563: (0.7245820276781495, -0.19999999999999996), 811: (0.7220079559572901, -0.5)}",{'dummy': 0.7626152963820345},"[(0.30000000000000004, 0.5)]","[(0.7, -0.6)]"
