impression,user_id,app_version,model_version,mturk_id,status,NUM_INITIAL_RATINGS,NUM_REFINE_RATINGS,TOTAL_TRAINING_RATINGS,NUM_TEST_RATINGS,TIME_INITIAL,TIME_REFINE,TIME_TEST,random_test_predictions_ratings,good_test_predictions_ratings,hypers,redisplay_check,arbitrary_check
0,cb50f5f0-8ea2-4649-9512-c63259c392e6,4.1-knn-ar-dresses10-test,1.2,A2FP41BSPG0Y4A,Completed,1,50,51,15,12.505406141281128,314.55643224716187,103.051922082901,"{636: (0.41349078344110324, 0.0), 315: (0.33143413573337693, 0.6000000000000001), 164: (0.12063991002624179, 0.19999999999999996), 266: (0.32215403322822267, 0.3999999999999999), 282: (0.2954618846738569, 0.19999999999999996), 479: (0.21419892299802035, 0.19999999999999996), 102: (-0.050132475609297907, -0.19999999999999996), 412: (-0.07144521241775428, 0.19999999999999996), 128: (0.5286234633611332, 0.19999999999999996), 227: (0.3559277731663462, 0.0)}","{71: (0.7379661396683024, 0.0), 624: (0.7341770574490125, 0.8), 33: (0.7321880789734154, 0.0), 328: (0.7272198857129568, 0.0), 362: (0.6972295169375883, 0.8)}",{'dummy': 0.29646405948577026},"[(0.0, 0.0)]","[(0.3999999999999999, -0.6)]"
