impression,user_id,app_version,model_version,status,NUM_INITIAL_RATINGS,NUM_REFINE_RATINGS,TOTAL_TRAINING_RATINGS,NUM_TEST_RATINGS,items_shown,ratings,model_fit,history_dict,hypers,redisplay_check,arbitrary_check,hyper_history
0,cbbdbc2e-3fd1-40f3-8f97-3661e869dda3,4.1-knn-ar-dresses10-test,1.2,Started,1,10,11,15,"[47, 154, 578, 558, 418, 626, 396, 78, 584, 431, 482]","[-0.4, 0.7, 0.5, 0.6000000000000001, 0.0, 0.6000000000000001, -0.19999999999999996, 0.0, -0.6, -0.19999999999999996, -0.8]","[-0.4, 0.7, 0.5, 0.6000000000000001, 0.0, 0.6000000000000001, -0.19999999999999996, 0.0, -0.6, -0.19999999999999996, -0.8]","{47: (-0.4, -0.4), 154: (0.7, 0.7), 578: (0.5, 0.5), 558: (0.6000000000000001, 0.6000000000000001), 418: (0.0, 0.0), 626: (0.6000000000000001, 0.6000000000000001), 396: (-0.19999999999999996, -0.19999999999999996), 78: (0.0, 0.0), 584: (-0.6, -0.6), 431: (-0.19999999999999996, -0.19999999999999996), 482: (-0.8, -0.8)}",{'dummy': 0.7655818666132341},"[(0.6000000000000001, 0.5)]","[(0.3999999999999999, -0.8)]","[{'dummy': 0.7723778624426619}, {'dummy': 0.315174053017396}, {'dummy': 0.15446577247236248}, {'dummy': 0.500350427778422}, {'dummy': 0.8249438408654272}, {'dummy': 0.9990020008280875}, {'dummy': 0.8516337945759862}, {'dummy': 0.4547741654997006}, {'dummy': 0.8652071329475052}, {'dummy': 0.268531443675874}]"
