impression,user_id,app_version,model_version,mturk_id,status,NUM_INITIAL_RATINGS,NUM_REFINE_RATINGS,TOTAL_TRAINING_RATINGS,NUM_TEST_RATINGS,TIME_INITIAL,TIME_REFINE,TIME_TEST,random_test_predictions_ratings,good_test_predictions_ratings,hypers,redisplay_check,arbitrary_check
0,cbfe5f5e-0bbf-401a-b7f7-707ad19baf5b,4.1-knn-ar-dresses10-test,1.2,A3PUN33917HLO5,Completed,1,40,41,15,6.944152116775513,193.4531786441803,82.96790838241577,"{251: (-0.7686235103377191, -0.4), 661: (0.2950686292590562, 0.7), 21: (-0.7688392895240088, -0.4), 649: (-0.6517765418208848, -1.0), 54: (-0.38281446916981116, -1.0), 144: (-0.03434984381754071, -0.19999999999999996), 609: (-0.5620916307352409, -1.0), 672: (-0.7710136213291852, -0.8), 590: (0.28215412055032396, -0.6), 723: (-0.1977968022577479, -1.0)}","{774: (0.5838356338767702, -0.4), 506: (0.5787439774363567, -0.4), 95: (0.5437510682912038, -1.0), 759: (0.5394793225068064, 0.5), 793: (0.5372913933940654, 0.6000000000000001)}",{'dummy': 0.7239946843696499},"[(-1.0, -1.0)]","[(0.6000000000000001, -0.6)]"
