impression,user_id,app_version,model_version,mturk_id,status,NUM_INITIAL_RATINGS,NUM_REFINE_RATINGS,TOTAL_TRAINING_RATINGS,NUM_TEST_RATINGS,TIME_INITIAL,TIME_REFINE,TIME_TEST,random_test_predictions_ratings,good_test_predictions_ratings,hypers,redisplay_check,arbitrary_check
0,cc4b3176-2dbf-47a0-a723-e5b50d4d6c9a,4.1-knn-ar-dresses10-test,1.2,A1BP7OJ9Q3PBF1,Completed,1,40,41,15,37.357622146606445,327.04117608070374,118.02677750587463,"{660: (-0.14622306351207306, -0.8), 175: (-0.8000000000000002, -0.8), 141: (-0.17672629399804962, -0.8), 319: (-0.7999999999999999, -0.8), 680: (-0.1781095171241999, -0.8), 214: (-0.196954020494463, 0.0), 425: (-0.2158286975785212, 0.0), 737: (-0.265691204556187, 0.0), 366: (-0.49256558387356275, -0.8), 246: (-0.24282845913549472, -0.8)}","{458: (0.280848275496283, -0.8), 669: (0.19999999999999998, 0.0), 356: (0.19999999999999998, 0.19999999999999996), 733: (0.19999999999999998, 0.19999999999999996), 558: (0.19999999999999996, 0.0)}",{'dummy': 0.38569380908306594},"[(-0.8, -0.8)]","[(0.19999999999999996, -0.6)]"
