impression,user_id,app_version,model_version,status,NUM_INITIAL_RATINGS,NUM_REFINE_RATINGS,TOTAL_TRAINING_RATINGS,NUM_TEST_RATINGS,items_shown,ratings,model_fit,history_dict,hypers,redisplay_check,arbitrary_check,hyper_history
0,cd849c2c-b540-4221-9617-c557f0698af9,4.1-knn-ar-dresses10-test,1.2,Started,1,30,31,15,"[249, 317, 598, 31, 452, 520, 589, 62, 809, 231, 751, 793, 240, 513, 486, 343, 212, 777, 506, 93, 620, 39, 609, 769, 88, 129, 311, 374, 759, 676, 626]","[0.8, -0.4, 0.0, -0.4, 0.0, -0.4, -0.4, -0.19999999999999996, -0.8, -0.8, 0.0, 0.0, -0.4, -0.8, -0.4, 0.0, 0.0, 0.0, -0.4, 0.0, 0.0, 0.0, -0.4, 0.0, 0.0, 0.0, 0.6000000000000001, 0.0, 0.0, -0.4, -0.4]","[0.8, -0.4, 0.0, -0.4, 0.0, -0.4, -0.4, -0.19999999999999996, -0.8, -0.8, 0.0, 0.0, -0.4, -0.8, -0.4, 0.0, 0.0, 0.0, -0.4, 0.0, 0.0, 0.0, -0.4, 0.0, 0.0, 0.0, 0.6000000000000001, 0.0, 0.0, -0.4, -0.4]","{249: (0.8, 0.8), 317: (-0.4, -0.4), 598: (0.0, 0.0), 31: (-0.4, -0.4), 452: (0.0, 0.0), 520: (-0.4, -0.4), 589: (-0.4, -0.4), 62: (-0.19999999999999996, -0.19999999999999996), 809: (-0.8, -0.8), 231: (-0.8, -0.8), 751: (0.0, 0.0), 793: (0.0, 0.0), 240: (-0.4, -0.4), 513: (-0.8, -0.8), 486: (-0.4, -0.4), 343: (0.0, 0.0), 212: (0.0, 0.0), 777: (0.0, 0.0), 506: (-0.4, -0.4), 93: (0.0, 0.0), 620: (0.0, 0.0), 39: (0.0, 0.0), 609: (-0.4, -0.4), 769: (0.0, 0.0), 88: (0.0, 0.0), 129: (0.0, 0.0), 311: (0.6000000000000001, 0.6000000000000001), 374: (0.0, 0.0), 759: (0.0, 0.0), 676: (-0.4, -0.4), 626: (-0.4, -0.4)}",{'dummy': 0.838660209749405},"[(0.8, 0.0)]","[(-0.4, -0.8)]","[{'dummy': 0.15809498365569452}, {'dummy': 0.8629682477470418}, {'dummy': 0.29843113411288824}, {'dummy': 0.12699379062216387}, {'dummy': 0.23492120556507956}, {'dummy': 0.36092542054229193}, {'dummy': 0.4981820903099037}, {'dummy': 0.1570477033686356}, {'dummy': 0.2852079474675464}, {'dummy': 0.9578802239634919}, {'dummy': 0.943150501337058}, {'dummy': 0.6234980061189441}, {'dummy': 0.49342116281580317}, {'dummy': 0.3364598472888375}, {'dummy': 0.05544870250980771}, {'dummy': 0.9907030440227419}, {'dummy': 0.9598525648390543}, {'dummy': 0.9476291617813746}, {'dummy': 0.47502743725593377}, {'dummy': 0.2337744423721465}, {'dummy': 0.2375310623775676}, {'dummy': 0.42249267983795424}, {'dummy': 0.6824527151632521}, {'dummy': 0.8108647951600298}, {'dummy': 0.09731638128713616}, {'dummy': 0.0666211120816218}, {'dummy': 0.9621285072185726}, {'dummy': 0.24951127238608684}, {'dummy': 0.5872424044570885}, {'dummy': 0.010839267190015267}]"
