impression,user_id,app_version,model_version,mturk_id,status,NUM_INITIAL_RATINGS,NUM_REFINE_RATINGS,TOTAL_TRAINING_RATINGS,NUM_TEST_RATINGS,TIME_INITIAL,TIME_REFINE,TIME_TEST,random_test_predictions_ratings,good_test_predictions_ratings,hypers,redisplay_check,arbitrary_check
0,cea49551-12d4-421d-8b27-1cc7a88bdead,4.1-knn-ar-dresses10-test,1.2,A3ADQ2RLQNJQDU,Completed,1,30,31,15,10.162678480148315,280.95729804039,145.28327798843384,"{520: (0.24424032980028107, -0.64), 617: (-0.3453017746872118, -0.88), 810: (-0.18185696379377722, -0.24), 243: (-0.377843560871191, 0.72), 332: (-0.21344155186973437, -0.32000000000000006), 102: (-0.5739717624819499, -0.18000000000000005), 259: (0.1536973901579902, 0.24), 129: (0.34485088460715035, 0.3400000000000001), 438: (-0.3015763997643865, -0.30000000000000004), 62: (-0.1048925012572306, 0.06000000000000005)}","{263: (0.6513908624280649, 0.3800000000000001), 266: (0.645519529613665, 0.3599999999999999), 457: (0.6434004068963416, -0.28), 533: (0.6367380611061924, 0.7), 40: (0.627238705277604, 0.43999999999999995)}",{'dummy': 0.0825093563870678},"[(0.18000000000000016, -0.24)]","[(-0.6, -0.6)]"
