impression,user_id,app_version,model_version,mturk_id,status,NUM_INITIAL_RATINGS,NUM_REFINE_RATINGS,TOTAL_TRAINING_RATINGS,NUM_TEST_RATINGS,TIME_INITIAL,TIME_REFINE,TIME_TEST,random_test_predictions_ratings,good_test_predictions_ratings,hypers,redisplay_check,arbitrary_check
0,cecdc53c-4d44-4f4f-a77e-ed0cda542ff7,4.1-knn-ar-dresses10-test,1.2,A2TDK0LD62WZ8Y,Completed,1,50,51,15,8.127354621887207,263.59332633018494,82.35975480079651,"{775: (0.2969227566802163, -0.19999999999999996), 299: (-0.01710058348619335, -0.8), 654: (0.6119765475091925, -0.8), 765: (0.2424348074448833, 0.0), 604: (0.330976876392384, -0.19999999999999996), 321: (0.5233818770901852, -0.19999999999999996), 742: (0.28653229945232045, -0.8), 304: (-0.00793742844244808, -0.4), 431: (0.20753066191672212, 1.0), 700: (0.25978301514028934, 0.19999999999999996)}","{2: (0.8924775393494571, 0.8), 443: (0.8624707700484628, 0.6000000000000001), 543: (0.8594724979234324, 0.6000000000000001), 746: (0.8512237527199901, 0.8), 418: (0.8, 0.0)}",{'dummy': 0.31018476713192344},"[(0.6000000000000001, 0.6000000000000001)]","[(0.6000000000000001, -0.6)]"
