impression,user_id,app_version,model_version,mturk_id,status,NUM_INITIAL_RATINGS,NUM_REFINE_RATINGS,TOTAL_TRAINING_RATINGS,NUM_TEST_RATINGS,TIME_INITIAL,TIME_REFINE,TIME_TEST,random_test_predictions_ratings,good_test_predictions_ratings,hypers,redisplay_check,arbitrary_check
0,cedd15cc-ce1e-465c-a36d-fbb646422363,4.1-knn-ar-dresses10-test,1.2,A3IXQFTTHIGLPG,Completed,1,20,21,15,30.40527105331421,257.4881536960602,171.3069920539856,"{563: (0.15162002876080813, 0.54), 809: (0.1626726805148619, -0.74), 576: (-0.13176234510507984, -0.76), 787: (-0.6445270159322585, -0.7), 580: (0.03899750014302551, 0.30000000000000004), 783: (0.4479673800373273, -0.5), 18: (0.4374660001026337, 0.30000000000000004), 244: (-0.17591198292303575, 0.15999999999999992), 53: (-0.5171608985084066, -0.8), 723: (0.07345520281378634, -0.7)}","{171: (0.6912056126858819, 0.30000000000000004), 789: (0.6837048515625053, 0.26), 643: (0.6806095800001206, 0.48), 327: (0.6637512156664379, -0.42000000000000004), 435: (0.6623787664286808, 0.0)}",{'dummy': 0.03686504727357032},"[(0.56, 0.30000000000000004)]","[(0.7399999999999998, -0.6)]"
