impression,user_id,app_version,model_version,mturk_id,status,NUM_INITIAL_RATINGS,NUM_REFINE_RATINGS,TOTAL_TRAINING_RATINGS,NUM_TEST_RATINGS,TIME_INITIAL,TIME_REFINE,TIME_TEST,random_test_predictions_ratings,good_test_predictions_ratings,hypers,redisplay_check,arbitrary_check
0,cf1c4a0a-243b-4385-9967-172d4ca57063,4.1-knn-ar-dresses10-test,1.2,ABRDPSXRCXL4Q,Completed,1,10,11,15,9.935731649398804,70.06519985198975,90.98150086402893,"{477: (-0.603742756391098, -1.0), 273: (-0.6142036875533259, -0.19999999999999996), 328: (-0.1693482940892686, 0.8), 772: (-0.04213058060784619, -1.0), 670: (-0.7465948974673595, -1.0), 721: (-0.5911388784095197, 0.3999999999999999), 788: (-0.26377221142411406, -1.0), 137: (-0.26342323475162577, 0.19999999999999996), 266: (-0.2572546303844985, -0.4), 646: (-0.2198962500331978, 0.0)}","{778: (0.12499927908423172, 0.30000000000000004), 779: (0.11643320950946397, 0.8), 78: (0.11299295162651403, 0.8), 254: (0.1057718364391304, 0.6000000000000001), 350: (0.08596707982379305, -1.0)}",{'dummy': 0.951257092536363},"[(-1.0, -1.0)]","[(0.19999999999999996, -0.6)]"
