impression,user_id,app_version,model_version,mturk_id,status,NUM_INITIAL_RATINGS,NUM_REFINE_RATINGS,TOTAL_TRAINING_RATINGS,NUM_TEST_RATINGS,TIME_INITIAL,TIME_REFINE,TIME_TEST,random_test_predictions_ratings,good_test_predictions_ratings,hypers,redisplay_check,arbitrary_check
0,cfcd5050-2d1c-4afc-8352-a3178d70e89c,4.1-knn-ar-dresses10-test,1.2,A2GSJLX3J6TMDH,Completed,1,10,11,15,10.396534442901611,63.20248579978943,68.27605390548706,"{142: (0.07057045933061779, -0.19999999999999996), 687: (-0.2734709949596164, 0.6000000000000001), 64: (-0.18727319065344414, -0.19999999999999996), 608: (-0.06229131675026257, -0.19999999999999996), 203: (-0.3420707357921354, -0.8), 353: (0.025997280070839332, 0.3999999999999999), 38: (-0.2560475012651343, -0.8), 298: (-0.026069563055300855, -0.4), 235: (-0.11132952178608915, 0.19999999999999996), 646: (-0.05765432290928368, 0.0)}","{190: (0.27554266310881864, -0.6), 209: (0.27421912830517114, -0.8), 495: (0.26585836562994086, 0.8), 774: (0.25564420222256673, 0.19999999999999996), 634: (0.2538637082093987, -0.8)}",{'dummy': 0.12345883828238524},"[(0.3999999999999999, 0.19999999999999996)]","[(-0.6, -0.6)]"
