impression,user_id,app_version,model_version,status,NUM_INITIAL_RATINGS,NUM_REFINE_RATINGS,TOTAL_TRAINING_RATINGS,NUM_TEST_RATINGS,items_shown,ratings,model_fit,history_dict,hypers,redisplay_check,arbitrary_check,hyper_history
0,cfcd5050-2d1c-4afc-8352-a3178d70e89c,4.1-knn-ar-dresses10-test,1.2,Started,1,10,11,15,"[360, 329, 270, 570, 74, 450, 28, 771, 105, 354, 377]","[-0.19999999999999996, 0.6000000000000001, 0.3999999999999999, -0.6, 0.0, -0.8, 0.3999999999999999, -0.6, -0.4, -0.4, 0.0]","[-0.19999999999999996, 0.6000000000000001, 0.3999999999999999, -0.6, 0.0, -0.8, 0.3999999999999999, -0.6, -0.4, -0.4, 0.0]","{360: (-0.19999999999999996, -0.19999999999999996), 329: (0.6000000000000001, 0.6000000000000001), 270: (0.3999999999999999, 0.3999999999999999), 570: (-0.6, -0.6), 74: (0.0, 0.0), 450: (-0.8, -0.8), 28: (0.3999999999999999, 0.3999999999999999), 771: (-0.6, -0.6), 105: (-0.4, -0.4), 354: (-0.4, -0.4), 377: (0.0, 0.0)}",{'dummy': 0.0014541273590450432},"[(0.3999999999999999, 0.3999999999999999)]","[(-0.8, -0.8)]","[{'dummy': 0.3931124605290166}, {'dummy': 0.5168853126698736}, {'dummy': 0.8346740656326228}, {'dummy': 0.35259661270752185}, {'dummy': 0.2261179020244426}, {'dummy': 0.13050486048151178}, {'dummy': 0.8885772640109127}, {'dummy': 0.5496600583807595}, {'dummy': 0.8475527452816978}, {'dummy': 0.41534868195580055}]"
