impression,user_id,app_version,model_version,status,NUM_INITIAL_RATINGS,NUM_REFINE_RATINGS,TOTAL_TRAINING_RATINGS,NUM_TEST_RATINGS,items_shown,ratings,model_fit,history_dict,hypers,redisplay_check,arbitrary_check,hyper_history
0,d064b986-603a-4adb-9ae7-6f6ac343f58e,4.1-knn-ar-dresses10-test,1.2,Started,1,20,21,15,"[501, 334, 737, 35, 245, 99, 516, 435, 133, 812, 369, 691, 364, 741, 599, 63, 234, 453, 147, 185, 146]","[-0.4, 0.19999999999999996, 1.0, 0.6000000000000001, 1.0, 0.0, 0.0, 0.3999999999999999, 0.19999999999999996, -0.19999999999999996, 0.8, 0.0, 0.19999999999999996, 0.0, 0.3999999999999999, -0.4, 0.0, -0.8, 0.8, 0.6000000000000001, -0.4]","[-0.4, 0.19999999999999996, 1.0, 0.6000000000000001, 1.0, 0.0, 0.0, 0.3999999999999999, 0.19999999999999996, -0.19999999999999996, 0.8, 0.0, 0.19999999999999996, 0.0, 0.3999999999999999, -0.4, 0.0, -0.8, 0.8, 0.6000000000000001, -0.4]","{501: (-0.4, -0.4), 334: (0.19999999999999996, 0.19999999999999996), 737: (1.0, 1.0), 35: (0.6000000000000001, 0.6000000000000001), 245: (1.0, 1.0), 99: (0.0, 0.0), 516: (0.0, 0.0), 435: (0.3999999999999999, 0.3999999999999999), 133: (0.19999999999999996, 0.19999999999999996), 812: (-0.19999999999999996, -0.19999999999999996), 369: (0.8, 0.8), 691: (0.0, 0.0), 364: (0.19999999999999996, 0.19999999999999996), 741: (0.0, 0.0), 599: (0.3999999999999999, 0.3999999999999999), 63: (-0.4, -0.4), 234: (0.0, 0.0), 453: (-0.8, -0.8), 147: (0.8, 0.8), 185: (0.6000000000000001, 0.6000000000000001), 146: (-0.4, -0.4)}",{'dummy': 0.5847936879306334},"[(1.0, 1.0)]","[(-0.4, -0.8)]","[{'dummy': 0.5413185165354067}, {'dummy': 0.5724743697901474}, {'dummy': 0.6773800914275458}, {'dummy': 0.6432223259921914}, {'dummy': 0.6691323213766405}, {'dummy': 0.6297082177337738}, {'dummy': 0.8522167075018406}, {'dummy': 0.5061677913576138}, {'dummy': 0.6018297016090971}, {'dummy': 0.8723532100361037}, {'dummy': 0.07757866119319146}, {'dummy': 0.73735363232073}, {'dummy': 0.9257398315043095}, {'dummy': 0.7320853863457707}, {'dummy': 0.18337250873108224}, {'dummy': 0.8885407729170365}, {'dummy': 0.20450112439626966}, {'dummy': 0.9667044580916654}, {'dummy': 0.38312554457995296}, {'dummy': 0.10822425226542465}]"
