impression,user_id,app_version,model_version,mturk_id,status,NUM_INITIAL_RATINGS,NUM_REFINE_RATINGS,TOTAL_TRAINING_RATINGS,NUM_TEST_RATINGS,TIME_INITIAL,TIME_REFINE,TIME_TEST,random_test_predictions_ratings,good_test_predictions_ratings,hypers,redisplay_check,arbitrary_check
0,d0c539c9-e3a6-47c5-b6cb-3f2837659fa6,4.1-knn-ar-dresses10-test,1.2,A2ZQ4UEFEECKH9,Completed,1,10,11,15,13.213263511657715,81.41104650497437,74.39828252792358,"{127: (-0.07012158222926342, -0.6), 649: (-0.0332224599441319, 0.0), 615: (0.23977361958473203, -0.19999999999999996), 385: (0.3509194045064474, -0.6), 101: (0.06908945528862873, -0.6), 131: (0.03720990106663818, -0.19999999999999996), 66: (0.012464948925116674, -0.4), 639: (0.09265547761698839, -0.19999999999999996), 550: (0.24718226041481495, 0.0), 165: (0.15892148362647382, 0.3999999999999999)}","{535: (0.5069662882895449, -0.6), 148: (0.5017505692749593, -0.19999999999999996), 325: (0.493189990937731, -0.4), 321: (0.4880961647973788, 0.0), 716: (0.4872158162313514, -0.19999999999999996)}",{'dummy': 0.5296408088256921},"[(-0.6, -0.6)]","[(-0.6, -0.6)]"
