impression,user_id,app_version,model_version,status,NUM_INITIAL_RATINGS,NUM_REFINE_RATINGS,TOTAL_TRAINING_RATINGS,NUM_TEST_RATINGS,items_shown,ratings,model_fit,history_dict,hypers,redisplay_check,arbitrary_check,hyper_history
0,d0c539c9-e3a6-47c5-b6cb-3f2837659fa6,4.1-knn-ar-dresses10-test,1.2,Started,1,10,11,15,"[752, 53, 49, 374, 797, 220, 158, 780, 560, 634, 345]","[0.6000000000000001, 0.3999999999999999, -0.4, -0.19999999999999996, -0.4, 0.3999999999999999, 0.3999999999999999, -0.6, 0.0, 0.19999999999999996, -0.6]","[0.6000000000000001, 0.3999999999999999, -0.4, -0.19999999999999996, -0.4, 0.3999999999999999, 0.3999999999999999, -0.6, 0.0, 0.19999999999999996, -0.6]","{752: (0.6000000000000001, 0.6000000000000001), 53: (0.3999999999999999, 0.3999999999999999), 49: (-0.4, -0.4), 374: (-0.19999999999999996, -0.19999999999999996), 797: (-0.4, -0.4), 220: (0.3999999999999999, 0.3999999999999999), 158: (0.3999999999999999, 0.3999999999999999), 780: (-0.6, -0.6), 560: (0.0, 0.0), 634: (0.19999999999999996, 0.19999999999999996), 345: (-0.6, -0.6)}",{'dummy': 0.15156994864143147},"[(-0.4, -0.4)]","[(-0.8, -0.8)]","[{'dummy': 0.3341137302538705}, {'dummy': 0.28955116646297263}, {'dummy': 0.13713999654348175}, {'dummy': 0.7857628959243211}, {'dummy': 0.78495124951719}, {'dummy': 0.7976455274661378}, {'dummy': 0.779460511018095}, {'dummy': 0.6238796685164142}, {'dummy': 0.5689741348032394}, {'dummy': 0.48249723210185846}]"
