impression,user_id,app_version,model_version,mturk_id,status,NUM_INITIAL_RATINGS,NUM_REFINE_RATINGS,TOTAL_TRAINING_RATINGS,NUM_TEST_RATINGS,TIME_INITIAL,TIME_REFINE,TIME_TEST,random_test_predictions_ratings,good_test_predictions_ratings,hypers,redisplay_check,arbitrary_check
0,d11a0a28-cca9-47fe-a7ed-f3a1a00c66da,4.1-knn-ar-dresses10-test,1.2,AMELYCC59JKB0,Completed,1,40,41,15,5.724289417266846,784.8233649730682,61.743444204330444,"{503: (0.07858877330779254, -0.19999999999999996), 677: (0.37120927043516744, 0.8), 189: (0.2682780676179045, -0.19999999999999996), 540: (0.07430096491025942, 0.0), 783: (-0.0113713481990751, 0.0), 397: (0.2900978865281076, 0.8), 593: (0.007942398167380616, 0.5), 64: (0.35310655609285607, 0.6000000000000001), 246: (0.06280094193456968, -0.4), 82: (0.1499695909972222, 0.30000000000000004)}","{811: (0.5396840589366112, 0.6000000000000001), 290: (0.5331455713713344, 0.6000000000000001), 35: (0.506642997859472, 0.5), 777: (0.5000780190448687, 0.7), 155: (0.48509756597296316, 0.3999999999999999)}",{'dummy': 0.7298984346949783},"[(0.6000000000000001, 0.8)]","[(0.19999999999999996, -0.6)]"
