impression,user_id,app_version,model_version,mturk_id,status,NUM_INITIAL_RATINGS,NUM_REFINE_RATINGS,TOTAL_TRAINING_RATINGS,NUM_TEST_RATINGS,TIME_INITIAL,TIME_REFINE,TIME_TEST,random_test_predictions_ratings,good_test_predictions_ratings,hypers,redisplay_check,arbitrary_check
0,d1729872-7523-43e3-b989-dec76253c78f,4.1-knn-ar-dresses10-test,1.2,A2JZ94AKD2IFGZ,Completed,1,10,11,15,13.206013202667236,65.07589221000671,86.50750732421875,"{185: (-0.07255432553022799, -0.19999999999999996), 415: (-0.2590982415771338, 0.19999999999999996), 533: (-0.41906827879488634, -0.19999999999999996), 79: (-0.3084927988052839, -0.8), 346: (-0.012478145724679885, -0.6), 768: (-0.4992690197454122, -0.6), 707: (-0.4602915958509619, -1.0), 430: (-0.3332269007518761, -1.0), 285: (-0.33561945787415004, -0.4), 719: (-0.5547351196790528, -0.4)}","{668: (0.06523783686097563, -1.0), 275: (0.06425584919146968, -1.0), 60: (0.0620109729852658, 0.0), 507: (0.05193535313129855, -0.8), 529: (0.041555093812958695, -0.8)}",{'dummy': 0.6097493642255964},"[(-1.0, -0.8)]","[(0.3999999999999999, -0.6)]"
