impression,user_id,app_version,model_version,status,NUM_INITIAL_RATINGS,NUM_REFINE_RATINGS,TOTAL_TRAINING_RATINGS,NUM_TEST_RATINGS,items_shown,ratings,model_fit,history_dict,hypers,redisplay_check,arbitrary_check,hyper_history
0,d1729872-7523-43e3-b989-dec76253c78f,4.1-knn-ar-dresses10-test,1.2,Started,1,10,11,15,"[187, 780, 810, 645, 675, 453, 242, 98, 181, 560, 424]","[-0.19999999999999996, -0.6, 0.0, -0.19999999999999996, 0.0, -0.6, -0.6, 0.19999999999999996, 0.19999999999999996, -0.19999999999999996, -1.0]","[-0.19999999999999996, -0.6, 0.0, -0.19999999999999996, 0.0, -0.6, -0.6, 0.19999999999999996, 0.19999999999999996, -0.19999999999999996, -1.0]","{187: (-0.19999999999999996, -0.19999999999999996), 780: (-0.6, -0.6), 810: (0.0, 0.0), 645: (-0.19999999999999996, -0.19999999999999996), 675: (0.0, 0.0), 453: (-0.6, -0.6), 242: (-0.6, -0.6), 98: (0.19999999999999996, 0.19999999999999996), 181: (0.19999999999999996, 0.19999999999999996), 560: (-0.19999999999999996, -0.19999999999999996), 424: (-1.0, -1.0)}",{'dummy': 0.8549301740763783},"[(0.0, 0.0)]","[(-0.8, -0.8)]","[{'dummy': 0.3645794167529314}, {'dummy': 0.8320235789727862}, {'dummy': 0.6426617772974115}, {'dummy': 0.6980841456252961}, {'dummy': 0.42731410413481485}, {'dummy': 0.7420926414981636}, {'dummy': 0.5822223451670393}, {'dummy': 0.5844757408103545}, {'dummy': 0.9204710913977513}, {'dummy': 0.2129026679226863}]"
