impression,user_id,app_version,model_version,mturk_id,status,NUM_INITIAL_RATINGS,NUM_REFINE_RATINGS,TOTAL_TRAINING_RATINGS,NUM_TEST_RATINGS,TIME_INITIAL,TIME_REFINE,TIME_TEST,random_test_predictions_ratings,good_test_predictions_ratings,hypers,redisplay_check,arbitrary_check
0,d186b31c-97ea-4c4d-96e6-96d9380935c6,4.1-knn-ar-dresses10-test,1.2,A29GJGXFU9BQQG,Completed,1,50,51,15,6.328100681304932,199.4258472919464,55.09529948234558,"{567: (-0.809202023072043, -1.0), 20: (-0.45734020350345694, -0.8), 465: (-0.860387195712106, -1.0), 266: (-0.2538171084106532, -0.19999999999999996), 571: (-0.8029399462241675, -1.0), 288: (-0.5865255109342917, -0.6), 640: (-0.8582783365960776, -0.8), 2: (-0.3232280486662703, -0.8), 317: (-0.9330708688109937, -0.8), 102: (-0.7964975426525557, -1.0)}","{669: (0.15944093984638336, -0.4), 768: (0.12840509962376262, -0.6), 77: (0.09256793594427078, -0.4), 170: (0.09100779232691848, -0.4), 733: (0.08546697125642495, 0.0)}",{'dummy': 0.541301925231436},"[(-0.4, -0.4)]","[(-0.8, -0.6)]"
