impression,user_id,app_version,model_version,mturk_id,status,NUM_INITIAL_RATINGS,NUM_REFINE_RATINGS,TOTAL_TRAINING_RATINGS,NUM_TEST_RATINGS,TIME_INITIAL,TIME_REFINE,TIME_TEST,random_test_predictions_ratings,good_test_predictions_ratings,hypers,redisplay_check,arbitrary_check
0,d26a134c-f58b-4121-b2c5-163723e353e8,4.1-knn-ar-dresses10-test,1.2,A1DD23J1WBGQUU,Completed,1,50,51,15,4.673706769943237,111.39900517463684,39.56969594955444,"{622: (-0.13327607561208293, -0.19999999999999996), 711: (-0.2048224297775452, -0.4), 739: (-0.16538386561362772, -0.19999999999999996), 318: (0.19999999999999993, 0.3999999999999999), 247: (-0.39538151264597243, -0.6), 751: (-0.2962895877036082, 0.0), 787: (0.004659299549226678, -0.4), 263: (0.13946178639933285, -0.6), 78: (-0.13927307953057919, 0.19999999999999996), 299: (-0.51791470114212, -0.4)}","{45: (0.2654025127422863, 0.0), 456: (0.26488176887658194, -0.19999999999999996), 124: (0.2121299538564263, 0.19999999999999996), 553: (0.2, 0.0), 748: (0.19999999999999998, 0.0)}",{'dummy': 0.003748285757353531},"[(-0.4, -0.19999999999999996)]","[(-0.19999999999999996, -0.6)]"
