impression,user_id,app_version,model_version,mturk_id,status,NUM_INITIAL_RATINGS,NUM_REFINE_RATINGS,TOTAL_TRAINING_RATINGS,NUM_TEST_RATINGS,TIME_INITIAL,TIME_REFINE,TIME_TEST,random_test_predictions_ratings,good_test_predictions_ratings,hypers,redisplay_check,arbitrary_check
0,d47fd544-848f-43d7-b469-2fdd0412768e,4.1-knn-ar-dresses10-test,1.2,A32GQGD6EUJGDJ,Completed,1,50,51,15,16.096795320510864,335.54130697250366,111.06573915481567,"{554: (0.2626982284263966, 0.0), 468: (0.1329510584618888, 0.0), 349: (0.3999999999999999, 0.6000000000000001), 682: (0.34809337409905383, 0.3999999999999999), 529: (0.23535560514574855, 0.0), 370: (0.17069546093002788, 0.0), 697: (0.3999999999999999, 0.6000000000000001), 693: (0.2618720965184346, 0.0), 523: (0.2909021569154616, 0.8), 215: (-0.06993115062222187, 0.0)}","{270: (0.5390662207873356, 0.6000000000000001), 504: (0.4739400259525221, 0.6000000000000001), 49: (0.4709152984623681, 0.3999999999999999), 509: (0.46464193508364415, 0.0), 641: (0.46352330230663674, 0.3999999999999999)}",{'dummy': 0.7905391738477763},"[(0.3999999999999999, 0.6000000000000001)]","[(0.3999999999999999, -0.6)]"
