impression,user_id,app_version,model_version,mturk_id,status,NUM_INITIAL_RATINGS,NUM_REFINE_RATINGS,TOTAL_TRAINING_RATINGS,NUM_TEST_RATINGS,TIME_INITIAL,TIME_REFINE,TIME_TEST,random_test_predictions_ratings,good_test_predictions_ratings,hypers,redisplay_check,arbitrary_check
0,d49d81cc-58ea-4fd5-9dbd-3bc50e1c5773,4.1-knn-ar-dresses10-test,1.2,AKJN72HW14WTR,Completed,1,10,11,15,15.822337865829468,61.8669376373291,54.43564057350159,"{713: (0.3516117077612026, 0.3999999999999999), 377: (0.5081180322549065, 0.0), 80: (0.20783705898505256, 0.0), 114: (0.39819536371016834, 0.6000000000000001), 451: (0.31916722469737907, 0.19999999999999996), 309: (0.0027516344148398476, 0.6000000000000001), 149: (-0.07473062156743504, 0.3999999999999999), 154: (0.19646254464084253, 0.6000000000000001), 402: (0.28220626982951913, 0.3999999999999999), 634: (0.3339303606119427, 0.6000000000000001)}","{519: (0.6084812078217078, 0.6000000000000001), 694: (0.5908688565332182, 0.6000000000000001), 540: (0.5779880430835842, 0.8), 767: (0.5677204632971127, 0.6000000000000001), 549: (0.5657081702870984, 0.19999999999999996)}",{'dummy': 0.05208317582361832},"[(0.6000000000000001, 0.6000000000000001)]","[(0.3999999999999999, -0.6)]"
