impression,user_id,app_version,model_version,mturk_id,status,NUM_INITIAL_RATINGS,NUM_REFINE_RATINGS,TOTAL_TRAINING_RATINGS,NUM_TEST_RATINGS,TIME_INITIAL,TIME_REFINE,TIME_TEST,random_test_predictions_ratings,good_test_predictions_ratings,hypers,redisplay_check,arbitrary_check
0,d51c2b46-57ad-4937-870a-71acdbd96c7f,4.1-knn-ar-dresses10-test,1.2,A2JE9N5B0TUTXB,Completed,1,20,21,15,15.86710500717163,251.77253079414368,149.3444414138794,"{534: (0.43485057209797306, 0.19999999999999996), 292: (0.41810301974382524, 0.3999999999999999), 777: (0.4061713464827748, 0.3999999999999999), 641: (0.17825531955430354, 0.7), 281: (0.4298448876283751, 0.19999999999999996), 262: (0.30140045036058855, 0.3999999999999999), 341: (0.2998505695318683, 0.10000000000000009), 284: (0.22093517275606567, 0.5), 191: (0.39564042379584047, 0.3999999999999999), 34: (0.2664353484688366, 0.19999999999999996)}","{653: (0.557703187512013, 0.30000000000000004), 253: (0.5244438526581751, 0.3999999999999999), 577: (0.5032221373965845, 0.3999999999999999), 744: (0.4985526619042668, 0.10000000000000009), 539: (0.49819193232790754, 0.31999999999999984)}",{'dummy': 0.1269386160628584},"[(0.19999999999999996, 0.10000000000000009)]","[(0.5, -0.6)]"
