impression,user_id,app_version,model_version,status,NUM_INITIAL_RATINGS,NUM_REFINE_RATINGS,TOTAL_TRAINING_RATINGS,NUM_TEST_RATINGS,items_shown,ratings,model_fit,history_dict,hypers,redisplay_check,arbitrary_check,hyper_history
0,d6b28169-77c3-40ae-8e03-47cccd8c27ff,4.1-knn-ar-dresses10-test,1.2,Started,1,20,21,15,"[326, 650, 209, 517, 559, 578, 314, 294, 739, 145, 738, 653, 463, 36, 284, 494, 250, 88, 553, 114, 347]","[0.8, -0.8, 0.0, -0.4, 0.19999999999999996, 0.6000000000000001, -0.19999999999999996, -0.4, -0.6, 0.19999999999999996, 0.8, 0.6000000000000001, 0.19999999999999996, -0.4, 0.6000000000000001, 0.6000000000000001, 0.0, 0.6000000000000001, -0.4, 0.3999999999999999, 0.6000000000000001]","[0.8, -0.8, 0.0, -0.4, 0.19999999999999996, 0.6000000000000001, -0.19999999999999996, -0.4, -0.6, 0.19999999999999996, 0.8, 0.6000000000000001, 0.19999999999999996, -0.4, 0.6000000000000001, 0.6000000000000001, 0.0, 0.6000000000000001, -0.4, 0.3999999999999999, 0.6000000000000001]","{326: (0.8, 0.8), 650: (-0.8, -0.8), 209: (0.0, 0.0), 517: (-0.4, -0.4), 559: (0.19999999999999996, 0.19999999999999996), 578: (0.6000000000000001, 0.6000000000000001), 314: (-0.19999999999999996, -0.19999999999999996), 294: (-0.4, -0.4), 739: (-0.6, -0.6), 145: (0.19999999999999996, 0.19999999999999996), 738: (0.8, 0.8), 653: (0.6000000000000001, 0.6000000000000001), 463: (0.19999999999999996, 0.19999999999999996), 36: (-0.4, -0.4), 284: (0.6000000000000001, 0.6000000000000001), 494: (0.6000000000000001, 0.6000000000000001), 250: (0.0, 0.0), 88: (0.6000000000000001, 0.6000000000000001), 553: (-0.4, -0.4), 114: (0.3999999999999999, 0.3999999999999999), 347: (0.6000000000000001, 0.6000000000000001)}",{'dummy': 0.9401541032051693},"[(0.0, 0.0)]","[(-0.8, -0.8)]","[{'dummy': 0.5662077275680832}, {'dummy': 0.9309218820531037}, {'dummy': 0.6591983303096978}, {'dummy': 0.1036076038421625}, {'dummy': 0.7238179840691671}, {'dummy': 0.7951580229200316}, {'dummy': 0.8525099679610089}, {'dummy': 0.051747636147698284}, {'dummy': 0.36978786861061164}, {'dummy': 0.9641981467184005}, {'dummy': 0.9676342538274342}, {'dummy': 0.04419625621722156}, {'dummy': 0.32104405700215666}, {'dummy': 0.05957557118840506}, {'dummy': 0.5213777837434893}, {'dummy': 0.6473738216572169}, {'dummy': 0.12790458964989337}, {'dummy': 0.1080819195383731}, {'dummy': 0.37588965458504353}, {'dummy': 0.6824279822566788}]"
