impression,user_id,app_version,model_version,mturk_id,status,NUM_INITIAL_RATINGS,NUM_REFINE_RATINGS,TOTAL_TRAINING_RATINGS,NUM_TEST_RATINGS,TIME_INITIAL,TIME_REFINE,TIME_TEST,random_test_predictions_ratings,good_test_predictions_ratings,hypers,redisplay_check,arbitrary_check
0,d70013a8-7711-4c24-8901-df389d534817,4.1-knn-ar-dresses10-test,1.2,A3HWN3GIDUTSF7,Completed,1,50,51,15,15.890533924102783,471.84449315071106,119.73620200157166,"{483: (-0.020934231364586966, -0.4), 395: (-0.23715732002609638, 0.19999999999999996), 779: (-0.7449386858417593, -0.8), 314: (-0.4160544594229195, -0.8), 624: (-0.3763438449192977, 0.0), 56: (0.3951028107767104, 0.6000000000000001), 696: (-0.05790900892249496, -0.6), 617: (-0.006832272359701732, -0.8), 675: (0.2602002887500013, 0.3999999999999999), 423: (-0.20098125641711828, -0.8)}","{686: (0.4792826682689759, -0.6), 792: (0.47298706109997063, -0.19999999999999996), 482: (0.4714680508380642, 0.0), 166: (0.47049389092335553, 0.3999999999999999), 125: (0.4702794332069989, -0.8)}",{'dummy': 0.1567348889512904},"[(-0.6, -0.8)]","[(0.0, -0.6)]"
