impression,user_id,app_version,model_version,mturk_id,status,NUM_INITIAL_RATINGS,NUM_REFINE_RATINGS,TOTAL_TRAINING_RATINGS,NUM_TEST_RATINGS,TIME_INITIAL,TIME_REFINE,TIME_TEST,random_test_predictions_ratings,good_test_predictions_ratings,hypers,redisplay_check,arbitrary_check
0,d80226d7-abf6-460d-8fb6-b61eed7b7a08,4.1-knn-ar-dresses10-test,1.2,A18WSAKX5YN2FB,Completed,1,40,41,15,13.065712213516235,199.8908233642578,76.19278335571289,"{298: (-0.5342667859232487, -0.4), 451: (0.02769205561422903, 0.0), 591: (0.11407161760887075, 0.19999999999999996), 343: (0.19999999999999993, -0.4), 575: (-0.18967925154889131, 0.19999999999999996), 212: (0.19751391134169166, -0.19999999999999996), 220: (-0.4677407131623117, 0.0), 270: (-0.032155476069713015, 0.6000000000000001), 286: (0.19999999999999996, -0.4), 782: (-0.08120041612501613, -0.6)}","{302: (0.5304006839304622, 0.0), 198: (0.41390234184187197, 0.19999999999999996), 512: (0.3997670571521104, -0.19999999999999996), 809: (0.37572545427354276, -0.4), 146: (0.35529084962950075, -0.4)}",{'dummy': 0.03262253904652013},"[(0.19999999999999996, 0.19999999999999996)]","[(0.0, -0.6)]"
