impression,user_id,app_version,model_version,mturk_id,status,NUM_INITIAL_RATINGS,NUM_REFINE_RATINGS,TOTAL_TRAINING_RATINGS,NUM_TEST_RATINGS,TIME_INITIAL,TIME_REFINE,TIME_TEST,random_test_predictions_ratings,good_test_predictions_ratings,hypers,redisplay_check,arbitrary_check
0,d8231fb0-d61a-418e-97b3-7e33a4a23771,4.1-knn-ar-dresses10-test,1.2,A36WCAXXCHDUXL,Completed,1,20,21,15,9.05745244026184,118.42522120475769,90.72222185134888,"{111: (0.21011654331384721, 0.19999999999999996), 77: (-0.14352789466907118, 0.3999999999999999), 3: (-0.0918681126286254, 0.0), 173: (0.2696711982011645, -0.4), 356: (-0.024604910889716447, 0.6000000000000001), 474: (0.02330962105807963, -0.4), 583: (0.05244716044860969, 0.0), 540: (-0.2821769500388755, -0.6), 333: (0.4223395345630128, 0.30000000000000004), 704: (-0.3549165081316948, -0.6)}","{358: (0.6677127214130618, 0.0), 808: (0.6587510069209896, 0.5), 793: (0.6453280132115816, 0.6000000000000001), 220: (0.612210725407416, 0.6000000000000001), 199: (0.6055147658976082, 0.0)}",{'dummy': 0.4099408499262772},"[(0.5, 0.5)]","[(0.19999999999999996, -0.6)]"
