impression,user_id,app_version,model_version,status,NUM_INITIAL_RATINGS,NUM_REFINE_RATINGS,TOTAL_TRAINING_RATINGS,NUM_TEST_RATINGS,items_shown,ratings,model_fit,history_dict,hypers,redisplay_check,arbitrary_check,hyper_history
0,d9e6f1d6-771c-4377-ae42-05161201f38a,4.1-knn-ar-dresses10-test,1.2,Started,1,20,21,15,"[149, 502, 422, 75, 202, 273, 182, 639, 561, 28, 159, 455, 717, 144, 37, 9, 204, 88, 240, 485, 591]","[-0.6, -0.19999999999999996, 0.0, -0.8, 0.3999999999999999, 0.0, -0.8, 0.0, -1.0, -0.6, -0.8, -0.19999999999999996, -0.4, 0.0, -0.6, 0.6000000000000001, -0.19999999999999996, 0.0, 0.19999999999999996, 0.3999999999999999, 0.19999999999999996]","[-0.6, -0.19999999999999996, 0.0, -0.8, 0.3999999999999999, 0.0, -0.8, 0.0, -1.0, -0.6, -0.8, -0.19999999999999996, -0.4, 0.0, -0.6, 0.6000000000000001, -0.19999999999999996, 0.0, 0.19999999999999996, 0.3999999999999999, 0.19999999999999996]","{149: (-0.6, -0.6), 502: (-0.19999999999999996, -0.19999999999999996), 422: (0.0, 0.0), 75: (-0.8, -0.8), 202: (0.3999999999999999, 0.3999999999999999), 273: (0.0, 0.0), 182: (-0.8, -0.8), 639: (0.0, 0.0), 561: (-1.0, -1.0), 28: (-0.6, -0.6), 159: (-0.8, -0.8), 455: (-0.19999999999999996, -0.19999999999999996), 717: (-0.4, -0.4), 144: (0.0, 0.0), 37: (-0.6, -0.6), 9: (0.6000000000000001, 0.6000000000000001), 204: (-0.19999999999999996, -0.19999999999999996), 88: (0.0, 0.0), 240: (0.19999999999999996, 0.19999999999999996), 485: (0.3999999999999999, 0.3999999999999999), 591: (0.19999999999999996, 0.19999999999999996)}",{'dummy': 0.46508648932858077},"[(0.0, 0.0)]","[(-0.19999999999999996, -0.8)]","[{'dummy': 0.7968483037835435}, {'dummy': 0.4496516766231201}, {'dummy': 0.9617544711175718}, {'dummy': 0.09828810776120467}, {'dummy': 0.31187022454000257}, {'dummy': 0.683919202394559}, {'dummy': 0.4645230187450967}, {'dummy': 0.12870011137593074}, {'dummy': 0.6077266160418547}, {'dummy': 0.6472736342957492}, {'dummy': 0.28652289978607237}, {'dummy': 0.30545309573696044}, {'dummy': 0.2443417031451477}, {'dummy': 0.7854124931868535}, {'dummy': 0.7258186299363073}, {'dummy': 0.014617046750208473}, {'dummy': 0.06540495830710602}, {'dummy': 0.6896524164906774}, {'dummy': 0.27618245683373066}, {'dummy': 0.7284715540463343}]"
