impression,user_id,app_version,model_version,mturk_id,status,NUM_INITIAL_RATINGS,NUM_REFINE_RATINGS,TOTAL_TRAINING_RATINGS,NUM_TEST_RATINGS,TIME_INITIAL,TIME_REFINE,TIME_TEST,random_test_predictions_ratings,good_test_predictions_ratings,hypers,redisplay_check,arbitrary_check
0,d9f57f81-12b4-4041-9ef5-c963b2ab8108,4.1-knn-ar-dresses10-test,1.2,A372RONRIOLZM4,Completed,1,50,51,15,7.0430827140808105,173.68370270729065,39.330326318740845,"{221: (-0.10282254693873824, -0.6), 292: (-0.3401284751451459, -0.6), 462: (0.11972505586164493, -0.4), 587: (0.11431102783128211, -0.6), 103: (-0.02475191221367052, -0.4), 27: (0.09483296517460571, -0.6), 455: (-0.2507686333094774, -0.4), 101: (-0.6, -0.8), 432: (-0.4, -0.19999999999999996), 419: (-0.3046480950313386, -0.6)}","{38: (0.5327903497056357, -0.6), 550: (0.5170082388624845, 0.19999999999999996), 396: (0.4840160319103364, -0.4), 764: (0.4066714874091718, -0.19999999999999996), 660: (0.40462618349649426, -0.6)}",{'dummy': 0.7844130254432562},"[(-0.4, -0.6)]","[(-0.8, -0.6)]"
