impression,user_id,app_version,model_version,mturk_id,status,NUM_INITIAL_RATINGS,NUM_REFINE_RATINGS,TOTAL_TRAINING_RATINGS,NUM_TEST_RATINGS,TIME_INITIAL,TIME_REFINE,TIME_TEST,random_test_predictions_ratings,good_test_predictions_ratings,hypers,redisplay_check,arbitrary_check
0,da7b7275-dc43-469b-94fe-4539a0d19c05,4.1-knn-ar-dresses10-test,1.2,A3KD6OOML0Y916,Completed,1,10,11,15,15.565885782241821,192.45261120796204,213.3035910129547,"{63: (0.19409615963781313, 0.3999999999999999), 803: (0.21502779289514298, -0.19999999999999996), 402: (0.08114672807540163, -0.4), 753: (0.0874916816528787, -0.4), 692: (0.07699009407351899, -0.6), 308: (0.01297641502754171, 0.0), 30: (0.31043289381452244, -0.19999999999999996), 586: (0.5905656534792133, 0.0), 699: (0.5820485996421313, -0.6), 493: (0.3614669019233711, 0.0)}","{760: (0.7876622687945399, -0.4), 464: (0.7541006405012317, 0.19999999999999996), 379: (0.7533538687887229, 0.0), 722: (0.7454272066941272, 0.3999999999999999), 351: (0.7431089223061378, 0.0)}",{'dummy': 0.824801305991358},"[(0.3999999999999999, 0.0)]","[(-0.4, -0.6)]"
