impression,user_id,app_version,model_version,mturk_id,status,NUM_INITIAL_RATINGS,NUM_REFINE_RATINGS,TOTAL_TRAINING_RATINGS,NUM_TEST_RATINGS,TIME_INITIAL,TIME_REFINE,TIME_TEST,random_test_predictions_ratings,good_test_predictions_ratings,hypers,redisplay_check,arbitrary_check
0,daa253e3-3a9d-4a04-ad30-4cea8fdc0879,4.1-knn-ar-dresses10-test,1.2,A33BKT3K3TEHZV,Completed,1,10,11,15,13.105979919433594,88.88366889953613,133.72236132621765,"{633: (0.5295786296310546, 0.6000000000000001), 73: (0.32286348611874854, -0.4), 771: (0.6664048501307849, 0.19999999999999996), 735: (0.5815681100246023, 0.3999999999999999), 639: (0.6713122916767207, 0.6000000000000001), 309: (0.2833062285085204, 0.19999999999999996), 242: (0.5226859322555075, 1.0), 314: (0.3468083368763471, 0.19999999999999996), 451: (0.515732998927981, 0.6000000000000001), 126: (-0.1112990264369768, 0.0)}","{269: (0.8, -0.19999999999999996), 464: (0.8, 0.19999999999999996), 535: (0.7126874791604014, 0.3999999999999999), 99: (0.7018426992042756, 0.8), 441: (0.7009714891444347, -0.4)}",{'dummy': 0.6387008893674534},"[(0.3999999999999999, 0.3999999999999999)]","[(-0.6, -0.6)]"
