impression,user_id,app_version,model_version,mturk_id,status,NUM_INITIAL_RATINGS,NUM_REFINE_RATINGS,TOTAL_TRAINING_RATINGS,NUM_TEST_RATINGS,TIME_INITIAL,TIME_REFINE,TIME_TEST,random_test_predictions_ratings,good_test_predictions_ratings,hypers,redisplay_check,arbitrary_check
0,db2d8491-31c5-483b-8f84-07e7dda2e9ef,4.1-knn-ar-dresses10-test,1.2,A3V4YAV6AG5RTL,Completed,1,20,21,15,39.48801636695862,200.11718797683716,111.26081776618958,"{34: (-0.205981596900476, -0.6), 653: (-0.05457930104466814, 0.6000000000000001), 465: (-0.22694857367716784, 0.6000000000000001), 553: (-0.3870519224455724, 0.0), 74: (-0.45938293404596664, -0.19999999999999996), 192: (-0.3492587455292597, -0.6), 52: (-0.24231289346175724, 0.19999999999999996), 740: (-0.4461989849640262, -0.4), 250: (-0.4133747973391574, -0.4), 730: (0.05939750326334615, 0.19999999999999996)}","{485: (0.41453846380981485, 0.0), 649: (0.32879955364866054, 0.6000000000000001), 309: (0.26983667879040574, -0.4), 487: (0.26054907184660886, -0.4), 768: (0.23634411527288746, -0.4)}",{'dummy': 0.24956611017652086},"[(0.6000000000000001, 0.19999999999999996)]","[(-0.6, -0.6)]"
