impression,user_id,app_version,model_version,mturk_id,status,NUM_INITIAL_RATINGS,NUM_REFINE_RATINGS,TOTAL_TRAINING_RATINGS,NUM_TEST_RATINGS,TIME_INITIAL,TIME_REFINE,TIME_TEST,random_test_predictions_ratings,good_test_predictions_ratings,hypers,redisplay_check,arbitrary_check
0,db8bd606-8a39-4632-b0e8-d30dd3d3b61c,4.1-knn-ar-dresses10-test,1.2,A1HHRFU7T42HMJ,Completed,1,20,21,15,13.448441505432129,82.87663269042969,64.41454148292542,"{321: (-0.5999999999999999, -1.0), 516: (-0.5999999999999999, -1.0), 400: (-0.3372395096637702, -1.0), 531: (-0.1160275780246014, -1.0), 0: (-0.7279429616729922, -1.0), 736: (-0.7338905470475808, -1.0), 489: (-0.5349660513785186, -1.0), 145: (-0.8011561099437345, -0.8), 38: (-0.34325574299671335, -1.0), 549: (-0.2712584968509181, -0.4)}","{190: (0.34869445094238527, 0.0), 510: (0.34835050186054106, 0.3999999999999999), 746: (0.34346305467101135, 0.0), 619: (0.3318917717679528, 0.0), 324: (0.33070575380166434, 0.3999999999999999)}",{'dummy': 0.6449777802089501},"[(0.0, 0.0)]","[(0.0, -0.6)]"
