impression,user_id,app_version,model_version,mturk_id,status,NUM_INITIAL_RATINGS,NUM_REFINE_RATINGS,TOTAL_TRAINING_RATINGS,NUM_TEST_RATINGS,TIME_INITIAL,TIME_REFINE,TIME_TEST,random_test_predictions_ratings,good_test_predictions_ratings,hypers,redisplay_check,arbitrary_check
0,dc02c778-6a21-4a5c-b492-29794392402f,4.1-knn-ar-dresses10-test,1.2,A3I01W6R600QH9,Completed,1,20,21,15,13.939845085144043,144.6234154701233,116.20889925956726,"{676: (-0.38293872913244886, -0.9), 51: (-0.6402126099510469, 0.30000000000000004), 84: (-0.7181407941752388, -1.0), 75: (-0.21311948322247942, -1.0), 53: (-0.8005403142894648, -0.040000000000000036), 637: (-0.7794224350530691, 0.10000000000000009), 572: (-0.7213740261535334, -1.0), 495: (-0.7814062491340616, 0.19999999999999996), 631: (-0.33028722148530115, -0.8), 504: (-0.4537009577870967, 0.30000000000000004)}","{749: (0.06586099113994255, -1.0), 49: (-0.0018493004997640226, -0.8), 37: (-0.03218208515090007, -0.30000000000000004), 600: (-0.04751297720435753, -0.8), 512: (-0.053388950207432055, -0.7)}",{'dummy': 0.9401253763922515},"[(-0.6, -0.040000000000000036)]","[(-0.6, -0.6)]"
