impression,user_id,app_version,model_version,mturk_id,status,NUM_INITIAL_RATINGS,NUM_REFINE_RATINGS,TOTAL_TRAINING_RATINGS,NUM_TEST_RATINGS,TIME_INITIAL,TIME_REFINE,TIME_TEST,random_test_predictions_ratings,good_test_predictions_ratings,hypers,redisplay_check,arbitrary_check
0,dc07136b-352d-4de5-b0f5-c487961da822,4.1-knn-ar-dresses10-test,1.2,A1X2NKYJNHB1A5,Completed,1,20,21,15,17.847822189331055,91.36420202255249,69.23470997810364,"{168: (0.5480895619824835, 0.0), 730: (0.06736254619663995, 0.5), 742: (-0.06278506883146197, -0.30000000000000004), 787: (-0.06910684928453154, -0.09999999999999998), 59: (0.4087162705454107, -0.8), 46: (-0.20392901486915416, -0.19999999999999996), 254: (0.29073425380867496, 0.56), 543: (0.39100838150192535, 0.8), 508: (0.22550429988900755, -1.0), 606: (0.4983399377325722, 0.3599999999999999)}","{397: (0.7364499249752442, 0.8), 440: (0.7109031368164977, 0.3999999999999999), 188: (0.6708061813122003, 0.0), 471: (0.6586603244209994, 0.19999999999999996), 620: (0.6545579637069183, 0.0)}",{'dummy': 0.8255878742496907},"[(0.0, 0.0)]","[(-0.4, -0.6)]"
