impression,user_id,app_version,model_version,status,NUM_INITIAL_RATINGS,NUM_REFINE_RATINGS,TOTAL_TRAINING_RATINGS,NUM_TEST_RATINGS,items_shown,ratings,model_fit,history_dict,hypers,redisplay_check,arbitrary_check,hyper_history
0,dc07136b-352d-4de5-b0f5-c487961da822,4.1-knn-ar-dresses10-test,1.2,Started,1,20,21,15,"[738, 4, 792, 752, 15, 677, 266, 392, 49, 87, 288, 324, 193, 584, 396, 234, 245, 126, 632, 540, 270]","[0.10000000000000009, -0.6, -1.0, -0.19999999999999996, 0.19999999999999996, 0.3999999999999999, 0.19999999999999996, 0.19999999999999996, 0.3999999999999999, -0.6, 0.0, 0.8, 0.8999999999999999, -0.8, 0.0, 0.30000000000000004, 0.5, 0.19999999999999996, 0.30000000000000004, -1.0, 0.19999999999999996]","[0.10000000000000009, -0.6, -1.0, -0.19999999999999996, 0.19999999999999996, 0.3999999999999999, 0.19999999999999996, 0.19999999999999996, 0.3999999999999999, -0.6, 0.0, 0.8, 0.8999999999999999, -0.8, 0.0, 0.30000000000000004, 0.5, 0.19999999999999996, 0.30000000000000004, -1.0, 0.19999999999999996]","{738: (0.10000000000000009, 0.10000000000000009), 4: (-0.6, -0.6), 792: (-1.0, -1.0), 752: (-0.19999999999999996, -0.19999999999999996), 15: (0.19999999999999996, 0.19999999999999996), 677: (0.3999999999999999, 0.3999999999999999), 266: (0.19999999999999996, 0.19999999999999996), 392: (0.19999999999999996, 0.19999999999999996), 49: (0.3999999999999999, 0.3999999999999999), 87: (-0.6, -0.6), 288: (0.0, 0.0), 324: (0.8, 0.8), 193: (0.8999999999999999, 0.8999999999999999), 584: (-0.8, -0.8), 396: (0.0, 0.0), 234: (0.30000000000000004, 0.30000000000000004), 245: (0.5, 0.5), 126: (0.19999999999999996, 0.19999999999999996), 632: (0.30000000000000004, 0.30000000000000004), 540: (-1.0, -1.0), 270: (0.19999999999999996, 0.19999999999999996)}",{'dummy': 0.575236081363081},"[(0.0, -1.0)]","[(-0.8, -0.8)]","[{'dummy': 0.8992940925274786}, {'dummy': 0.5616310996912374}, {'dummy': 0.08926463652533556}, {'dummy': 0.4879999735117624}, {'dummy': 0.07464025527988383}, {'dummy': 0.6003796520459803}, {'dummy': 0.5031242172074359}, {'dummy': 0.08714100298301608}, {'dummy': 0.3981705987769182}, {'dummy': 0.44550431726402995}, {'dummy': 0.6517513919083471}, {'dummy': 0.8644858445804038}, {'dummy': 0.9521477027884834}, {'dummy': 0.5753954017017403}, {'dummy': 0.24427614939462272}, {'dummy': 0.9449302639645998}, {'dummy': 0.042491243287971825}, {'dummy': 0.742604701764234}, {'dummy': 0.4503329735984185}, {'dummy': 0.5236841617204124}]"
