impression,user_id,app_version,model_version,mturk_id,status,NUM_INITIAL_RATINGS,NUM_REFINE_RATINGS,TOTAL_TRAINING_RATINGS,NUM_TEST_RATINGS,TIME_INITIAL,TIME_REFINE,TIME_TEST,random_test_predictions_ratings,good_test_predictions_ratings,hypers,redisplay_check,arbitrary_check
0,dc614dff-7328-4b8b-93c4-474a93941082,4.1-knn-ar-dresses10-test,1.2,A2ZJSBAM7CVBKP,Completed,1,30,31,15,8.955366373062134,171.52906227111816,90.93713998794556,"{582: (0.40889927484665917, 0.3999999999999999), 383: (0.060604166149404635, 0.19999999999999996), 599: (-0.7495333008137053, 0.19999999999999996), 113: (0.22030522992531765, -0.19999999999999996), 440: (0.3364637394896738, -0.6), 707: (-0.8694822522615081, -0.6), 190: (0.0005500877422478254, -0.6), 126: (0.27047282810677986, 0.6000000000000001), 374: (-0.605780955440823, -0.19999999999999996), 367: (-1.0, -1.0)}","{465: (0.9297283132069978, 0.0), 224: (0.9296045167159209, 1.0), 736: (0.880896482498356, 0.6000000000000001), 392: (0.872926407965632, 0.19999999999999996), 262: (0.8698879602060257, 1.0)}",{'dummy': 0.3417665795230993},"[(1.0, 0.6000000000000001)]","[(-1.0, -0.6)]"
