impression,user_id,app_version,model_version,mturk_id,status,NUM_INITIAL_RATINGS,NUM_REFINE_RATINGS,TOTAL_TRAINING_RATINGS,NUM_TEST_RATINGS,TIME_INITIAL,TIME_REFINE,TIME_TEST,random_test_predictions_ratings,good_test_predictions_ratings,hypers,redisplay_check,arbitrary_check
0,dcdf092e-2829-4d10-8c03-176a91d052cf,4.1-knn-ar-dresses10-test,1.2,A11WCFPJSR5VZP,Completed,1,40,41,15,6.348739862442017,120.13364124298096,47.42944383621216,"{189: (0.31328500843972296, 0.3999999999999999), 672: (0.334393562170259, 0.3999999999999999), 60: (0.5353947794075112, 0.19999999999999996), 411: (0.14631890523112337, 0.0), 177: (0.4600861604424961, 0.6000000000000001), 532: (0.3559429119384985, 0.0), 23: (0.5340090428737534, 0.19999999999999996), 575: (0.4040950591236359, 0.6000000000000001), 591: (0.469304710968622, 0.3999999999999999), 338: (0.13769124208380942, 0.19999999999999996)}","{531: (0.6000000000000002, 0.3999999999999999), 587: (0.6000000000000002, 0.8), 249: (0.6000000000000002, 0.6000000000000001), 452: (0.6000000000000002, -0.19999999999999996), 715: (0.6000000000000002, 0.19999999999999996)}",{'dummy': 0.18277509833253947},"[(0.19999999999999996, 0.19999999999999996)]","[(0.6000000000000001, -0.6)]"
