impression,user_id,app_version,model_version,mturk_id,status,NUM_INITIAL_RATINGS,NUM_REFINE_RATINGS,TOTAL_TRAINING_RATINGS,NUM_TEST_RATINGS,TIME_INITIAL,TIME_REFINE,TIME_TEST,random_test_predictions_ratings,good_test_predictions_ratings,hypers,redisplay_check,arbitrary_check
0,dce23198-c305-420c-a430-dbd14c084d9a,4.1-knn-ar-dresses10-test,1.2,A1MUYS3LPMIFGN,Completed,1,40,41,15,10.735925436019897,417.8162581920624,64.20213031768799,"{575: (-0.6723444953432492, -0.6), 501: (-0.01807129766367027, -0.19999999999999996), 525: (-0.30242020146388054, -0.19999999999999996), 422: (-0.22592842637644728, -1.0), 567: (-0.3313981411223454, 0.19999999999999996), 267: (-0.21020008498893517, 0.0), 0: (0.2759922574713334, -1.0), 793: (0.6973785261446351, 0.0), 718: (-0.02206814238295038, -0.19999999999999996), 13: (-0.18148585016337726, -1.0)}","{133: (0.8890241145772637, 0.6000000000000001), 9: (0.8839836275198723, 0.8), 560: (0.8815039223704548, 0.19999999999999996), 574: (0.8664146144497593, -0.6), 756: (0.8275723168139804, 0.19999999999999996)}",{'dummy': 0.3734984653144523},"[(-0.6, -0.6)]","[(-0.6, -0.6)]"
