impression,user_id,app_version,model_version,mturk_id,status,NUM_INITIAL_RATINGS,NUM_REFINE_RATINGS,TOTAL_TRAINING_RATINGS,NUM_TEST_RATINGS,TIME_INITIAL,TIME_REFINE,TIME_TEST,random_test_predictions_ratings,good_test_predictions_ratings,hypers,redisplay_check,arbitrary_check
0,dd060f91-6ac3-4f19-8b15-0b462bf4d3d3,4.1-knn-ar-dresses10-test,1.2,ATT8TOPRCRRHG,Completed,1,40,41,15,4.209582567214966,159.5520887374878,62.76725935935974,"{744: (0.4056376199974627, 0.3999999999999999), 10: (0.6636395882569098, -0.8), 785: (0.14160670924086718, -0.8), 200: (0.27524663060542526, 0.0), 159: (0.6000000000000002, 0.19999999999999996), 604: (0.48425744714560764, 0.3999999999999999), 556: (0.9280073735398305, 1.0), 561: (0.14914234241450194, -0.8), 191: (0.3461347141913447, -0.8), 540: (0.22149247278980508, 1.0)}","{726: (1.0, 1.0), 272: (1.0, 1.0), 439: (1.0, 0.0), 176: (0.9457629227470418, 0.0), 158: (0.9446251264442856, 1.0)}",{'dummy': 0.1675156063918739},"[(-0.8, -0.8)]","[(0.0, -0.6)]"
