impression,user_id,app_version,model_version,mturk_id,status,NUM_INITIAL_RATINGS,NUM_REFINE_RATINGS,TOTAL_TRAINING_RATINGS,NUM_TEST_RATINGS,TIME_INITIAL,TIME_REFINE,TIME_TEST,random_test_predictions_ratings,good_test_predictions_ratings,hypers,redisplay_check,arbitrary_check
0,ddbc5185-67b7-4235-97f3-4ab8768e7469,4.1-knn-ar-dresses10-test,1.2,ABHGKLWWU61KF,Completed,1,50,51,15,5.606025457382202,198.74579429626465,61.945252656936646,"{751: (0.1717081652708449, 0.3999999999999999), 151: (-0.11936684191309242, 0.19999999999999996), 464: (-0.07386570238231305, -0.6), 575: (-0.5334892141348785, -0.4), 252: (-0.21688259363951945, -0.6), 705: (-0.177548744780194, 0.3999999999999999), 358: (0.14731858610001364, -0.8), 674: (-0.2855538758513926, -0.8), 109: (-0.34865125252627066, -0.4), 746: (0.4743637012819606, 0.0)}","{743: (0.6648659264931355, -0.6), 677: (0.6640114370267224, 0.0), 188: (0.6620062629441954, -0.6), 503: (0.6619783635849065, 0.19999999999999996), 665: (0.6284469087569003, -0.19999999999999996)}",{'dummy': 0.9858436041375814},"[(0.19999999999999996, 0.19999999999999996)]","[(-0.6, -0.6)]"
