impression,user_id,app_version,model_version,mturk_id,status,NUM_INITIAL_RATINGS,NUM_REFINE_RATINGS,TOTAL_TRAINING_RATINGS,NUM_TEST_RATINGS,TIME_INITIAL,TIME_REFINE,TIME_TEST,random_test_predictions_ratings,good_test_predictions_ratings,hypers,redisplay_check,arbitrary_check
0,de1c2e5e-a4f7-4bb5-9a98-5f989dfeaa7c,4.1-knn-ar-dresses10-test,1.2,A3POD149IG0DIW,Completed,1,30,31,15,6.263457536697388,190.57945585250854,90.39337825775146,"{373: (-0.9365868581248951, -0.8), 469: (0.21678270916223175, 0.0), 400: (-0.9359570697121761, -0.8), 643: (0.06048092914799815, 0.19999999999999996), 157: (-0.8203080484392641, -1.0), 587: (0.21306901295496908, -1.0), 526: (-0.338283888620187, 0.19999999999999996), 252: (0.20232244065163218, -0.8), 272: (0.04261455400983153, 0.19999999999999996), 721: (-0.0021616435281093848, -0.8)}","{599: (0.42957538465879874, 0.6000000000000001), 93: (0.4171301188964932, -1.0), 326: (0.3573396173354147, 0.3999999999999999), 384: (0.34918412855230707, 0.0), 712: (0.34878777295417085, -0.6)}",{'dummy': 0.4623641195931322},"[(0.0, 0.0)]","[(-0.19999999999999996, -0.6)]"
