impression,user_id,app_version,model_version,mturk_id,status,NUM_INITIAL_RATINGS,NUM_REFINE_RATINGS,TOTAL_TRAINING_RATINGS,NUM_TEST_RATINGS,TIME_INITIAL,TIME_REFINE,TIME_TEST,random_test_predictions_ratings,good_test_predictions_ratings,hypers,redisplay_check,arbitrary_check
0,df96c211-a195-4dd1-87f0-966ee3b0e3c4,4.1-knn-ar-dresses10-test,1.2,A1UKVQLWVBFDS6,Completed,1,30,31,15,11.975573778152466,150.35878324508667,88.1385269165039,"{657: (0.32138605716639457, 0.19999999999999996), 18: (0.4939001900624723, 0.6000000000000001), 37: (0.4405835540542755, -0.4), 433: (0.4625852719474366, 0.19999999999999996), 743: (0.04890711292155905, 0.8), 388: (0.2880278389707336, -0.6), 280: (-0.17676473798851106, -0.4), 47: (0.19806286744279653, -0.4), 656: (0.3956502651848081, -0.6), 654: (0.29808050499753486, 1.0)}","{12: (0.9353333845118804, 0.0), 461: (0.933630766543966, 0.8), 324: (0.9298466102223022, 0.3999999999999999), 123: (0.9297945406129666, -0.19999999999999996), 598: (0.9215473544967308, -0.6)}",{'dummy': 0.4911142390618768},"[(0.8, 0.19999999999999996)]","[(-0.6, -0.6)]"
