impression,user_id,app_version,model_version,mturk_id,status,NUM_INITIAL_RATINGS,NUM_REFINE_RATINGS,TOTAL_TRAINING_RATINGS,NUM_TEST_RATINGS,TIME_INITIAL,TIME_REFINE,TIME_TEST,random_test_predictions_ratings,good_test_predictions_ratings,hypers,redisplay_check,arbitrary_check
0,e138accf-ebfc-4de4-a130-d11b5c102be9,4.1-knn-ar-dresses10-test,1.2,A2LQ1YUW7WUOCO,Completed,1,20,21,15,18.672341346740723,115.90535569190979,55.24524998664856,"{44: (0.2553557091620235, -0.4), 683: (0.21822028964725923, 0.0), 85: (0.08124907663985563, -0.6), 685: (0.17671969682053967, 0.3999999999999999), 27: (0.2815673101011153, 0.19999999999999996), 1: (0.27199604867610006, 0.19999999999999996), 696: (0.20206802934484233, -0.19999999999999996), 767: (0.39638869228975626, 0.0), 417: (0.3913168564798993, 0.3999999999999999), 119: (0.25099373583550894, -0.4)}","{596: (0.45647746055644295, 0.3999999999999999), 141: (0.4560364691516015, 0.6000000000000001), 515: (0.44995266422513414, 0.19999999999999996), 593: (0.44005335080408176, 0.6000000000000001), 76: (0.4378521601734987, 0.6000000000000001)}",{'dummy': 0.1764440248793927},"[(-0.4, -0.6)]","[(-0.6, -0.6)]"
