impression,user_id,app_version,model_version,mturk_id,status,NUM_INITIAL_RATINGS,NUM_REFINE_RATINGS,TOTAL_TRAINING_RATINGS,NUM_TEST_RATINGS,TIME_INITIAL,TIME_REFINE,TIME_TEST,random_test_predictions_ratings,good_test_predictions_ratings,hypers,redisplay_check,arbitrary_check
0,e1552f88-79b9-40b2-97c0-7ae5773b05cf,4.1-knn-ar-dresses10-test,1.2,AXNCHKM175JB3,Completed,1,30,31,15,6.431516170501709,69.15420913696289,45.23280167579651,"{516: (0.19999999999999998, -0.6), 295: (0.3323639942955569, -0.19999999999999996), 182: (0.19999999999999998, 0.19999999999999996), 316: (0.24475910965343714, -0.19999999999999996), 728: (0.6225522837840777, 0.3999999999999999), 774: (0.31153897070039194, 0.19999999999999996), 675: (-0.01723482598711308, 0.19999999999999996), 542: (0.3502662974858843, 0.3999999999999999), 731: (0.05825362846426688, 0.19999999999999996), 272: (0.19999999999999998, 0.0)}","{274: (0.8000000000000002, 0.8), 158: (0.8000000000000002, 0.8), 12: (0.8000000000000002, 0.19999999999999996), 619: (0.8, 0.19999999999999996), 384: (0.8, -0.19999999999999996)}",{'dummy': 0.6930158447783283},"[(0.3999999999999999, 0.19999999999999996)]","[(0.0, -0.6)]"
