impression,user_id,app_version,model_version,mturk_id,status,NUM_INITIAL_RATINGS,NUM_REFINE_RATINGS,TOTAL_TRAINING_RATINGS,NUM_TEST_RATINGS,TIME_INITIAL,TIME_REFINE,TIME_TEST,random_test_predictions_ratings,good_test_predictions_ratings,hypers,redisplay_check,arbitrary_check
0,e271580a-d620-4250-9300-bdfe3f6e4839,4.1-knn-ar-dresses10-test,1.2,A3023MDFGEIKKU,Completed,1,40,41,15,8.590608835220337,224.58819341659546,108.17270135879517,"{280: (0.6196314439962413, 0.0), 151: (0.0968273308955308, 1.0), 247: (0.6763712151783369, 0.19999999999999996), 605: (0.7701334418040532, 0.6000000000000001), 807: (0.4712149446664173, 0.0), 106: (0.7328271024016021, 0.3999999999999999), 551: (0.03345306842888555, 0.0), 565: (0.19177226258196944, -0.8), 625: (-0.19902012243550457, -1.0), 97: (0.1476874325586013, 0.8)}","{619: (1.0, 1.0), 29: (1.0, 0.3999999999999999), 599: (0.9545161446097897, -0.6), 632: (0.9455133550401609, 1.0), 89: (0.9435131976712917, 0.3999999999999999)}",{'dummy': 0.2275324128848265},"[(0.0, 0.0)]","[(-0.6, -0.6)]"
