impression,user_id,app_version,model_version,status,NUM_INITIAL_RATINGS,NUM_REFINE_RATINGS,TOTAL_TRAINING_RATINGS,NUM_TEST_RATINGS,items_shown,ratings,model_fit,history_dict,hypers,redisplay_check,arbitrary_check,hyper_history
0,e2cc21bd-103d-4d44-8562-37ed7cc3ea48,4.1-knn-ar-dresses10-test,1.2,Started,1,20,21,15,"[461, 738, 685, 652, 347, 421, 745, 545, 348, 149, 21, 649, 164, 95, 22, 358, 623, 222, 431, 515, 258]","[0.3999999999999999, -0.6, -0.09999999999999998, 0.6000000000000001, 0.7, -0.8, -0.6, -0.6, -0.8, -0.8, 0.0, 0.7, 0.5, -0.19999999999999996, 0.19999999999999996, 0.10000000000000009, -0.19999999999999996, -0.4, 0.0, 0.0, -0.8]","[0.3999999999999999, -0.6, -0.09999999999999998, 0.6000000000000001, 0.7, -0.8, -0.6, -0.6, -0.8, -0.8, 0.0, 0.7, 0.5, -0.19999999999999996, 0.19999999999999996, 0.10000000000000009, -0.19999999999999996, -0.4, 0.0, 0.0, -0.8]","{461: (0.3999999999999999, 0.3999999999999999), 738: (-0.6, -0.6), 685: (-0.09999999999999998, -0.09999999999999998), 652: (0.6000000000000001, 0.6000000000000001), 347: (0.7, 0.7), 421: (-0.8, -0.8), 745: (-0.6, -0.6), 545: (-0.6, -0.6), 348: (-0.8, -0.8), 149: (-0.8, -0.8), 21: (0.0, 0.0), 649: (0.7, 0.7), 164: (0.5, 0.5), 95: (-0.19999999999999996, -0.19999999999999996), 22: (0.19999999999999996, 0.19999999999999996), 358: (0.10000000000000009, 0.10000000000000009), 623: (-0.19999999999999996, -0.19999999999999996), 222: (-0.4, -0.4), 431: (0.0, 0.0), 515: (0.0, 0.0), 258: (-0.8, -0.8)}",{'dummy': 0.5718982008169972},"[(-0.19999999999999996, -0.09999999999999998)]","[(-0.8, -0.8)]","[{'dummy': 0.2509661780181772}, {'dummy': 0.5286174511560393}, {'dummy': 0.6178942857461704}, {'dummy': 0.5297757694424675}, {'dummy': 0.21618218995916805}, {'dummy': 0.06496499631017372}, {'dummy': 0.5534158790864473}, {'dummy': 0.8245890481310922}, {'dummy': 0.7442413394020565}, {'dummy': 0.5375133633286641}, {'dummy': 0.029196952241376417}, {'dummy': 0.9418709333372343}, {'dummy': 0.7481753514420685}, {'dummy': 0.480592160083523}, {'dummy': 0.31331525960386375}, {'dummy': 0.5700235951452648}, {'dummy': 0.5493929306268821}, {'dummy': 0.7668221906720485}, {'dummy': 0.3172929646018562}, {'dummy': 0.8509889041533438}]"
