impression,user_id,app_version,model_version,mturk_id,status,NUM_INITIAL_RATINGS,NUM_REFINE_RATINGS,TOTAL_TRAINING_RATINGS,NUM_TEST_RATINGS,TIME_INITIAL,TIME_REFINE,TIME_TEST,random_test_predictions_ratings,good_test_predictions_ratings,hypers,redisplay_check,arbitrary_check
0,e2cc21bd-103d-4d44-8562-37ed7cc3ea48,4.1-knn-ar-dresses10-test,1.2,A6YKIIA3QF8DN,Completed,1,20,21,15,11.682896375656128,163.81927824020386,122.83075428009033,"{352: (0.22480204189272776, 0.19999999999999996), 281: (0.005182422677181078, -0.19999999999999996), 67: (-0.32842707783551467, 0.19999999999999996), 774: (-0.1880937322419681, -0.8), 492: (0.13856234976252751, -0.6), 375: (0.2599617726720847, 0.5), 148: (-0.019568268557823457, 0.0), 460: (0.16563654581635145, -1.0), 170: (0.011773738364939836, -0.4), 150: (0.09433689839638848, -0.19999999999999996)}","{799: (0.48995582660114256, 0.0), 323: (0.4596084980806474, 0.7), 134: (0.44069743396680416, -0.8), 318: (0.4386707009518081, 0.41999999999999993), 35: (0.43375183782763543, 0.6000000000000001)}",{'dummy': 0.954336975604111},"[(-0.19999999999999996, -0.19999999999999996)]","[(-0.6, -0.6)]"
