impression,user_id,app_version,model_version,status,NUM_INITIAL_RATINGS,NUM_REFINE_RATINGS,TOTAL_TRAINING_RATINGS,NUM_TEST_RATINGS,items_shown,ratings,model_fit,history_dict,hypers,redisplay_check,arbitrary_check,hyper_history
0,e2fb56bd-9a34-46a9-90c6-aa43b3178409,4.1-knn-ar-dresses10-test,1.2,Started,1,10,11,15,"[631, 443, 213, 47, 772, 118, 395, 717, 452, 357, 543]","[0.6000000000000001, 0.0, 0.19999999999999996, 0.0, 0.19999999999999996, 0.3999999999999999, -0.6, -0.19999999999999996, 0.0, 0.3999999999999999, 0.3999999999999999]","[0.6000000000000001, 0.0, 0.19999999999999996, 0.0, 0.19999999999999996, 0.3999999999999999, -0.6, -0.19999999999999996, 0.0, 0.3999999999999999, 0.3999999999999999]","{631: (0.6000000000000001, 0.6000000000000001), 443: (0.0, 0.0), 213: (0.19999999999999996, 0.19999999999999996), 47: (0.0, 0.0), 772: (0.19999999999999996, 0.19999999999999996), 118: (0.3999999999999999, 0.3999999999999999), 395: (-0.6, -0.6), 717: (-0.19999999999999996, -0.19999999999999996), 452: (0.0, 0.0), 357: (0.3999999999999999, 0.3999999999999999), 543: (0.3999999999999999, 0.3999999999999999)}",{'dummy': 0.8051890760617525},"[(0.19999999999999996, 0.19999999999999996)]","[(-0.4, -0.8)]","[{'dummy': 0.5723937404267724}, {'dummy': 0.45167519921887056}, {'dummy': 0.9412741932255281}, {'dummy': 0.6723000431058912}, {'dummy': 0.6936627627693085}, {'dummy': 0.47147553440919543}, {'dummy': 0.7703685377300417}, {'dummy': 0.6068638176662692}, {'dummy': 0.6835817220563365}, {'dummy': 0.7754844768912549}]"
