impression,user_id,app_version,model_version,mturk_id,status,NUM_INITIAL_RATINGS,NUM_REFINE_RATINGS,TOTAL_TRAINING_RATINGS,NUM_TEST_RATINGS,TIME_INITIAL,TIME_REFINE,TIME_TEST,random_test_predictions_ratings,good_test_predictions_ratings,hypers,redisplay_check,arbitrary_check
0,e3b18bf0-1786-43db-9411-71609ae8869a,4.1-knn-ar-dresses10-test,1.2,A1MMC6X3ZNJ9OT,Completed,1,10,11,15,13.07633662223816,159.84560871124268,159.59798407554626,"{479: (-0.4059724335438509, -1.0), 84: (-0.0701824405845935, -0.8), 460: (-0.3819092572173272, -0.6), 85: (-0.14988027673639634, -1.0), 376: (-0.2615350917839189, -0.4), 361: (0.2050412589859967, 0.19999999999999996), 149: (-0.16748787617777902, -1.0), 88: (-0.3535526647325148, -0.8), 552: (-0.25349339398419607, 0.6000000000000001), 281: (-0.17924047843621596, -0.98)}","{325: (0.482060935397253, -0.6), 44: (0.44885750244426276, -0.6), 779: (0.4483059038743918, -0.8), 613: (0.41645741644936773, -1.0), 291: (0.352412725208008, -0.6)}",{'dummy': 0.019130694867485865},"[(-1.0, -0.8)]","[(-0.6, -0.6)]"
