impression,user_id,app_version,model_version,status,NUM_INITIAL_RATINGS,NUM_REFINE_RATINGS,TOTAL_TRAINING_RATINGS,NUM_TEST_RATINGS,items_shown,ratings,model_fit,history_dict,hypers,redisplay_check,arbitrary_check,hyper_history
0,e48665da-55b4-4fca-8f43-2d343a33aec4,4.1-knn-ar-dresses10-test,1.2,Started,1,10,11,15,"[24, 262, 136, 683, 784, 534, 258, 257, 450, 770, 343]","[0.8199999999999998, -0.38, -0.44000000000000006, -0.48, -0.6, -0.94, -0.74, -0.98, -0.98, -0.84, -0.98]","[0.8199999999999998, -0.38, -0.44000000000000006, -0.48, -0.6, -0.94, -0.74, -0.98, -0.98, -0.84, -0.98]","{24: (0.8199999999999998, 0.8199999999999998), 262: (-0.38, -0.38), 136: (-0.44000000000000006, -0.44000000000000006), 683: (-0.48, -0.48), 784: (-0.6, -0.6), 534: (-0.94, -0.94), 258: (-0.74, -0.74), 257: (-0.98, -0.98), 450: (-0.98, -0.98), 770: (-0.84, -0.84), 343: (-0.98, -0.98)}",{'dummy': 0.1701490940817133},"[(-0.92, -0.44000000000000006)]","[(-0.98, -0.8)]","[{'dummy': 0.2672517971449957}, {'dummy': 0.23054616886600354}, {'dummy': 0.40821002550026586}, {'dummy': 0.9479740743016316}, {'dummy': 0.577826828483963}, {'dummy': 0.14347838907828203}, {'dummy': 0.13732547869795564}, {'dummy': 0.4912394537773632}, {'dummy': 0.3647209665691694}, {'dummy': 0.16324234696172013}]"
