impression,user_id,app_version,model_version,status,NUM_INITIAL_RATINGS,NUM_REFINE_RATINGS,TOTAL_TRAINING_RATINGS,NUM_TEST_RATINGS,items_shown,ratings,model_fit,history_dict,hypers,redisplay_check,arbitrary_check,hyper_history
0,e4cc3035-cd18-42a5-b363-8d3551685fb3,4.1-knn-ar-dresses10-test,1.2,Started,1,20,21,15,"[351, 423, 555, 706, 657, 470, 280, 541, 673, 511, 70, 301, 546, 201, 98, 33, 813, 256, 149, 300, 613]","[0.19999999999999996, -1.0, 0.3999999999999999, -0.6, -1.0, -1.0, 0.6000000000000001, -1.0, 0.8, -0.6, -0.6, -1.0, 0.0, 0.3999999999999999, -1.0, -1.0, -1.0, -1.0, -0.4, 0.6000000000000001, -0.6]","[0.19999999999999996, -1.0, 0.3999999999999999, -0.6, -1.0, -1.0, 0.6000000000000001, -1.0, 0.8, -0.6, -0.6, -1.0, 0.0, 0.3999999999999999, -1.0, -1.0, -1.0, -1.0, -0.4, 0.6000000000000001, -0.6]","{351: (0.19999999999999996, 0.19999999999999996), 423: (-1.0, -1.0), 555: (0.3999999999999999, 0.3999999999999999), 706: (-0.6, -0.6), 657: (-1.0, -1.0), 470: (-1.0, -1.0), 280: (0.6000000000000001, 0.6000000000000001), 541: (-1.0, -1.0), 673: (0.8, 0.8), 511: (-0.6, -0.6), 70: (-0.6, -0.6), 301: (-1.0, -1.0), 546: (0.0, 0.0), 201: (0.3999999999999999, 0.3999999999999999), 98: (-1.0, -1.0), 33: (-1.0, -1.0), 813: (-1.0, -1.0), 256: (-1.0, -1.0), 149: (-0.4, -0.4), 300: (0.6000000000000001, 0.6000000000000001), 613: (-0.6, -0.6)}",{'dummy': 0.41002125108162546},"[(0.6000000000000001, 0.3999999999999999)]","[(-1.0, -0.8)]","[{'dummy': 0.490337021849207}, {'dummy': 0.10448178786645679}, {'dummy': 0.7951454005942906}, {'dummy': 0.8764335318408081}, {'dummy': 0.43540125491433557}, {'dummy': 0.16607996967758776}, {'dummy': 0.5838534888793971}, {'dummy': 0.12963695256268404}, {'dummy': 0.45110009350303404}, {'dummy': 0.3398155128674697}, {'dummy': 0.4073477889543311}, {'dummy': 0.26713611029048634}, {'dummy': 0.9824117199034552}, {'dummy': 0.03226905145345493}, {'dummy': 0.9166963863083427}, {'dummy': 0.753142792030217}, {'dummy': 0.5295843275620107}, {'dummy': 0.08013877499091848}, {'dummy': 0.49648481086954}, {'dummy': 0.8693115451615179}]"
