impression,user_id,app_version,model_version,mturk_id,status,NUM_INITIAL_RATINGS,NUM_REFINE_RATINGS,TOTAL_TRAINING_RATINGS,NUM_TEST_RATINGS,TIME_INITIAL,TIME_REFINE,TIME_TEST,random_test_predictions_ratings,good_test_predictions_ratings,hypers,redisplay_check,arbitrary_check
0,e52cd24f-5993-4052-9744-fb8777a2c680,4.1-knn-ar-dresses10-test,1.2,ATKNH6OR2G11O,Completed,1,50,51,15,6.029689788818359,287.36315512657166,89.55910778045654,"{19: (-0.4661168920559295, -0.8), 91: (-0.6573998108028133, -0.8), 636: (0.13472860833694, -0.8), 671: (-0.6611152799669143, -0.8), 565: (-0.19456286420753396, -0.8), 270: (-0.10427404690596245, -0.6), 280: (-0.19559090174005225, 0.3999999999999999), 634: (-0.603587291802329, -0.8), 247: (-0.49971435074076065, -0.8), 31: (-0.32019107191580765, -0.8)}","{609: (0.6717028098925817, -0.19999999999999996), 330: (0.6607213553226596, 0.6000000000000001), 131: (0.6562740970744517, -0.4), 454: (0.6355599093195239, 0.3999999999999999), 121: (0.6230951089905502, -0.19999999999999996)}",{'dummy': 0.2690715459196529},"[(-0.8, -0.8)]","[(-0.6, -0.6)]"
