impression,user_id,app_version,model_version,mturk_id,status,NUM_INITIAL_RATINGS,NUM_REFINE_RATINGS,TOTAL_TRAINING_RATINGS,NUM_TEST_RATINGS,TIME_INITIAL,TIME_REFINE,TIME_TEST,random_test_predictions_ratings,good_test_predictions_ratings,hypers,redisplay_check,arbitrary_check
0,e5383678-ffd8-47fa-b312-3e696f567615,4.1-knn-ar-dresses10-test,1.2,A22V0IZ5901PEI,Completed,1,20,21,15,7.0151214599609375,74.2594530582428,44.507070541381836,"{144: (-0.10439554690825925, 0.19999999999999996), 19: (0.04658258006686031, 0.3999999999999999), 368: (-0.26715600718293625, 0.3999999999999999), 199: (0.20602484508608873, 0.19999999999999996), 758: (0.46887800699648646, 0.8), 651: (0.19696615087878103, 0.3999999999999999), 184: (0.2734893822820929, 0.3999999999999999), 670: (-0.1339112213747157, 0.19999999999999996), 401: (0.3163814586222854, 0.3999999999999999), 212: (0.24758163153429044, 0.0)}","{171: (0.6814568258560738, 0.6000000000000001), 303: (0.6812042764759603, 0.3999999999999999), 445: (0.6762414361200373, 0.3999999999999999), 296: (0.6761559271861899, 0.19999999999999996), 743: (0.6737791279194989, 0.3999999999999999)}",{'dummy': 0.059812876138575666},"[(0.3999999999999999, 0.19999999999999996)]","[(0.6000000000000001, -0.6)]"
