impression,user_id,app_version,model_version,mturk_id,status,NUM_INITIAL_RATINGS,NUM_REFINE_RATINGS,TOTAL_TRAINING_RATINGS,NUM_TEST_RATINGS,TIME_INITIAL,TIME_REFINE,TIME_TEST,random_test_predictions_ratings,good_test_predictions_ratings,hypers,redisplay_check,arbitrary_check
0,e919fc23-5d7c-42e8-a6bf-bdff36cd1336,4.1-knn-ar-dresses10-test,1.2,AUDVJK5HUS4TS,Completed,1,50,51,15,7.239730596542358,339.2177016735077,77.33650279045105,"{626: (0.33298182997667547, 0.6000000000000001), 732: (0.27906424000211183, -0.19999999999999996), 116: (0.175335164686362, 0.0), 193: (0.390598849332452, 0.3999999999999999), 742: (0.5252656074859031, 0.3999999999999999), 278: (0.47804504527197655, 0.6000000000000001), 28: (0.526282752113826, 0.19999999999999996), 264: (0.39999999999999986, 0.3999999999999999), 748: (0.4285171494451538, -0.19999999999999996), 198: (0.18335303224805277, 0.3999999999999999)}","{153: (0.8000000000000002, 0.3999999999999999), 248: (0.7489931831267903, 0.19999999999999996), 233: (0.7338067814749156, 0.6000000000000001), 511: (0.7330487120194715, 0.0), 22: (0.7328450273274234, 0.3999999999999999)}",{'dummy': 0.6361051366302459},"[(0.0, 0.3999999999999999)]","[(0.0, -0.6)]"
