impression,user_id,app_version,model_version,mturk_id,status,NUM_INITIAL_RATINGS,NUM_REFINE_RATINGS,TOTAL_TRAINING_RATINGS,NUM_TEST_RATINGS,TIME_INITIAL,TIME_REFINE,TIME_TEST,random_test_predictions_ratings,good_test_predictions_ratings,hypers,redisplay_check,arbitrary_check
0,e92d9bd4-c7b2-4dd5-89bb-8268bf675346,4.1-knn-ar-dresses10-test,1.2,A2DTR0SB4I2D7P,Completed,1,20,21,15,12.614287376403809,128.96780610084534,96.56274342536926,"{468: (-0.010278056203052506, 0.19999999999999996), 581: (-0.1593933130050046, 0.3999999999999999), 195: (-0.07007515172905968, 0.19999999999999996), 421: (0.17743313697468877, 0.3999999999999999), 159: (-0.31108073349620496, -0.8), 251: (0.3778422167622389, 0.6000000000000001), 461: (0.014315565203614582, 0.8), 728: (0.2958645438600238, 0.6000000000000001), 43: (-0.4383476141832104, -0.8), 467: (0.2830169774144771, 0.8)}","{661: (0.7015488647542886, -0.6), 762: (0.6999761285635626, 0.0), 406: (0.6988131395381355, 0.8), 462: (0.6977249308985565, 0.8), 559: (0.6964259860731558, 0.6000000000000001)}",{'dummy': 0.41375367263015994},"[(0.8, 0.6000000000000001)]","[(0.0, -0.6)]"
