impression,user_id,app_version,model_version,status,NUM_INITIAL_RATINGS,NUM_REFINE_RATINGS,TOTAL_TRAINING_RATINGS,NUM_TEST_RATINGS,items_shown,ratings,model_fit,history_dict,hypers,redisplay_check,arbitrary_check,hyper_history
0,e92d9bd4-c7b2-4dd5-89bb-8268bf675346,4.1-knn-ar-dresses10-test,1.2,Started,1,20,21,15,"[763, 545, 767, 359, 386, 99, 3, 396, 41, 773, 510, 95, 285, 433, 489, 115, 18, 490, 603, 633, 527]","[0.6000000000000001, 0.7, 0.0, -0.4, 0.19999999999999996, -0.6, 0.30000000000000004, 0.6000000000000001, 0.19999999999999996, 0.0, 0.8, -0.19999999999999996, 0.19999999999999996, -0.19999999999999996, -0.19999999999999996, -0.6, -0.8, -0.4, -0.8, 0.3999999999999999, -0.19999999999999996]","[0.6000000000000001, 0.7, 0.0, -0.4, 0.19999999999999996, -0.6, 0.30000000000000004, 0.6000000000000001, 0.19999999999999996, 0.0, 0.8, -0.19999999999999996, 0.19999999999999996, -0.19999999999999996, -0.19999999999999996, -0.6, -0.8, -0.4, -0.8, 0.3999999999999999, -0.19999999999999996]","{763: (0.6000000000000001, 0.6000000000000001), 545: (0.7, 0.7), 767: (0.0, 0.0), 359: (-0.4, -0.4), 386: (0.19999999999999996, 0.19999999999999996), 99: (-0.6, -0.6), 3: (0.30000000000000004, 0.30000000000000004), 396: (0.6000000000000001, 0.6000000000000001), 41: (0.19999999999999996, 0.19999999999999996), 773: (0.0, 0.0), 510: (0.8, 0.8), 95: (-0.19999999999999996, -0.19999999999999996), 285: (0.19999999999999996, 0.19999999999999996), 433: (-0.19999999999999996, -0.19999999999999996), 489: (-0.19999999999999996, -0.19999999999999996), 115: (-0.6, -0.6), 18: (-0.8, -0.8), 490: (-0.4, -0.4), 603: (-0.8, -0.8), 633: (0.3999999999999999, 0.3999999999999999), 527: (-0.19999999999999996, -0.19999999999999996)}",{'dummy': 0.09790528716527802},"[(-0.19999999999999996, 0.0)]","[(0.3999999999999999, -0.8)]","[{'dummy': 0.44065392096495937}, {'dummy': 0.30952213008923035}, {'dummy': 0.7163603659802115}, {'dummy': 0.5276348017670965}, {'dummy': 0.9070523433831869}, {'dummy': 0.21047802086512357}, {'dummy': 0.24059431550473698}, {'dummy': 0.3572241305735623}, {'dummy': 0.8687706279452116}, {'dummy': 0.9474465856250713}, {'dummy': 0.10536390884448421}, {'dummy': 0.24759944354105246}, {'dummy': 0.33436947004125206}, {'dummy': 0.5777712495078143}, {'dummy': 0.6266314762857731}, {'dummy': 0.609187735717511}, {'dummy': 0.8641682354020698}, {'dummy': 0.040376054828573205}, {'dummy': 0.2752871351046522}, {'dummy': 0.08922290019041801}]"
