impression,user_id,app_version,model_version,mturk_id,status,NUM_INITIAL_RATINGS,NUM_REFINE_RATINGS,TOTAL_TRAINING_RATINGS,NUM_TEST_RATINGS,TIME_INITIAL,TIME_REFINE,TIME_TEST,random_test_predictions_ratings,good_test_predictions_ratings,hypers,redisplay_check,arbitrary_check
0,e9a3719d-d355-4ebe-963c-876d4790e1ca,4.1-knn-ar-dresses10-test,1.2,A2L366NNL1YG5W,Completed,1,50,51,15,6.114948272705078,257.56607604026794,125.61362504959106,"{518: (-0.05998765238155065, 0.19999999999999996), 766: (-0.3900521710280269, -0.6), 648: (0.5245141180697693, -0.19999999999999996), 236: (0.00036091934652497285, 0.3999999999999999), 334: (0.08387969543440801, -0.6), 145: (-0.13638469491088506, 0.19999999999999996), 481: (-0.022433513095071644, -0.4), 584: (0.2197229043175621, -0.6), 552: (0.28949057051265237, -0.6), 471: (-0.13581550418742108, 0.0)}","{708: (0.6000000000000002, 0.0), 199: (0.6000000000000001, 0.3999999999999999), 634: (0.6, -0.19999999999999996), 76: (0.5518239955555491, 0.0), 729: (0.5414962409084296, 0.19999999999999996)}",{'dummy': 0.9568796536066803},"[(-0.6, -0.6)]","[(0.19999999999999996, -0.6)]"
