impression,user_id,app_version,model_version,mturk_id,status,NUM_INITIAL_RATINGS,NUM_REFINE_RATINGS,TOTAL_TRAINING_RATINGS,NUM_TEST_RATINGS,TIME_INITIAL,TIME_REFINE,TIME_TEST,random_test_predictions_ratings,good_test_predictions_ratings,hypers,redisplay_check,arbitrary_check
0,e9b61c92-c444-4075-95ac-4eff8a72d962,4.1-knn-ar-dresses10-test,1.2,ACYH2RL9NM7FS,Completed,1,30,31,15,17.263147830963135,177.24699020385742,72.24019026756287,"{409: (-0.3201006544234251, -0.19999999999999996), 686: (-0.023871664033394732, -0.6), 349: (-0.7376540763411215, 0.8), 20: (-0.42491168906292187, -0.8), 451: (0.15234004004815008, -0.6), 421: (-0.737180499101375, -0.8), 65: (-0.14869066875680653, 0.0), 764: (-0.17697681683634853, -0.8), 781: (-0.46590864876859106, -0.6), 142: (-0.00929973483222557, 0.0)}","{556: (0.5319026530858783, 0.19999999999999996), 707: (0.4079507818644244, -0.19999999999999996), 518: (0.4022147517280022, -0.19999999999999996), 155: (0.3984289725058567, -0.4), 384: (0.3979335122631077, -0.4)}",{'dummy': 0.9605913982608514},"[(-0.8, -0.8)]","[(-0.4, -0.6)]"
