impression,user_id,app_version,model_version,mturk_id,status,NUM_INITIAL_RATINGS,NUM_REFINE_RATINGS,TOTAL_TRAINING_RATINGS,NUM_TEST_RATINGS,TIME_INITIAL,TIME_REFINE,TIME_TEST,random_test_predictions_ratings,good_test_predictions_ratings,hypers,redisplay_check,arbitrary_check
0,ea6d983b-ea81-42ef-9d35-3600f3c84e8f,4.1-knn-ar-dresses10-test,1.2,A3L1OIVE57IMT2,Completed,1,40,41,15,6.440587759017944,229.77294087409973,94.66953039169312,"{431: (-0.18389745197466414, 0.3999999999999999), 703: (-0.7298981107362689, -0.8), 693: (0.02369402607242247, 0.3999999999999999), 647: (-0.13476941072762882, 0.0), 470: (-0.4118713080285205, -0.6), 182: (0.15407415536754565, -0.19999999999999996), 646: (-0.2420170676568824, 0.0), 406: (0.17285251779429378, -0.6), 715: (0.3367752342228753, -0.8), 690: (-0.40147934326064, 0.0)}","{532: (0.7224500447758755, 0.19999999999999996), 49: (0.6239239713536852, 0.3999999999999999), 72: (0.6060727843926068, 0.3999999999999999), 764: (0.596228569288518, 0.6000000000000001), 445: (0.5905553458360802, 0.0)}",{'dummy': 0.8430971829953139},"[(-0.6, -0.6)]","[(-0.6, -0.6)]"
