impression,user_id,app_version,model_version,status,NUM_INITIAL_RATINGS,NUM_REFINE_RATINGS,TOTAL_TRAINING_RATINGS,NUM_TEST_RATINGS,items_shown,ratings,model_fit,history_dict,hypers,redisplay_check,arbitrary_check,hyper_history
0,ea70c319-0014-4286-8b60-e5e7da49c20b,4.1-knn-ar-dresses10-test,1.2,Started,1,10,11,15,"[328, 721, 191, 336, 360, 550, 807, 354, 48, 430, 517]","[0.6000000000000001, 0.0, -0.30000000000000004, 0.5, 0.6000000000000001, -0.19999999999999996, 0.19999999999999996, 0.10000000000000009, 0.30000000000000004, -0.19999999999999996, 0.0]","[0.6000000000000001, 0.0, -0.30000000000000004, 0.5, 0.6000000000000001, -0.19999999999999996, 0.19999999999999996, 0.10000000000000009, 0.30000000000000004, -0.19999999999999996, 0.0]","{328: (0.6000000000000001, 0.6000000000000001), 721: (0.0, 0.0), 191: (-0.30000000000000004, -0.30000000000000004), 336: (0.5, 0.5), 360: (0.6000000000000001, 0.6000000000000001), 550: (-0.19999999999999996, -0.19999999999999996), 807: (0.19999999999999996, 0.19999999999999996), 354: (0.10000000000000009, 0.10000000000000009), 48: (0.30000000000000004, 0.30000000000000004), 430: (-0.19999999999999996, -0.19999999999999996), 517: (0.0, 0.0)}",{'dummy': 0.523864484321939},"[(-0.30000000000000004, -0.30000000000000004)]","[(0.3999999999999999, -0.8)]","[{'dummy': 0.8413686461572134}, {'dummy': 0.6835340885336334}, {'dummy': 0.013986555998641514}, {'dummy': 0.6747892246560964}, {'dummy': 0.550247382953135}, {'dummy': 0.6346865220254772}, {'dummy': 0.6385535245836268}, {'dummy': 0.1338477149499553}, {'dummy': 0.5998366200666684}, {'dummy': 0.08579047015624552}]"
