impression,user_id,app_version,model_version,status,NUM_INITIAL_RATINGS,NUM_REFINE_RATINGS,TOTAL_TRAINING_RATINGS,NUM_TEST_RATINGS,items_shown,ratings,model_fit,history_dict,hypers,redisplay_check,arbitrary_check,hyper_history
0,eabfa41c-ead3-4bba-877c-edc5cf6e0dbd,4.1-knn-ar-dresses10-test,1.2,Started,1,10,11,15,"[490, 708, 674, 14, 739, 536, 548, 329, 185, 537, 157]","[-0.4, 0.8, 0.0, -0.8, 1.0, 0.0, 0.8, 0.6000000000000001, 0.3999999999999999, 0.19999999999999996, -0.8]","[-0.4, 0.8, 0.0, -0.8, 1.0, 0.0, 0.8, 0.6000000000000001, 0.3999999999999999, 0.19999999999999996, -0.8]","{490: (-0.4, -0.4), 708: (0.8, 0.8), 674: (0.0, 0.0), 14: (-0.8, -0.8), 739: (1.0, 1.0), 536: (0.0, 0.0), 548: (0.8, 0.8), 329: (0.6000000000000001, 0.6000000000000001), 185: (0.3999999999999999, 0.3999999999999999), 537: (0.19999999999999996, 0.19999999999999996), 157: (-0.8, -0.8)}",{'dummy': 0.4637531800389253},"[(0.0, 0.0)]","[(1.0, -0.8)]","[{'dummy': 0.9244182621269227}, {'dummy': 0.04799767034964175}, {'dummy': 0.9957932146408273}, {'dummy': 0.6860804322190076}, {'dummy': 0.8256754244879901}, {'dummy': 0.6725299915189711}, {'dummy': 0.14367910203212753}, {'dummy': 0.05053965137239591}, {'dummy': 0.6977043768310902}, {'dummy': 0.03618854556846296}]"
