impression,user_id,app_version,model_version,mturk_id,status,NUM_INITIAL_RATINGS,NUM_REFINE_RATINGS,TOTAL_TRAINING_RATINGS,NUM_TEST_RATINGS,TIME_INITIAL,TIME_REFINE,TIME_TEST,random_test_predictions_ratings,good_test_predictions_ratings,hypers,redisplay_check,arbitrary_check
0,eabfa41c-ead3-4bba-877c-edc5cf6e0dbd,4.1-knn-ar-dresses10-test,1.2,ANKDLLQHHM2OH,Completed,1,10,11,15,6.875291585922241,36.25233578681946,45.382253646850586,"{555: (0.3123704744727477, 1.0), 693: (0.23988815940534133, 1.0), 332: (-0.4431805050049585, 1.0), 619: (0.05412710784370241, 1.0), 330: (-0.43095438284863474, 1.0), 474: (-0.4095421194119339, 1.0), 508: (0.19160724449824781, 0.8), 94: (0.3480294846608642, 1.0), 459: (-0.4186505607775927, 0.8), 333: (0.28799748657016505, 1.0)}","{18: (0.8872067981950352, 1.0), 296: (0.8793476488392477, 0.0), 585: (0.8768189014446142, 0.8), 597: (0.8687387487794518, 1.0), 362: (0.8648122393574623, 0.6000000000000001)}",{'dummy': 0.4758120692505363},"[(1.0, 1.0)]","[(1.0, -0.6)]"
