impression,user_id,app_version,model_version,mturk_id,status,NUM_INITIAL_RATINGS,NUM_REFINE_RATINGS,TOTAL_TRAINING_RATINGS,NUM_TEST_RATINGS,TIME_INITIAL,TIME_REFINE,TIME_TEST,random_test_predictions_ratings,good_test_predictions_ratings,hypers,redisplay_check,arbitrary_check
0,eaeb0b8e-9fdc-4f56-9ccb-9e4d9aabff29,4.1-knn-ar-dresses10-test,1.2,AR3EC8BYLLMC1,Completed,1,40,41,15,11.75993037223816,483.3996148109436,213.18027305603027,"{354: (-0.005205652721226535, -0.19999999999999996), 225: (-0.3185256170728971, 0.0), 118: (0.021235374276719628, 0.3999999999999999), 477: (0.20992961007209263, -0.19999999999999996), 652: (0.25580319725628553, 0.3999999999999999), 266: (0.3349222496608341, 0.19999999999999996), 732: (0.2836090030836654, 0.3999999999999999), 179: (0.27917084017349136, 0.6000000000000001), 651: (0.3207501043956999, 0.6000000000000001), 481: (0.15224998320514918, 0.0)}","{23: (0.6000000000000001, 0.19999999999999996), 557: (0.6000000000000001, -0.19999999999999996), 761: (0.6000000000000001, 0.3999999999999999), 635: (0.6000000000000001, -0.19999999999999996), 176: (0.6000000000000001, -0.19999999999999996)}",{'dummy': 0.5685231356463321},"[(0.3999999999999999, 0.3999999999999999)]","[(-0.6, -0.6)]"
