impression,user_id,app_version,model_version,mturk_id,status,NUM_INITIAL_RATINGS,NUM_REFINE_RATINGS,TOTAL_TRAINING_RATINGS,NUM_TEST_RATINGS,TIME_INITIAL,TIME_REFINE,TIME_TEST,random_test_predictions_ratings,good_test_predictions_ratings,hypers,redisplay_check,arbitrary_check
0,eb25d385-aee5-4ff2-9939-1e89573c4c4c,4.1-knn-ar-dresses10-test,1.2,A31U7VGTEOY2RG,Completed,1,20,21,15,18.858267784118652,170.26383233070374,118.32173490524292,"{252: (0.6691274526606096, -0.8), 271: (0.3262538801838274, -1.0), 577: (0.5598867486274429, 0.3999999999999999), 698: (-0.055813796890464625, -0.19999999999999996), 392: (-0.19829884768798942, 0.6000000000000001), 475: (0.16788575529052074, 0.3999999999999999), 111: (0.4698729617892642, -0.4), 51: (0.5356980571548031, 0.6000000000000001), 533: (0.13207341107043713, 0.0), 114: (-0.08058216904028381, 0.19999999999999996)}","{769: (0.7453671841691513, 0.8), 122: (0.7336782582698858, 0.3999999999999999), 588: (0.730824607056758, 0.0), 142: (0.7099005903201077, 0.6000000000000001), 607: (0.7088264680832356, -0.19999999999999996)}",{'dummy': 0.7968308308467392},"[(-0.4, -0.4)]","[(-0.6, -0.6)]"
