impression,user_id,app_version,model_version,mturk_id,status,NUM_INITIAL_RATINGS,NUM_REFINE_RATINGS,TOTAL_TRAINING_RATINGS,NUM_TEST_RATINGS,TIME_INITIAL,TIME_REFINE,TIME_TEST,random_test_predictions_ratings,good_test_predictions_ratings,hypers,redisplay_check,arbitrary_check
0,ecd33f16-ed51-46ab-bf59-351d25ca38f3,4.1-knn-ar-dresses10-test,1.2,A1NPQ6EAFPXAGG,Completed,1,20,21,15,12.908570289611816,180.551429271698,118.25837564468384,"{470: (-0.2929500485154393, 0.10000000000000009), 333: (-0.08725849325156951, 0.0), 786: (0.07447422900879729, -0.30000000000000004), 261: (-0.23101649569893415, -0.8), 242: (0.21477855979427574, -0.09999999999999998), 313: (0.21160865526849956, 0.19999999999999996), 238: (0.3026105730536589, 0.0), 801: (0.24986138091236448, -0.4), 424: (-0.29820599692481525, 0.3999999999999999), 62: (-0.11876741327128935, -0.4)}","{455: (0.4687059165479092, -0.09999999999999998), 42: (0.4671946407935653, 0.19999999999999996), 380: (0.4630242331986634, 0.0), 615: (0.4623698703257842, 0.3999999999999999), 663: (0.46213353394763523, -0.19999999999999996)}",{'dummy': 0.39749760322607364},"[(0.19999999999999996, 0.0)]","[(-0.6, -0.6)]"
