impression,user_id,app_version,model_version,mturk_id,status,NUM_INITIAL_RATINGS,NUM_REFINE_RATINGS,TOTAL_TRAINING_RATINGS,NUM_TEST_RATINGS,TIME_INITIAL,TIME_REFINE,TIME_TEST,random_test_predictions_ratings,good_test_predictions_ratings,hypers,redisplay_check,arbitrary_check
0,ed343c3e-6b6a-4fd8-a5ad-ad39067508ce,4.1-knn-ar-dresses10-test,1.2,AKZ1KRMTFUPRB,Completed,1,40,41,15,13.835649251937866,504.7803020477295,54.88584303855896,"{256: (-0.3018650194738719, 0.3999999999999999), 499: (-0.3445553269723273, -0.8), 749: (0.1664438771561404, 0.3999999999999999), 42: (0.0006540005464245579, 0.0), 811: (-0.1645531883591064, 0.6000000000000001), 359: (0.26604708398948385, 0.3999999999999999), 254: (-0.19542814259622363, 0.8), 30: (-0.0005615634298027439, -0.6), 57: (0.08780367320458843, 0.6000000000000001), 268: (0.6015632191626793, 0.8)}","{510: (0.7113541940038409, 0.3999999999999999), 714: (0.7038901273890061, -0.19999999999999996), 539: (0.7026045786691699, 0.0), 324: (0.6912363410315278, 0.19999999999999996), 81: (0.684646947910421, 0.6000000000000001)}",{'dummy': 0.3806383741695294},"[(0.3999999999999999, 0.6000000000000001)]","[(0.19999999999999996, -0.6)]"
