impression,user_id,app_version,model_version,mturk_id,status,NUM_INITIAL_RATINGS,NUM_REFINE_RATINGS,TOTAL_TRAINING_RATINGS,NUM_TEST_RATINGS,TIME_INITIAL,TIME_REFINE,TIME_TEST,random_test_predictions_ratings,good_test_predictions_ratings,hypers,redisplay_check,arbitrary_check
0,ed5eebff-1594-4792-83b5-1f553d529b4b,4.1-knn-ar-dresses10-test,1.2,A3V57BKH58EUIY,Completed,1,10,11,15,11.750559091567993,59.93901443481445,91.0090560913086,"{339: (0.1932448468888277, 0.0), 586: (0.6017618047483492, 0.3999999999999999), 597: (0.6650333711854413, 0.8), 706: (0.6020998684072472, 0.3999999999999999), 263: (0.4730700895646953, 0.6000000000000001), 422: (0.3519037375901804, 0.19999999999999996), 562: (0.5981549724078871, 0.5), 257: (0.6724102019071209, 0.19999999999999996), 98: (0.3282190832056517, 0.6000000000000001), 537: (0.22731155222906393, 0.19999999999999996)}","{370: (0.717767920841482, 0.7600000000000002), 397: (0.7061974823522325, 0.8), 557: (0.6960131998936733, 0.8), 384: (0.6893727939493822, 0.8), 395: (0.6885248452160484, 0.3999999999999999)}",{'dummy': 0.19099490136319497},"[(0.3999999999999999, 0.8)]","[(0.6000000000000001, -0.6)]"
