impression,user_id,app_version,model_version,mturk_id,status,NUM_INITIAL_RATINGS,NUM_REFINE_RATINGS,TOTAL_TRAINING_RATINGS,NUM_TEST_RATINGS,TIME_INITIAL,TIME_REFINE,TIME_TEST,random_test_predictions_ratings,good_test_predictions_ratings,hypers,redisplay_check,arbitrary_check
0,ed75a781-55f4-4eae-bff5-1f8c279b0542,4.1-knn-ar-dresses10-test,1.2,A2O2Q0LVWOWJ1G,Completed,1,20,21,15,12.801950693130493,246.478862285614,127.80542469024658,"{644: (-0.7262235584772008, -1.0), 118: (-0.6467734254788221, -0.19999999999999996), 239: (-0.2611824480694826, -0.6), 325: (-0.688597482346955, -1.0), 195: (-0.8584375061268226, -1.0), 749: (-0.43891963715124005, -0.8), 235: (-0.9409774269169995, -1.0), 810: (-0.9333637322529335, -1.0), 304: (-0.867991656669331, 0.19999999999999996), 47: (-0.7110471360205664, -1.0)}","{286: (0.00978864122057947, 0.0), 534: (0.005841740632957531, -1.0), 757: (-0.004271243616352523, -1.0), 742: (-0.07136077843773835, -0.19999999999999996), 447: (-0.07379325480857213, -0.4)}",{'dummy': 0.00505981617037532},"[(-1.0, -1.0)]","[(-1.0, -0.6)]"
