impression,user_id,app_version,model_version,status,NUM_INITIAL_RATINGS,NUM_REFINE_RATINGS,TOTAL_TRAINING_RATINGS,NUM_TEST_RATINGS,items_shown,ratings,model_fit,history_dict,hypers,redisplay_check,arbitrary_check,hyper_history
0,ed75a781-55f4-4eae-bff5-1f8c279b0542,4.1-knn-ar-dresses10-test,1.2,Started,1,20,21,15,"[718, 500, 524, 441, 660, 480, 791, 724, 2, 249, 615, 809, 687, 569, 639, 667, 100, 236, 299, 730, 75]","[-0.4, -0.19999999999999996, 0.19999999999999996, -0.8, -1.0, -0.6, -0.8, -1.0, -1.0, -1.0, -1.0, -0.4, -0.19999999999999996, -1.0, -1.0, -1.0, -0.8, -0.4, -1.0, 0.0, -1.0]","[-0.4, -0.19999999999999996, 0.19999999999999996, -0.8, -1.0, -0.6, -0.8, -1.0, -1.0, -1.0, -1.0, -0.4, -0.19999999999999996, -1.0, -1.0, -1.0, -0.8, -0.4, -1.0, 0.0, -1.0]","{718: (-0.4, -0.4), 500: (-0.19999999999999996, -0.19999999999999996), 524: (0.19999999999999996, 0.19999999999999996), 441: (-0.8, -0.8), 660: (-1.0, -1.0), 480: (-0.6, -0.6), 791: (-0.8, -0.8), 724: (-1.0, -1.0), 2: (-1.0, -1.0), 249: (-1.0, -1.0), 615: (-1.0, -1.0), 809: (-0.4, -0.4), 687: (-0.19999999999999996, -0.19999999999999996), 569: (-1.0, -1.0), 639: (-1.0, -1.0), 667: (-1.0, -1.0), 100: (-0.8, -0.8), 236: (-0.4, -0.4), 299: (-1.0, -1.0), 730: (0.0, 0.0), 75: (-1.0, -1.0)}",{'dummy': 0.9100004680084224},"[(0.19999999999999996, 0.19999999999999996)]","[(-0.8, -0.8)]","[{'dummy': 0.6479887179454593}, {'dummy': 0.8703268828789082}, {'dummy': 0.8158995872703367}, {'dummy': 0.707302549094878}, {'dummy': 0.059279338778890134}, {'dummy': 0.923552969423569}, {'dummy': 0.8819984564294462}, {'dummy': 0.7503836391189693}, {'dummy': 0.4623339493754143}, {'dummy': 0.54867608264986}, {'dummy': 0.10172822688994321}, {'dummy': 0.20582576933369046}, {'dummy': 0.7439541473028515}, {'dummy': 0.1423189055476236}, {'dummy': 0.012980191538313202}, {'dummy': 0.2981342655032194}, {'dummy': 0.7786402223841488}, {'dummy': 0.8450195953071415}, {'dummy': 0.8529995093834205}, {'dummy': 0.5467961118297011}]"
