impression,user_id,app_version,model_version,mturk_id,status,NUM_INITIAL_RATINGS,NUM_REFINE_RATINGS,TOTAL_TRAINING_RATINGS,NUM_TEST_RATINGS,TIME_INITIAL,TIME_REFINE,TIME_TEST,random_test_predictions_ratings,good_test_predictions_ratings,hypers,redisplay_check,arbitrary_check
0,ed8b2815-3e93-4531-bb34-d7739f4b9224,4.1-knn-ar-dresses10-test,1.2,AZU9D7YLCTAYV,Completed,1,20,21,15,8.216257572174072,113.01975464820862,62.23798966407776,"{616: (0.03447712384900482, -0.8), 58: (0.21269948645322542, -0.4), 410: (0.05939586798518529, -0.19999999999999996), 304: (0.28882679644319076, -0.8), 715: (0.06460655737461873, -0.8), 174: (0.08187380883729423, -0.4), 419: (0.06259895697566949, -0.4), 264: (-0.12710970476444677, 0.19999999999999996), 370: (0.4629362860524627, 0.0), 295: (0.3358121537366607, 0.3999999999999999)}","{214: (0.6299387169335996, 0.6000000000000001), 808: (0.6285890796657433, 0.19999999999999996), 12: (0.6251860932830553, 0.8), 229: (0.623275340138375, 0.0), 268: (0.6199270871646122, 0.19999999999999996)}",{'dummy': 0.9887269814826677},"[(-0.4, -0.4)]","[(0.6000000000000001, -0.6)]"
