impression,user_id,app_version,model_version,mturk_id,status,NUM_INITIAL_RATINGS,NUM_REFINE_RATINGS,TOTAL_TRAINING_RATINGS,NUM_TEST_RATINGS,TIME_INITIAL,TIME_REFINE,TIME_TEST,random_test_predictions_ratings,good_test_predictions_ratings,hypers,redisplay_check,arbitrary_check
0,edfb9190-1e79-4354-9211-0cddb2434f96,4.1-knn-ar-dresses10-test,1.2,A165OXQ6OK4M5Y,Completed,1,50,51,15,5.567828893661499,159.20950412750244,37.11865782737732,"{418: (0.06640941691095588, 0.0), 584: (0.42393009643879986, -0.6), 369: (0.036460628037094135, 1.0), 573: (0.44829827552439816, -0.4), 8: (-0.40730892297375365, -0.8), 688: (-0.3205631536685653, 1.0), 45: (-0.2759188101876689, -0.19999999999999996), 476: (-0.3162102926097749, 1.0), 417: (-0.32197903938196865, -0.6), 504: (-0.0765039581100669, -0.6)}","{13: (0.8678564477044626, -0.8), 301: (0.8488886120471915, 1.0), 519: (0.8205917979224148, 0.0), 709: (0.8180034554213917, -0.8), 785: (0.8105708161267127, -0.6)}",{'dummy': 0.6614504377920019},"[(1.0, -0.6)]","[(1.0, -0.6)]"
