impression,user_id,app_version,model_version,status,NUM_INITIAL_RATINGS,NUM_REFINE_RATINGS,TOTAL_TRAINING_RATINGS,NUM_TEST_RATINGS,items_shown,ratings,model_fit,history_dict,hypers,redisplay_check,arbitrary_check,hyper_history
0,eea5370a-7347-4d63-a95d-9dc10ddde559,4.1-knn-ar-dresses10-test,1.2,Started,1,10,11,15,"[27, 233, 277, 659, 126, 558, 502, 635, 597, 760, 639]","[0.6000000000000001, 0.0, 0.3999999999999999, 0.3999999999999999, 0.3999999999999999, 0.6000000000000001, 0.3999999999999999, 0.6000000000000001, 0.8, 0.8, 0.19999999999999996]","[0.6000000000000001, 0.0, 0.3999999999999999, 0.3999999999999999, 0.3999999999999999, 0.6000000000000001, 0.3999999999999999, 0.6000000000000001, 0.8, 0.8, 0.19999999999999996]","{27: (0.6000000000000001, 0.6000000000000001), 233: (0.0, 0.0), 277: (0.3999999999999999, 0.3999999999999999), 659: (0.3999999999999999, 0.3999999999999999), 126: (0.3999999999999999, 0.3999999999999999), 558: (0.6000000000000001, 0.6000000000000001), 502: (0.3999999999999999, 0.3999999999999999), 635: (0.6000000000000001, 0.6000000000000001), 597: (0.8, 0.8), 760: (0.8, 0.8), 639: (0.19999999999999996, 0.19999999999999996)}",{'dummy': 0.9307841386309466},"[(0.3999999999999999, 0.3999999999999999)]","[(0.6000000000000001, -0.8)]","[{'dummy': 0.9744117987699482}, {'dummy': 0.8794123270860967}, {'dummy': 0.6599368238259834}, {'dummy': 0.07972827310727282}, {'dummy': 0.5207237523124278}, {'dummy': 0.9376581553257779}, {'dummy': 0.7221529686781453}, {'dummy': 0.7844402474292704}, {'dummy': 0.7967924311536748}, {'dummy': 0.8841542354751478}]"
