impression,user_id,app_version,model_version,mturk_id,status,NUM_INITIAL_RATINGS,NUM_REFINE_RATINGS,TOTAL_TRAINING_RATINGS,NUM_TEST_RATINGS,TIME_INITIAL,TIME_REFINE,TIME_TEST,random_test_predictions_ratings,good_test_predictions_ratings,hypers,redisplay_check,arbitrary_check
0,ef2d0d6a-e0d2-428d-9baa-252e19decc81,4.1-knn-ar-dresses10-test,1.2,A35KO5LPASBFI9,Completed,1,10,11,15,6.582304000854492,44.008686780929565,55.55758786201477,"{374: (-0.19588922314298485, -0.8), 227: (-0.28782924471055865, -0.8), 788: (-0.13317633517005337, -0.4), 337: (-0.19347481193250946, -0.8), 610: (-0.5498457781582891, 0.19999999999999996), 99: (0.10039224460704886, -0.19999999999999996), 316: (-0.47358628292370875, -0.8), 291: (-0.09069014526482774, -0.6), 276: (-0.46782873441122486, -0.4), 765: (-0.39325443550035505, -0.19999999999999996)}","{171: (0.27188106587532523, 0.19999999999999996), 743: (0.2661912507935558, -0.4), 247: (0.2619714133920985, 0.0), 275: (0.23475349322244393, 0.0), 602: (0.16534440493068267, -0.19999999999999996)}",{'dummy': 0.42936162457145577},"[(-0.4, -0.4)]","[(-0.6, -0.6)]"
