impression,user_id,app_version,model_version,mturk_id,status,NUM_INITIAL_RATINGS,NUM_REFINE_RATINGS,TOTAL_TRAINING_RATINGS,NUM_TEST_RATINGS,TIME_INITIAL,TIME_REFINE,TIME_TEST,random_test_predictions_ratings,good_test_predictions_ratings,hypers,redisplay_check,arbitrary_check
0,f02ef67a-b18d-4f53-94e2-d5a5b9156760,4.1-knn-ar-dresses10-test,1.2,ARNX6JWMYEOAP,Completed,1,40,41,15,14.345343351364136,148.79482555389404,47.57602906227112,"{409: (-0.5306469404842248, 0.19999999999999996), 485: (-0.6605770487091329, -0.6), 752: (-0.11025355300475741, -0.19999999999999996), 763: (-0.6418153397066072, -0.6), 652: (0.0, -0.4), 790: (-0.678824232801615, -0.8), 481: (-0.4776473019718968, -0.6), 518: (-0.7394247493609291, -0.8), 290: (-0.2613844423434716, 0.0), 359: (-0.2383147528650879, -0.8)}","{343: (0.13800350802280012, 0.0), 151: (0.1359557154689642, 0.19999999999999996), 503: (0.13508011097757142, -0.19999999999999996), 738: (0.11335238579164192, 0.19999999999999996), 342: (0.07351230259649241, -0.19999999999999996)}",{'dummy': 0.44596495368670486},"[(0.0, -0.19999999999999996)]","[(0.19999999999999996, -0.6)]"
