impression,user_id,app_version,model_version,mturk_id,status,NUM_INITIAL_RATINGS,NUM_REFINE_RATINGS,TOTAL_TRAINING_RATINGS,NUM_TEST_RATINGS,TIME_INITIAL,TIME_REFINE,TIME_TEST,random_test_predictions_ratings,good_test_predictions_ratings,hypers,redisplay_check,arbitrary_check
0,f0977cf2-2c45-473e-942c-626de7010488,4.1-knn-ar-dresses10-test,1.2,A1EJ4HA4K85PBJ,Completed,1,10,11,15,18.371830701828003,65.36204266548157,160.83045053482056,"{370: (0.16751474158527324, -0.8), 645: (-0.19958338414100588, -0.8), 128: (-0.15178859156207483, -0.6), 49: (-0.12948005739970547, 0.19999999999999996), 75: (0.11197465563105853, -0.8), 308: (-0.253433157034424, -0.8), 657: (-0.5913002287569705, -0.8), 761: (0.07217978682253305, 0.6000000000000001), 157: (-0.37927393563054373, -0.8), 282: (0.31781283781433345, 0.6000000000000001)}","{730: (0.5499861369066386, 0.8), 210: (0.5422782588101608, 0.3999999999999999), 449: (0.5385302104829456, -0.8), 800: (0.5337541094164056, 0.3999999999999999), 82: (0.5332700804068602, 0.6000000000000001)}",{'dummy': 0.9196904060723086},"[(-0.8, -0.8)]","[(-0.8, -0.6)]"
