impression,user_id,app_version,model_version,mturk_id,status,NUM_INITIAL_RATINGS,NUM_REFINE_RATINGS,TOTAL_TRAINING_RATINGS,NUM_TEST_RATINGS,TIME_INITIAL,TIME_REFINE,TIME_TEST,random_test_predictions_ratings,good_test_predictions_ratings,hypers,redisplay_check,arbitrary_check
0,f1179bc2-425c-43b4-a4b7-c44a79fad2c6,4.1-knn-ar-dresses10-test,1.2,A198MSVO1VTAT5,Completed,1,50,51,15,7.556316614151001,214.1346139907837,45.90882110595703,"{203: (-0.06505748368512795, 0.3999999999999999), 234: (-0.3091750237029467, 0.19999999999999996), 260: (-0.33060916547985353, -0.8), 19: (-0.12882844099581928, -0.19999999999999996), 430: (-0.2908683852539835, -0.8), 269: (-0.21521050841862518, -0.8), 193: (0.06597030565220584, -0.8), 87: (-0.01614215246750235, -0.8), 464: (-0.6, -0.8), 652: (-0.10988279114790717, -0.19999999999999996)}","{295: (0.4702580561289941, -0.8), 327: (0.4223582986001957, 0.19999999999999996), 395: (0.39999999999999986, -0.8), 223: (0.34812232413911487, -0.6), 151: (0.34514790216838787, 0.3999999999999999)}",{'dummy': 0.8714353693854988},"[(-0.6, -0.8)]","[(0.19999999999999996, -0.6)]"
