impression,user_id,app_version,model_version,mturk_id,status,NUM_INITIAL_RATINGS,NUM_REFINE_RATINGS,TOTAL_TRAINING_RATINGS,NUM_TEST_RATINGS,TIME_INITIAL,TIME_REFINE,TIME_TEST,random_test_predictions_ratings,good_test_predictions_ratings,hypers,redisplay_check,arbitrary_check
0,f457797c-b4c0-4db8-84dd-623695756e37,4.1-knn-ar-dresses10-test,1.2,A1C9ZEYISKVDI7,Completed,1,10,11,15,7.696611404418945,62.2883563041687,83.70021414756775,"{63: (0.28999620016702116, 0.3999999999999999), 490: (0.2499723351706589, -0.8), 482: (0.04751140070981457, -0.8), 411: (-0.3905614976994045, -0.8), 605: (0.27365102272191877, 0.0), 343: (0.2218830578839044, 0.8), 602: (0.3438081939007593, 0.6000000000000001), 19: (0.3229584576690556, 0.6000000000000001), 537: (-0.14572441603441272, -0.6), 766: (-0.20969024546322654, -0.8)}","{18: (0.679834668338521, 0.6000000000000001), 560: (0.6770492243168484, 0.8), 800: (0.6747018820473156, 0.8), 750: (0.6728208208986134, 0.6000000000000001), 574: (0.6719963053633524, 0.8)}",{'dummy': 0.992639114812399},"[(0.6000000000000001, 0.6000000000000001)]","[(-0.6, -0.6)]"
