impression,user_id,app_version,model_version,status,NUM_INITIAL_RATINGS,NUM_REFINE_RATINGS,TOTAL_TRAINING_RATINGS,NUM_TEST_RATINGS,items_shown,ratings,model_fit,history_dict,hypers,redisplay_check,arbitrary_check,hyper_history
0,f4d685bd-0e01-45bc-8cae-932691e2f134,4.1-knn-ar-dresses10-test,1.2,Started,1,20,21,15,"[176, 317, 485, 664, 527, 558, 372, 214, 8, 170, 782, 718, 387, 461, 334, 183, 95, 199, 200, 440, 533]","[-0.6, 0.6000000000000001, -0.4, -0.6, -0.4, 0.3999999999999999, 0.19999999999999996, 0.8, 0.0, 0.19999999999999996, -1.0, -0.8, -0.6, 0.0, -1.0, -0.6, -0.19999999999999996, -0.4, -0.4, 0.8, -0.8]","[-0.6, 0.6000000000000001, -0.4, -0.6, -0.4, 0.3999999999999999, 0.19999999999999996, 0.8, 0.0, 0.19999999999999996, -1.0, -0.8, -0.6, 0.0, -1.0, -0.6, -0.19999999999999996, -0.4, -0.4, 0.8, -0.8]","{176: (-0.6, -0.6), 317: (0.6000000000000001, 0.6000000000000001), 485: (-0.4, -0.4), 664: (-0.6, -0.6), 527: (-0.4, -0.4), 558: (0.3999999999999999, 0.3999999999999999), 372: (0.19999999999999996, 0.19999999999999996), 214: (0.8, 0.8), 8: (0.0, 0.0), 170: (0.19999999999999996, 0.19999999999999996), 782: (-1.0, -1.0), 718: (-0.8, -0.8), 387: (-0.6, -0.6), 461: (0.0, 0.0), 334: (-1.0, -1.0), 183: (-0.6, -0.6), 95: (-0.19999999999999996, -0.19999999999999996), 199: (-0.4, -0.4), 200: (-0.4, -0.4), 440: (0.8, 0.8), 533: (-0.8, -0.8)}",{'dummy': 0.1764898950894388},"[(-0.4, -0.4)]","[(-0.8, -0.8)]","[{'dummy': 0.7177976661271837}, {'dummy': 0.8286716718557862}, {'dummy': 0.10281526410884234}, {'dummy': 0.3099052141037085}, {'dummy': 0.4799655121444255}, {'dummy': 0.08166195471480375}, {'dummy': 0.028776616089225993}, {'dummy': 0.10372540114375395}, {'dummy': 0.6455704938886504}, {'dummy': 0.5745661957218415}, {'dummy': 0.13969584881253028}, {'dummy': 0.9591898895143502}, {'dummy': 0.39554536773820326}, {'dummy': 0.8488787789669857}, {'dummy': 0.6755822768734365}, {'dummy': 0.1766666499835038}, {'dummy': 0.26137993951462557}, {'dummy': 0.39879795153693864}, {'dummy': 0.19476739893251416}, {'dummy': 0.3038228770694821}]"
