impression,user_id,app_version,model_version,status,NUM_INITIAL_RATINGS,NUM_REFINE_RATINGS,TOTAL_TRAINING_RATINGS,NUM_TEST_RATINGS,items_shown,ratings,model_fit,history_dict,hypers,redisplay_check,arbitrary_check,hyper_history
0,f6e268c6-dcb8-4851-b5a9-e58da9e3dead,4.1-knn-ar-dresses10-test,1.2,Started,1,10,11,15,"[138, 61, 303, 722, 654, 457, 414, 714, 512, 707, 257]","[0.3999999999999999, 0.19999999999999996, 0.3999999999999999, -0.19999999999999996, 0.6000000000000001, 0.0, 0.0, -0.19999999999999996, 0.0, 0.0, -0.6]","[0.3999999999999999, 0.19999999999999996, 0.3999999999999999, -0.19999999999999996, 0.6000000000000001, 0.0, 0.0, -0.19999999999999996, 0.0, 0.0, -0.6]","{138: (0.3999999999999999, 0.3999999999999999), 61: (0.19999999999999996, 0.19999999999999996), 303: (0.3999999999999999, 0.3999999999999999), 722: (-0.19999999999999996, -0.19999999999999996), 654: (0.6000000000000001, 0.6000000000000001), 457: (0.0, 0.0), 414: (0.0, 0.0), 714: (-0.19999999999999996, -0.19999999999999996), 512: (0.0, 0.0), 707: (0.0, 0.0), 257: (-0.6, -0.6)}",{'dummy': 0.8527684633265464},"[(0.6000000000000001, 0.3999999999999999)]","[(-0.6, -0.8)]","[{'dummy': 0.06608308189913803}, {'dummy': 0.2586349488467963}, {'dummy': 0.7226078380361354}, {'dummy': 0.6799542327858625}, {'dummy': 0.37194379712842995}, {'dummy': 0.8263915539965727}, {'dummy': 0.6830594051250166}, {'dummy': 0.5152891617425364}, {'dummy': 0.08391259046505806}, {'dummy': 0.7037610166779159}]"
