impression,user_id,app_version,model_version,mturk_id,status,NUM_INITIAL_RATINGS,NUM_REFINE_RATINGS,TOTAL_TRAINING_RATINGS,NUM_TEST_RATINGS,TIME_INITIAL,TIME_REFINE,TIME_TEST,random_test_predictions_ratings,good_test_predictions_ratings,hypers,redisplay_check,arbitrary_check
0,f715be3a-7881-46b5-91d9-52563f6d457a,4.1-knn-ar-dresses10-test,1.2,A2L53B1MI02U0W,Completed,1,40,41,15,8.903757572174072,209.46379160881042,60.7841477394104,"{179: (-0.31006618355691123, -0.8), 243: (-0.8551090454068637, -0.8), 142: (0.22655292980856645, -0.4), 586: (-0.704982748458931, -0.8), 800: (-0.3293569082415584, -0.6), 785: (-0.15582106880514407, 0.3999999999999999), 78: (-0.28726859977367414, -0.19999999999999996), 443: (-0.39383572359528973, -0.4), 84: (-0.29949939857614116, -0.94), 166: (-0.2583194095302091, 0.0)}","{605: (0.5449562258665592, 0.3999999999999999), 624: (0.5447193582574893, 0.19999999999999996), 397: (0.5408065985488127, -0.4), 138: (0.539388681595877, 0.3999999999999999), 240: (0.5381998775608349, 0.19999999999999996)}",{'dummy': 0.3869845885122837},"[(0.6000000000000001, 0.3999999999999999)]","[(0.3999999999999999, -0.6)]"
