impression,user_id,app_version,model_version,status,NUM_INITIAL_RATINGS,NUM_REFINE_RATINGS,TOTAL_TRAINING_RATINGS,NUM_TEST_RATINGS,items_shown,ratings,model_fit,history_dict,hypers,redisplay_check,arbitrary_check,hyper_history
0,f79d6f66-62e6-4563-9f92-28190e142efe,4.1-knn-ar-dresses10-test,1.2,Started,1,10,11,15,"[473, 661, 447, 509, 168, 216, 252, 563, 636, 441, 736]","[0.0, 0.19999999999999996, -0.19999999999999996, -0.6, 0.0, -0.19999999999999996, -0.4, 0.19999999999999996, 0.3999999999999999, 0.5, 0.0]","[0.0, 0.19999999999999996, -0.19999999999999996, -0.6, 0.0, -0.19999999999999996, -0.4, 0.19999999999999996, 0.3999999999999999, 0.5, 0.0]","{473: (0.0, 0.0), 661: (0.19999999999999996, 0.19999999999999996), 447: (-0.19999999999999996, -0.19999999999999996), 509: (-0.6, -0.6), 168: (0.0, 0.0), 216: (-0.19999999999999996, -0.19999999999999996), 252: (-0.4, -0.4), 563: (0.19999999999999996, 0.19999999999999996), 636: (0.3999999999999999, 0.3999999999999999), 441: (0.5, 0.5), 736: (0.0, 0.0)}",{'dummy': 0.9333575557624817},"[(-0.19999999999999996, -0.19999999999999996)]","[(-0.8, -0.8)]","[{'dummy': 0.05310991144234256}, {'dummy': 0.6802402782419709}, {'dummy': 0.6049845195935398}, {'dummy': 0.25924998049158177}, {'dummy': 0.43295840865779134}, {'dummy': 0.19863995952265812}, {'dummy': 0.7939058324138876}, {'dummy': 0.08047855601011}, {'dummy': 0.7500550232052514}, {'dummy': 0.7668265837949535}]"
