impression,user_id,app_version,model_version,mturk_id,status,NUM_INITIAL_RATINGS,NUM_REFINE_RATINGS,TOTAL_TRAINING_RATINGS,NUM_TEST_RATINGS,TIME_INITIAL,TIME_REFINE,TIME_TEST,random_test_predictions_ratings,good_test_predictions_ratings,hypers,redisplay_check,arbitrary_check
0,f79d6f66-62e6-4563-9f92-28190e142efe,4.1-knn-ar-dresses10-test,1.2,APGX2WZ59OWDN,Completed,1,10,11,15,2.741370677947998,32.60640001296997,47.20835757255554,"{105: (0.27171181479645257, 0.3999999999999999), 604: (-0.061088347140087956, 0.3999999999999999), 225: (-0.19702090500194563, 0.6000000000000001), 418: (0.10178315358952926, 0.0), 412: (-0.06489350325495132, 0.0), 261: (-0.07101098685504383, 0.5), 117: (0.052506485601021564, -0.6), 763: (-0.19531127973565732, -0.19999999999999996), 751: (-0.005578075549620088, 0.30000000000000004), 753: (0.20039672723166052, 0.3999999999999999)}","{278: (0.37108143080468187, 0.30000000000000004), 652: (0.35792615877428685, -0.4), 289: (0.31536913150909796, 0.19999999999999996), 764: (0.31175897488294624, -0.4), 375: (0.3029978900026651, 0.7)}",{'dummy': 0.09759545480259446},"[(0.0, 0.0)]","[(-0.6, -0.6)]"
