impression,user_id,app_version,model_version,mturk_id,status,NUM_INITIAL_RATINGS,NUM_REFINE_RATINGS,TOTAL_TRAINING_RATINGS,NUM_TEST_RATINGS,TIME_INITIAL,TIME_REFINE,TIME_TEST,random_test_predictions_ratings,good_test_predictions_ratings,hypers,redisplay_check,arbitrary_check
0,f8cc0f25-3c65-42e5-80a5-6d4240a843dd,4.1-knn-ar-dresses10-test,1.2,AI0O5Z0HVHZ28,Completed,1,40,41,15,10.760649681091309,230.69363021850586,76.02463507652283,"{593: (0.26923760307030903, 0.8), 800: (0.19999999999999993, 0.0), 50: (0.14764378043862939, 0.3999999999999999), 276: (-0.25683286774580844, -0.4), 432: (0.7179959891110759, 0.19999999999999996), 273: (-0.4043218406459406, 0.0), 62: (0.3701011688270565, 0.6000000000000001), 76: (0.6720550990404401, 0.6000000000000001), 574: (0.32906304348280385, -0.4), 447: (0.5324751372352305, 0.19999999999999996)}","{419: (0.7680531312150879, -0.19999999999999996), 519: (0.7675521165114115, 0.8), 756: (0.7527752102481429, 0.8), 277: (0.7511765673009212, 0.6000000000000001), 421: (0.7510654290837288, 0.19999999999999996)}",{'dummy': 0.8120469079610153},"[(0.6000000000000001, 0.6000000000000001)]","[(0.3999999999999999, -0.6)]"
