impression,user_id,app_version,model_version,mturk_id,status,NUM_INITIAL_RATINGS,NUM_REFINE_RATINGS,TOTAL_TRAINING_RATINGS,NUM_TEST_RATINGS,TIME_INITIAL,TIME_REFINE,TIME_TEST,random_test_predictions_ratings,good_test_predictions_ratings,hypers,redisplay_check,arbitrary_check
0,f94dd6ba-b33e-4b56-b194-62d085dc7ad7,4.1-knn-ar-dresses10-test,1.2,A30CAXXGG6YDHZ,Completed,1,40,41,15,12.127668142318726,187.978266954422,65.44445872306824,"{52: (-0.25939003463164567, 0.0), 117: (-0.4428967207742686, -0.6), 98: (-0.24638718919066102, -0.6), 116: (0.02597082891749695, -0.8), 143: (0.4571683866235816, -0.6), 272: (-0.19315424809874188, -0.6), 678: (-0.13997018012816775, -0.6), 6: (-0.210251907392831, -0.6), 284: (-0.4007648527742608, 0.6000000000000001), 277: (-0.3396667673532108, -0.6)}","{656: (0.5427883786126779, 0.6000000000000001), 147: (0.5259450676939627, 0.3999999999999999), 139: (0.5236884195329599, 0.0), 308: (0.48142973803548034, -0.6), 377: (0.471994334454711, -0.6)}",{'dummy': 0.8497965874049246},"[(0.6000000000000001, 0.6000000000000001)]","[(0.0, -0.6)]"
