impression,user_id,app_version,model_version,status,NUM_INITIAL_RATINGS,NUM_REFINE_RATINGS,TOTAL_TRAINING_RATINGS,NUM_TEST_RATINGS,items_shown,ratings,model_fit,history_dict,hypers,redisplay_check,arbitrary_check,hyper_history
0,fa5cad24-51e4-4865-af3b-013c6b2d5846,4.1-knn-ar-dresses10-test,1.2,Started,1,20,21,15,"[461, 765, 401, 755, 130, 271, 433, 412, 155, 444, 559, 127, 677, 407, 260, 441, 201, 458, 108, 689, 337]","[-0.9, -0.86, 0.7, -0.9, -0.84, -0.9, -0.84, 1.0, -0.92, -0.84, -0.86, -0.84, -0.84, -0.84, 1.0, -0.84, -0.9, -0.9, 1.0, -0.92, -0.84]","[-0.9, -0.86, 0.7, -0.9, -0.84, -0.9, -0.84, 1.0, -0.92, -0.84, -0.86, -0.84, -0.84, -0.84, 1.0, -0.84, -0.9, -0.9, 1.0, -0.92, -0.84]","{461: (-0.9, -0.9), 765: (-0.86, -0.86), 401: (0.7, 0.7), 755: (-0.9, -0.9), 130: (-0.84, -0.84), 271: (-0.9, -0.9), 433: (-0.84, -0.84), 412: (1.0, 1.0), 155: (-0.92, -0.92), 444: (-0.84, -0.84), 559: (-0.86, -0.86), 127: (-0.84, -0.84), 677: (-0.84, -0.84), 407: (-0.84, -0.84), 260: (1.0, 1.0), 441: (-0.84, -0.84), 201: (-0.9, -0.9), 458: (-0.9, -0.9), 108: (1.0, 1.0), 689: (-0.92, -0.92), 337: (-0.84, -0.84)}",{'dummy': 0.7627949027830823},"[(-0.86, 0.7)]","[(-0.84, -0.8)]","[{'dummy': 0.377259117549653}, {'dummy': 0.19710828067370567}, {'dummy': 0.16252161808166588}, {'dummy': 0.4477326409572512}, {'dummy': 0.1063766501458342}, {'dummy': 0.25470779572485525}, {'dummy': 0.4334428439393171}, {'dummy': 0.4129155724240925}, {'dummy': 0.81519470252725}, {'dummy': 0.4100281070399918}, {'dummy': 0.885273067027768}, {'dummy': 0.5537333291532164}, {'dummy': 0.9629900255635306}, {'dummy': 0.31262858954430495}, {'dummy': 0.9918387459277664}, {'dummy': 0.7392351954408265}, {'dummy': 0.9185071514538896}, {'dummy': 0.4545616539168005}, {'dummy': 0.9606801307348458}, {'dummy': 0.01387978736534401}]"
