impression,user_id,app_version,model_version,status,NUM_INITIAL_RATINGS,NUM_REFINE_RATINGS,TOTAL_TRAINING_RATINGS,NUM_TEST_RATINGS,items_shown,ratings,model_fit,history_dict,hypers,redisplay_check,arbitrary_check,hyper_history
0,fbf02704-f343-45d9-8ec8-3c861ff9d8c1,4.1-knn-ar-dresses10-test,1.2,Started,1,20,21,15,"[497, 717, 241, 780, 517, 37, 172, 513, 567, 18, 109, 668, 441, 434, 282, 611, 800, 473, 553, 332, 108]","[0.0, -0.6, -0.4, 0.0, -0.19999999999999996, -0.19999999999999996, -0.4, -1.0, -0.8, -0.4, -0.19999999999999996, -0.4, 0.19999999999999996, 0.19999999999999996, -0.6, -0.8, 0.6000000000000001, 0.3999999999999999, -0.19999999999999996, 0.0, 0.6000000000000001]","[0.0, -0.6, -0.4, 0.0, -0.19999999999999996, -0.19999999999999996, -0.4, -1.0, -0.8, -0.4, -0.19999999999999996, -0.4, 0.19999999999999996, 0.19999999999999996, -0.6, -0.8, 0.6000000000000001, 0.3999999999999999, -0.19999999999999996, 0.0, 0.6000000000000001]","{497: (0.0, 0.0), 717: (-0.6, -0.6), 241: (-0.4, -0.4), 780: (0.0, 0.0), 517: (-0.19999999999999996, -0.19999999999999996), 37: (-0.19999999999999996, -0.19999999999999996), 172: (-0.4, -0.4), 513: (-1.0, -1.0), 567: (-0.8, -0.8), 18: (-0.4, -0.4), 109: (-0.19999999999999996, -0.19999999999999996), 668: (-0.4, -0.4), 441: (0.19999999999999996, 0.19999999999999996), 434: (0.19999999999999996, 0.19999999999999996), 282: (-0.6, -0.6), 611: (-0.8, -0.8), 800: (0.6000000000000001, 0.6000000000000001), 473: (0.3999999999999999, 0.3999999999999999), 553: (-0.19999999999999996, -0.19999999999999996), 332: (0.0, 0.0), 108: (0.6000000000000001, 0.6000000000000001)}",{'dummy': 0.09140190252792169},"[(-0.4, -0.4)]","[(-0.8, -0.8)]","[{'dummy': 0.711330194412222}, {'dummy': 0.5853981491034881}, {'dummy': 0.5618746984778653}, {'dummy': 0.26565142340272285}, {'dummy': 0.6577810835961362}, {'dummy': 0.46314516298432873}, {'dummy': 0.8760547795272601}, {'dummy': 0.7005119498408197}, {'dummy': 0.6940576569752249}, {'dummy': 0.8288331678759903}, {'dummy': 0.996386304143979}, {'dummy': 0.09623344113228693}, {'dummy': 0.45551329689383546}, {'dummy': 0.5677099782641349}, {'dummy': 0.08629077470997637}, {'dummy': 0.8677593284518047}, {'dummy': 0.07210770054139892}, {'dummy': 0.8098098316325688}, {'dummy': 0.07656838046538195}, {'dummy': 0.7278056632478006}]"
