impression,user_id,app_version,model_version,mturk_id,status,NUM_INITIAL_RATINGS,NUM_REFINE_RATINGS,TOTAL_TRAINING_RATINGS,NUM_TEST_RATINGS,TIME_INITIAL,TIME_REFINE,TIME_TEST,random_test_predictions_ratings,good_test_predictions_ratings,hypers,redisplay_check,arbitrary_check
0,fd08ec35-881d-4815-ba8c-264b367e15a3,4.1-knn-ar-dresses10-test,1.2,A2PR26M15HSOVN,Completed,1,20,21,15,5.428146123886108,81.03021812438965,48.623390674591064,"{123: (-0.10861310587965635, 0.19999999999999996), 664: (-0.10840317476110922, -0.4), 706: (0.006765746959534412, 0.0), 192: (-0.786002487014249, -1.0), 121: (-0.053496153644186105, -0.19999999999999996), 788: (-0.4632063762335373, -1.0), 299: (0.08369706831848843, -0.19999999999999996), 563: (-0.18979126183032446, -0.19999999999999996), 133: (-0.092601612219959, -0.6), 505: (0.32556785308527053, 0.3999999999999999)}","{308: (0.4706412493464927, 0.19999999999999996), 126: (0.4535041327164981, -0.19999999999999996), 156: (0.43402277415044627, 0.0), 809: (0.4297814388176587, -0.19999999999999996), 686: (0.42600999961199154, -0.4)}",{'dummy': 0.6407433023197183},"[(0.0, -0.19999999999999996)]","[(-0.6, -0.6)]"
