impression,user_id,app_version,model_version,status,NUM_INITIAL_RATINGS,NUM_REFINE_RATINGS,TOTAL_TRAINING_RATINGS,NUM_TEST_RATINGS,items_shown,ratings,model_fit,history_dict,hypers,redisplay_check,arbitrary_check,hyper_history
0,fd08ec35-881d-4815-ba8c-264b367e15a3,4.1-knn-ar-dresses10-test,1.2,Started,1,20,21,15,"[773, 89, 110, 575, 515, 697, 232, 417, 538, 695, 25, 583, 687, 227, 512, 243, 201, 680, 118, 174, 556]","[0.3999999999999999, -0.19999999999999996, 0.0, 0.6000000000000001, 0.6000000000000001, -0.19999999999999996, -0.19999999999999996, -0.19999999999999996, 0.19999999999999996, -0.19999999999999996, -0.19999999999999996, -1.0, 0.0, -1.0, -1.0, -0.4, -0.6, 0.19999999999999996, -0.8, -0.4, 0.0]","[0.3999999999999999, -0.19999999999999996, 0.0, 0.6000000000000001, 0.6000000000000001, -0.19999999999999996, -0.19999999999999996, -0.19999999999999996, 0.19999999999999996, -0.19999999999999996, -0.19999999999999996, -1.0, 0.0, -1.0, -1.0, -0.4, -0.6, 0.19999999999999996, -0.8, -0.4, 0.0]","{773: (0.3999999999999999, 0.3999999999999999), 89: (-0.19999999999999996, -0.19999999999999996), 110: (0.0, 0.0), 575: (0.6000000000000001, 0.6000000000000001), 515: (0.6000000000000001, 0.6000000000000001), 697: (-0.19999999999999996, -0.19999999999999996), 232: (-0.19999999999999996, -0.19999999999999996), 417: (-0.19999999999999996, -0.19999999999999996), 538: (0.19999999999999996, 0.19999999999999996), 695: (-0.19999999999999996, -0.19999999999999996), 25: (-0.19999999999999996, -0.19999999999999996), 583: (-1.0, -1.0), 687: (0.0, 0.0), 227: (-1.0, -1.0), 512: (-1.0, -1.0), 243: (-0.4, -0.4), 201: (-0.6, -0.6), 680: (0.19999999999999996, 0.19999999999999996), 118: (-0.8, -0.8), 174: (-0.4, -0.4), 556: (0.0, 0.0)}",{'dummy': 0.4911402513676262},"[(0.0, 0.0)]","[(-0.6, -0.8)]","[{'dummy': 0.16703641539539427}, {'dummy': 0.3148509129903556}, {'dummy': 0.8839519303100194}, {'dummy': 0.16795976477886543}, {'dummy': 0.41387354576932034}, {'dummy': 0.33179038591082255}, {'dummy': 0.5980087937105258}, {'dummy': 0.7443816281663352}, {'dummy': 0.2993252486456772}, {'dummy': 0.9486546849937606}, {'dummy': 0.52313581475322}, {'dummy': 0.6513483209483902}, {'dummy': 0.06709483258300775}, {'dummy': 0.1670559300069695}, {'dummy': 0.757562927980405}, {'dummy': 0.17666389641395985}, {'dummy': 0.31796577289735484}, {'dummy': 0.7797766464201558}, {'dummy': 0.050652125458597874}, {'dummy': 0.736037830640113}]"
