impression,user_id,app_version,model_version,mturk_id,status,NUM_INITIAL_RATINGS,NUM_REFINE_RATINGS,TOTAL_TRAINING_RATINGS,NUM_TEST_RATINGS,TIME_INITIAL,TIME_REFINE,TIME_TEST,random_test_predictions_ratings,good_test_predictions_ratings,hypers,redisplay_check,arbitrary_check
0,fe8f64af-206c-4329-813a-e3f36ff8e963,4.1-knn-ar-dresses10-test,1.2,ARM9RPY5V2V5S,Completed,1,50,51,15,7.330219745635986,133.75579023361206,95.61286807060242,"{211: (-0.6879633233306288, -0.8), 657: (-0.3815669900535599, -0.4), 396: (-0.6348871770927473, -0.19999999999999996), 808: (0.23344665303630624, 0.0), 746: (0.08018510752343022, 0.3999999999999999), 266: (0.018328628798560932, -0.4), 409: (0.32725122344083096, 0.0), 744: (0.07773673182092765, 0.0), 115: (0.20319370462104472, -0.8), 617: (-0.6341473858258678, -0.6)}","{523: (0.5222541031808307, 0.0), 440: (0.35489757495302127, 0.6000000000000001), 136: (0.3533114420974341, -0.6), 349: (0.3528870873292025, 0.3999999999999999), 576: (0.3455894874999893, -0.8)}",{'dummy': 0.6800960173198525},"[(-0.4, -0.4)]","[(0.8, -0.6)]"
