impression,user_id,app_version,model_version,mturk_id,status,NUM_INITIAL_RATINGS,NUM_REFINE_RATINGS,TOTAL_TRAINING_RATINGS,NUM_TEST_RATINGS,TIME_INITIAL,TIME_REFINE,TIME_TEST,random_test_predictions_ratings,good_test_predictions_ratings,hypers,redisplay_check,arbitrary_check
0,ff0d1bed-b82c-465f-b9fa-4af87435057f,4.1-knn-ar-dresses10-test,1.2,A1KLEFLVIXWD9O,Completed,1,20,21,15,9.570133209228516,72.91556811332703,58.15413165092468,"{485: (-0.7355784064989983, -0.6), 578: (-0.47299744728043586, 0.0), 610: (-0.7425341285619017, -0.8), 742: (-0.7382332166216966, -0.8), 787: (-0.6590040697500391, -0.6), 150: (-0.7336063152950624, -0.8), 602: (-0.6912432950091694, -0.6), 421: (-0.47710155935233817, -0.8), 105: (-0.6561241304432398, -0.6), 108: (-0.34519251690489305, 0.19999999999999996)}","{346: (-0.24933810167287587, -0.4), 53: (-0.2613990542023032, -0.4), 635: (-0.2618295108206875, 0.3999999999999999), 22: (-0.26259776999807904, -0.6), 27: (-0.2713925200693122, -0.19999999999999996)}",{'dummy': 0.005960956719864963},"[(-0.8, -0.8)]","[(-0.4, -0.6)]"
