impression,user_id,app_version,model_version,mturk_id,status,NUM_INITIAL_RATINGS,NUM_REFINE_RATINGS,TOTAL_TRAINING_RATINGS,NUM_TEST_RATINGS,TIME_INITIAL,TIME_REFINE,TIME_TEST,random_test_predictions_ratings,good_test_predictions_ratings,hypers,redisplay_check,arbitrary_check
0,ff7955b2-6ecc-4493-9cd1-cbf486376cab,4.1-knn-ar-dresses10-test,1.2,AY10TBUJPFTY6,Completed,1,40,41,15,11.180535078048706,197.29107809066772,129.14173221588135,"{35: (-0.27201181640732164, 0.3999999999999999), 486: (0.458984002389953, -0.6), 485: (0.6052776356523178, 0.0), 11: (0.5329792381840407, 0.0), 785: (0.33478222548913583, -1.0), 167: (-0.5452540583820847, -0.4), 711: (0.09549267644394133, -1.0), 104: (-0.4840886594076534, -0.6), 253: (0.5318182262523975, 0.8), 97: (0.5784496451433789, -1.0)}","{348: (0.6749469221685435, -0.19999999999999996), 573: (0.6638588898706272, 0.0), 739: (0.6207006666237247, 0.0), 362: (0.6194123578284143, 0.8), 311: (0.616706664416223, 0.19999999999999996)}",{'dummy': 0.8877426010590392},"[(0.3999999999999999, 0.0)]","[(-0.6, -0.6)]"
