impression,user_id,app_version,model_version,mturk_id,status,NUM_INITIAL_RATINGS,NUM_REFINE_RATINGS,TOTAL_TRAINING_RATINGS,NUM_TEST_RATINGS,TIME_INITIAL,TIME_REFINE,TIME_TEST,random_test_predictions_ratings,good_test_predictions_ratings,hypers,redisplay_check,arbitrary_check
0,ffa75912-5f24-4b29-882c-45a78807dd2f,4.1-knn-ar-dresses10-test,1.2,A3T9WZOUQGE2UW,Completed,1,40,41,15,7.35286545753479,176.90115118026733,64.75139856338501,"{811: (-0.26328901700201834, 0.19999999999999996), 86: (-0.3624253746329596, 0.0), 590: (-0.07742336016262517, -0.19999999999999996), 808: (0.05038899676547625, -0.19999999999999996), 443: (-0.3981442281590721, -0.19999999999999996), 73: (-0.1343008031295408, -0.6), 332: (0.33482446024701085, -0.6), 21: (0.3547747727661392, -0.8), 45: (-0.2144595154426266, -0.19999999999999996), 686: (0.33954188679995695, 0.19999999999999996)}","{612: (0.6000000000000002, 0.3999999999999999), 300: (0.5722988370273012, -0.4), 63: (0.567486411223024, -0.4), 591: (0.5519345983989713, 0.0), 398: (0.5508647177013436, 0.3999999999999999)}",{'dummy': 0.980029031875457},"[(-0.6, -0.19999999999999996)]","[(-0.6, -0.6)]"
