impression,user_id,app_version,model_version,mturk_id,status,NUM_INITIAL_RATINGS,NUM_REFINE_RATINGS,TOTAL_TRAINING_RATINGS,NUM_TEST_RATINGS,TIME_INITIAL,TIME_REFINE,TIME_TEST,random_test_predictions_ratings,good_test_predictions_ratings,hypers,redisplay_check,arbitrary_check
0,ffa743ad-45b4-4597-bf66-3b39a1fe3dc6,4.1-knn-ar-dresses10-test,1.2,A2WXWUYSUFAW69,Completed,1,20,21,15,17.18481945991516,180.3448143005371,139.53318095207214,"{337: (0.39699117807892237, 0.3999999999999999), 3: (0.11770982620425119, 0.19999999999999996), 514: (0.508632811114087, 0.3999999999999999), 394: (0.4557452178285722, 0.6000000000000001), 377: (0.28744619242643477, 0.3999999999999999), 721: (0.4875989460048879, 0.3999999999999999), 399: (0.307835862081447, 0.6000000000000001), 665: (0.6080923800360906, 0.6000000000000001), 178: (0.3308983705643947, 0.6000000000000001), 224: (0.3855214034570673, 0.8)}","{678: (0.8032125060615095, 0.19999999999999996), 531: (0.7549228672505793, 0.6000000000000001), 88: (0.7380894600069756, 0.3999999999999999), 793: (0.7377680932045, 0.3999999999999999), 784: (0.7377402776542575, 0.6000000000000001)}",{'dummy': 0.7051411006317155},"[(0.6000000000000001, 0.3999999999999999)]","[(0.6000000000000001, -0.6)]"
