impression,user_id,app_version,model_version,mturk_id,status,NUM_INITIAL_RATINGS,NUM_REFINE_RATINGS,TOTAL_TRAINING_RATINGS,NUM_TEST_RATINGS,TIME_INITIAL,TIME_REFINE,TIME_TEST,random_test_predictions_ratings,good_test_predictions_ratings,hypers,redisplay_check,arbitrary_check
0,00e86c21-a29b-4bd9-ab2d-672e14f8bdcd,5.0-og-ar-dresses10,2.0,A1S21CXJ6Y2Y1W,Completed,1,20,21,15,7.011138200759888,124.47802591323853,101.10084867477417,"{753: (-0.343728866185016, -0.4), 357: (-0.3022195208267465, -0.8), 585: (-0.360002475893593, -0.8), 333: (-0.3140631397601986, 0.5), 810: (-0.3518892382280996, 0.3999999999999999), 130: (-0.25900421533070406, -0.6), 187: (-0.19951799265855324, -0.6), 114: (-0.530973009912668, 0.0), 32: (-0.09789235712656702, 0.56), 66: (-0.3380257357488036, -0.19999999999999996)}","{147: (0.06587266590067148, 0.56), 785: (0.05299626049233991, -0.19999999999999996), 362: (0.03919016110484236, 0.6000000000000001), 174: (0.02845535470250221, -0.6), 721: (-0.01766557669426544, -0.19999999999999996)}","{'noise': 0.26750922796171533, 'amp': 1, 'ls': 0.5375159725738717}","[(0.3999999999999999, 0.3999999999999999)]",[]
