impression,user_id,app_version,model_version,mturk_id,status,NUM_INITIAL_RATINGS,NUM_REFINE_RATINGS,TOTAL_TRAINING_RATINGS,NUM_TEST_RATINGS,TIME_INITIAL,TIME_REFINE,TIME_TEST,random_test_predictions_ratings,good_test_predictions_ratings,hypers,redisplay_check,arbitrary_check
0,00ed5ed4-216f-4938-ae6f-85ab131ad1b4,5.0-og-ar-dresses10,2.0,A19PZGHO2WW69X,Completed,1,50,51,15,10.509132623672485,436.76821279525757,96.53425168991089,"{56: (0.46346898908742207, 0.3999999999999999), 30: (0.37921984065195224, 1.0), 348: (-0.2677633277034975, 1.0), 194: (1.0380610117916036, 1.0), 70: (0.9687484363391883, 1.0), 166: (0.9857558773475497, 1.0), 62: (0.8465189739375272, 1.0), 639: (0.8842217630920975, 0.0), 197: (0.5263153831996137, 0.3999999999999999), 700: (0.6745146313499292, 1.0)}","{137: (1.4478023835919718, 0.8), 136: (1.4145067025074234, 1.0), 576: (1.4041001449427322, 0.0), 760: (1.4032457342886628, 1.0), 290: (1.3717441809019202, 1.0)}","{'noise': 0.3063299642247247, 'amp': 1, 'ls': 0.5489044958521608}","[(0.0, 1.0)]",[]
