impression,user_id,app_version,model_version,mturk_id,status,NUM_INITIAL_RATINGS,NUM_REFINE_RATINGS,TOTAL_TRAINING_RATINGS,NUM_TEST_RATINGS,TIME_INITIAL,TIME_REFINE,TIME_TEST,random_test_predictions_ratings,good_test_predictions_ratings,hypers,redisplay_check,arbitrary_check
0,012e24d2-f5bc-44d3-a9ec-b84bd22de690,5.0-og-ar-dresses10,2.0,AE63GABJL0FGJ,Completed,1,20,21,15,7.706300735473633,125.23200964927673,92.87222123146057,"{498: (-0.18683158979816655, 0.3999999999999999), 445: (0.09701329358463001, -0.6), 553: (0.04290519514963961, -0.19999999999999996), 163: (0.2145349554805491, 0.6000000000000001), 282: (-0.15688800950724652, -0.09999999999999998), 808: (0.39040610512116986, 0.7), 443: (0.13502272260682946, -0.30000000000000004), 714: (0.15977063798244068, 0.6000000000000001), 23: (0.11693035286571415, 0.5), 230: (0.43793274671681015, 0.7)}","{71: (0.7752512921526958, 0.30000000000000004), 746: (0.7715454476899692, 0.8), 418: (0.7626007077648964, 0.3999999999999999), 142: (0.7493274639215438, 0.10000000000000009), 694: (0.7186652748096172, 0.3999999999999999)}","{'noise': 0.24594491180904338, 'amp': 1, 'ls': 0.5917375490157833}","[(0.7, 0.7)]",[]
