impression,user_id,app_version,model_version,mturk_id,status,NUM_INITIAL_RATINGS,NUM_REFINE_RATINGS,TOTAL_TRAINING_RATINGS,NUM_TEST_RATINGS,TIME_INITIAL,TIME_REFINE,TIME_TEST,random_test_predictions_ratings,good_test_predictions_ratings,hypers,redisplay_check,arbitrary_check
0,024bf908-159c-4390-b28a-74109601b4f3,5.0-og-ar-dresses10,2.0,AM7FYVGVOEP66,Completed,1,50,51,15,8.947461366653442,205.43570041656494,49.97493934631348,"{727: (0.4279384447860299, 0.19999999999999996), 457: (0.41760635873923196, 0.0), 760: (0.3790688825073499, 0.19999999999999996), 653: (0.0869440028871257, -0.19999999999999996), 276: (-0.46719199126651595, -0.4), 188: (-0.05053374393251893, -0.4), 96: (-0.6107057495703598, 0.0), 646: (-0.05868534560075807, 0.0), 705: (-0.08860358671915178, 0.19999999999999996), 278: (0.044930872593936494, -0.6)}","{94: (0.6423220892697044, 0.0), 595: (0.5628913710039074, 0.6000000000000001), 525: (0.5205904233338114, 0.19999999999999996), 650: (0.511413950231254, -0.19999999999999996), 201: (0.49267445456153963, 0.6000000000000001)}","{'noise': 0.4006057864323095, 'amp': 1, 'ls': 0.5655857302993942}","[(0.19999999999999996, -0.19999999999999996)]",[]
