impression,user_id,app_version,model_version,mturk_id,status,NUM_INITIAL_RATINGS,NUM_REFINE_RATINGS,TOTAL_TRAINING_RATINGS,NUM_TEST_RATINGS,TIME_INITIAL,TIME_REFINE,TIME_TEST,random_test_predictions_ratings,good_test_predictions_ratings,hypers,redisplay_check,arbitrary_check
0,032f08b8-d2ba-400d-a44d-d13929a9569c,5.0-og-ar-dresses10,2.0,A1T83SZBP2DN65,Completed,1,50,51,15,6.797669410705566,266.1329252719879,76.10107398033142,"{761: (-0.014182540523092313, 0.10000000000000009), 336: (-0.30279443648593196, -0.19999999999999996), 197: (-0.6499150289829163, -0.9), 477: (-0.8111750469970029, -0.98), 234: (-0.04042207301698447, -0.09999999999999998), 58: (-0.09454126579341848, -0.30000000000000004), 342: (-0.4525362260897071, -0.98), 605: (-0.23614660069399257, 0.0), 587: (-0.16971561305378507, -0.5), 106: (-0.6957382340930149, -1.0)}","{523: (0.14771850787273777, -0.09999999999999998), 800: (0.13736370869837367, 0.5), 597: (0.12649175253950073, 0.30000000000000004), 369: (0.12263432493599702, -0.6), 564: (0.11421519852136275, -0.6)}","{'noise': 0.6619639809278525, 'amp': 1, 'ls': 0.7690386937219176}","[(-1.0, -0.98)]",[]
