impression,user_id,app_version,model_version,mturk_id,status,NUM_INITIAL_RATINGS,NUM_REFINE_RATINGS,TOTAL_TRAINING_RATINGS,NUM_TEST_RATINGS,TIME_INITIAL,TIME_REFINE,TIME_TEST,random_test_predictions_ratings,good_test_predictions_ratings,hypers,redisplay_check,arbitrary_check
0,03b71e45-588c-47ff-9896-d610c8b06ac0,5.0-og-ar-dresses10,2.0,AKJN72HW14WTR,Completed,1,50,51,15,6.493451833724976,209.04873991012573,55.40014934539795,"{149: (0.08678173445160421, -0.4), 541: (-0.35780381725926913, -0.6), 203: (-0.22229950810335108, -0.19999999999999996), 393: (0.13144530200899668, -0.8), 86: (-0.04268003807850263, -0.6), 718: (0.08158454078899884, 0.19999999999999996), 386: (0.06036193169373928, 0.19999999999999996), 432: (-0.3036988125331783, -0.6), 777: (-0.007645302112366109, -0.4), 42: (-0.22262572500987288, -0.6)}","{671: (0.30760416593388645, -0.4), 274: (0.29663157843163723, 0.6000000000000001), 114: (0.2900627601820601, 0.6000000000000001), 486: (0.2849982890743542, 0.8), 567: (0.28318194438855027, 0.0)}","{'noise': 0.7892422974414154, 'amp': 1, 'ls': 0.9505682940151792}","[(-0.19999999999999996, -0.6)]",[]
