impression,user_id,app_version,model_version,mturk_id,status,NUM_INITIAL_RATINGS,NUM_REFINE_RATINGS,TOTAL_TRAINING_RATINGS,NUM_TEST_RATINGS,TIME_INITIAL,TIME_REFINE,TIME_TEST,random_test_predictions_ratings,good_test_predictions_ratings,hypers,redisplay_check,arbitrary_check
0,03d6fe3b-ff71-4138-b648-12ad67eb585a,5.0-og-ar-dresses10,2.0,A3KMNX2P2QP9JU,Completed,1,20,21,15,8.56532335281372,98.35096907615662,62.568530559539795,"{740: (0.19923587250982266, 0.3999999999999999), 548: (0.3020106491592149, 0.19999999999999996), 488: (0.25513857506437637, 0.8), 576: (0.475136464257752, 0.6000000000000001), 634: (0.09719284199842007, 0.6000000000000001), 541: (0.19787787893486428, 0.6000000000000001), 492: (0.1947317716005894, 0.6000000000000001), 508: (0.34882503716617, 0.8), 63: (0.10235184686674295, 0.6000000000000001), 807: (0.12794676200596705, 0.3999999999999999)}","{762: (0.7113129779956904, 0.8), 785: (0.7036270921482515, 0.8), 367: (0.7010287572001733, 0.8), 406: (0.6904590186653101, 0.8), 791: (0.6875030957451711, 0.8)}","{'noise': 0.25601814636146186, 'amp': 1, 'ls': 0.516648531337664}","[(0.8, 0.8)]",[]
