impression,user_id,app_version,model_version,mturk_id,status,NUM_INITIAL_RATINGS,NUM_REFINE_RATINGS,TOTAL_TRAINING_RATINGS,NUM_TEST_RATINGS,TIME_INITIAL,TIME_REFINE,TIME_TEST,random_test_predictions_ratings,good_test_predictions_ratings,hypers,redisplay_check,arbitrary_check
0,04d0b45f-3523-441f-913f-c320fd48da32,5.0-og-ar-dresses10,2.0,AS52ZXGIMY8CG,Completed,1,50,51,15,11.873469591140747,147.78185629844666,37.902215003967285,"{382: (0.1430124140528975, -0.19999999999999996), 490: (-0.1705652788500548, -0.19999999999999996), 451: (-0.0014133985387870251, 0.0), 341: (-0.43059317766410216, -0.6), 66: (-0.31099739670926585, -0.8), 383: (0.44272799624838227, 0.0), 682: (-0.09378012652157258, 0.8), 491: (-0.48020853947754294, -0.6), 620: (-0.2517312781544549, 0.0), 229: (-0.18765631914340042, -0.6)}","{727: (0.5740367810079874, 0.19999999999999996), 423: (0.4835562673118113, 0.6000000000000001), 709: (0.4789938558824545, 0.6000000000000001), 219: (0.46878431931316383, 1.0), 201: (0.4667068270829831, -0.19999999999999996)}","{'noise': 0.3433725634948606, 'amp': 1, 'ls': 0.4338722283395905}","[(0.3999999999999999, 0.0)]",[]
