impression,user_id,app_version,model_version,mturk_id,status,NUM_INITIAL_RATINGS,NUM_REFINE_RATINGS,TOTAL_TRAINING_RATINGS,NUM_TEST_RATINGS,TIME_INITIAL,TIME_REFINE,TIME_TEST,random_test_predictions_ratings,good_test_predictions_ratings,hypers,redisplay_check,arbitrary_check
0,05dfea07-a4f2-4189-a678-7b4a2637bf67,5.0-og-ar-dresses10,2.0,A10DTLF1LXFY0V,Completed,1,30,31,15,23.11516523361206,282.42342948913574,136.36892986297607,"{590: (-0.17443760588538162, 0.19999999999999996), 129: (-0.22451751363540548, 0.19999999999999996), 738: (-0.08851339509108305, 0.3999999999999999), 202: (-0.135634870640238, 0.3999999999999999), 267: (-0.21221788495690702, 0.0), 498: (-0.185021485457765, -0.4), 395: (-0.2970760130338384, -0.6), 513: (-0.3043245421977077, 0.0), 126: (-0.13403968448106446, 0.19999999999999996), 188: (-0.016251397470060103, -0.4)}","{174: (0.4242739451753754, 0.19999999999999996), 596: (0.353658752342493, 0.3999999999999999), 601: (0.3456674599592835, 0.19999999999999996), 480: (0.31405998475665475, 0.0), 721: (0.30706959853224014, 0.3999999999999999)}","{'noise': 0.33135552907628874, 'amp': 1, 'ls': 0.5393154393875362}","[(0.0, 0.0)]",[]
