impression,user_id,app_version,model_version,mturk_id,status,NUM_INITIAL_RATINGS,NUM_REFINE_RATINGS,TOTAL_TRAINING_RATINGS,NUM_TEST_RATINGS,TIME_INITIAL,TIME_REFINE,TIME_TEST,random_test_predictions_ratings,good_test_predictions_ratings,hypers,redisplay_check,arbitrary_check
0,068e2967-a545-4b34-a51b-7841433f7efd,5.0-og-ar-dresses10,2.0,A2K08PIXXDQLU0,Completed,1,30,31,15,6.78169322013855,78.52531385421753,34.77367329597473,"{501: (-0.5641675755022617, -0.8), 399: (-0.6434753596645691, -0.8), 720: (-0.17364942794159888, -0.8), 388: (-0.20550036565101076, -0.8), 534: (-0.7269836502581646, -0.19999999999999996), 110: (-0.6048279304280353, -0.8), 63: (-0.8434285651279922, -0.8), 33: (-0.728272587411658, -0.8), 114: (-0.6759682170746986, -0.4), 418: (-0.7599896668600526, -0.8)}","{733: (0.34985191245530456, -0.19999999999999996), 356: (0.3131315169598281, 0.0), 558: (0.2673685198538902, -0.19999999999999996), 563: (0.24513891900893092, 0.3999999999999999), 779: (0.17546777785635514, 0.3999999999999999)}","{'noise': 0.2932466827351899, 'amp': 1, 'ls': 0.5413131247127699}","[(-0.8, -0.8)]",[]
