impression,user_id,app_version,model_version,mturk_id,status,NUM_INITIAL_RATINGS,NUM_REFINE_RATINGS,TOTAL_TRAINING_RATINGS,NUM_TEST_RATINGS,TIME_INITIAL,TIME_REFINE,TIME_TEST,random_test_predictions_ratings,good_test_predictions_ratings,hypers,redisplay_check,arbitrary_check
0,0696c6eb-7e95-4c68-a25e-1ff79d4866a7,5.0-og-ar-dresses10,2.0,A2AYWFDY1EKO67,Completed,1,40,41,15,38.001633405685425,296.3713982105255,99.57759976387024,"{610: (-0.506614709801076, 0.19999999999999996), 445: (-0.6952901761928533, -0.7), 401: (-0.3466704414433488, 0.19999999999999996), 697: (-0.06776457441746947, 0.6000000000000001), 80: (-0.26687936515368293, -0.09999999999999998), 645: (-0.38148164531096207, -0.09999999999999998), 488: (-0.3693762190505647, -0.4), 442: (-0.1419594923445353, 0.3999999999999999), 738: (-0.24944207133408883, 0.19999999999999996), 255: (-0.3275948948132011, 0.3999999999999999)}","{27: (0.04201143966431353, -0.19999999999999996), 562: (0.023849106017058752, 0.3999999999999999), 571: (0.019925137084008004, 0.0), 196: (0.005138980454796327, -0.4), 56: (-0.02134027790071452, -0.4)}","{'noise': 0.5945812044618717, 'amp': 1, 'ls': 0.6973696959238397}","[(0.3999999999999999, 0.3999999999999999)]",[]
