impression,user_id,app_version,model_version,mturk_id,status,NUM_INITIAL_RATINGS,NUM_REFINE_RATINGS,TOTAL_TRAINING_RATINGS,NUM_TEST_RATINGS,TIME_INITIAL,TIME_REFINE,TIME_TEST,random_test_predictions_ratings,good_test_predictions_ratings,hypers,redisplay_check,arbitrary_check
0,08fad3fc-a8e1-410d-82d4-931e68b45f1e,5.0-og-ar-dresses10,2.0,A1YW3IZM8KOI1S,Completed,1,50,51,15,8.863639116287231,267.643408536911,77.76384234428406,"{481: (-0.5344355471921997, -0.8), 619: (-0.5742214248965256, -0.6), 158: (-0.25242020777859187, 0.0), 452: (-1.1760900549644246, -0.8), 804: (-0.8213351105724909, 0.0), 93: (-0.18899996370710825, 0.0), 81: (-0.5598338730819431, -0.8), 594: (0.06348482439266068, -0.19999999999999996), 3: (-0.7678614410945713, -1.0), 148: (-0.8288904871468159, -0.8)}","{762: (0.25475505394054343, 1.0), 406: (0.2288053251810961, -0.8), 190: (0.2119158886398984, -0.6), 188: (0.17496994048219427, -0.8), 274: (0.17350795623725968, 0.3999999999999999)}","{'noise': 0.37783055741598626, 'amp': 1, 'ls': 0.5449834209031467}","[(-0.8, -0.8)]",[]
