impression,user_id,app_version,model_version,mturk_id,status,NUM_INITIAL_RATINGS,NUM_REFINE_RATINGS,TOTAL_TRAINING_RATINGS,NUM_TEST_RATINGS,TIME_INITIAL,TIME_REFINE,TIME_TEST,random_test_predictions_ratings,good_test_predictions_ratings,hypers,redisplay_check,arbitrary_check
0,0b541ccb-b121-4778-9116-55fe61a01816,5.0-og-ar-dresses10,2.0,A1MJX6Q6BTWA6,Completed,1,50,51,15,29.194449186325073,331.3250892162323,108.65594601631165,"{781: (-0.48959780400128916, -0.6), 393: (0.28102735458473654, -0.58), 147: (0.8421705671111364, 0.5), 793: (0.5604896216921518, 0.54), 211: (-0.13130264051799762, -0.15999999999999992), 230: (-0.1549908521284146, -0.74), 537: (-0.47465341101861674, -0.58), 684: (0.3479906034129067, 0.10000000000000009), 515: (-0.40772440663347814, -0.58), 386: (0.6386189623496183, -0.52)}","{705: (0.9939620940764791, 0.31999999999999984), 543: (0.9806980369000984, 0.8999999999999999), 800: (0.9675167765741821, 0.45999999999999996), 343: (0.9437813532481172, 0.78), 151: (0.9307081891327127, 0.8600000000000001)}","{'noise': 0.47257646532791137, 'amp': 1, 'ls': 0.7082025162650996}","[(0.7600000000000002, 0.78)]",[]
