impression,user_id,app_version,model_version,mturk_id,status,NUM_INITIAL_RATINGS,NUM_REFINE_RATINGS,TOTAL_TRAINING_RATINGS,NUM_TEST_RATINGS,TIME_INITIAL,TIME_REFINE,TIME_TEST,random_test_predictions_ratings,good_test_predictions_ratings,hypers,redisplay_check,arbitrary_check
0,0def09ee-c897-42e7-af24-0455e72f054f,5.0-og-ar-dresses10,2.0,A2TG7EEQ2XG2IK,Completed,1,40,41,15,14.91241717338562,365.5905065536499,82.81467819213867,"{284: (0.24265027828051225, -0.19999999999999996), 767: (-0.028866133018270144, 0.19999999999999996), 386: (-0.025067002437836064, -0.4), 78: (0.34138829487477595, 0.10000000000000009), 629: (-0.16528128689516475, 0.0), 448: (0.035739712510337446, -0.19999999999999996), 520: (0.14472398714638354, 0.19999999999999996), 690: (0.23087837171715372, -0.4), 192: (0.15677666500319476, 0.3999999999999999), 554: (0.14628904750617816, -0.4)}","{336: (0.593780349857929, 0.19999999999999996), 802: (0.5569144684759011, -0.19999999999999996), 290: (0.5416656319005277, 0.0), 193: (0.5296725664046396, 0.3999999999999999), 57: (0.5163076777826753, 0.3999999999999999)}","{'noise': 0.35703416377734243, 'amp': 1, 'ls': 0.6033232272650684}","[(0.30000000000000004, 0.3999999999999999)]",[]
