impression,user_id,app_version,model_version,mturk_id,status,NUM_INITIAL_RATINGS,NUM_REFINE_RATINGS,TOTAL_TRAINING_RATINGS,NUM_TEST_RATINGS,TIME_INITIAL,TIME_REFINE,TIME_TEST,random_test_predictions_ratings,good_test_predictions_ratings,hypers,redisplay_check,arbitrary_check
0,0e657819-a87d-48ce-89eb-1bcb2d0f499d,5.0-og-ar-dresses10,2.0,AP7J9TDQAHP46,Completed,1,40,41,15,8.111086130142212,157.4951229095459,58.15162110328674,"{279: (-0.11535147971099499, -0.8), 766: (-0.17399769012785632, -0.8), 35: (-0.5274816538213979, -0.4), 348: (-0.4353278212518912, -0.8), 585: (0.19709596949043895, 0.19999999999999996), 368: (-0.0500564307865177, -0.8), 448: (-0.15755652782759877, -0.8), 121: (-0.16288410857383956, 1.0), 277: (-0.6793815820185627, -0.8), 139: (-0.5537513805934844, -0.8)}","{789: (0.5674979570425305, 1.0), 540: (0.4836383918311736, -0.8), 23: (0.44902240652667563, 1.0), 697: (0.44373889063269784, -0.4), 336: (0.43790100824466477, 0.0)}","{'noise': 0.709960941763952, 'amp': 1, 'ls': 0.8710205117724387}","[(-0.8, -0.8)]",[]
