impression,user_id,app_version,model_version,mturk_id,status,NUM_INITIAL_RATINGS,NUM_REFINE_RATINGS,TOTAL_TRAINING_RATINGS,NUM_TEST_RATINGS,TIME_INITIAL,TIME_REFINE,TIME_TEST,random_test_predictions_ratings,good_test_predictions_ratings,hypers,redisplay_check,arbitrary_check
0,0f4d9eee-fef0-4820-81ff-cffa697d7b53,5.0-og-ar-dresses10,2.0,A2196WCNDZULFS,Completed,1,30,31,15,12.04265570640564,258.3537817001343,108.61524891853333,"{384: (0.0013059642768210866, 0.19999999999999996), 336: (0.11268794788380065, 0.8), 167: (0.13829752958918895, 0.0), 229: (-0.06834674617963614, 0.6000000000000001), 607: (0.08052245530493063, 0.8), 243: (0.509649749971738, 0.8), 31: (0.07576959339838937, -0.4), 285: (-0.3924428954116174, -0.19999999999999996), 366: (-0.1299870872891281, -0.8), 767: (-0.0381940814765199, 0.8)}","{596: (0.6608465313738098, 0.6000000000000001), 22: (0.6497061192765766, 0.6000000000000001), 658: (0.6332863546025003, 0.3999999999999999), 425: (0.5623391003709317, 0.8), 731: (0.5611610233768811, 0.8)}","{'noise': 0.2883210314193807, 'amp': 1, 'ls': 0.48617421280432743}","[(-0.4, -0.4)]",[]
