impression,user_id,app_version,model_version,mturk_id,status,NUM_INITIAL_RATINGS,NUM_REFINE_RATINGS,TOTAL_TRAINING_RATINGS,NUM_TEST_RATINGS,TIME_INITIAL,TIME_REFINE,TIME_TEST,random_test_predictions_ratings,good_test_predictions_ratings,hypers,redisplay_check,arbitrary_check
0,10c6b0a8-d154-4c72-847a-b824e9907632,5.0-og-ar-dresses10,2.0,A2JJIYN79SQWT7,Completed,1,20,21,15,10.230064868927002,125.518394947052,82.8948860168457,"{56: (-0.07149993778032973, -0.8), 263: (0.3166563400913927, 1.0), 780: (-0.3774956938235926, -0.8), 205: (0.09120630461368456, 1.0), 268: (-0.20837864930221306, -0.8), 510: (-0.34339758902049844, 0.0), 248: (-0.510530998473379, -0.8), 617: (-0.29116127478298176, 0.8), 520: (-0.16849893139897748, -0.8), 637: (-0.2228288509958569, 0.0)}","{575: (0.5879952249838534, 0.0), 432: (0.4874237314714877, -0.8), 166: (0.46045332611755124, 0.0), 92: (0.44784489927520693, -0.8), 299: (0.4288057038436897, -0.8)}","{'noise': 0.29512343571791805, 'amp': 1, 'ls': 0.5280233687109156}","[(0.8, 0.8)]",[]
