impression,user_id,app_version,model_version,mturk_id,status,NUM_INITIAL_RATINGS,NUM_REFINE_RATINGS,TOTAL_TRAINING_RATINGS,NUM_TEST_RATINGS,TIME_INITIAL,TIME_REFINE,TIME_TEST,random_test_predictions_ratings,good_test_predictions_ratings,hypers,redisplay_check,arbitrary_check
0,116c8740-0e1a-4e69-b8e9-d9e2de8fd0c4,5.0-og-ar-dresses10,2.0,A6FQHZ58DQ0S6,Completed,1,20,21,15,16.29642939567566,132.69390845298767,84.47694706916809,"{39: (-0.28705242184572033, -0.4), 810: (-0.08060919036744671, 0.0), 82: (-0.11021400948965523, 0.0), 358: (-0.10344916462258583, -0.19999999999999996), 202: (0.16830164892393468, 0.0), 188: (-0.2062558809538962, -0.19999999999999996), 759: (-0.2338507527321827, -0.19999999999999996), 605: (-0.31042062078355004, 0.0), 651: (0.19574857722375222, 0.0), 448: (0.10875926070561488, 0.0)}","{364: (0.6075159005669689, 0.3999999999999999), 489: (0.5692182771118138, -0.4), 191: (0.5541710520053604, -0.19999999999999996), 227: (0.5277941047899628, 0.19999999999999996), 30: (0.5119258401932442, -0.19999999999999996)}","{'noise': 0.29248483831502653, 'amp': 1, 'ls': 0.660955493456641}","[(-0.19999999999999996, -0.19999999999999996)]",[]
