impression,user_id,app_version,model_version,mturk_id,status,NUM_INITIAL_RATINGS,NUM_REFINE_RATINGS,TOTAL_TRAINING_RATINGS,NUM_TEST_RATINGS,TIME_INITIAL,TIME_REFINE,TIME_TEST,random_test_predictions_ratings,good_test_predictions_ratings,hypers,redisplay_check,arbitrary_check
0,11dc7f89-8656-4d9e-8ed2-de0049570170,5.0-og-ar-dresses10,2.0,ANZUBCEM1PSXC,Completed,1,30,31,15,21.090691804885864,115.11215448379517,52.78226685523987,"{710: (-0.5746312859179408, -0.4), 798: (-0.6780445348476576, -0.8), 406: (-0.5138506360209256, 0.0), 219: (-0.5730730834528286, -0.8), 447: (-0.29687337455341023, -0.8), 325: (-0.6771062529975718, -0.8), 71: (-0.6177763617576001, -0.8), 678: (-0.2783693811334368, -0.4), 347: (-0.5205974882413338, -0.8), 616: (-0.687298584406495, -0.8)}","{640: (-0.12193909268548864, -0.8), 323: (-0.1290738155136878, -0.19999999999999996), 420: (-0.14554906859784117, 0.0), 542: (-0.1543002480262718, 0.19999999999999996), 207: (-0.15727895856365415, -0.8)}","{'noise': 0.5163068414994136, 'amp': 1, 'ls': 0.6740738298889685}","[(-0.6, -0.4)]",[]
