impression,user_id,app_version,model_version,mturk_id,status,NUM_INITIAL_RATINGS,NUM_REFINE_RATINGS,TOTAL_TRAINING_RATINGS,NUM_TEST_RATINGS,TIME_INITIAL,TIME_REFINE,TIME_TEST,random_test_predictions_ratings,good_test_predictions_ratings,hypers,redisplay_check,arbitrary_check
0,1268bd9e-4782-43b3-a9ea-72284c9d6ab2,5.0-og-ar-dresses10,2.0,AUFOO8PU2BK37,Completed,1,30,31,15,4.803657293319702,122.04470133781433,43.264150857925415,"{526: (-0.5484192419544294, 0.6000000000000001), 703: (-0.5668013888908655, -1.0), 361: (-0.12125237318419341, -0.6), 43: (0.2439392193657448, 0.0), 325: (-0.009985098128512004, 0.0), 279: (-0.1078843593982527, -1.0), 712: (-0.9847267514851006, -1.0), 800: (-0.4271917026181964, -1.0), 408: (-0.5000179599314227, 1.0), 348: (-0.7535316158445644, 0.6000000000000001)}","{507: (0.5675433541217705, 0.0), 291: (0.5561252676712305, -0.8), 273: (0.5277280198250001, 0.19999999999999996), 130: (0.5175418668963012, 0.0), 720: (0.50835676405555, 1.0)}","{'noise': 0.34196942587452533, 'amp': 1, 'ls': 0.5005608480402328}","[(0.0, -0.8)]",[]
