impression,user_id,app_version,model_version,mturk_id,status,NUM_INITIAL_RATINGS,NUM_REFINE_RATINGS,TOTAL_TRAINING_RATINGS,NUM_TEST_RATINGS,TIME_INITIAL,TIME_REFINE,TIME_TEST,random_test_predictions_ratings,good_test_predictions_ratings,hypers,redisplay_check,arbitrary_check
0,14e60aa5-dbb0-4a2a-9b51-f0c3afa1a786,5.0-og-ar-dresses10,2.0,A3BVSTEODKSODS,Completed,1,20,21,15,8.357507228851318,143.94344997406006,95.3987352848053,"{745: (0.28648549862693506, 0.3999999999999999), 702: (-0.16405438263023825, 0.19999999999999996), 209: (-0.4012131784410074, -0.19999999999999996), 718: (-0.10696313654493876, 0.0), 225: (0.08138109468603524, 0.8), 476: (-0.12831904696216045, -0.19999999999999996), 106: (-0.08731429945997958, 0.19999999999999996), 513: (-0.17849291923750082, 0.19999999999999996), 795: (0.10343126110753276, 0.19999999999999996), 807: (0.24152997046223335, 0.0)}","{362: (0.6129291258326051, 0.19999999999999996), 482: (0.584374491321822, -0.19999999999999996), 485: (0.5765402420755847, 0.0), 208: (0.5755532362678915, 0.3999999999999999), 761: (0.5739733390570623, 0.3999999999999999)}","{'noise': 0.25734399702332195, 'amp': 1, 'ls': 0.5815985873731212}","[(0.3999999999999999, 0.8)]",[]
