impression,user_id,app_version,model_version,mturk_id,status,NUM_INITIAL_RATINGS,NUM_REFINE_RATINGS,TOTAL_TRAINING_RATINGS,NUM_TEST_RATINGS,TIME_INITIAL,TIME_REFINE,TIME_TEST,random_test_predictions_ratings,good_test_predictions_ratings,hypers,redisplay_check,arbitrary_check
0,19638b38-e767-4200-8552-d6609a0c94f0,5.0-og-ar-dresses10,2.0,A3PN4G5WB9ZLIR,Completed,1,40,41,15,8.87012243270874,197.61845016479492,104.6567645072937,"{476: (0.30897856599184215, 0.6000000000000001), 714: (0.3220780597469313, 0.6000000000000001), 239: (0.34219690973872424, -0.19999999999999996), 591: (0.5445465609988118, 1.0), 152: (0.4833203176206776, -0.6), 770: (0.5688782205633095, 0.8), 307: (0.38838224726035775, 1.0), 205: (0.32502377515583836, 0.8), 65: (0.6760728989813756, 0.0), 471: (0.14112259425487905, 0.8)}","{263: (0.9948350991079055, 0.6000000000000001), 12: (0.9884502680317309, 1.0), 643: (0.9612279071217337, 1.0), 595: (0.9537303728357619, 0.8), 497: (0.928784600562401, 0.6000000000000001)}","{'noise': 0.5030974186462034, 'amp': 1, 'ls': 0.6989302567837287}","[(0.8, 1.0)]",[]
