impression,user_id,app_version,model_version,mturk_id,status,NUM_INITIAL_RATINGS,NUM_REFINE_RATINGS,TOTAL_TRAINING_RATINGS,NUM_TEST_RATINGS,TIME_INITIAL,TIME_REFINE,TIME_TEST,random_test_predictions_ratings,good_test_predictions_ratings,hypers,redisplay_check,arbitrary_check
0,1ac56818-b07e-4748-a120-ae12411445f6,5.0-og-ar-dresses10,2.0,A3I7E1QAOJ9SJ1,Completed,1,50,51,15,9.815627813339233,203.66501832008362,86.40117621421814,"{249: (-0.03977406759301516, -0.19999999999999996), 375: (-0.0407310189859702, -0.19999999999999996), 543: (0.09962814461861291, 0.3999999999999999), 461: (0.18119101480180105, 0.3999999999999999), 55: (-0.4544737650564534, -0.8), 768: (-0.2272127610671552, -0.19999999999999996), 793: (0.1791219798373626, 0.0), 630: (-0.6691805586943134, -0.8), 313: (0.28470837111961905, -0.19999999999999996), 777: (-0.4185837657719752, 0.0)}","{420: (0.4911553199427601, 0.3999999999999999), 57: (0.48927779045076275, 0.0), 546: (0.4255737496815785, -0.6), 751: (0.4212148954798785, 0.19999999999999996), 522: (0.41930783078476735, 0.6000000000000001)}","{'noise': 0.3597719762215334, 'amp': 1, 'ls': 0.6799625747930633}","[(-0.8, -0.8)]",[]
