impression,user_id,app_version,model_version,mturk_id,status,NUM_INITIAL_RATINGS,NUM_REFINE_RATINGS,TOTAL_TRAINING_RATINGS,NUM_TEST_RATINGS,TIME_INITIAL,TIME_REFINE,TIME_TEST,random_test_predictions_ratings,good_test_predictions_ratings,hypers,redisplay_check,arbitrary_check
0,1ca67f27-c34e-4050-8db4-8bdb4adf7649,5.0-og-ar-dresses10,2.0,A2BICWCPAW5N7O,Completed,1,40,41,15,12.325373649597168,389.3946602344513,140.13605332374573,"{708: (-0.34572880537990747, 0.6000000000000001), 273: (-0.23486719206579848, 0.6000000000000001), 182: (0.4849357425202249, -1.0), 393: (0.21347391278507216, -1.0), 425: (0.06389790813410068, 0.6000000000000001), 388: (-0.07887934840106539, 0.6000000000000001), 522: (0.08713428426418696, 0.6000000000000001), 461: (0.13147459596651107, 0.6000000000000001), 306: (-0.1603010928729525, 0.8), 744: (0.16406251332255511, 0.19999999999999996)}","{266: (0.9518705464423274, 0.6000000000000001), 597: (0.9341409832338716, 0.6000000000000001), 651: (0.9286882109131742, 1.0), 764: (0.9256409442564839, 0.6000000000000001), 650: (0.8744055057075413, 0.6000000000000001)}","{'noise': 0.4158486037575763, 'amp': 1, 'ls': 0.6681643864496755}","[(0.6000000000000001, 0.6000000000000001)]",[]
