impression,user_id,app_version,model_version,mturk_id,status,NUM_INITIAL_RATINGS,NUM_REFINE_RATINGS,TOTAL_TRAINING_RATINGS,NUM_TEST_RATINGS,TIME_INITIAL,TIME_REFINE,TIME_TEST,random_test_predictions_ratings,good_test_predictions_ratings,hypers,redisplay_check,arbitrary_check
0,1dd8ea9b-ec1b-40fa-ac8b-0122c4849116,5.0-og-ar-dresses10,2.0,A3TXECGOC6JHBL,Completed,1,50,51,15,11.842720031738281,183.8684310913086,51.17160415649414,"{434: (-0.013098120837730098, 0.19999999999999996), 689: (-0.1909591037759078, 0.19999999999999996), 348: (-0.08355372680402931, 0.0), 0: (0.06088272108012763, 0.0), 504: (-0.0300518274008221, 0.19999999999999996), 337: (-0.20030104364277687, -0.19999999999999996), 323: (-0.18357680446443203, 0.19999999999999996), 353: (-0.1872673749337529, -0.19999999999999996), 98: (-0.2461629594461465, 0.0), 96: (0.03214212322320589, 0.19999999999999996)}","{408: (0.26387002844999896, 0.0), 589: (0.20396054319580445, 0.3999999999999999), 63: (0.19281733259548048, -0.19999999999999996), 127: (0.1782441901659528, 0.0), 280: (0.16371652333634848, 0.19999999999999996)}","{'noise': 0.3557718499310981, 'amp': 1, 'ls': 0.48193252460502123}","[(0.0, 0.19999999999999996)]",[]
