impression,user_id,app_version,model_version,mturk_id,status,NUM_INITIAL_RATINGS,NUM_REFINE_RATINGS,TOTAL_TRAINING_RATINGS,NUM_TEST_RATINGS,TIME_INITIAL,TIME_REFINE,TIME_TEST,random_test_predictions_ratings,good_test_predictions_ratings,hypers,redisplay_check,arbitrary_check
0,1e253c23-3b1f-43fa-b43a-20874564df97,5.0-og-ar-dresses10,2.0,A1Y38T7IZWJQAE,Completed,1,20,21,15,8.708545446395874,119.50586676597595,67.56301951408386,"{241: (0.029507129000463737, 0.6000000000000001), 436: (-0.007697668214963349, 0.8), 171: (0.22314059547685955, 0.3999999999999999), 255: (-0.2878710140449614, -0.6), 229: (-0.4501758820022588, -1.0), 538: (-0.256093553697147, 0.19999999999999996), 81: (-0.23176069619582118, -1.0), 148: (0.04289789286584614, -0.6), 496: (0.025004115743884173, -1.0), 267: (0.2567267393034221, 0.6000000000000001)}","{743: (0.770444289954544, 0.0), 810: (0.7443313823005039, 0.6000000000000001), 733: (0.7421702434427843, 0.6000000000000001), 25: (0.7354061967691046, 1.0), 658: (0.7351892593083299, -1.0)}","{'noise': 0.27220834788956205, 'amp': 1, 'ls': 0.5260783205086168}","[(1.0, 1.0)]",[]
