impression,user_id,app_version,model_version,mturk_id,status,NUM_INITIAL_RATINGS,NUM_REFINE_RATINGS,TOTAL_TRAINING_RATINGS,NUM_TEST_RATINGS,TIME_INITIAL,TIME_REFINE,TIME_TEST,random_test_predictions_ratings,good_test_predictions_ratings,hypers,redisplay_check,arbitrary_check
0,1fc5721d-9bc7-4c88-8e51-4e58f4efcd1b,5.0-og-ar-dresses10,2.0,A3TDPXTB6Y6H1I,Completed,1,40,41,15,5.315464735031128,348.77771043777466,91.94211673736572,"{346: (-1.02086868400419, -0.8), 186: (-0.5616373846022832, -1.0), 510: (-0.19598972714347962, 0.0), 584: (-0.7886603172813033, -1.0), 583: (-0.7509590913805857, -1.0), 335: (-0.6929124836835026, -0.8), 515: (-0.4495632751821047, -0.6), 399: (-0.6220684719008925, 0.6000000000000001), 310: (-0.6635209901887282, -0.19999999999999996), 347: (-0.1397285233596524, 0.3999999999999999)}","{297: (0.35618002705454166, 0.8), 523: (0.3371409307340445, 0.8), 270: (0.3238505177388654, -0.19999999999999996), 358: (0.31620147312612756, 0.8), 290: (0.3122112858551267, 1.0)}","{'noise': 0.27348126985907034, 'amp': 1, 'ls': 0.5213382391325576}","[(-0.19999999999999996, -0.8)]",[]
