impression,user_id,app_version,model_version,mturk_id,status,NUM_INITIAL_RATINGS,NUM_REFINE_RATINGS,TOTAL_TRAINING_RATINGS,NUM_TEST_RATINGS,TIME_INITIAL,TIME_REFINE,TIME_TEST,random_test_predictions_ratings,good_test_predictions_ratings,hypers,redisplay_check,arbitrary_check
0,21e2ce30-b778-423f-91f7-1ef67349154b,5.0-og-ar-dresses10,2.0,A2QIWWNL33VJ3J,Completed,1,40,41,15,8.920135259628296,226.89291381835938,73.0486900806427,"{472: (-0.5201012391625617, -0.6), 122: (-0.011139908372740759, 0.0), 258: (-0.5075116554611959, 0.0), 286: (-0.2713708625821801, 0.6000000000000001), 517: (-0.24580589559213606, -0.6), 166: (-0.40249075596482364, -0.8), 749: (-0.6640943019006689, -0.6), 30: (-0.4661699285480134, 0.19999999999999996), 760: (-0.26178854892602105, 0.3999999999999999), 134: (-0.32255862896187465, 0.0)}","{152: (0.3531728181985768, -0.8), 439: (0.34286465460947124, 0.19999999999999996), 55: (0.31001368002915264, -0.8), 791: (0.3092522565356165, -0.19999999999999996), 4: (0.30827544612563174, -0.19999999999999996)}","{'noise': 0.3501908527862758, 'amp': 1, 'ls': 0.4970420614086387}","[(0.19999999999999996, 0.0)]",[]
