impression,user_id,app_version,model_version,mturk_id,status,NUM_INITIAL_RATINGS,NUM_REFINE_RATINGS,TOTAL_TRAINING_RATINGS,NUM_TEST_RATINGS,TIME_INITIAL,TIME_REFINE,TIME_TEST,random_test_predictions_ratings,good_test_predictions_ratings,hypers,redisplay_check,arbitrary_check
0,22a049c9-d8c5-4611-a326-584c5cb1b362,5.0-og-ar-dresses10,2.0,A1O0HAPZ012WNL,Completed,1,20,21,15,26.49888849258423,379.3994059562683,244.98226165771484,"{385: (-0.5452450108528422, -0.6), 75: (-0.4697896811728073, -0.8), 180: (0.3504710874500824, 0.0), 451: (0.047942702782854174, 0.6000000000000001), 249: (0.3436998103134804, 0.6000000000000001), 183: (-0.3173972217626827, -0.19999999999999996), 710: (0.09564691207094494, 0.3999999999999999), 131: (-0.28613466596114134, -0.8), 734: (-0.18793633557029854, 0.0), 243: (-0.13686302072316586, 0.19999999999999996)}","{283: (0.5331371762282586, 0.8), 564: (0.45874880560712306, 0.19999999999999996), 177: (0.4540609529162256, 0.19999999999999996), 344: (0.4529949719826264, 0.0), 207: (0.4157032064436105, 0.3999999999999999)}","{'noise': 0.2873195086558878, 'amp': 1, 'ls': 0.5364316605251771}","[(0.0, 0.0)]",[]
