impression,user_id,app_version,model_version,mturk_id,status,NUM_INITIAL_RATINGS,NUM_REFINE_RATINGS,TOTAL_TRAINING_RATINGS,NUM_TEST_RATINGS,TIME_INITIAL,TIME_REFINE,TIME_TEST,random_test_predictions_ratings,good_test_predictions_ratings,hypers,redisplay_check,arbitrary_check
0,22b7100a-3538-4657-83d3-a80ef01c0387,5.0-og-ar-dresses10,2.0,ASZH3Z3BOG5YG,Completed,1,30,31,15,30.424421548843384,423.2941153049469,237.21412563323975,"{471: (-0.19695057417823195, 0.0), 425: (-0.1900792254862611, -0.30000000000000004), 358: (-0.4609162420067787, -0.4), 379: (-0.04940151921852487, 0.7), 343: (0.10583668857310213, -0.5), 345: (-0.062041451226765854, -0.09999999999999998), 404: (-0.027763890138748026, -0.09999999999999998), 697: (0.14742602605031213, 0.6000000000000001), 160: (-0.25548891216168534, -0.6), 270: (-0.2813891031044147, -0.4)}","{344: (0.5543547929447168, 0.0), 177: (0.461406426903135, 0.10000000000000009), 564: (0.37829335321080243, 0.10000000000000009), 678: (0.37726032222014577, 0.6000000000000001), 127: (0.3718555543477516, -0.09999999999999998)}","{'noise': 0.3377224955541172, 'amp': 1, 'ls': 0.5787733629099182}","[(-0.09999999999999998, 0.10000000000000009)]",[]
