impression,user_id,app_version,model_version,mturk_id,status,NUM_INITIAL_RATINGS,NUM_REFINE_RATINGS,TOTAL_TRAINING_RATINGS,NUM_TEST_RATINGS,TIME_INITIAL,TIME_REFINE,TIME_TEST,random_test_predictions_ratings,good_test_predictions_ratings,hypers,redisplay_check,arbitrary_check
0,261f7eeb-55f3-47a7-b75c-dd0b9e047a0b,5.0-og-ar-dresses10,2.0,ABNR8ID5Q3CYA,Completed,1,30,31,15,5.85658073425293,203.07471656799316,56.711363315582275,"{196: (0.061420736134150784, -0.19999999999999996), 106: (-0.020575151863144455, -0.6), 246: (-0.304054791201811, -0.19999999999999996), 40: (-0.1985771693460867, 0.0), 593: (-0.05280069187513245, -0.19999999999999996), 259: (-0.11418025399056284, 0.0), 463: (-0.003103492334077234, -0.19999999999999996), 334: (-0.17782733832862713, 0.19999999999999996), 253: (0.12751659507764698, 0.0), 320: (0.3688856233933593, -0.19999999999999996)}","{503: (0.5452949795193122, -0.19999999999999996), 684: (0.5286215558072366, -0.19999999999999996), 594: (0.5235486288956208, 0.6000000000000001), 65: (0.4992448845208599, 0.6000000000000001), 677: (0.4697601320578849, 0.0)}","{'noise': 0.31476651291405405, 'amp': 1, 'ls': 0.5153410065158563}","[(-0.19999999999999996, 0.0)]",[]
