impression,user_id,app_version,model_version,mturk_id,status,NUM_INITIAL_RATINGS,NUM_REFINE_RATINGS,TOTAL_TRAINING_RATINGS,NUM_TEST_RATINGS,TIME_INITIAL,TIME_REFINE,TIME_TEST,random_test_predictions_ratings,good_test_predictions_ratings,hypers,redisplay_check,arbitrary_check
0,27bb4cea-dec6-4eaa-9e55-7bcaf5d5f766,5.0-og-ar-dresses10,2.0,A10HW8JXM17XLD,Completed,1,40,41,15,11.543347358703613,339.79808712005615,114.85208797454834,"{103: (0.4311662443403473, 0.0), 526: (0.17944524170518772, 0.0), 62: (0.07045776710031083, 0.3999999999999999), 116: (0.018309252352057603, -0.8), 191: (-0.29170140920098553, -0.19999999999999996), 612: (0.06905198046720724, 0.19999999999999996), 310: (-0.1769871257537744, -0.4), 670: (-0.13429625197279949, -0.6), 354: (-0.3302419212467721, -0.4), 241: (0.09715069813832376, -0.19999999999999996)}","{546: (0.5400097760315108, 0.19999999999999996), 212: (0.4720119829468385, 0.19999999999999996), 95: (0.4469085709710368, 0.19999999999999996), 266: (0.4427515498664926, -0.4), 522: (0.4353597884022516, -0.19999999999999996)}","{'noise': 0.36672659509859035, 'amp': 1, 'ls': 0.5446741888844633}","[(0.19999999999999996, 0.19999999999999996)]",[]
