impression,user_id,app_version,model_version,mturk_id,status,NUM_INITIAL_RATINGS,NUM_REFINE_RATINGS,TOTAL_TRAINING_RATINGS,NUM_TEST_RATINGS,TIME_INITIAL,TIME_REFINE,TIME_TEST,random_test_predictions_ratings,good_test_predictions_ratings,hypers,redisplay_check,arbitrary_check
0,27c6fb32-d368-4106-bd44-d7bc062fbf3a,5.0-og-ar-dresses10,2.0,A1PHTNZ62338BP,Completed,1,50,51,15,12.20383596420288,316.7729392051697,87.77306747436523,"{651: (0.033441549839783744, 0.0), 447: (-0.4311953500900593, -0.4), 468: (-0.10488044622896121, -0.98), 520: (0.49685469982419017, -0.19999999999999996), 147: (0.34783478677223945, 0.3999999999999999), 453: (-0.6294830693781835, -0.8), 448: (-0.2326053852726349, -0.8), 573: (-0.014299849401992928, -1.0), 809: (-0.3396513962981219, -0.6), 430: (-0.5496751705846981, -0.8)}","{367: (0.8535119701778562, 0.3999999999999999), 170: (0.8457126588448483, 0.6000000000000001), 165: (0.7964566063744255, 0.6000000000000001), 698: (0.7733823344978416, -0.19999999999999996), 326: (0.7696117603082255, 0.6000000000000001)}","{'noise': 0.45312059392160997, 'amp': 1, 'ls': 0.6276544771720071}","[(-0.8, -0.8)]",[]
