impression,user_id,app_version,model_version,mturk_id,status,NUM_INITIAL_RATINGS,NUM_REFINE_RATINGS,TOTAL_TRAINING_RATINGS,NUM_TEST_RATINGS,TIME_INITIAL,TIME_REFINE,TIME_TEST,random_test_predictions_ratings,good_test_predictions_ratings,hypers,redisplay_check,arbitrary_check
0,281021e5-b93d-42f6-82ac-9df4ef45533e,5.0-og-ar-dresses10,2.0,A1EMKR3TP9UL9F,Completed,1,20,21,15,6.2138543128967285,51.77087879180908,38.80918765068054,"{201: (-0.5926226849779757, -0.6), 139: (-0.3434400891391718, -0.6), 91: (-0.3772654377195885, -0.6), 211: (-0.291612047703555, 0.3999999999999999), 694: (-0.6021803873126349, -0.6), 490: (-0.3467119151877244, 0.0), 89: (-0.43460932354235027, -0.8), 182: (-0.6832826907462682, -0.8), 319: (-0.4321512556614176, -0.4), 6: (-0.26522716722476625, 0.19999999999999996)}","{107: (-0.0928535682479032, 0.0), 282: (-0.11728589448219906, 0.0), 547: (-0.12155056320553531, 0.0), 236: (-0.12399573001858838, 0.0), 738: (-0.14917836704425658, -0.4)}","{'noise': 0.2590561650155733, 'amp': 1, 'ls': 0.6460225022423475}","[(0.19999999999999996, 0.19999999999999996)]",[]
