impression,user_id,app_version,model_version,mturk_id,status,NUM_INITIAL_RATINGS,NUM_REFINE_RATINGS,TOTAL_TRAINING_RATINGS,NUM_TEST_RATINGS,TIME_INITIAL,TIME_REFINE,TIME_TEST,random_test_predictions_ratings,good_test_predictions_ratings,hypers,redisplay_check,arbitrary_check
0,2f28d756-5004-4327-a98e-e8a2ada3082c,5.0-og-ar-dresses10,2.0,A2H8COLIKXJRI1,Completed,1,20,21,15,11.215909957885742,238.80139327049255,192.74414587020874,"{329: (0.3627388723379244, 0.6000000000000001), 342: (-0.06889764493416584, -0.6), 337: (-0.13654924980028993, -0.4), 14: (0.02992771956274992, -0.19999999999999996), 508: (0.18691753832000368, -0.4), 613: (0.39062762504064014, 0.10000000000000009), 156: (0.07103335499911476, 0.6000000000000001), 446: (-0.009332529058285965, -0.6), 198: (0.24068485445591642, 0.6000000000000001), 303: (0.33224457603140445, 0.8)}","{362: (0.6079461786960927, 0.8), 637: (0.5352656687428103, 0.6000000000000001), 62: (0.5258267513793751, 0.3999999999999999), 407: (0.5250537837287632, 0.3999999999999999), 522: (0.5187231060025941, 0.3999999999999999)}","{'noise': 0.2402353345633969, 'amp': 1, 'ls': 0.6178775234082843}","[(-0.6, -0.6)]",[]
