impression,user_id,app_version,model_version,mturk_id,status,NUM_INITIAL_RATINGS,NUM_REFINE_RATINGS,TOTAL_TRAINING_RATINGS,NUM_TEST_RATINGS,TIME_INITIAL,TIME_REFINE,TIME_TEST,random_test_predictions_ratings,good_test_predictions_ratings,hypers,redisplay_check,arbitrary_check
0,2f6e6137-df78-4460-a7cd-6c73edb9e72b,5.0-og-ar-dresses10,2.0,A2ZJSBAM7CVBKP,Completed,1,20,21,15,13.637679100036621,111.17559790611267,75.05746483802795,"{137: (0.0018636205987775656, -0.4), 101: (0.7021322238454546, 0.8), 431: (-0.016791379320725747, 0.8), 321: (0.6861928414615861, 0.19999999999999996), 307: (0.6034190527276881, 0.3999999999999999), 802: (0.5332981548446006, 0.3999999999999999), 255: (0.7305529895778007, 0.19999999999999996), 649: (0.4465170635070166, 0.6000000000000001), 136: (-0.06001544768743036, -0.19999999999999996), 9: (0.23504765767845887, 1.0)}","{736: (1.2487895781670402, 1.0), 417: (1.2420199656769935, 0.6000000000000001), 456: (1.2179629958715863, 0.3999999999999999), 45: (1.183617489138482, 0.6000000000000001), 56: (1.1630929855006238, 1.0)}","{'noise': 0.21012109707252583, 'amp': 1, 'ls': 0.7858041125951898}","[(0.0, 0.19999999999999996)]",[]
