impression,user_id,app_version,model_version,mturk_id,status,NUM_INITIAL_RATINGS,NUM_REFINE_RATINGS,TOTAL_TRAINING_RATINGS,NUM_TEST_RATINGS,TIME_INITIAL,TIME_REFINE,TIME_TEST,random_test_predictions_ratings,good_test_predictions_ratings,hypers,redisplay_check,arbitrary_check
0,2f71520d-49a8-4dd5-a33b-d8963cd187a5,5.0-og-ar-dresses10,2.0,A1DUPOUC9RNU4L,Completed,1,50,51,15,10.545274019241333,278.89228534698486,72.47288084030151,"{19: (0.07757192670581606, 0.19999999999999996), 209: (-0.2051156521500955, -0.4), 635: (0.27995757817283007, 0.6000000000000001), 688: (0.02872307634830293, 0.19999999999999996), 191: (0.13915956670360116, 0.6000000000000001), 441: (-0.03339755565471239, 0.0), 30: (0.20658696111537309, 0.8), 100: (-0.14134220646233758, 0.0), 351: (0.37867482375298955, 0.3999999999999999), 468: (0.20214187761174424, 0.0)}","{596: (0.5157125160301984, 0.3999999999999999), 601: (0.4894132936849773, 0.6000000000000001), 721: (0.4714755787467566, 0.3999999999999999), 174: (0.47079562662378505, 0.0), 246: (0.4673222757869347, 0.19999999999999996)}","{'noise': 0.7445678052069176, 'amp': 1, 'ls': 0.9584711811168378}","[(0.3999999999999999, 0.3999999999999999)]",[]
