impression,user_id,app_version,model_version,mturk_id,status,NUM_INITIAL_RATINGS,NUM_REFINE_RATINGS,TOTAL_TRAINING_RATINGS,NUM_TEST_RATINGS,TIME_INITIAL,TIME_REFINE,TIME_TEST,random_test_predictions_ratings,good_test_predictions_ratings,hypers,redisplay_check,arbitrary_check
0,3035a40c-007f-49b2-8edb-cbe1b19c0bc4,5.0-og-ar-dresses10,2.0,A2BUHMLNE3LUU0,Completed,1,30,31,15,18.987663745880127,211.05354738235474,88.67449593544006,"{316: (-0.15729538422978892, 0.0), 113: (-0.19663625062572584, -0.4), 590: (-0.21716372729021335, -0.4), 606: (-0.10464083963573592, 0.0), 638: (-0.32914765428581066, -0.4), 441: (-0.31888256401008463, 0.0), 214: (-0.29145925182712223, -0.4), 154: (-0.17770288938332265, -0.19999999999999996), 267: (-0.26003829240875537, 0.0), 637: (-0.13808885480023614, -0.19999999999999996)}","{318: (0.19856507075837165, 0.6000000000000001), 601: (0.190387997547888, -0.19999999999999996), 323: (0.1857338010439954, 0.3999999999999999), 340: (0.17577559456274128, -0.19999999999999996), 792: (0.1615924404422283, 0.0)}","{'noise': 0.6653155213537187, 'amp': 1, 'ls': 0.8196376197750966}","[(-0.4, -0.4)]",[]
