impression,user_id,app_version,model_version,mturk_id,status,NUM_INITIAL_RATINGS,NUM_REFINE_RATINGS,TOTAL_TRAINING_RATINGS,NUM_TEST_RATINGS,TIME_INITIAL,TIME_REFINE,TIME_TEST,random_test_predictions_ratings,good_test_predictions_ratings,hypers,redisplay_check,arbitrary_check
0,309d0d1a-13e8-4e49-8429-fb4f4afa1a5e,5.0-og-ar-dresses10,2.0,A39FJ7RWX4B9J,Completed,1,20,21,15,16.895387649536133,222.2954318523407,155.04496097564697,"{42: (-0.7000823405144572, -0.8), 433: (-0.27567770749783005, -0.5599999999999999), 394: (-0.8122575195067013, -0.9), 354: (-0.34461974844632326, -0.8), 657: (-0.5700445711722958, -0.4), 652: (-0.5872528182337284, 0.10000000000000009), 275: (-0.5105971459866018, -0.8), 345: (-0.5460531217538621, -0.4), 283: (-0.3615987985778232, 0.8), 190: (-0.3105062293230831, 0.7)}","{369: (0.22265765020630895, -0.19999999999999996), 241: (0.18060648379915295, 0.6000000000000001), 751: (0.09451765838621246, -0.6), 721: (0.060603914541881465, -0.8), 67: (0.05469790922701695, -0.4)}","{'noise': 0.24387973001893956, 'amp': 1, 'ls': 0.560327108632749}","[(-0.4, -0.4)]",[]
