impression,user_id,app_version,model_version,mturk_id,status,NUM_INITIAL_RATINGS,NUM_REFINE_RATINGS,TOTAL_TRAINING_RATINGS,NUM_TEST_RATINGS,TIME_INITIAL,TIME_REFINE,TIME_TEST,random_test_predictions_ratings,good_test_predictions_ratings,hypers,redisplay_check,arbitrary_check
0,3121e0c5-f0e8-4a4b-af43-2be846c885e8,5.0-og-ar-dresses10,2.0,A39GP79ULCP9J2,Completed,1,20,21,15,5.229666471481323,98.0021378993988,72.08102703094482,"{191: (-0.6271528350388261, -0.19999999999999996), 397: (-0.44270307574134604, -0.8), 179: (-0.23775811338896768, -0.8), 7: (-0.6359289613186884, -0.4), 665: (-0.2397303783117603, -0.6), 664: (-0.00843292406003282, -0.6), 230: (-0.5007062088527233, -0.6), 273: (-0.9685967199946791, -1.0), 315: (-0.8254527014073378, -1.0), 468: (-0.7070586681796868, -0.6)}","{424: (0.3016345569019764, -0.6), 18: (0.2251453100069818, -0.4), 533: (0.21570596690251986, -0.6), 369: (0.18372837281197651, -0.4), 263: (0.16984373330397606, 0.0)}","{'noise': 0.21529839604782866, 'amp': 1, 'ls': 0.7310745040424346}","[(-0.8, -0.8)]",[]
