impression,user_id,app_version,model_version,mturk_id,status,NUM_INITIAL_RATINGS,NUM_REFINE_RATINGS,TOTAL_TRAINING_RATINGS,NUM_TEST_RATINGS,TIME_INITIAL,TIME_REFINE,TIME_TEST,random_test_predictions_ratings,good_test_predictions_ratings,hypers,redisplay_check,arbitrary_check
0,313ce28a-5145-4aa4-a231-176596381770,5.0-og-ar-dresses10,2.0,AC5PVOOS79W2B,Completed,1,20,21,15,6.025185823440552,82.73445582389832,59.17447757720947,"{786: (0.05851268656062199, 0.8), 590: (-0.18902574173361067, -0.4), 466: (-0.1751507739455389, -0.19999999999999996), 567: (-0.1489785461652518, -0.19999999999999996), 225: (-0.09288658685366201, -0.19999999999999996), 614: (-0.08013888095621462, 0.3999999999999999), 530: (-0.2470127477333185, -0.19999999999999996), 645: (0.08868127473529683, -0.19999999999999996), 304: (-0.2806626897971235, 0.0), 94: (-0.1631724673809686, -0.6)}","{432: (0.5682912058838235, -0.19999999999999996), 575: (0.5290204126757934, 0.6000000000000001), 92: (0.5004057794891259, 0.3999999999999999), 167: (0.4850269853165706, 0.3999999999999999), 551: (0.40402658568347893, 0.19999999999999996)}","{'noise': 0.3852880338140566, 'amp': 1, 'ls': 0.6153482845474896}","[(-0.19999999999999996, -0.19999999999999996)]",[]
