impression,user_id,app_version,model_version,mturk_id,status,NUM_INITIAL_RATINGS,NUM_REFINE_RATINGS,TOTAL_TRAINING_RATINGS,NUM_TEST_RATINGS,TIME_INITIAL,TIME_REFINE,TIME_TEST,random_test_predictions_ratings,good_test_predictions_ratings,hypers,redisplay_check,arbitrary_check
0,31b27051-5e7e-491d-9a82-625216f87e8b,5.0-og-ar-dresses10,2.0,A2MJ0X6M3VSFVN,Completed,1,30,31,15,11.031131982803345,255.9832580089569,113.588054895401,"{148: (-0.7082514560537233, 0.19999999999999996), 350: (-0.7480341255152188, -0.4), 167: (0.15500512404114425, -0.4), 639: (-0.07466491366993758, 0.0), 753: (0.13634911973426583, 0.3999999999999999), 600: (-0.5400142549677458, -0.6), 468: (-0.47591049483706027, -0.8), 748: (-0.5947888013341116, -0.4), 261: (-0.37726006226068587, -0.19999999999999996), 408: (-0.6511608870615957, -0.19999999999999996)}","{461: (0.45761099146804607, -0.19999999999999996), 230: (0.4279228947388123, 0.0), 518: (0.42757990722895733, 0.0), 240: (0.3821763346499768, 0.0), 324: (0.37590847919273684, 0.19999999999999996)}","{'noise': 0.31937315401888183, 'amp': 1, 'ls': 0.521439122541395}","[(-0.19999999999999996, -0.4)]",[]
