impression,user_id,app_version,model_version,mturk_id,status,NUM_INITIAL_RATINGS,NUM_REFINE_RATINGS,TOTAL_TRAINING_RATINGS,NUM_TEST_RATINGS,TIME_INITIAL,TIME_REFINE,TIME_TEST,random_test_predictions_ratings,good_test_predictions_ratings,hypers,redisplay_check,arbitrary_check
0,3547bec1-2d1d-4d21-8392-4571d540816c,5.0-og-ar-dresses10,2.0,A31DI99CWPTJBK,Completed,1,20,21,15,8.388067245483398,81.07539772987366,57.09752178192139,"{450: (-0.7054944821884057, -0.6), 156: (-0.6704467932559011, 0.0), 142: (0.33993754015121797, 0.0), 332: (-0.46745757681275, -0.19999999999999996), 367: (0.14494274362132448, -0.4), 48: (-0.4919486336449167, -0.19999999999999996), 586: (-0.08382807220989583, 0.3999999999999999), 15: (-0.5166879220652829, -0.19999999999999996), 243: (-0.07866214623720164, 0.0), 549: (-0.5224832388548173, -0.6)}","{557: (0.4781992881526928, -0.4), 320: (0.4277483994221895, 0.3999999999999999), 684: (0.4031419816597262, 0.3999999999999999), 739: (0.40012920958647985, 0.3999999999999999), 190: (0.3863614651393022, 0.19999999999999996)}","{'noise': 0.2519218697244689, 'amp': 1, 'ls': 0.6928525819277829}","[(-0.6, -0.19999999999999996)]",[]
