impression,user_id,app_version,model_version,mturk_id,status,NUM_INITIAL_RATINGS,NUM_REFINE_RATINGS,TOTAL_TRAINING_RATINGS,NUM_TEST_RATINGS,TIME_INITIAL,TIME_REFINE,TIME_TEST,random_test_predictions_ratings,good_test_predictions_ratings,hypers,redisplay_check,arbitrary_check
0,357ab078-54c9-4331-afaa-070169149dab,5.0-og-ar-dresses10,2.0,A311GC2KQZCALC,Completed,1,20,21,15,6.288133144378662,96.26610684394836,46.853691816329956,"{426: (0.2649871598294226, 0.8), 131: (0.1766753408177158, 0.19999999999999996), 274: (0.285082131769974, -0.4), 600: (0.08136584643803221, 0.3999999999999999), 262: (-0.08009836138810156, -0.19999999999999996), 410: (0.19902599468409657, 0.8), 377: (0.26166987081726767, 0.19999999999999996), 116: (0.2981474136803561, -0.4), 12: (0.6056197859915584, 0.8), 289: (0.016750728287244727, -0.19999999999999996)}","{266: (0.8239521860432991, 0.3999999999999999), 283: (0.8050934714662494, 0.19999999999999996), 303: (0.7630325501169206, 0.3999999999999999), 162: (0.7586610845662448, 0.19999999999999996), 760: (0.7109163952596508, 0.6000000000000001)}","{'noise': 0.23968707846300283, 'amp': 1, 'ls': 0.6502575378128175}","[(0.8, 0.8)]",[]
