impression,user_id,app_version,model_version,mturk_id,status,NUM_INITIAL_RATINGS,NUM_REFINE_RATINGS,TOTAL_TRAINING_RATINGS,NUM_TEST_RATINGS,TIME_INITIAL,TIME_REFINE,TIME_TEST,random_test_predictions_ratings,good_test_predictions_ratings,hypers,redisplay_check,arbitrary_check
0,3874e74a-e769-408b-ab88-ee4cc7f29da1,5.0-og-ar-dresses10,2.0,AV22FQTJNBUZT,Completed,1,40,41,15,8.944639921188354,157.79259324073792,67.31430530548096,"{392: (-0.49063261296136484, -0.19999999999999996), 483: (-0.6819056601398047, -0.4), 630: (-0.860912698647019, -0.6), 811: (-0.4232669830254985, -1.0), 323: (-0.33852487532757836, -0.19999999999999996), 771: (-0.29629910496346157, -0.6), 277: (-0.44438172723197067, -1.0), 440: (-0.4640618754588013, 0.3999999999999999), 720: (-0.742680333572177, -0.6), 396: (-0.4706143504706853, 0.0)}","{162: (0.48877087061326435, 0.0), 424: (0.48222873194403776, 0.19999999999999996), 588: (0.4274638212526691, 0.3999999999999999), 564: (0.39401223237727506, -0.19999999999999996), 347: (0.3812952752182435, -0.4)}","{'noise': 0.31736718285214727, 'amp': 1, 'ls': 0.5193396071093912}","[(-0.4, -0.6)]",[]
