impression,user_id,app_version,model_version,mturk_id,status,NUM_INITIAL_RATINGS,NUM_REFINE_RATINGS,TOTAL_TRAINING_RATINGS,NUM_TEST_RATINGS,TIME_INITIAL,TIME_REFINE,TIME_TEST,random_test_predictions_ratings,good_test_predictions_ratings,hypers,redisplay_check,arbitrary_check
0,387be701-5cad-4163-a19f-f6370dc946be,5.0-og-ar-dresses10,2.0,A2RNCA7PK35LHT,Completed,1,20,21,15,10.418336629867554,95.24390006065369,60.047560930252075,"{774: (-0.3153399764621904, -0.19999999999999996), 356: (-0.11178732620048411, 0.0), 539: (0.01834768226986208, 0.3999999999999999), 92: (-0.11945297811036037, 0.3999999999999999), 354: (-0.05818182212041495, -0.4), 400: (0.16176307143958948, 0.3999999999999999), 584: (-0.36976831446749714, -0.4), 226: (0.008518492226282176, -0.19999999999999996), 602: (0.27791156242605075, 0.0), 425: (0.11791385644820848, 0.6000000000000001)}","{738: (0.5472230673326758, 0.19999999999999996), 751: (0.5445915755061467, 0.0), 344: (0.535934770928173, 0.3999999999999999), 564: (0.531705579989229, 0.6000000000000001), 420: (0.5150168847027005, 0.0)}","{'noise': 0.2755128920378473, 'amp': 1, 'ls': 0.6157914816939306}","[(-0.19999999999999996, -0.4)]",[]
