impression,user_id,app_version,model_version,mturk_id,status,NUM_INITIAL_RATINGS,NUM_REFINE_RATINGS,TOTAL_TRAINING_RATINGS,NUM_TEST_RATINGS,TIME_INITIAL,TIME_REFINE,TIME_TEST,random_test_predictions_ratings,good_test_predictions_ratings,hypers,redisplay_check,arbitrary_check
0,39620338-4f48-4872-9b7b-c400577d821c,5.0-og-ar-dresses10,2.0,AVFZLWRV14IYN,Completed,1,40,41,15,9.732834815979004,306.8465530872345,101.46909141540527,"{414: (0.07644759302357607, 0.3999999999999999), 721: (0.4654786112534257, 0.19999999999999996), 150: (0.11808312195834808, 1.0), 430: (0.3309712823771028, 0.8), 575: (0.47056553744336604, 1.0), 78: (0.613803948483576, 0.8), 622: (0.17531786466806956, 0.3999999999999999), 674: (0.18904475592128875, 0.0), 263: (0.9417944526923738, 0.6000000000000001), 16: (0.5662122965518186, 1.0)}","{597: (1.110989873726353, 0.8), 425: (1.066077017618213, 1.0), 769: (1.0452075410693065, 1.0), 270: (1.0417448730014667, 1.0), 207: (1.0332550993931733, 1.0)}","{'noise': 0.5347847156037686, 'amp': 1, 'ls': 0.6823571096189941}","[(1.0, 1.0)]",[]
