impression,user_id,app_version,model_version,mturk_id,status,NUM_INITIAL_RATINGS,NUM_REFINE_RATINGS,TOTAL_TRAINING_RATINGS,NUM_TEST_RATINGS,TIME_INITIAL,TIME_REFINE,TIME_TEST,random_test_predictions_ratings,good_test_predictions_ratings,hypers,redisplay_check,arbitrary_check
0,398b1916-f5ad-4656-82ab-c329bd590b49,5.0-og-ar-dresses10,2.0,A1MRBRFII0P21Q,Completed,1,50,51,15,16.179673194885254,148.19844675064087,46.554529905319214,"{49: (-0.7148275550290544, -0.8), 720: (-0.7208641144333023, -0.8), 799: (-0.744728993394623, -0.8), 76: (-0.8092560650530983, -0.8), 117: (-0.6769469460818318, -0.8), 206: (-0.8034310157357785, -0.8), 161: (-0.5788184657497065, -0.8), 268: (-0.3795601538028988, 0.0), 658: (-0.5228542131136863, -0.19999999999999996), 656: (-0.517826464528226, -0.8)}","{558: (-0.2961304394337648, -0.8), 605: (-0.30420948023923333, 0.0), 324: (-0.30441083371577526, -0.4), 73: (-0.3122284049818146, -0.8), 440: (-0.3207663712201729, 0.0)}","{'noise': 0.661138843774545, 'amp': 1, 'ls': 0.7638839833802983}","[(0.0, 0.0)]",[]
