impression,user_id,app_version,model_version,mturk_id,status,NUM_INITIAL_RATINGS,NUM_REFINE_RATINGS,TOTAL_TRAINING_RATINGS,NUM_TEST_RATINGS,TIME_INITIAL,TIME_REFINE,TIME_TEST,random_test_predictions_ratings,good_test_predictions_ratings,hypers,redisplay_check,arbitrary_check
0,3c18f52c-4c81-4f97-b01f-f6d0206d70f7,5.0-og-ar-dresses10,2.0,A2ALYW6W16PUYQ,Completed,1,20,21,15,8.337655544281006,86.37229943275452,44.69583249092102,"{429: (-0.542884692504415, -0.4), 251: (-0.5184926395973785, 0.0), 789: (-0.6671908465315631, 0.0), 396: (-0.686071403155236, -0.8), 47: (-0.43755005257454993, 1.0), 300: (-0.5018351128408894, -0.8), 669: (-0.47150532321740196, -0.6), 773: (-0.4699960264168972, -0.8), 179: (-0.5468556362874623, 0.0), 298: (-0.6267579345006636, -1.0)}","{558: (-0.11385896901579529, 0.0), 356: (-0.1579104492161993, 0.0), 77: (-0.1796350271145538, 0.0), 546: (-0.2576115825476915, -0.8), 420: (-0.27204860686261767, -0.6)}","{'noise': 0.2600092008099865, 'amp': 1, 'ls': 0.4861444023344566}","[(0.0, -0.8)]",[]
