impression,user_id,app_version,model_version,mturk_id,status,NUM_INITIAL_RATINGS,NUM_REFINE_RATINGS,TOTAL_TRAINING_RATINGS,NUM_TEST_RATINGS,TIME_INITIAL,TIME_REFINE,TIME_TEST,random_test_predictions_ratings,good_test_predictions_ratings,hypers,redisplay_check,arbitrary_check
0,3d066971-5408-4759-a65e-ec6b70da19b8,5.0-og-ar-dresses10,2.0,A3T9WZOUQGE2UW,Completed,1,50,51,15,7.698177337646484,215.02037382125854,87.18701529502869,"{265: (-0.011071711452613209, 0.19999999999999996), 572: (0.030972385538687766, -0.6), 356: (-0.14897449571219268, 0.3999999999999999), 207: (0.17011815000875102, 0.0), 483: (0.04704766968069887, 0.19999999999999996), 742: (0.054927714243260914, 0.6000000000000001), 772: (-0.18675712517267562, 0.0), 29: (-0.13676293946139084, -0.19999999999999996), 555: (-0.1694401457764969, 0.6000000000000001), 367: (-0.303768328908509, -0.6)}","{54: (0.49534682291314625, -0.4), 761: (0.4477120554061179, 0.19999999999999996), 362: (0.4385972770289419, 0.3999999999999999), 449: (0.4085916306381823, 0.3999999999999999), 306: (0.4076608349074552, 0.19999999999999996)}","{'noise': 0.30999358535096105, 'amp': 1, 'ls': 0.4726249207097862}","[(0.0, 0.6000000000000001)]",[]
