impression,user_id,app_version,model_version,mturk_id,status,NUM_INITIAL_RATINGS,NUM_REFINE_RATINGS,TOTAL_TRAINING_RATINGS,NUM_TEST_RATINGS,TIME_INITIAL,TIME_REFINE,TIME_TEST,random_test_predictions_ratings,good_test_predictions_ratings,hypers,redisplay_check,arbitrary_check
0,3d0ec35c-1174-4662-aa2e-9bcd68fd537e,5.0-og-ar-dresses10,2.0,A1W12MOBY99BUG,Completed,1,50,51,15,12.02871584892273,305.81634640693665,101.60957288742065,"{320: (0.6773414587278057, 1.0), 237: (0.38729319988212624, -0.6), 388: (0.5935894926459264, 0.8), 660: (0.6042189487635861, 0.19999999999999996), 53: (-0.15618715084402762, 0.0), 636: (0.14174715902000817, -0.4), 788: (0.21574800521463577, -0.19999999999999996), 89: (0.5326175916979381, 0.8), 176: (0.14703031603244646, -0.4), 729: (-0.36344661787446386, -0.19999999999999996)}","{739: (0.9147556285793536, 1.0), 785: (0.902115347306936, 1.0), 362: (0.884629285030234, 0.8), 18: (0.8378390663029662, 0.8), 424: (0.8108036805960924, 1.0)}","{'noise': 0.535763443508093, 'amp': 1, 'ls': 0.6953719027427249}","[(0.0, 0.19999999999999996)]",[]
