impression,user_id,app_version,model_version,mturk_id,status,NUM_INITIAL_RATINGS,NUM_REFINE_RATINGS,TOTAL_TRAINING_RATINGS,NUM_TEST_RATINGS,TIME_INITIAL,TIME_REFINE,TIME_TEST,random_test_predictions_ratings,good_test_predictions_ratings,hypers,redisplay_check,arbitrary_check
0,3db1bcfa-6d18-4a89-b896-d1dbd03eee88,5.0-og-ar-dresses10,2.0,A3OU2PDA0ZTT4P,Completed,1,30,31,15,4.232178449630737,90.0214672088623,39.46168112754822,"{649: (-0.15748860445666804, 0.0), 689: (-0.08993911378801321, 0.0), 530: (0.02319746992169608, -0.19999999999999996), 30: (-0.3864828369487977, 0.0), 377: (-0.2493474066798656, -0.19999999999999996), 28: (-0.1536813941492549, 0.3999999999999999), 306: (0.09800776624524313, -0.8), 610: (-0.05167510426082102, -0.4), 210: (0.029741764825579164, 0.19999999999999996), 767: (-0.313697597963171, 0.19999999999999996)}","{608: (0.3595156729053015, 0.19999999999999996), 597: (0.34577372178509147, 0.3999999999999999), 266: (0.3259897934667896, 0.3999999999999999), 142: (0.3215759624042962, 0.19999999999999996), 762: (0.32054974363003164, 0.0)}","{'noise': 0.27846878785631707, 'amp': 1, 'ls': 0.5695134923811955}","[(-0.19999999999999996, -0.19999999999999996)]",[]
