impression,user_id,app_version,model_version,mturk_id,status,NUM_INITIAL_RATINGS,NUM_REFINE_RATINGS,TOTAL_TRAINING_RATINGS,NUM_TEST_RATINGS,TIME_INITIAL,TIME_REFINE,TIME_TEST,random_test_predictions_ratings,good_test_predictions_ratings,hypers,redisplay_check,arbitrary_check
0,3f2de04a-e467-4c91-9489-097e18906a56,5.0-og-ar-dresses10,2.0,A2LIY5A4EZ4159,Completed,1,50,51,15,23.60434103012085,471.35634875297546,112.23467826843262,"{521: (0.44637608300795406, 0.6399999999999999), 425: (0.5763632938881051, 0.3999999999999999), 366: (0.5931023295665405, 0.8), 606: (0.5884363583279959, 0.8399999999999999), 563: (0.3593067083535407, 0.30000000000000004), 376: (0.5122868592713602, 0.30000000000000004), 294: (0.39963047249271355, 0.6000000000000001), 427: (0.43275780608360437, 0.19999999999999996), 381: (0.5391978688994445, 0.7399999999999998), 140: (0.396557504518112, 0.28)}","{292: (0.7099712197542437, 0.9600000000000002), 721: (0.7095354048131831, 0.8999999999999999), 340: (0.7092359595373116, 0.8399999999999999), 7: (0.697754711649787, 0.98), 306: (0.697711792240651, 0.7399999999999998)}","{'noise': 0.7173727029283707, 'amp': 1, 'ls': 0.9167591435027865}","[(0.30000000000000004, 0.28)]",[]
