impression,user_id,app_version,model_version,mturk_id,status,NUM_INITIAL_RATINGS,NUM_REFINE_RATINGS,TOTAL_TRAINING_RATINGS,NUM_TEST_RATINGS,TIME_INITIAL,TIME_REFINE,TIME_TEST,random_test_predictions_ratings,good_test_predictions_ratings,hypers,redisplay_check,arbitrary_check
0,40e3f36b-5a1f-4319-a3ef-3f428faf6e46,5.0-og-ar-dresses10,2.0,A17O2N7IPH16FK,Completed,1,50,51,15,4.6033666133880615,159.077006816864,43.017712354660034,"{42: (-0.7664069053490258, -0.8), 539: (-0.5014786027896889, 0.3999999999999999), 610: (-0.5950796716982074, -0.8), 153: (-0.7239671928699715, -0.6), 617: (-0.7196717008936669, -0.8), 507: (-0.7494837445329368, -0.8), 632: (-0.538554870096303, 0.0), 257: (-0.725200366926483, -0.6), 23: (-0.6210401248631344, -0.8), 714: (-0.577241576836755, 0.0)}","{362: (-0.46592304228896847, -0.19999999999999996), 577: (-0.4672657674783426, 0.19999999999999996), 386: (-0.4734086543715971, 0.19999999999999996), 684: (-0.47529004575488554, -0.6), 800: (-0.4768583690902407, 0.0)}","{'noise': 0.7588908243396828, 'amp': 1, 'ls': 0.8856233560048822}","[(-0.8, -0.8)]",[]
