impression,user_id,app_version,model_version,mturk_id,status,NUM_INITIAL_RATINGS,NUM_REFINE_RATINGS,TOTAL_TRAINING_RATINGS,NUM_TEST_RATINGS,TIME_INITIAL,TIME_REFINE,TIME_TEST,random_test_predictions_ratings,good_test_predictions_ratings,hypers,redisplay_check,arbitrary_check
0,460a74c3-3b99-4b49-bf0a-8dfbe55f47c6,5.0-og-ar-dresses10,2.0,A38N2MBXP7IOPS,Completed,1,40,41,15,9.591253995895386,170.63234686851501,61.099631786346436,"{708: (0.1376419180555997, 0.6000000000000001), 688: (-0.062297945544918035, 0.0), 450: (0.23638783656993456, 0.0), 220: (0.1052412296539896, 0.6000000000000001), 243: (0.30590609924341705, 0.0), 507: (-0.06740172993497746, 0.6000000000000001), 554: (0.4476873659789782, 0.6000000000000001), 166: (0.4418680873032826, 0.3999999999999999), 383: (0.5169528684888363, 0.8), 86: (0.037443358768004316, 0.19999999999999996)}","{311: (0.6600348093069184, 0.8), 585: (0.6242979817384146, -0.4), 401: (0.6222017527683409, 0.8), 351: (0.6209165164636127, 0.8), 234: (0.6093906938531266, 0.6000000000000001)}","{'noise': 0.6609769269428653, 'amp': 1, 'ls': 0.7260753880727807}","[(0.8, 0.8)]",[]
