impression,user_id,app_version,model_version,mturk_id,status,NUM_INITIAL_RATINGS,NUM_REFINE_RATINGS,TOTAL_TRAINING_RATINGS,NUM_TEST_RATINGS,TIME_INITIAL,TIME_REFINE,TIME_TEST,random_test_predictions_ratings,good_test_predictions_ratings,hypers,redisplay_check,arbitrary_check
0,484548dc-6df4-4e31-9c4d-0635dd014436,5.0-og-ar-dresses10,2.0,ASLNIPGD2VBQ8,Completed,1,20,21,15,16.284579515457153,127.97494554519653,75.40949535369873,"{290: (0.12395091545495723, 0.3999999999999999), 96: (0.014135969530300413, 0.0), 331: (-0.2972059091396375, 0.6000000000000001), 231: (-0.23205023415333753, 0.0), 84: (-0.17341172520309, 0.19999999999999996), 122: (-0.30837722269622014, 0.0), 198: (0.042392214243968135, -0.19999999999999996), 170: (-0.17363779976912383, -0.19999999999999996), 743: (-0.16463535038093047, -0.19999999999999996), 137: (-0.12326502809826313, 0.3999999999999999)}","{272: (0.5446202088193303, 0.0), 263: (0.5146909655270131, 0.0), 581: (0.5027341058705588, 0.0), 67: (0.4910630913800954, -0.19999999999999996), 420: (0.4789726581791792, 0.6000000000000001)}","{'noise': 0.21619243695700036, 'amp': 1, 'ls': 0.7384132299397932}","[(0.6000000000000001, 0.6000000000000001)]",[]
