impression,user_id,app_version,model_version,mturk_id,status,NUM_INITIAL_RATINGS,NUM_REFINE_RATINGS,TOTAL_TRAINING_RATINGS,NUM_TEST_RATINGS,TIME_INITIAL,TIME_REFINE,TIME_TEST,random_test_predictions_ratings,good_test_predictions_ratings,hypers,redisplay_check,arbitrary_check
0,491138e9-7f24-4217-a37b-a66a569d44e3,5.0-og-ar-dresses10,2.0,AYXN53TNFG71P,Completed,1,50,51,15,10.33604621887207,262.61804699897766,69.15872740745544,"{522: (-0.49597854975349964, 0.0), 334: (-0.6670124797530202, -1.0), 643: (-0.4811794960645942, -0.6), 326: (-0.6132391961972397, -0.6), 781: (-0.7857802501719001, -1.0), 639: (-0.6315183615691937, -0.4), 794: (-0.6485275536393822, -1.0), 475: (-0.34935359794685406, 0.19999999999999996), 316: (-0.5051256795559295, -0.8), 92: (-0.8836281808376828, -0.4)}","{721: (0.336372866592903, 0.19999999999999996), 348: (0.2984854638758977, -0.19999999999999996), 369: (0.29361371729927643, 0.0), 596: (0.26991119493936955, -0.8), 573: (0.2481351468752404, -1.0)}","{'noise': 0.3503498722973017, 'amp': 1, 'ls': 0.4641865777230241}","[(-0.6, 0.0)]",[]
