impression,user_id,app_version,model_version,mturk_id,status,NUM_INITIAL_RATINGS,NUM_REFINE_RATINGS,TOTAL_TRAINING_RATINGS,NUM_TEST_RATINGS,TIME_INITIAL,TIME_REFINE,TIME_TEST,random_test_predictions_ratings,good_test_predictions_ratings,hypers,redisplay_check,arbitrary_check
0,4ac5cbab-b6d6-4040-8303-db3646a6adac,5.0-og-ar-dresses10,2.0,AU6X92Y30ALJY,Completed,1,50,51,15,11.411372184753418,201.04509139060974,154.26469659805298,"{625: (0.28064886822893065, -0.09999999999999998), 704: (0.23867510973187095, -0.6), 241: (-0.06549353308051202, -0.4), 783: (0.04277574382521444, -0.4), 13: (-0.3844594994140705, -0.8), 352: (-0.08587635330269565, -0.09999999999999998), 267: (0.7128088012616349, -0.6), 98: (-0.2787024978175536, -0.6), 685: (-0.07558030755392973, 0.0), 793: (0.37883696611404244, -0.4)}","{120: (1.170928956184267, -0.4), 544: (0.9916145706951585, -0.4), 599: (0.9525025858912731, -0.09999999999999998), 556: (0.935478872759135, -0.6), 315: (0.9221864974860775, -0.6)}","{'noise': 0.7418986511819378, 'amp': 1, 'ls': 1.0173618838349106}","[(-0.6, -0.6)]",[]
