impression,user_id,app_version,model_version,mturk_id,status,NUM_INITIAL_RATINGS,NUM_REFINE_RATINGS,TOTAL_TRAINING_RATINGS,NUM_TEST_RATINGS,TIME_INITIAL,TIME_REFINE,TIME_TEST,random_test_predictions_ratings,good_test_predictions_ratings,hypers,redisplay_check,arbitrary_check
0,4b2568bc-aeea-4faa-978d-cd773cfdf6c8,5.0-og-ar-dresses10,2.0,A2BK0WSR7GXYUQ,Completed,1,30,31,15,11.685238122940063,166.345885515213,64.84603428840637,"{660: (-0.3302351265287338, -0.4), 318: (-0.6217613507020745, -0.19999999999999996), 354: (-0.07308368345217772, -0.19999999999999996), 669: (0.012160525533872188, 0.19999999999999996), 352: (0.30415767341665484, -0.19999999999999996), 748: (-0.3185743382679086, -0.19999999999999996), 764: (-0.06700178640353224, -0.6), 432: (0.10769216063952379, -0.4), 812: (-0.24000864976129677, -0.19999999999999996), 568: (0.03139437442626895, 0.19999999999999996)}","{751: (0.4303175823178795, 0.3999999999999999), 733: (0.4259439531291866, -0.4), 420: (0.40703508332603594, 0.3999999999999999), 541: (0.39025003315324464, 0.0), 807: (0.3814365031667238, 0.0)}","{'noise': 0.29590884758272495, 'amp': 1, 'ls': 0.5433414300834081}","[(-0.19999999999999996, -0.19999999999999996)]",[]
