impression,user_id,app_version,model_version,mturk_id,status,NUM_INITIAL_RATINGS,NUM_REFINE_RATINGS,TOTAL_TRAINING_RATINGS,NUM_TEST_RATINGS,TIME_INITIAL,TIME_REFINE,TIME_TEST,random_test_predictions_ratings,good_test_predictions_ratings,hypers,redisplay_check,arbitrary_check
0,4b75c44b-b8f8-4601-85e4-e1957697f9df,5.0-og-ar-dresses10,2.0,A3LK4TL4G7LT6,Completed,1,20,21,15,8.185877799987793,103.31596350669861,158.60523438453674,"{152: (-0.09821164302057828, -0.8), 552: (-0.5721460545329619, -0.4), 813: (-0.223500895734921, -0.6), 758: (0.023109145983198326, 0.19999999999999996), 644: (-0.1390316869846667, 0.0), 58: (0.10684641433254188, -0.4), 117: (-0.4410725828862224, -0.6), 153: (-0.35321406487881746, -0.19999999999999996), 493: (-0.2015978000710244, -0.4), 99: (-0.2215502789272885, 0.0)}","{9: (0.5200046525969676, 0.6000000000000001), 158: (0.500617019223922, 0.8), 612: (0.47811184702119935, 0.19999999999999996), 765: (0.4754847754075545, 0.6000000000000001), 66: (0.4618795204517483, -0.8)}","{'noise': 0.2605169096186551, 'amp': 1, 'ls': 0.5883973575684922}","[(0.6000000000000001, 0.8)]",[]
