impression,user_id,app_version,model_version,mturk_id,status,NUM_INITIAL_RATINGS,NUM_REFINE_RATINGS,TOTAL_TRAINING_RATINGS,NUM_TEST_RATINGS,TIME_INITIAL,TIME_REFINE,TIME_TEST,random_test_predictions_ratings,good_test_predictions_ratings,hypers,redisplay_check,arbitrary_check
0,4bac1ea4-4309-494b-bfc2-623c6a729ee1,5.0-og-ar-dresses10,2.0,ACG478QWPK9FS,Completed,1,40,41,15,14.928184986114502,386.0620930194855,69.48914909362793,"{200: (-0.25074326436586564, 0.19999999999999996), 553: (0.11292564804504732, 0.6000000000000001), 196: (0.014729695055698239, -0.4), 469: (0.5692599330559507, 0.6000000000000001), 442: (0.36707870574014856, 0.3999999999999999), 82: (0.022535120969611355, -0.4), 380: (-0.16558598680488107, -0.4), 264: (0.38903111753315084, 0.3999999999999999), 132: (0.3951971086810085, 0.0), 530: (0.04937762440001306, -0.6)}","{626: (0.7611803719763832, 0.3999999999999999), 676: (0.7365341227361508, 0.6000000000000001), 570: (0.7344095543487221, 0.6000000000000001), 700: (0.681543958355243, 0.6000000000000001), 185: (0.6658686564783723, 0.3999999999999999)}","{'noise': 0.5836441945559071, 'amp': 1, 'ls': 0.8184251128371676}","[(0.19999999999999996, 0.19999999999999996)]",[]
