impression,user_id,app_version,model_version,mturk_id,status,NUM_INITIAL_RATINGS,NUM_REFINE_RATINGS,TOTAL_TRAINING_RATINGS,NUM_TEST_RATINGS,TIME_INITIAL,TIME_REFINE,TIME_TEST,random_test_predictions_ratings,good_test_predictions_ratings,hypers,redisplay_check,arbitrary_check
0,4c2eacd4-8e39-4fc5-b4d1-24e6fa4d41dc,5.0-og-ar-dresses10,2.0,AKWI425VATYJM,Completed,1,50,51,15,8.403893232345581,223.93327569961548,68.21049070358276,"{491: (-0.16562908163832302, 0.0), 317: (0.03222665568360361, 0.8), 72: (-0.1035830998617962, -0.19999999999999996), 802: (-0.30416392871199277, 0.19999999999999996), 551: (-0.3451181214222329, -0.6), 272: (-0.023968905170634186, 0.0), 266: (0.004080381496092078, 0.19999999999999996), 75: (-0.28143190259889805, -0.4), 260: (-0.37461726930931727, 0.3999999999999999), 198: (0.08525933574732791, 0.0)}","{141: (0.2574900890601371, 0.19999999999999996), 22: (0.2421903102909565, 0.0), 263: (0.23666198859479715, 0.19999999999999996), 78: (0.19394223278862904, 0.3999999999999999), 635: (0.1896493926231314, 0.19999999999999996)}","{'noise': 0.6520220563692776, 'amp': 1, 'ls': 0.7353178671259784}","[(0.0, 0.3999999999999999)]",[]
