impression,user_id,app_version,model_version,mturk_id,status,NUM_INITIAL_RATINGS,NUM_REFINE_RATINGS,TOTAL_TRAINING_RATINGS,NUM_TEST_RATINGS,TIME_INITIAL,TIME_REFINE,TIME_TEST,random_test_predictions_ratings,good_test_predictions_ratings,hypers,redisplay_check,arbitrary_check
0,4c38666c-f183-4210-9a6a-9f74c6ebed8b,5.0-og-ar-dresses10,2.0,A3EGV6547B8F0B,Completed,1,30,31,15,28.687695264816284,492.20753931999207,221.48104429244995,"{14: (0.6407112578932769, 0.7), 165: (0.618906170840381, 0.6000000000000001), 635: (0.4980778030920391, 0.6000000000000001), 236: (0.3830371747817932, 0.6000000000000001), 471: (0.7273749105425695, 0.6000000000000001), 773: (0.4359911216622935, 0.7), 803: (0.8663845653789743, 0.7), 666: (0.7683728984799632, 0.6000000000000001), 711: (0.8294166894803888, 0.7399999999999998), 527: (0.5784573059705229, 0.45999999999999996)}","{746: (0.936852557890861, 0.8), 769: (0.9035845439874692, 0.6000000000000001), 387: (0.901361325645545, 0.6600000000000001), 270: (0.8991547854749797, 0.7), 142: (0.8952055173481606, 0.7)}","{'noise': 0.2415213434683048, 'amp': 1, 'ls': 0.6178552823215158}","[(0.8, 0.8)]",[]
