impression,user_id,app_version,model_version,mturk_id,status,NUM_INITIAL_RATINGS,NUM_REFINE_RATINGS,TOTAL_TRAINING_RATINGS,NUM_TEST_RATINGS,TIME_INITIAL,TIME_REFINE,TIME_TEST,random_test_predictions_ratings,good_test_predictions_ratings,hypers,redisplay_check,arbitrary_check
0,4c881be0-341b-4d58-9612-d1a603cad1af,5.0-og-ar-dresses10,2.0,ACZA9ZCVQ5FRU,Completed,1,40,41,15,12.253202199935913,302.7395465373993,113.33049011230469,"{36: (0.758635367468677, 0.6000000000000001), 268: (0.6056319340407877, 0.3999999999999999), 303: (0.6189820759238472, 1.0), 310: (0.44805356147814646, 1.0), 5: (0.4888098605451151, 0.6000000000000001), 241: (0.6611491203644002, 1.0), 807: (0.5615945915907179, 0.6000000000000001), 263: (0.7293539683729552, 1.0), 455: (0.6927261271847115, 0.6000000000000001), 243: (0.3782589443387113, 0.3999999999999999)}","{533: (0.8019861021908596, 0.8), 174: (0.8015134836345164, 0.6000000000000001), 748: (0.8008153484531468, 0.6000000000000001), 401: (0.7947681925995274, 1.0), 586: (0.7939639296133896, 0.8)}","{'noise': 0.6536541905594659, 'amp': 1, 'ls': 0.7691949210403328}","[(1.0, 1.0)]",[]
