impression,user_id,app_version,model_version,mturk_id,status,NUM_INITIAL_RATINGS,NUM_REFINE_RATINGS,TOTAL_TRAINING_RATINGS,NUM_TEST_RATINGS,TIME_INITIAL,TIME_REFINE,TIME_TEST,random_test_predictions_ratings,good_test_predictions_ratings,hypers,redisplay_check,arbitrary_check
0,4d5919bd-8a92-403e-bccc-191f55b5952c,5.0-og-ar-dresses10,2.0,AS6FM754MF2B2,Completed,1,30,31,15,19.055105447769165,212.84520649909973,103.76016926765442,"{469: (0.46134572061873486, 0.3999999999999999), 89: (0.3157547443756931, 0.0), 353: (-0.17470322002858718, -0.19999999999999996), 464: (0.24394991571981378, 0.6000000000000001), 559: (0.46434896784684954, 1.0), 733: (0.5690829284159878, 0.6000000000000001), 479: (-0.20809474657024035, -0.8), 738: (0.5210438804861541, 0.6000000000000001), 535: (0.40011308393868766, 0.19999999999999996), 384: (0.6332573178631212, 0.8)}","{324: (0.9341561368089103, 1.0), 420: (0.9066502739569451, -0.19999999999999996), 605: (0.8218945011304344, 1.0), 212: (0.8147830903195905, 1.0), 461: (0.8136292160144702, 0.8)}","{'noise': 0.3972777551958698, 'amp': 1, 'ls': 0.6148546372216487}","[(0.19999999999999996, 0.3999999999999999)]",[]
