impression,user_id,app_version,model_version,mturk_id,status,NUM_INITIAL_RATINGS,NUM_REFINE_RATINGS,TOTAL_TRAINING_RATINGS,NUM_TEST_RATINGS,TIME_INITIAL,TIME_REFINE,TIME_TEST,random_test_predictions_ratings,good_test_predictions_ratings,hypers,redisplay_check,arbitrary_check
0,4f704088-f57d-47ad-aef0-c9f19d501b6d,5.0-og-ar-dresses10,2.0,A1DIYFGQT1QDV2,Completed,1,40,41,15,9.247148513793945,233.91731643676758,95.52162098884583,"{507: (-0.07949300605587586, -0.6), 440: (0.20359254398491336, 0.19999999999999996), 237: (0.011935466555305196, 0.19999999999999996), 156: (-0.341495164194964, 0.19999999999999996), 251: (-0.36306787767390747, 0.6000000000000001), 437: (-0.2261522584785105, 0.19999999999999996), 109: (0.10588961509411762, 0.19999999999999996), 87: (-0.2964687459959877, 0.6000000000000001), 493: (0.16590327456890094, -0.19999999999999996), 106: (-0.14608120304703606, -0.19999999999999996)}","{263: (0.5041785010642816, 0.19999999999999996), 32: (0.4574474480825659, 0.19999999999999996), 523: (0.4538614029458916, 0.3999999999999999), 663: (0.4113792722394496, 0.3999999999999999), 290: (0.4040976889569573, 0.3999999999999999)}","{'noise': 0.22593842227294797, 'amp': 1, 'ls': 0.5852627708321622}","[(0.6000000000000001, 0.6000000000000001)]",[]
