impression,user_id,app_version,model_version,mturk_id,status,NUM_INITIAL_RATINGS,NUM_REFINE_RATINGS,TOTAL_TRAINING_RATINGS,NUM_TEST_RATINGS,TIME_INITIAL,TIME_REFINE,TIME_TEST,random_test_predictions_ratings,good_test_predictions_ratings,hypers,redisplay_check,arbitrary_check
0,50a1abb8-1009-46c4-861b-a286c13bd331,5.0-og-ar-dresses10,2.0,A20YGFCRNDTD6,Completed,1,30,31,15,11.585265398025513,276.5738091468811,136.77954936027527,"{38: (-0.5907633318916828, -0.6), 747: (-0.4962253598804046, -1.0), 313: (-0.253671906460678, 0.8), 173: (-0.4706722415016017, 0.6000000000000001), 560: (-0.2643719382167601, -1.0), 496: (0.7115089799081828, 1.0), 756: (-0.16849128442092973, -0.4), 329: (-0.2817463786560206, -0.19999999999999996), 456: (-0.8244011426450324, 0.19999999999999996), 536: (-0.9853514251036122, 0.8)}","{247: (0.9031206684364006, -1.0), 374: (0.8680427743807033, 0.6000000000000001), 67: (0.7971690046516688, 0.6000000000000001), 684: (0.7801757965694975, 0.8), 168: (0.7232478406854776, 0.8)}","{'noise': 0.24452780500470034, 'amp': 1, 'ls': 0.6163886529674107}","[(-1.0, -0.4)]",[]
