impression,user_id,app_version,model_version,mturk_id,status,NUM_INITIAL_RATINGS,NUM_REFINE_RATINGS,TOTAL_TRAINING_RATINGS,NUM_TEST_RATINGS,TIME_INITIAL,TIME_REFINE,TIME_TEST,random_test_predictions_ratings,good_test_predictions_ratings,hypers,redisplay_check,arbitrary_check
0,52a635d3-0dcd-4603-9104-feb513356c11,5.0-og-ar-dresses10,2.0,AWVR9PJNNI9U3,Completed,1,50,51,15,10.287944555282593,177.93712759017944,40.249797105789185,"{82: (0.2811122239497169, 0.6000000000000001), 598: (0.31189377649741346, -0.4), 694: (-0.18315976115456367, -0.4), 780: (0.09355864355098492, 0.19999999999999996), 111: (0.3761787242503819, 0.19999999999999996), 496: (0.3336047947641658, 0.19999999999999996), 525: (-0.27835159727086944, 0.19999999999999996), 254: (0.21084114906730544, 0.3999999999999999), 655: (-0.2957264511440294, 0.6000000000000001), 326: (0.3682005186321273, 0.6000000000000001)}","{632: (0.5525848646985938, 0.6000000000000001), 247: (0.5367362741522144, 0.3999999999999999), 543: (0.5259156624144244, 0.6000000000000001), 118: (0.5183682306862082, 0.6000000000000001), 324: (0.5002793394905195, 0.19999999999999996)}","{'noise': 0.6658564882112818, 'amp': 1, 'ls': 0.7722802792374986}","[(0.6000000000000001, 0.3999999999999999)]",[]
