impression,user_id,app_version,model_version,mturk_id,status,NUM_INITIAL_RATINGS,NUM_REFINE_RATINGS,TOTAL_TRAINING_RATINGS,NUM_TEST_RATINGS,TIME_INITIAL,TIME_REFINE,TIME_TEST,random_test_predictions_ratings,good_test_predictions_ratings,hypers,redisplay_check,arbitrary_check
0,54aba54a-ffb5-41eb-8a16-8a21e9600853,5.0-og-ar-dresses10,2.0,A3GDEW3W3LJ63Y,Completed,1,40,41,15,60.57997226715088,411.2815535068512,124.32291173934937,"{425: (-0.32914899013841625, -0.4), 352: (-0.5539315048464598, -0.6), 82: (-0.523669212053145, -0.4), 535: (-0.6367442751781203, -0.6), 50: (-0.1241836524663012, 0.3999999999999999), 632: (-0.32291022783699536, -0.19999999999999996), 675: (-0.4949777340617367, -0.6), 750: (-0.6862907381639715, 0.19999999999999996), 284: (-0.599204782411559, -0.4), 363: (-0.5083811706063929, 0.3999999999999999)}","{201: (0.1905425183489004, -0.19999999999999996), 384: (0.17066433834760258, 0.6000000000000001), 707: (0.1693058427954361, 0.6000000000000001), 152: (0.16591693057774576, -0.19999999999999996), 712: (0.1612111468843182, 0.19999999999999996)}","{'noise': 0.3235750132146994, 'amp': 1, 'ls': 0.49491812087032444}","[(0.3999999999999999, 0.6000000000000001)]",[]
