impression,user_id,app_version,model_version,mturk_id,status,NUM_INITIAL_RATINGS,NUM_REFINE_RATINGS,TOTAL_TRAINING_RATINGS,NUM_TEST_RATINGS,TIME_INITIAL,TIME_REFINE,TIME_TEST,random_test_predictions_ratings,good_test_predictions_ratings,hypers,redisplay_check,arbitrary_check
0,57ffc72c-0155-41d8-9988-9cf4e21efe43,5.0-og-ar-dresses10,2.0,A1VJ4ZOXP9PUCP,Completed,1,40,41,15,5.98015570640564,149.84340810775757,40.81065654754639,"{57: (0.34130819545980184, 0.3999999999999999), 520: (0.32124377367473733, -0.4), 126: (-0.15401444583264776, -0.8), 252: (0.21136336382636264, 0.0), 457: (-0.20188180011598816, -0.19999999999999996), 692: (-0.0003168940528976427, 0.19999999999999996), 436: (-0.3172163290002651, -0.8), 586: (-0.21925036305099613, -0.6), 274: (-0.05366219830880441, -0.19999999999999996), 152: (0.14098283977549161, -0.19999999999999996)}","{522: (0.585406064801797, -0.19999999999999996), 546: (0.5744233576243505, 0.0), 352: (0.5237497480722744, 0.19999999999999996), 360: (0.5124346669229268, -0.4), 171: (0.5006384600157624, -0.19999999999999996)}","{'noise': 0.37506249905265693, 'amp': 1, 'ls': 0.5022078381634496}","[(-0.4, -0.19999999999999996)]",[]
