impression,user_id,app_version,model_version,mturk_id,status,NUM_INITIAL_RATINGS,NUM_REFINE_RATINGS,TOTAL_TRAINING_RATINGS,NUM_TEST_RATINGS,TIME_INITIAL,TIME_REFINE,TIME_TEST,random_test_predictions_ratings,good_test_predictions_ratings,hypers,redisplay_check,arbitrary_check
0,59421591-e4a9-4393-aabb-17cf79ab00cb,5.0-og-ar-dresses10,2.0,A399GYOD60WD7M,Completed,1,20,21,15,13.39043116569519,100.77132487297058,66.7441930770874,"{132: (0.1651452086008884, -0.4), 682: (-0.12913304652385987, 0.3999999999999999), 516: (-0.24035659342081062, -0.4), 62: (-0.12071108643048434, 0.19999999999999996), 0: (-0.08367985762399355, 0.19999999999999996), 206: (-0.09381053885433355, 0.0), 250: (0.0753566397910018, -0.6), 595: (0.2666728605933604, 0.0), 69: (-0.151786489963722, -1.0), 153: (-0.04631979186186516, 0.0)}","{266: (0.8707129396439682, 0.19999999999999996), 653: (0.8391400727031189, -0.19999999999999996), 283: (0.8384792928865015, 1.0), 212: (0.8063627912927678, 0.6000000000000001), 624: (0.7578723643676331, -0.19999999999999996)}","{'noise': 0.27216480821249944, 'amp': 1, 'ls': 0.6076128197887587}","[(0.8, 0.6000000000000001)]",[]
