impression,user_id,app_version,model_version,mturk_id,status,NUM_INITIAL_RATINGS,NUM_REFINE_RATINGS,TOTAL_TRAINING_RATINGS,NUM_TEST_RATINGS,TIME_INITIAL,TIME_REFINE,TIME_TEST,random_test_predictions_ratings,good_test_predictions_ratings,hypers,redisplay_check,arbitrary_check
0,5952453a-5fd7-4145-b6e6-92f06114153e,5.0-og-ar-dresses10,2.0,A177149MJHLHUO,Completed,1,40,41,15,11.140931129455566,216.8225860595703,67.87398433685303,"{496: (0.15035830287193683, 0.0), 254: (0.32098355066825374, 0.6000000000000001), 716: (0.02044183918298005, -0.4), 244: (-0.509377734294724, -0.8), 370: (0.06963792384347245, 0.3999999999999999), 312: (0.005909511722781577, -0.8), 188: (0.2966980770061676, -0.19999999999999996), 196: (0.009228590792237895, 0.19999999999999996), 440: (0.3874202885515406, 0.8), 521: (0.14390001772700256, -0.19999999999999996)}","{25: (0.8152368932674938, 0.6000000000000001), 461: (0.6272732835748283, 0.8), 713: (0.621496397469788, 0.8), 267: (0.6110185524008096, 1.0), 473: (0.6002060886466505, 0.0)}","{'noise': 0.31653399187812437, 'amp': 1, 'ls': 0.5882921032095635}","[(-0.19999999999999996, -0.19999999999999996)]",[]
