impression,user_id,app_version,model_version,mturk_id,status,NUM_INITIAL_RATINGS,NUM_REFINE_RATINGS,TOTAL_TRAINING_RATINGS,NUM_TEST_RATINGS,TIME_INITIAL,TIME_REFINE,TIME_TEST,random_test_predictions_ratings,good_test_predictions_ratings,hypers,redisplay_check,arbitrary_check
0,59a32883-988c-437f-a9e0-3d18b777e12b,5.0-og-ar-dresses10,2.0,A1LJT9OW9UR4GF,Completed,1,30,31,15,19.05680537223816,714.2421112060547,527.0712294578552,"{580: (0.3326509738759763, 0.6000000000000001), 298: (0.19181461777639608, 0.19999999999999996), 647: (0.06829964091102012, 0.3999999999999999), 210: (0.34576345895862304, 0.3999999999999999), 440: (0.36017794940451964, 0.0), 423: (0.4346434111173012, -0.19999999999999996), 354: (0.3375419388989189, 0.8), 39: (0.304252204273728, 0.6000000000000001), 754: (0.41905097604251984, 0.6000000000000001), 271: (0.22514659840317847, 0.19999999999999996)}","{250: (0.6579732646268764, 0.3999999999999999), 174: (0.6259383108588419, 0.3999999999999999), 802: (0.5979292993869691, 0.3999999999999999), 803: (0.5950594566456799, 0.3999999999999999), 463: (0.5929962120015625, 0.3999999999999999)}","{'noise': 0.29306815500793576, 'amp': 1, 'ls': 0.46726810411907693}","[(0.3999999999999999, 0.3999999999999999)]",[]
