impression,user_id,app_version,model_version,mturk_id,status,NUM_INITIAL_RATINGS,NUM_REFINE_RATINGS,TOTAL_TRAINING_RATINGS,NUM_TEST_RATINGS,TIME_INITIAL,TIME_REFINE,TIME_TEST,random_test_predictions_ratings,good_test_predictions_ratings,hypers,redisplay_check,arbitrary_check
0,5a26af8b-5575-41ea-b248-756b09e45cd4,5.0-og-ar-dresses10,2.0,A292TFDMNVS0TP,Completed,1,20,21,15,12.090875625610352,83.36658930778503,50.6333589553833,"{493: (-0.49602495581813666, -0.8), 322: (-0.604876184467944, -0.8), 603: (-0.34964451490760234, -0.8), 562: (-0.44675505365838936, -0.8), 129: (-0.20702094702484197, 1.0), 372: (-0.516866644731809, -0.8), 688: (-0.6773173086841318, -0.8), 733: (-0.28030977776911076, -0.8), 604: (-0.1099263204406446, 1.0), 128: (-0.7284340809122456, -0.8)}","{36: (0.7498751758437925, -0.6), 664: (0.7239825648426252, -0.8), 472: (0.7049436375147462, -0.8), 11: (0.7036720296916126, -0.8), 116: (0.6867972284202437, -0.8)}","{'noise': 0.27995922918945176, 'amp': 1, 'ls': 0.5183027641344432}","[(-0.8, -0.8)]",[]
