impression,user_id,app_version,model_version,mturk_id,status,NUM_INITIAL_RATINGS,NUM_REFINE_RATINGS,TOTAL_TRAINING_RATINGS,NUM_TEST_RATINGS,TIME_INITIAL,TIME_REFINE,TIME_TEST,random_test_predictions_ratings,good_test_predictions_ratings,hypers,redisplay_check,arbitrary_check
0,5b7afc23-bc74-463d-92c5-fcc9adba57de,5.0-og-ar-dresses10,2.0,AMV1E7FFPVAW4,Completed,1,50,51,15,10.289366722106934,199.7417347431183,62.868433713912964,"{101: (-0.102223861001082, 0.0), 329: (-0.13469260635745442, 0.3999999999999999), 262: (-0.030173688446402364, 0.6000000000000001), 183: (-0.04169396432046514, -0.19999999999999996), 107: (-0.0186626294332502, -0.19999999999999996), 804: (0.08842573713539045, 0.19999999999999996), 789: (0.12174543876677255, 0.0), 116: (0.18403659659817076, 0.8), 81: (-0.39314095987776687, 0.0), 163: (-0.06295912727715533, 0.0)}","{266: (0.3426706554723137, 0.8), 283: (0.3048805344173928, 0.6000000000000001), 585: (0.2981864123586385, 0.0), 207: (0.28054894698286714, -0.19999999999999996), 263: (0.275575122248105, 0.6000000000000001)}","{'noise': 0.7129218804105791, 'amp': 1, 'ls': 0.909742943720223}","[(0.0, 0.6000000000000001)]",[]
