impression,user_id,app_version,model_version,mturk_id,status,NUM_INITIAL_RATINGS,NUM_REFINE_RATINGS,TOTAL_TRAINING_RATINGS,NUM_TEST_RATINGS,TIME_INITIAL,TIME_REFINE,TIME_TEST,random_test_predictions_ratings,good_test_predictions_ratings,hypers,redisplay_check,arbitrary_check
0,5c0746a6-18aa-4838-9714-2335266dd768,5.0-og-ar-dresses10,2.0,A3IMM3YOEK9D3H,Completed,1,30,31,15,11.775788307189941,205.27875399589539,241.29275178909302,"{237: (-0.40770176518676715, -0.19999999999999996), 514: (-0.4294102329169077, 0.0), 373: (-0.5474372689703658, -0.19999999999999996), 466: (-0.3050352201272512, 0.0), 423: (0.05293913084413443, 0.0), 555: (-0.5718695813750178, 0.0), 674: (-0.2994965051303571, -0.19999999999999996), 563: (-0.34644816332520123, 0.0), 30: (-0.31640833337884394, 0.0), 273: (-0.32820988863838885, -0.19999999999999996)}","{152: (0.3536499963798718, 0.6000000000000001), 283: (0.32574656971808535, 0.0), 158: (0.2947575769172711, -0.19999999999999996), 624: (0.2882916223902189, -0.19999999999999996), 665: (0.2826223248340516, 0.3999999999999999)}","{'noise': 0.2886886459011631, 'amp': 1, 'ls': 0.5396401808708726}","[(0.0, 0.0)]",[]
