impression,user_id,app_version,model_version,mturk_id,status,NUM_INITIAL_RATINGS,NUM_REFINE_RATINGS,TOTAL_TRAINING_RATINGS,NUM_TEST_RATINGS,TIME_INITIAL,TIME_REFINE,TIME_TEST,random_test_predictions_ratings,good_test_predictions_ratings,hypers,redisplay_check,arbitrary_check
0,5dae9bdf-3582-4a0f-8ba9-1b497a2c3f0f,5.0-og-ar-dresses10,2.0,A2Y4KJNEU2GVPM,Completed,1,50,51,15,23.412029266357422,568.3717093467712,135.63559699058533,"{167: (0.6197553903772159, -0.19999999999999996), 394: (-0.29416784432657417, 0.19999999999999996), 137: (0.7300694703039461, 0.8), 638: (0.43763093545534776, 0.3999999999999999), 426: (0.6687125539921304, 0.6000000000000001), 773: (0.5524304500760854, 0.5), 206: (0.27364490273622893, 0.19999999999999996), 185: (0.2797820784852568, 0.5), 226: (0.36691770605421326, 0.6000000000000001), 402: (0.5009780973227087, 0.7)}","{435: (0.9348040485362158, 0.8), 791: (0.9293013762701745, 0.8), 320: (0.9129520366756232, 0.8), 682: (0.9091227585378902, 0.8), 81: (0.8871980754659237, 1.0)}","{'noise': 0.330456390890896, 'amp': 1, 'ls': 0.5625491172018346}","[(0.8, 0.8)]",[]
