impression,user_id,app_version,model_version,mturk_id,status,NUM_INITIAL_RATINGS,NUM_REFINE_RATINGS,TOTAL_TRAINING_RATINGS,NUM_TEST_RATINGS,TIME_INITIAL,TIME_REFINE,TIME_TEST,random_test_predictions_ratings,good_test_predictions_ratings,hypers,redisplay_check,arbitrary_check
0,5e3fb1d9-5eb2-44b3-bf11-0be9b4736bac,5.0-og-ar-dresses10,2.0,A1FQ20DI1N0QJI,Completed,1,20,21,15,20.61432433128357,197.7066559791565,133.98439264297485,"{163: (-0.18794792848749522, -1.0), 26: (-0.7368801008944557, -1.0), 455: (-0.11519199443929604, 1.0), 245: (0.5384583640290082, 1.0), 769: (-0.6557283513219785, 0.19999999999999996), 594: (-0.3006556927799447, -0.8), 624: (-0.2709883192595306, -1.0), 79: (-0.47545315676442634, -0.19999999999999996), 87: (-0.00701892070223753, 0.19999999999999996), 36: (-0.519107249885658, 0.0)}","{520: (0.8836752978159195, 0.0), 409: (0.8770386184423418, 0.8), 669: (0.7947046024847173, -0.4), 194: (0.7754067269219387, 0.8), 374: (0.7476307837954079, -1.0)}","{'noise': 0.321377305138478, 'amp': 1, 'ls': 0.6584763318772896}","[(-0.8, -0.8)]",[]
