impression,user_id,app_version,model_version,mturk_id,status,NUM_INITIAL_RATINGS,NUM_REFINE_RATINGS,TOTAL_TRAINING_RATINGS,NUM_TEST_RATINGS,TIME_INITIAL,TIME_REFINE,TIME_TEST,random_test_predictions_ratings,good_test_predictions_ratings,hypers,redisplay_check,arbitrary_check
0,5e63943f-76c0-4691-843a-37681545865c,5.0-og-ar-dresses10,2.0,A3BP24ZY0OA5TR,Completed,1,40,41,15,19.13511347770691,407.684121131897,148.81441831588745,"{392: (0.45957945414785834, 0.14000000000000012), 257: (0.24917031216203733, 0.11999999999999988), 710: (0.2377655687107673, 0.10000000000000009), 40: (0.026485448003202433, 0.26), 176: (0.6988322984413793, 0.30000000000000004), 767: (0.37218112956459515, 0.19999999999999996), 170: (0.09779502989265618, 0.10000000000000009), 580: (0.35214559244196286, 0.5), 0: (0.292514754732221, 0.3999999999999999), 526: (0.5384826229716246, 0.7)}","{314: (0.8678422740555412, 0.5), 315: (0.8114237874892819, 0.5), 554: (0.8096980731670929, -0.30000000000000004), 286: (0.7947864353105212, -0.19999999999999996), 774: (0.7896030424145368, 0.6000000000000001)}","{'noise': 0.32853028244950383, 'amp': 1, 'ls': 0.542166622877606}","[(0.30000000000000004, 0.19999999999999996)]",[]
