impression,user_id,app_version,model_version,mturk_id,status,NUM_INITIAL_RATINGS,NUM_REFINE_RATINGS,TOTAL_TRAINING_RATINGS,NUM_TEST_RATINGS,TIME_INITIAL,TIME_REFINE,TIME_TEST,random_test_predictions_ratings,good_test_predictions_ratings,hypers,redisplay_check,arbitrary_check
0,5fa266f8-d821-4348-a62b-04f270ef3e66,5.0-og-ar-dresses10,2.0,A23YQ8J1DNM084,Completed,1,40,41,15,23.978813886642456,424.3459701538086,216.56009364128113,"{738: (0.2404741369327532, 0.19999999999999996), 223: (0.027597480869444357, 0.19999999999999996), 456: (-0.15434918163693423, -0.6), 211: (-0.3121937212014118, 0.19999999999999996), 677: (0.2222555958658845, 0.8), 307: (-0.1206332607920694, 0.19999999999999996), 691: (0.03134175817604788, 0.19999999999999996), 147: (0.22933143777206427, 0.7), 354: (0.19717051104904426, 0.0), 760: (-0.0476780508795858, 0.6000000000000001)}","{181: (0.4028723563257313, 0.5), 770: (0.3991959355217494, 0.5), 58: (0.37801661273146436, 0.7), 400: (0.3759316807063059, 0.10000000000000009), 369: (0.37024097672852285, 0.19999999999999996)}","{'noise': 0.6014954482839435, 'amp': 1, 'ls': 0.7590757231653718}","[(-0.4, -0.6)]",[]
