impression,user_id,app_version,model_version,mturk_id,status,NUM_INITIAL_RATINGS,NUM_REFINE_RATINGS,TOTAL_TRAINING_RATINGS,NUM_TEST_RATINGS,TIME_INITIAL,TIME_REFINE,TIME_TEST,random_test_predictions_ratings,good_test_predictions_ratings,hypers,redisplay_check,arbitrary_check
0,601a17de-74e2-45bf-9e9f-e8943af27219,5.0-og-ar-dresses10,2.0,A598UDLZZZAJ3,Completed,1,20,21,15,12.38826322555542,134.01864099502563,118.61586046218872,"{262: (-0.2572179537594815, 0.19999999999999996), 324: (0.3303249316004406, 0.6000000000000001), 104: (-0.15755593595254225, 0.0), 5: (0.010722475651682911, 0.6000000000000001), 333: (0.1880480624243704, 0.6000000000000001), 350: (-0.23347994249470538, -0.4), 507: (-0.16950490661279122, 0.0), 661: (0.09634077253915006, 0.3999999999999999), 806: (-0.19655518781567072, -0.8), 433: (-0.031856537507301934, -0.19999999999999996)}","{420: (0.7923306351464433, 0.6000000000000001), 751: (0.6557891217635446, 0.19999999999999996), 613: (0.6449301802562268, 0.6000000000000001), 241: (0.6111142732266313, 0.6000000000000001), 407: (0.5806440540367318, 0.3999999999999999)}","{'noise': 0.24342976608966396, 'amp': 1, 'ls': 0.5793818489334304}","[(0.0, 0.0)]",[]
