impression,user_id,app_version,model_version,mturk_id,status,NUM_INITIAL_RATINGS,NUM_REFINE_RATINGS,TOTAL_TRAINING_RATINGS,NUM_TEST_RATINGS,TIME_INITIAL,TIME_REFINE,TIME_TEST,random_test_predictions_ratings,good_test_predictions_ratings,hypers,redisplay_check,arbitrary_check
0,610c513e-f2f0-4014-9b23-9caaf97c83e2,5.0-og-ar-dresses10,2.0,A1C1A02LRDH4CV,Completed,1,40,41,15,10.071573257446289,211.39341115951538,77.04775619506836,"{84: (0.31328186736631114, 0.8), 407: (0.04479228347616657, 0.3999999999999999), 751: (-0.007464569792872397, -0.4), 723: (0.3695320802493501, 0.3999999999999999), 455: (0.4525066827330788, 0.19999999999999996), 561: (0.3957530916246576, 0.19999999999999996), 252: (0.20640561884043054, -0.4), 715: (0.1289021824907434, -0.19999999999999996), 354: (0.33309952739881604, -0.19999999999999996), 295: (-0.0997343630659515, -0.4)}","{102: (0.6318147327677923, 0.19999999999999996), 132: (0.6314158033475068, 0.3999999999999999), 538: (0.6254299703376303, 0.3999999999999999), 442: (0.6155976087809786, 0.19999999999999996), 391: (0.5913185569866628, 0.6000000000000001)}","{'noise': 0.45741341692867404, 'amp': 1, 'ls': 0.5840995481742202}","[(0.0, -0.19999999999999996)]",[]
