impression,user_id,app_version,model_version,mturk_id,status,NUM_INITIAL_RATINGS,NUM_REFINE_RATINGS,TOTAL_TRAINING_RATINGS,NUM_TEST_RATINGS,TIME_INITIAL,TIME_REFINE,TIME_TEST,random_test_predictions_ratings,good_test_predictions_ratings,hypers,redisplay_check,arbitrary_check
0,613aa632-4a30-43d6-b09b-f94bb90a41fb,5.0-og-ar-dresses10,2.0,A1AZTE5W2MF1TU,Completed,1,50,51,15,25.243208646774292,365.4355435371399,99.30157947540283,"{15: (-0.8760661124046627, -0.8), 747: (-0.4423036908783433, -0.8), 307: (-0.25862126471721175, 1.0), 149: (0.2262446883825276, 0.3999999999999999), 569: (-0.43612348489405656, 0.3999999999999999), 526: (0.021932844472696056, -0.8), 187: (-0.42608933063021975, -0.4), 680: (0.45438272890742176, 1.0), 353: (-0.5824256480396164, 0.6000000000000001), 114: (0.28032839463613207, 0.3999999999999999)}","{412: (0.7300295613228023, -0.19999999999999996), 786: (0.694819151660079, 1.0), 642: (0.6399586124059164, 1.0), 592: (0.6379689984091195, 0.6000000000000001), 208: (0.6232765064899908, 0.6000000000000001)}","{'noise': 0.30294948632582624, 'amp': 1, 'ls': 0.5727418264384448}","[(-0.8, 0.6000000000000001)]",[]
