impression,user_id,app_version,model_version,mturk_id,status,NUM_INITIAL_RATINGS,NUM_REFINE_RATINGS,TOTAL_TRAINING_RATINGS,NUM_TEST_RATINGS,TIME_INITIAL,TIME_REFINE,TIME_TEST,random_test_predictions_ratings,good_test_predictions_ratings,hypers,redisplay_check,arbitrary_check
0,61f3d67c-fa99-4204-bda8-81137c951401,5.0-og-ar-dresses10,2.0,AMELYCC59JKB0,Completed,1,20,21,15,6.101472616195679,132.77069926261902,87.53083634376526,"{285: (0.0465277220380278, -0.4), 451: (0.30871369378377456, 0.19999999999999996), 419: (0.418086731405734, -0.6), 461: (0.23400704326526495, 0.8), 372: (0.09530274919795209, -0.8), 705: (0.32358309997207757, -0.4), 440: (-0.3037133057729636, 0.7), 493: (-0.07862778604578809, 0.5), 107: (0.028663463128312416, 0.0), 96: (-0.06862640848941856, 0.19999999999999996)}","{607: (0.6372921055029686, 1.0), 383: (0.6011605766542742, 0.7), 486: (0.5890382470539497, -0.4), 418: (0.581648079030173, 0.5), 517: (0.5786958610230435, -0.5)}","{'noise': 0.42644476538380693, 'amp': 1, 'ls': 0.619949758070274}","[(0.7, 0.19999999999999996)]",[]
