impression,user_id,app_version,model_version,mturk_id,status,NUM_INITIAL_RATINGS,NUM_REFINE_RATINGS,TOTAL_TRAINING_RATINGS,NUM_TEST_RATINGS,TIME_INITIAL,TIME_REFINE,TIME_TEST,random_test_predictions_ratings,good_test_predictions_ratings,hypers,redisplay_check,arbitrary_check
0,6343047c-e0c3-4596-9c8e-16e0b5af4dcb,5.0-og-ar-dresses10,2.0,A1XBWSV6TWJUU8,Completed,1,30,31,15,3.8826682567596436,113.81770706176758,38.978925943374634,"{20: (-0.1395676392086342, 0.6000000000000001), 706: (-0.08191743061287401, 0.0), 312: (-0.127712213300659, -0.19999999999999996), 745: (0.09862843285791202, 1.0), 508: (0.2472451052482748, 0.6000000000000001), 531: (0.06109094793733523, 0.6000000000000001), 451: (0.21215838788230273, 0.3999999999999999), 511: (0.05068800590758307, 0.19999999999999996), 681: (-0.056321767611361845, -0.19999999999999996), 96: (0.0877715470306265, 0.3999999999999999)}","{290: (0.7334884439718145, 1.0), 663: (0.6856637826915322, 1.0), 137: (0.6507445852143956, 0.19999999999999996), 336: (0.6498929557140823, 0.8), 78: (0.6240287566001363, 0.8)}","{'noise': 0.3332924663822972, 'amp': 1, 'ls': 0.5154359113488498}","[(1.0, 0.8)]",[]
