impression,user_id,app_version,model_version,mturk_id,status,NUM_INITIAL_RATINGS,NUM_REFINE_RATINGS,TOTAL_TRAINING_RATINGS,NUM_TEST_RATINGS,TIME_INITIAL,TIME_REFINE,TIME_TEST,random_test_predictions_ratings,good_test_predictions_ratings,hypers,redisplay_check,arbitrary_check
0,63edbe88-bd4d-4817-aac2-d4383d8f7f23,5.0-og-ar-dresses10,2.0,A1ZLLYRW6GIVC7,Completed,1,50,51,15,3.983154535293579,240.07341957092285,58.119003772735596,"{770: (0.34101065208427156, -0.019999999999999907), 476: (-0.3592021560168441, 0.10000000000000009), 349: (0.3599107894068144, 0.3800000000000001), 188: (0.1841441490259841, 0.0), 399: (-0.24534041779863186, 0.11999999999999988), 646: (0.37215151531138907, 0.3599999999999999), 434: (0.25273713411857507, 0.15999999999999992), 392: (-0.11605796073401999, -0.30000000000000004), 97: (0.6145397294078409, 0.78), 549: (0.5359179284582863, 0.31999999999999984)}","{471: (0.9161827571516014, 0.24), 25: (0.9049562325234664, 0.56), 345: (0.8997598158190384, 0.98), 767: (0.82483966822339, 0.8), 510: (0.8245567302722772, 0.94)}","{'noise': 0.6061361810920286, 'amp': 1, 'ls': 0.848947455497316}","[(0.0, 0.15999999999999992)]",[]
