impression,user_id,app_version,model_version,mturk_id,status,NUM_INITIAL_RATINGS,NUM_REFINE_RATINGS,TOTAL_TRAINING_RATINGS,NUM_TEST_RATINGS,TIME_INITIAL,TIME_REFINE,TIME_TEST,random_test_predictions_ratings,good_test_predictions_ratings,hypers,redisplay_check,arbitrary_check
0,6532f486-6059-47c8-942a-be3c39a4bf6b,5.0-og-ar-dresses10,2.0,A2H557RQ3T3LPX,Completed,1,40,41,15,47.84683442115784,1276.0709445476532,664.9302847385406,"{293: (0.27876796441737817, 0.0), 190: (0.7997855354373743, 1.0), 628: (0.5756629181021709, 1.0), 96: (0.24440728706438847, 0.7), 371: (0.6584774970467038, 1.0), 806: (0.34716995245274057, -0.19999999999999996), 461: (0.7994498971855298, 1.0), 297: (0.7755202453260079, 0.8), 419: (0.5012149211177974, 0.6000000000000001), 196: (0.4157695702416714, -0.09999999999999998)}","{150: (0.9804468387328613, 1.0), 520: (0.9793743352699826, 1.0), 165: (0.9686038037209392, 1.0), 355: (0.9597168863501276, 1.0), 214: (0.9591940600378607, 1.0)}","{'noise': 0.7465274469585594, 'amp': 1, 'ls': 0.9331932032962682}","[(1.0, 1.0)]",[]
