impression,user_id,app_version,model_version,mturk_id,status,NUM_INITIAL_RATINGS,NUM_REFINE_RATINGS,TOTAL_TRAINING_RATINGS,NUM_TEST_RATINGS,TIME_INITIAL,TIME_REFINE,TIME_TEST,random_test_predictions_ratings,good_test_predictions_ratings,hypers,redisplay_check,arbitrary_check
0,6622c0cc-387a-4f31-a3e9-e8c22d74d9e9,5.0-og-ar-dresses10,2.0,A1N35VV9QURKHX,Completed,1,50,51,15,10.441717863082886,299.77647376060486,98.3123779296875,"{367: (0.2369173914244017, 0.5), 786: (-0.09120577966613236, 0.30000000000000004), 804: (-0.17557109525780898, 0.19999999999999996), 269: (-0.046147523321578454, 0.15999999999999992), 713: (0.05098431514766398, 0.3999999999999999), 515: (-0.12185400262423227, 0.3599999999999999), 384: (0.25594693580601546, 0.19999999999999996), 300: (-0.09135728615267433, 0.0), 330: (0.16398962287697466, 0.8999999999999999), 658: (-0.0607647048722319, 0.6000000000000001)}","{60: (0.505237279774227, 0.6000000000000001), 230: (0.46467151124041667, 0.56), 167: (0.4506653636656038, 0.19999999999999996), 432: (0.4501060504315036, 0.3999999999999999), 390: (0.44109463403284166, 0.19999999999999996)}","{'noise': 0.7036673637565936, 'amp': 1, 'ls': 0.8645548278009786}","[(0.3999999999999999, 0.5)]",[]
