impression,user_id,app_version,model_version,mturk_id,status,NUM_INITIAL_RATINGS,NUM_REFINE_RATINGS,TOTAL_TRAINING_RATINGS,NUM_TEST_RATINGS,TIME_INITIAL,TIME_REFINE,TIME_TEST,random_test_predictions_ratings,good_test_predictions_ratings,hypers,redisplay_check,arbitrary_check
0,6693e355-b1dc-4f45-bedb-ba2f52dea122,5.0-og-ar-dresses10,2.0,A3POD149IG0DIW,Completed,1,20,21,15,11.159027814865112,112.53041553497314,98.87881755828857,"{579: (-0.640288780945077, -1.0), 596: (-0.7516101058282532, -0.6), 626: (-0.8568262829087834, -1.0), 225: (-0.7018501213238995, -1.0), 129: (-0.7213884956987828, -0.8), 346: (-0.9480265341384357, -1.0), 810: (-0.922476912535048, -0.6), 127: (-0.6870785431368907, -1.0), 710: (-0.9351544988290761, -0.8), 720: (-0.651043594122981, -1.0)}","{681: (-0.2290553439805153, -0.6), 798: (-0.23836113134466963, -1.0), 54: (-0.27035991698861245, -1.0), 695: (-0.2827162226050583, -1.0), 617: (-0.3341490555717514, -1.0)}","{'noise': 0.2547675114024776, 'amp': 1, 'ls': 0.5096874708693222}","[(-1.0, -1.0)]",[]
