impression,user_id,app_version,model_version,mturk_id,status,NUM_INITIAL_RATINGS,NUM_REFINE_RATINGS,TOTAL_TRAINING_RATINGS,NUM_TEST_RATINGS,TIME_INITIAL,TIME_REFINE,TIME_TEST,random_test_predictions_ratings,good_test_predictions_ratings,hypers,redisplay_check,arbitrary_check
0,68bc8432-d1ce-4d8f-b57c-f184bb6766a0,5.0-og-ar-dresses10,2.0,A29GJGXFU9BQQG,Completed,1,20,21,15,15.141854524612427,80.58712410926819,65.34953498840332,"{234: (-0.5107931473578697, -0.6), 614: (-0.5985207334254222, -0.8), 232: (-0.7609342745564969, -1.0), 13: (-0.5891090626226541, -0.4), 646: (-0.7144737408153744, -0.4), 723: (-0.729013957548422, -0.8), 463: (-0.7400241393787721, -0.8), 392: (-0.5303801244772264, -0.4), 225: (-0.6748173119339197, -0.6), 94: (-0.7995872635198287, -0.6)}","{726: (-0.11333281603065459, -0.4), 207: (-0.12337199643747265, -0.6), 214: (-0.12493724026926778, -0.19999999999999996), 523: (-0.1250450776907408, -0.19999999999999996), 355: (-0.13099396156431753, -0.19999999999999996)}","{'noise': 0.2768931731819641, 'amp': 1, 'ls': 0.5625477498337157}","[(-0.6, -0.6)]",[]
