impression,user_id,app_version,model_version,mturk_id,status,NUM_INITIAL_RATINGS,NUM_REFINE_RATINGS,TOTAL_TRAINING_RATINGS,NUM_TEST_RATINGS,TIME_INITIAL,TIME_REFINE,TIME_TEST,random_test_predictions_ratings,good_test_predictions_ratings,hypers,redisplay_check,arbitrary_check
0,690b49ce-ec9d-43db-9b38-dc6b8e07cfd1,5.0-og-ar-dresses10,2.0,ATKNH6OR2G11O,Completed,1,30,31,15,7.069411039352417,142.0827021598816,71.56358575820923,"{403: (-0.1645139466151079, -0.6), 556: (-0.22184833761737363, -0.6), 625: (-0.4717025092054584, -0.4), 526: (-0.09066232186145715, 0.3999999999999999), 19: (-0.5466746362811006, 0.0), 256: (-0.20591687291192448, -0.6), 604: (-0.2755124194092019, -0.8), 74: (-0.7087962147020679, -0.6), 146: (-0.3322941443557977, -0.4), 275: (-0.11571460191386748, -0.4)}","{212: (0.5509971387042525, -0.19999999999999996), 301: (0.5315347689755237, 0.3999999999999999), 121: (0.46123932478414575, 0.19999999999999996), 768: (0.42011776319062444, 0.6000000000000001), 201: (0.38702411120123137, -0.4)}","{'noise': 0.5637972824763451, 'amp': 1, 'ls': 0.7667313697276539}","[(-0.6, -0.6)]",[]
