impression,user_id,app_version,model_version,mturk_id,status,NUM_INITIAL_RATINGS,NUM_REFINE_RATINGS,TOTAL_TRAINING_RATINGS,NUM_TEST_RATINGS,TIME_INITIAL,TIME_REFINE,TIME_TEST,random_test_predictions_ratings,good_test_predictions_ratings,hypers,redisplay_check,arbitrary_check
0,6e812073-ce78-4661-8f99-0c874dec2775,5.0-og-ar-dresses10,2.0,A3KVIZLKSASAES,Completed,1,50,51,15,66.49669671058655,857.0602643489838,221.25428533554077,"{128: (0.5454126605968659, 0.7600000000000002), 308: (0.6639147707262794, 0.56), 476: (0.6350414715422174, 0.6000000000000001), 140: (0.6010776048918757, 0.3999999999999999), 641: (0.593748812868163, 0.78), 281: (0.6195852644625505, 0.6000000000000001), 90: (0.6283323674508596, 0.56), 103: (0.6427267843393976, 0.9600000000000002), 606: (0.6191212762010289, 0.6000000000000001), 367: (0.5125236502979887, 0.3999999999999999)}","{318: (0.8826352239578694, 0.9600000000000002), 276: (0.875498000131015, 0.6000000000000001), 72: (0.8488761811149019, 0.3999999999999999), 36: (0.8459196914463498, 0.9600000000000002), 206: (0.8273814350253186, 0.6000000000000001)}","{'noise': 0.40625082985420874, 'amp': 1, 'ls': 0.4375756260767292}","[(0.9600000000000002, 0.9600000000000002)]",[]
