impression,user_id,app_version,model_version,mturk_id,status,NUM_INITIAL_RATINGS,NUM_REFINE_RATINGS,TOTAL_TRAINING_RATINGS,NUM_TEST_RATINGS,TIME_INITIAL,TIME_REFINE,TIME_TEST,random_test_predictions_ratings,good_test_predictions_ratings,hypers,redisplay_check,arbitrary_check
0,6f530f77-4dab-449f-91cf-10d87798d6f2,5.0-og-ar-dresses10,2.0,AKSJ3C5O3V9RB,Completed,1,40,41,15,11.927490711212158,189.91574716567993,391.8953323364258,"{526: (0.12656673784906408, -0.19999999999999996), 512: (-0.05619440135417189, -0.8), 217: (0.061364393728001426, -0.6), 311: (0.04685615966111818, -0.6), 566: (0.07184485164660412, -0.19999999999999996), 698: (0.0025486760678197743, -0.8), 790: (-0.060770516860890446, -0.8), 601: (0.0822754715273941, -0.19999999999999996), 82: (0.0797009728765313, 0.0), 706: (0.04564921795750488, 0.3999999999999999)}","{309: (0.4921668700100212, -0.8), 376: (0.4417612907236069, -0.8), 353: (0.3938762823493989, -0.8), 533: (0.3867347235209355, 0.19999999999999996), 552: (0.38289870138073095, -0.4)}","{'noise': 0.3260355596808752, 'amp': 1, 'ls': 0.3793501378654852}","[(0.19999999999999996, -0.19999999999999996)]",[]
