impression,user_id,app_version,model_version,mturk_id,status,NUM_INITIAL_RATINGS,NUM_REFINE_RATINGS,TOTAL_TRAINING_RATINGS,NUM_TEST_RATINGS,TIME_INITIAL,TIME_REFINE,TIME_TEST,random_test_predictions_ratings,good_test_predictions_ratings,hypers,redisplay_check,arbitrary_check
0,6ffecb2e-2169-4eb8-a6f6-961d5557f413,5.0-og-ar-dresses10,2.0,A1KZ0KE93WNN5O,Completed,1,50,51,15,11.839859247207642,247.04902935028076,64.28989815711975,"{78: (0.13468335912942392, 0.6000000000000001), 31: (-0.09033237725717108, -1.0), 597: (0.47655320596073125, 0.6000000000000001), 66: (0.1909021503331605, 0.6000000000000001), 5: (-0.2494020740301072, 0.6000000000000001), 89: (0.06648219040136344, 0.6000000000000001), 436: (-0.01670477905936723, 0.6000000000000001), 360: (0.33386244888845573, 0.3999999999999999), 542: (0.09916673823282912, 1.0), 463: (0.2002482537428479, 0.3999999999999999)}","{641: (0.7520079082321388, 0.6000000000000001), 694: (0.7168115060320919, 1.0), 270: (0.7015219011795129, 1.0), 419: (0.6931994719423095, 0.3999999999999999), 235: (0.682562094738826, 1.0)}","{'noise': 0.6509073286407057, 'amp': 1, 'ls': 0.69021732046839}","[(0.6000000000000001, 0.6000000000000001)]",[]
