impression,user_id,app_version,model_version,mturk_id,status,NUM_INITIAL_RATINGS,NUM_REFINE_RATINGS,TOTAL_TRAINING_RATINGS,NUM_TEST_RATINGS,TIME_INITIAL,TIME_REFINE,TIME_TEST,random_test_predictions_ratings,good_test_predictions_ratings,hypers,redisplay_check,arbitrary_check
0,71b05b0d-bc25-4b7c-97fa-9482d353ed2e,5.0-og-ar-dresses10,2.0,A2OVX9UW5WANQE,Completed,1,50,51,15,9.590298175811768,144.0213303565979,36.258514165878296,"{274: (0.17591625891560106, 0.0), 256: (0.13389706299936602, 0.3999999999999999), 561: (0.17663484212895897, -0.4), 584: (0.12926208147516877, 0.3999999999999999), 579: (0.1645291140319352, 0.19999999999999996), 436: (0.17794168657052073, 0.3999999999999999), 65: (0.25266054617229244, 0.3999999999999999), 727: (0.39146823899758076, 0.6000000000000001), 750: (0.17517257711961706, 0.19999999999999996), 644: (0.18623307665724645, 0.6000000000000001)}","{71: (0.5533861736795197, 0.6000000000000001), 142: (0.5261103100605733, -0.19999999999999996), 382: (0.5014305614721739, 0.19999999999999996), 785: (0.4862096749626569, 0.3999999999999999), 113: (0.4612379097918783, 0.3999999999999999)}","{'noise': 0.3333926434806464, 'amp': 1, 'ls': 0.4356542036445753}","[(0.3999999999999999, 0.19999999999999996)]",[]
