impression,user_id,app_version,model_version,mturk_id,status,NUM_INITIAL_RATINGS,NUM_REFINE_RATINGS,TOTAL_TRAINING_RATINGS,NUM_TEST_RATINGS,TIME_INITIAL,TIME_REFINE,TIME_TEST,random_test_predictions_ratings,good_test_predictions_ratings,hypers,redisplay_check,arbitrary_check
0,72bfdc20-dd59-4827-bc3b-18972ee392f9,5.0-og-ar-dresses10,2.0,A28N6JLL27UDDX,Completed,1,50,51,15,25.744620084762573,323.29224014282227,97.97113418579102,"{657: (-0.5263912853772686, -0.8), 224: (-0.21312628269188005, -0.4), 364: (-0.5262291702502727, -0.19999999999999996), 741: (-0.13379987248278086, 0.3999999999999999), 242: (-0.38345877616108737, -0.6), 134: (-0.4804932473497474, -0.4), 324: (-0.40527152028466273, 0.19999999999999996), 169: (-0.4577268968709461, -0.8), 250: (-0.19235266455024727, -0.19999999999999996), 300: (-0.2291959539762177, -0.6)}","{596: (0.5404588778678376, -0.4), 670: (0.5028557003575975, 0.0), 591: (0.48645497298818, 0.19999999999999996), 664: (0.4615020348941871, -0.4), 108: (0.44214412341987747, 0.3999999999999999)}","{'noise': 0.33550766209183586, 'amp': 1, 'ls': 0.5742403539254076}","[(-0.6, -0.6)]",[]
