impression,user_id,app_version,model_version,mturk_id,status,NUM_INITIAL_RATINGS,NUM_REFINE_RATINGS,TOTAL_TRAINING_RATINGS,NUM_TEST_RATINGS,TIME_INITIAL,TIME_REFINE,TIME_TEST,random_test_predictions_ratings,good_test_predictions_ratings,hypers,redisplay_check,arbitrary_check
0,73078330-c2d6-497b-a3c8-da00587e18d3,5.0-og-ar-dresses10,2.0,A2H8PEGI28NKZD,Completed,1,20,21,15,8.425726413726807,107.69960355758667,72.81628942489624,"{83: (-0.582534159273797, -0.8), 663: (0.0549424532699308, -0.19999999999999996), 103: (0.006613110069641107, 0.0), 630: (-0.367317292576093, -0.6), 731: (-0.12430970951735686, -0.4), 516: (-0.20079220264472103, -0.4), 386: (0.3344596467736658, 0.3999999999999999), 652: (-0.12877168987928722, 0.0), 688: (0.017793446251696696, 0.0), 495: (0.07782603903048044, -0.19999999999999996)}","{677: (0.4922494123952535, 0.3999999999999999), 543: (0.47724802253262727, 0.3999999999999999), 632: (0.4735673147203018, 0.0), 573: (0.4456220167620759, 0.3999999999999999), 362: (0.43944472599003254, 0.0)}","{'noise': 0.27419807086891046, 'amp': 1, 'ls': 0.6108534712865055}","[(0.19999999999999996, 0.3999999999999999)]",[]
