impression,user_id,app_version,model_version,mturk_id,status,NUM_INITIAL_RATINGS,NUM_REFINE_RATINGS,TOTAL_TRAINING_RATINGS,NUM_TEST_RATINGS,TIME_INITIAL,TIME_REFINE,TIME_TEST,random_test_predictions_ratings,good_test_predictions_ratings,hypers,redisplay_check,arbitrary_check
0,75daf941-4789-455f-983a-2b5288d8d3c0,5.0-og-ar-dresses10,2.0,A314KKX6ONDO9O,Completed,1,20,21,15,7.7547430992126465,174.0793833732605,119.27570223808289,"{770: (-0.1319718016870954, 0.0), 563: (0.009068226954437889, 0.6000000000000001), 631: (0.0009745442802823884, 0.19999999999999996), 596: (0.09184128431559621, 0.3999999999999999), 335: (-0.06840440729656987, -0.6), 745: (0.13891858239145438, 0.6000000000000001), 119: (-0.22436370869377528, 0.8), 399: (0.11519503939834805, 0.19999999999999996), 640: (0.12844363956993238, 0.19999999999999996), 773: (-0.39304152093107764, 0.0)}","{727: (0.4847141581586496, 0.3999999999999999), 676: (0.4746025098330168, 0.8), 383: (0.4436208954962655, 0.3999999999999999), 607: (0.4366596680436406, 0.8), 418: (0.3891911468204734, 0.0)}","{'noise': 0.2590318409460229, 'amp': 1, 'ls': 0.5971596319491906}","[(0.3999999999999999, 0.3999999999999999)]",[]
