impression,user_id,app_version,model_version,mturk_id,status,NUM_INITIAL_RATINGS,NUM_REFINE_RATINGS,TOTAL_TRAINING_RATINGS,NUM_TEST_RATINGS,TIME_INITIAL,TIME_REFINE,TIME_TEST,random_test_predictions_ratings,good_test_predictions_ratings,hypers,redisplay_check,arbitrary_check
0,78130d1d-cd1b-423b-b5b4-9543cc225079,5.0-og-ar-dresses10,2.0,A1BJFYHXK6YDX1,Completed,1,30,31,15,17.921926259994507,259.89000701904297,157.33903884887695,"{585: (-0.40340541910625166, -0.6), 85: (-0.5296434591286859, -0.6), 348: (-0.6340685031084567, -0.8), 403: (-0.5690072202988029, -0.6799999999999999), 230: (-0.47283028686856293, -0.6799999999999999), 283: (-0.37260450831554937, -0.4), 622: (-0.6047355071759906, -0.62), 215: (-0.6377741751255857, -0.7), 374: (-0.5750027019276674, -0.6), 187: (-0.6950775946711586, -0.8)}","{18: (-0.17599660933773187, -0.58), 533: (-0.19821513911194638, -0.8), 457: (-0.23730396612382737, -0.6), 765: (-0.26222332070749266, -0.6), 773: (-0.27187651106429384, -0.4)}","{'noise': 0.32173148130387347, 'amp': 1, 'ls': 0.46465961260043326}","[(-0.72, -0.6)]",[]
