impression,user_id,app_version,model_version,mturk_id,status,NUM_INITIAL_RATINGS,NUM_REFINE_RATINGS,TOTAL_TRAINING_RATINGS,NUM_TEST_RATINGS,TIME_INITIAL,TIME_REFINE,TIME_TEST,random_test_predictions_ratings,good_test_predictions_ratings,hypers,redisplay_check,arbitrary_check
0,78ba23a8-fc8f-47e5-9ef9-12cc20665b36,5.0-og-ar-dresses10,2.0,A1NGUY5K6K1HIV,Completed,1,40,41,15,27.958816528320312,412.13706493377686,167.1993384361267,"{669: (-0.42234250360756903, -0.19999999999999996), 526: (-0.35791154977145745, -0.6), 710: (-0.30657084271628376, -0.19999999999999996), 665: (-0.21278738051548796, -0.4), 190: (-0.04481767461961805, -0.4), 156: (-0.08989660927222759, -0.4), 453: (-0.21991737461394192, -0.19999999999999996), 385: (-0.48644711847381833, -0.4), 382: (-0.28783698553069437, -0.4), 351: (0.05171526943949828, -0.19999999999999996)}","{596: (0.11687243017389298, 0.0), 723: (0.10659961743172269, -0.4), 721: (0.10326838727396331, -0.19999999999999996), 174: (0.09410175197265713, -0.6), 208: (0.08739704877798121, 0.0)}","{'noise': 0.4221211773441923, 'amp': 1, 'ls': 0.5887940174951456}","[(-0.6, -0.6)]",[]
