impression,user_id,app_version,model_version,mturk_id,status,NUM_INITIAL_RATINGS,NUM_REFINE_RATINGS,TOTAL_TRAINING_RATINGS,NUM_TEST_RATINGS,TIME_INITIAL,TIME_REFINE,TIME_TEST,random_test_predictions_ratings,good_test_predictions_ratings,hypers,redisplay_check,arbitrary_check
0,7934de56-7b4f-4bf5-9dfa-de860477a114,5.0-og-ar-dresses10,2.0,A1VAZ4O0J5QD7S,Completed,1,30,31,15,6.834214687347412,179.6928367614746,285.3432674407959,"{313: (0.3983688935285347, 0.3999999999999999), 671: (-0.10250107598530579, 0.3999999999999999), 500: (0.15685811144995612, 0.3999999999999999), 206: (0.008728918420751863, -0.19999999999999996), 569: (0.10606390977746673, 0.0), 437: (0.3210279099879558, 0.0), 399: (-0.12153540594467506, 0.0), 717: (0.07753422277769585, 0.6000000000000001), 786: (0.10401115325392234, 0.19999999999999996), 229: (-0.1254523246923348, 0.0)}","{68: (0.4297844614073833, 0.3999999999999999), 218: (0.42099413057688523, 0.19999999999999996), 325: (0.41646071905009047, 0.0), 321: (0.41090432801747945, 0.8), 222: (0.4108051756269772, -0.6)}","{'noise': 0.3062189877093821, 'amp': 1, 'ls': 0.4773621975025433}","[(0.0, 0.3999999999999999)]",[]
