impression,user_id,app_version,model_version,mturk_id,status,NUM_INITIAL_RATINGS,NUM_REFINE_RATINGS,TOTAL_TRAINING_RATINGS,NUM_TEST_RATINGS,TIME_INITIAL,TIME_REFINE,TIME_TEST,random_test_predictions_ratings,good_test_predictions_ratings,hypers,redisplay_check,arbitrary_check
0,79fc5da4-dd22-4461-8a1d-3da74268fa2c,5.0-og-ar-dresses10,2.0,A1JWKT0IS06YKL,Completed,1,20,21,15,8.406740188598633,126.31262922286987,84.82448387145996,"{130: (-0.5569450433660807, 0.6000000000000001), 613: (0.0013307868905146625, 0.0), 319: (-0.29791243003854734, 0.0), 133: (0.34797016591378643, 0.3999999999999999), 472: (0.2485352832761754, 0.0), 687: (-0.636392311155144, 0.0), 545: (-0.22466644159678628, 0.3999999999999999), 237: (-0.10753409629831519, -0.6), 339: (-0.8403998884830639, 0.0), 334: (-0.7297262673991038, -0.6)}","{111: (0.5862734890364873, 0.3999999999999999), 9: (0.5523079698644642, 0.8), 523: (0.5479765449850331, 0.6000000000000001), 18: (0.5240110847554735, 0.0), 306: (0.5175285230061957, 0.8)}","{'noise': 0.23409998312370542, 'amp': 1, 'ls': 0.7250787406506543}","[(-0.8, -0.6)]",[]
