impression,user_id,app_version,model_version,mturk_id,status,NUM_INITIAL_RATINGS,NUM_REFINE_RATINGS,TOTAL_TRAINING_RATINGS,NUM_TEST_RATINGS,TIME_INITIAL,TIME_REFINE,TIME_TEST,random_test_predictions_ratings,good_test_predictions_ratings,hypers,redisplay_check,arbitrary_check
0,7ab563a5-f4ef-4528-8ce1-98ed5d5ff5c0,5.0-og-ar-dresses10,2.0,AKLG79EPGKTDP,Completed,1,30,31,15,4.137499809265137,99.28640031814575,60.35067915916443,"{561: (0.41345387973773373, -0.94), 380: (0.002401401257664887, 0.54), 256: (0.4130002575072492, 0.72), 204: (0.034148451642735576, 0.26), 147: (-0.06602089736464645, 0.21999999999999997), 116: (0.1825257850449098, -0.64), 93: (0.24315096648060025, -0.30000000000000004), 683: (0.07658894508274838, 0.0), 602: (0.11941294520493508, -0.36), 600: (-0.45740843905291245, -0.76)}","{704: (0.6622629074270346, 0.43999999999999995), 490: (0.6249832199384737, 1.0), 274: (0.5778778536586592, -0.05999999999999994), 208: (0.577492605369403, -0.28), 713: (0.5423887900566541, 0.14000000000000012)}","{'noise': 0.5082188340197303, 'amp': 1, 'ls': 0.5612951346826943}","[(-0.4, 0.26)]",[]
