impression,user_id,app_version,model_version,mturk_id,status,NUM_INITIAL_RATINGS,NUM_REFINE_RATINGS,TOTAL_TRAINING_RATINGS,NUM_TEST_RATINGS,TIME_INITIAL,TIME_REFINE,TIME_TEST,random_test_predictions_ratings,good_test_predictions_ratings,hypers,redisplay_check,arbitrary_check
0,7da4bb1e-067c-4e1c-a45d-e486b6b66616,5.0-og-ar-dresses10,2.0,A2WTTEGP6KM17,Completed,1,50,51,15,8.336283445358276,306.80905199050903,86.4565360546112,"{808: (-0.9272941914754378, -1.0), 460: (-0.34045275614550813, -0.6), 605: (-0.8870740897194593, -1.0), 588: (-0.9553057862409355, -1.0), 382: (-0.1470861943952666, -1.0), 507: (-0.2626916110852234, 0.19999999999999996), 518: (-0.8531553223879274, -1.0), 311: (-0.7072374555385383, 0.6000000000000001), 664: (-0.8215804383733754, -1.0), 546: (-0.8133033594684758, -1.0)}","{486: (0.17700460883357505, -1.0), 517: (0.12887740692421745, -1.0), 24: (0.07538143517725127, -1.0), 238: (0.07456690004955646, 0.6000000000000001), 493: (0.04753286187492778, -1.0)}","{'noise': 0.2594773905625052, 'amp': 1, 'ls': 0.463220727411637}","[(-1.0, -1.0)]",[]
