impression,user_id,app_version,model_version,mturk_id,status,NUM_INITIAL_RATINGS,NUM_REFINE_RATINGS,TOTAL_TRAINING_RATINGS,NUM_TEST_RATINGS,TIME_INITIAL,TIME_REFINE,TIME_TEST,random_test_predictions_ratings,good_test_predictions_ratings,hypers,redisplay_check,arbitrary_check
0,7e28d9b8-1f4d-4189-9834-ac4bb2ff4525,5.0-og-ar-dresses10,2.0,A2LW7MR7OP748L,Completed,1,50,51,15,12.350013732910156,223.74531650543213,58.140894651412964,"{547: (-0.22841831839428944, 0.0), 29: (-0.013923559850485418, -0.19999999999999996), 542: (0.27339281471651955, 0.19999999999999996), 95: (-0.10037394473033859, -0.19999999999999996), 493: (0.17436178298871488, 0.6000000000000001), 487: (-0.44344557048551153, -0.4), 351: (0.1547404956797713, 0.6000000000000001), 676: (0.22425509880671585, 0.0), 585: (0.3495441404515916, 0.3999999999999999), 148: (0.1700594732422748, 0.0)}","{527: (0.5381560474784032, 0.8), 611: (0.49362154057014046, 0.3999999999999999), 198: (0.471081605654168, 0.6000000000000001), 184: (0.44090024454571264, 0.3999999999999999), 765: (0.43870289856244826, 0.8)}","{'noise': 0.5250846100438745, 'amp': 1, 'ls': 0.6304777024928124}","[(0.3999999999999999, 0.3999999999999999)]",[]
