impression,user_id,app_version,model_version,mturk_id,status,NUM_INITIAL_RATINGS,NUM_REFINE_RATINGS,TOTAL_TRAINING_RATINGS,NUM_TEST_RATINGS,TIME_INITIAL,TIME_REFINE,TIME_TEST,random_test_predictions_ratings,good_test_predictions_ratings,hypers,redisplay_check,arbitrary_check
0,802312c0-0c9a-418f-b96d-86a59d7615b4,5.0-og-ar-dresses10,2.0,A360G2OGSCY9ME,Completed,1,20,21,15,6.554104328155518,78.57833504676819,49.531771421432495,"{736: (-0.22899530531352846, 0.6000000000000001), 474: (0.15723394627450082, 0.3999999999999999), 269: (0.08851015298529077, 0.19999999999999996), 133: (0.28119074490815094, 0.19999999999999996), 349: (0.2703840946946311, 0.6000000000000001), 604: (-0.16272253716008261, 0.19999999999999996), 596: (-0.30928240065453066, 0.0), 253: (0.04635150197085926, 0.8), 612: (0.07178134835030116, 0.6000000000000001), 646: (0.10672051366709326, 0.3999999999999999)}","{67: (0.6025986477416245, 0.19999999999999996), 643: (0.582463882105694, 0.3999999999999999), 272: (0.5811241750974052, 0.0), 31: (0.5803149562631083, 0.3999999999999999), 172: (0.5788926904100864, 0.3999999999999999)}","{'noise': 0.280481810619019, 'amp': 1, 'ls': 0.6086767018107382}","[(0.19999999999999996, 0.0)]",[]
