impression,user_id,app_version,model_version,mturk_id,status,NUM_INITIAL_RATINGS,NUM_REFINE_RATINGS,TOTAL_TRAINING_RATINGS,NUM_TEST_RATINGS,TIME_INITIAL,TIME_REFINE,TIME_TEST,random_test_predictions_ratings,good_test_predictions_ratings,hypers,redisplay_check,arbitrary_check
0,80e61198-a654-40d4-85d2-2c19be9dfc74,5.0-og-ar-dresses10,2.0,A1HXEXQTZCJ1DW,Completed,1,50,51,15,5.683571815490723,193.62135767936707,107.19702529907227,"{811: (-0.37394137084506274, -0.19999999999999996), 694: (-0.00487692890448449, -0.4), 629: (-0.07585732777683377, 0.3999999999999999), 431: (-0.6497409272582573, -0.4), 754: (-0.4130141517044209, -0.4), 646: (-0.475586607365037, -0.6), 304: (-0.4126887928212222, 0.0), 183: (-0.2817515615826311, -0.4), 394: (-0.35596330110144825, -0.6), 261: (-0.15397316118844245, 0.0)}","{407: (0.27673264407738896, -0.19999999999999996), 539: (0.2358236333097687, 0.3999999999999999), 751: (0.22475765308836687, 0.0), 510: (0.21870870679165982, 0.19999999999999996), 190: (0.2182285058661788, 0.0)}","{'noise': 0.33485160650922857, 'amp': 1, 'ls': 0.46549537765764326}","[(0.0, 0.19999999999999996)]",[]
