impression,user_id,app_version,model_version,mturk_id,status,NUM_INITIAL_RATINGS,NUM_REFINE_RATINGS,TOTAL_TRAINING_RATINGS,NUM_TEST_RATINGS,TIME_INITIAL,TIME_REFINE,TIME_TEST,random_test_predictions_ratings,good_test_predictions_ratings,hypers,redisplay_check,arbitrary_check
0,82b0a00d-4254-42aa-b99a-db7f3bfab372,5.0-og-ar-dresses10,2.0,A2G57M3XD1AIBS,Completed,1,40,41,15,8.327250242233276,179.66126990318298,59.22703409194946,"{426: (-0.18610609909795517, 0.19999999999999996), 432: (-0.46620548591875377, -0.4), 476: (-0.06452987706581323, -0.6), 637: (-0.09236648806085049, -0.19999999999999996), 70: (-0.11280565504040621, 0.6000000000000001), 208: (-0.5593578057319653, 0.0), 606: (-0.12043021435255852, 0.0), 75: (0.38083250235831867, -0.19999999999999996), 738: (-0.4007038394407034, 0.19999999999999996), 754: (0.041293709471351414, -0.6)}","{266: (0.5958465225907523, -0.4), 658: (0.5129531419797085, 0.6000000000000001), 497: (0.4315004580759221, 1.0), 441: (0.4025444307033975, 0.6000000000000001), 212: (0.40129105797054043, 0.6000000000000001)}","{'noise': 0.3538878010245582, 'amp': 1, 'ls': 0.4958481995508778}","[(-0.8, -0.4)]",[]
