impression,user_id,app_version,model_version,mturk_id,status,NUM_INITIAL_RATINGS,NUM_REFINE_RATINGS,TOTAL_TRAINING_RATINGS,NUM_TEST_RATINGS,TIME_INITIAL,TIME_REFINE,TIME_TEST,random_test_predictions_ratings,good_test_predictions_ratings,hypers,redisplay_check,arbitrary_check
0,835db2fa-3ec8-4968-a5c8-aecc4a4b3163,5.0-og-ar-dresses10,2.0,A37T1MVUL5YIC0,Completed,1,20,21,15,9.995554685592651,162.17631483078003,96.12652087211609,"{662: (-0.33809128873160454, -0.8), 661: (0.37255238242160765, 0.0), 566: (0.11812261705340266, 0.6000000000000001), 545: (0.4528477688552177, -0.8), 612: (0.12596553604099628, 0.3999999999999999), 811: (0.7968198503265538, 0.8), 627: (0.26257385364194963, -0.6), 577: (0.05400877444333843, 0.6000000000000001), 474: (0.30193007886836437, -0.8), 235: (0.5794083629334912, 0.6000000000000001)}","{548: (0.974385009774038, 0.8), 139: (0.8768177249016148, -0.8), 198: (0.8739585540614583, 1.0), 578: (0.8737499240732244, 1.0), 504: (0.857618538303762, 0.3999999999999999)}","{'noise': 0.2874424335938488, 'amp': 1, 'ls': 0.5793554994314541}","[(0.3999999999999999, 0.3999999999999999)]",[]
