impression,user_id,app_version,model_version,mturk_id,status,NUM_INITIAL_RATINGS,NUM_REFINE_RATINGS,TOTAL_TRAINING_RATINGS,NUM_TEST_RATINGS,TIME_INITIAL,TIME_REFINE,TIME_TEST,random_test_predictions_ratings,good_test_predictions_ratings,hypers,redisplay_check,arbitrary_check
0,84ce826b-2390-4453-b004-91a9a8fb416c,5.0-og-ar-dresses10,2.0,A3NE9GP4X1AO2P,Completed,1,40,41,15,16.41144609451294,374.78361439704895,133.52335929870605,"{195: (-0.41278132238594595, 0.08000000000000007), 542: (0.38509436527434304, 0.54), 73: (0.30715653309930996, 0.43999999999999995), 262: (-8.47073255462738e-05, -0.14), 531: (0.7688939804742451, 0.19999999999999996), 781: (0.3236531564625868, -0.45999999999999996), 714: (0.20487352820197302, 0.9199999999999999), 406: (0.4641992384441137, 0.8399999999999999), 85: (0.03646284999374888, -0.18000000000000005), 598: (0.15587654290474817, 0.7399999999999998)}","{303: (1.1365197930477466, 0.72), 564: (1.1161245038327663, 0.9600000000000002), 533: (1.105689679971476, 0.6800000000000002), 424: (1.0990003679914637, 0.78), 180: (1.0777923184523206, 0.6399999999999999)}","{'noise': 0.3324658436391819, 'amp': 1, 'ls': 0.6116148563995155}","[(0.48, 0.9600000000000002)]",[]
