impression,user_id,app_version,model_version,mturk_id,status,NUM_INITIAL_RATINGS,NUM_REFINE_RATINGS,TOTAL_TRAINING_RATINGS,NUM_TEST_RATINGS,TIME_INITIAL,TIME_REFINE,TIME_TEST,random_test_predictions_ratings,good_test_predictions_ratings,hypers,redisplay_check,arbitrary_check
0,86363563-a48f-4b84-93d3-c18a704d5922,5.0-og-ar-dresses10,2.0,A9JS7QRURE50M,Completed,1,40,41,15,30.99044680595398,947.1123821735382,475.21423077583313,"{10: (0.7195836812355416, 0.3999999999999999), 805: (0.7100322808050757, 0.8), 493: (0.38819153297059267, 0.8), 279: (0.6074311760223181, 1.0), 560: (0.5975017703674088, 0.6000000000000001), 336: (0.6822533898000903, 1.0), 256: (0.26284084276120356, 0.19999999999999996), 646: (0.5244029018896211, 0.6000000000000001), 553: (0.6082091868679675, 1.0), 396: (0.4124120585549519, 0.6000000000000001)}","{234: (1.0561204084359148, 0.3999999999999999), 141: (0.9821792430529942, 0.8), 597: (0.974578154441325, 1.0), 577: (0.9735354357832278, 0.0), 18: (0.9715242415142517, 0.8)}","{'noise': 0.3369133753378963, 'amp': 1, 'ls': 0.49208277190939625}","[(0.6000000000000001, 0.6000000000000001)]",[]
