impression,user_id,app_version,model_version,mturk_id,status,NUM_INITIAL_RATINGS,NUM_REFINE_RATINGS,TOTAL_TRAINING_RATINGS,NUM_TEST_RATINGS,TIME_INITIAL,TIME_REFINE,TIME_TEST,random_test_predictions_ratings,good_test_predictions_ratings,hypers,redisplay_check,arbitrary_check
0,8663554e-af56-4014-a4d6-f94adacb6ede,5.0-og-ar-dresses10,2.0,A11BJ1CVXRK84G,Completed,1,40,41,15,18.191962718963623,315.266254901886,114.54725670814514,"{214: (0.37486251960517153, -0.6), 350: (0.1683808031034656, -0.8), 415: (-0.1679487450278675, 0.19999999999999996), 111: (0.37588561576431445, -0.6), 535: (-0.03960816708290661, -0.19999999999999996), 62: (0.2547242797482816, -0.19999999999999996), 674: (0.002589204391566194, 0.3999999999999999), 174: (-0.4744296190958294, -0.8), 481: (0.12869476815604658, 0.0), 251: (-0.26187938598727667, 0.19999999999999996)}","{707: (0.7240306998504846, 0.3999999999999999), 219: (0.6596549407187289, 0.0), 33: (0.6456308604637537, -0.8), 238: (0.6440991442923257, 0.6000000000000001), 138: (0.6320658792318959, -0.6)}","{'noise': 0.4967321917389744, 'amp': 1, 'ls': 0.640432017963012}","[(-0.19999999999999996, 0.19999999999999996)]",[]
