impression,user_id,app_version,model_version,mturk_id,status,NUM_INITIAL_RATINGS,NUM_REFINE_RATINGS,TOTAL_TRAINING_RATINGS,NUM_TEST_RATINGS,TIME_INITIAL,TIME_REFINE,TIME_TEST,random_test_predictions_ratings,good_test_predictions_ratings,hypers,redisplay_check,arbitrary_check
0,875326f7-cb88-4f76-9b84-ceb43655bb5c,5.0-og-ar-dresses10,2.0,A1T0ND039EWAVV,Completed,1,30,31,15,8.21760869026184,94.97843837738037,31.09647250175476,"{602: (0.08956234264915887, 0.3999999999999999), 647: (-0.0758731387586121, 0.19999999999999996), 107: (-0.1958595371992186, 0.19999999999999996), 526: (0.2463422384478391, 0.3999999999999999), 522: (0.2653673707628065, 0.19999999999999996), 275: (0.09519671226921186, 0.19999999999999996), 307: (-0.05704360346537071, 0.19999999999999996), 204: (0.17959781411568815, 0.3999999999999999), 156: (0.4076441122634894, 0.6000000000000001), 332: (0.06922233653523807, 0.6000000000000001)}","{266: (0.471676302743646, 0.3999999999999999), 482: (0.4716726510406062, 0.3999999999999999), 135: (0.4667654111455969, 0.19999999999999996), 126: (0.45958859523864226, 0.3999999999999999), 23: (0.45184088174553416, 0.3999999999999999)}","{'noise': 0.2752311575294408, 'amp': 1, 'ls': 0.501690030400719}","[(0.6000000000000001, 0.3999999999999999)]",[]
