impression,user_id,app_version,model_version,mturk_id,status,NUM_INITIAL_RATINGS,NUM_REFINE_RATINGS,TOTAL_TRAINING_RATINGS,NUM_TEST_RATINGS,TIME_INITIAL,TIME_REFINE,TIME_TEST,random_test_predictions_ratings,good_test_predictions_ratings,hypers,redisplay_check,arbitrary_check
0,88b33d09-ff24-4360-97f5-ee1c72ea6106,5.0-og-ar-dresses10,2.0,A14LOABUGAITBM,Completed,1,30,31,15,17.257692098617554,465.55594968795776,191.45555591583252,"{387: (0.6120526621587032, 0.19999999999999996), 201: (0.6334511475967695, 0.6199999999999999), 159: (0.4913775195725027, 0.5), 677: (0.6257025956564022, 0.19999999999999996), 365: (0.6545438271548389, 0.8199999999999998), 360: (0.4241986413517053, 0.6000000000000001), 805: (0.26394537185100625, 0.52), 556: (0.5355893025824527, 0.7600000000000002), 348: (0.6209499098108554, 0.43999999999999995), 673: (0.47352442775422715, 0.3599999999999999)}","{389: (0.7386338396155658, 0.54), 632: (0.7354354444679301, 0.56), 681: (0.7286345083288273, 0.6199999999999999), 152: (0.7285205941900992, 0.7399999999999998), 573: (0.7219763662181484, 0.6000000000000001)}","{'noise': 0.30896607344693044, 'amp': 1, 'ls': 0.5005093346318151}","[(0.5800000000000001, 0.56)]",[]
