impression,user_id,app_version,model_version,mturk_id,status,NUM_INITIAL_RATINGS,NUM_REFINE_RATINGS,TOTAL_TRAINING_RATINGS,NUM_TEST_RATINGS,TIME_INITIAL,TIME_REFINE,TIME_TEST,random_test_predictions_ratings,good_test_predictions_ratings,hypers,redisplay_check,arbitrary_check
0,8a104580-5802-4b12-92f2-5672a7840f64,5.0-og-ar-dresses10,2.0,A2KDYSLV030FVX,Completed,1,40,41,15,16.445183992385864,208.07543897628784,73.36666321754456,"{675: (-0.6257411394735874, -0.8), 784: (-0.7428711932171601, -0.8), 56: (-0.051213578813332994, 1.0), 671: (-0.4727813873588687, 1.0), 347: (-0.5605206861226297, -0.6), 703: (-0.14166989510972694, 0.19999999999999996), 359: (-0.015019957874439771, -0.8), 310: (-0.6210830465179338, 0.8), 72: (-0.15125053916754275, -0.19999999999999996), 174: (-0.01026638888753878, 0.19999999999999996)}","{115: (1.164149489011514, 0.6000000000000001), 159: (0.9366941282517759, 1.0), 276: (0.9091238532818194, 0.6000000000000001), 318: (0.8559299017944381, 1.0), 580: (0.7898705966985683, 0.8)}","{'noise': 0.23299515896599296, 'amp': 1, 'ls': 0.6564879632137117}","[(-0.8, -0.6)]",[]
