impression,user_id,app_version,model_version,mturk_id,status,NUM_INITIAL_RATINGS,NUM_REFINE_RATINGS,TOTAL_TRAINING_RATINGS,NUM_TEST_RATINGS,TIME_INITIAL,TIME_REFINE,TIME_TEST,random_test_predictions_ratings,good_test_predictions_ratings,hypers,redisplay_check,arbitrary_check
0,8afe34fb-cb00-491b-b056-7bc70111dbcf,5.0-og-ar-dresses10,2.0,A1CI103HE043JD,Completed,1,50,51,15,17.44088125228882,239.4934709072113,62.684650182724,"{713: (-0.14819016043485536, -0.6), 223: (-0.3922065061599188, 0.3999999999999999), 211: (-0.2381459485530114, -0.8), 499: (-0.18939760501562802, 0.19999999999999996), 691: (-0.48677114501968843, -0.8), 338: (-0.2342693027961692, -0.8), 87: (-0.3150888090504854, 0.28), 122: (-0.41671502148819617, -0.8), 756: (-0.4031505193406602, 0.26), 284: (-0.24000774158203564, 0.19999999999999996)}","{125: (0.012117624788071879, -0.8), 600: (-0.023762139476762423, 0.3999999999999999), 586: (-0.03802023083509837, 0.0), 226: (-0.058960895084022524, 0.19999999999999996), 323: (-0.0597354939231978, -0.09999999999999998)}","{'noise': 0.8420517933163514, 'amp': 1, 'ls': 0.9190907727485186}","[(0.3999999999999999, 0.3999999999999999)]",[]
