impression,user_id,app_version,model_version,mturk_id,status,NUM_INITIAL_RATINGS,NUM_REFINE_RATINGS,TOTAL_TRAINING_RATINGS,NUM_TEST_RATINGS,TIME_INITIAL,TIME_REFINE,TIME_TEST,random_test_predictions_ratings,good_test_predictions_ratings,hypers,redisplay_check,arbitrary_check
0,8bbb654a-0ab1-4fd9-b136-c8ca14149310,5.0-og-ar-dresses10,2.0,ARIY7R4C3ZUIO,Completed,1,30,31,15,15.251392602920532,765.1758954524994,724.6634125709534,"{494: (-0.30919240277014715, -0.6), 360: (0.24357198444050235, -0.6), 726: (0.013587090246752968, 0.0), 385: (-0.32528187624349825, 0.0), 118: (-0.14667332085520365, 0.0), 781: (-0.16410139443220134, 0.0), 175: (-0.4820854874932668, 0.8), 803: (0.14266798288888025, 0.6000000000000001), 64: (0.5556778341907289, 0.6000000000000001), 218: (0.23003376173660156, 0.0)}","{424: (0.7663275204767287, -0.6), 564: (0.7276337635233233, 0.19999999999999996), 751: (0.7199300859343865, 0.0), 162: (0.7180913028025436, 0.0), 588: (0.7079135664348014, -0.4)}","{'noise': 0.2573264569094917, 'amp': 1, 'ls': 0.571190741628187}","[(0.6000000000000001, -0.6)]",[]
