impression,user_id,app_version,model_version,mturk_id,status,NUM_INITIAL_RATINGS,NUM_REFINE_RATINGS,TOTAL_TRAINING_RATINGS,NUM_TEST_RATINGS,TIME_INITIAL,TIME_REFINE,TIME_TEST,random_test_predictions_ratings,good_test_predictions_ratings,hypers,redisplay_check,arbitrary_check
0,8c68e2bb-a024-4124-8941-65fb2918951a,5.0-og-ar-dresses10,2.0,A22QFNF1UTBK0H,Completed,1,40,41,15,5.899771451950073,134.5545163154602,95.22706961631775,"{424: (-0.1408251626717957, -1.0), 809: (-0.22743828885572745, -0.6), 319: (-0.5220177712411963, -1.0), 306: (-0.026077088061412623, 0.3999999999999999), 279: (-0.37979304802258596, 0.0), 531: (0.18002286280886293, 0.19999999999999996), 366: (-0.4886177986827053, 0.19999999999999996), 580: (0.061754149565666494, 0.0), 249: (-0.35414085784179383, 0.6000000000000001), 477: (-1.1019307458395355, -1.0)}","{275: (0.8094279429833092, 0.6000000000000001), 65: (0.7300530679226122, 0.8), 171: (0.6131045425140665, 0.6000000000000001), 407: (0.5842879236443617, 0.8), 656: (0.5553301884116015, 0.0)}","{'noise': 0.40223651368596436, 'amp': 1, 'ls': 0.6716384075700165}","[(1.0, 0.8)]",[]
