impression,user_id,app_version,model_version,mturk_id,status,NUM_INITIAL_RATINGS,NUM_REFINE_RATINGS,TOTAL_TRAINING_RATINGS,NUM_TEST_RATINGS,TIME_INITIAL,TIME_REFINE,TIME_TEST,random_test_predictions_ratings,good_test_predictions_ratings,hypers,redisplay_check,arbitrary_check
0,8cb4cbd0-c372-485c-9865-39b73f795001,5.0-og-ar-dresses10,2.0,A1T6QVMIXF74FF,Completed,1,20,21,15,26.999526977539062,162.78979229927063,134.6604676246643,"{756: (0.11410623765455634, 0.6000000000000001), 407: (0.4276234180023263, 1.0), 601: (0.21504710748004355, 0.6000000000000001), 544: (-0.3096299388278666, 1.0), 780: (0.01499095758950201, 1.0), 329: (0.37966219606627905, 0.6000000000000001), 719: (0.23986313641590298, 0.6000000000000001), 571: (0.1825075475139373, 1.0), 203: (0.6186791137711474, 0.3999999999999999), 253: (0.546648084627339, 0.6000000000000001)}","{732: (1.169279709712179, 1.0), 792: (1.0150890205254988, 1.0), 504: (0.9784121179823468, 1.0), 548: (0.9754050335179616, 1.0), 23: (0.9705824733994631, 1.0)}","{'noise': 0.2536374415839407, 'amp': 1, 'ls': 0.6081160283280591}","[(1.0, 1.0)]",[]
