impression,user_id,app_version,model_version,mturk_id,status,NUM_INITIAL_RATINGS,NUM_REFINE_RATINGS,TOTAL_TRAINING_RATINGS,NUM_TEST_RATINGS,TIME_INITIAL,TIME_REFINE,TIME_TEST,random_test_predictions_ratings,good_test_predictions_ratings,hypers,redisplay_check,arbitrary_check
0,8d1f4bac-b71b-4867-ba28-fe1690ec30be,5.0-og-ar-dresses10,2.0,ACSS93E03ZUGX,Completed,1,30,31,15,5.474065542221069,131.18625402450562,56.81776165962219,"{117: (-0.1137836494325085, -0.8), 31: (-0.28824006357637577, -0.4), 620: (-0.23347954417596412, 0.19999999999999996), 585: (0.02349653331196304, 0.3999999999999999), 152: (-0.05798719049282225, -1.0), 313: (0.10044585056360135, 0.3999999999999999), 68: (0.26877840475925013, -0.6), 385: (-0.4308210343094708, -0.19999999999999996), 197: (-0.23259374896553064, 0.0), 674: (-0.079565810446866, 0.3999999999999999)}","{284: (0.5523969841396461, 0.19999999999999996), 504: (0.5435995908276173, 0.0), 802: (0.503036346451753, 0.30000000000000004), 648: (0.5002252246868014, 0.8), 690: (0.45922709043644006, 0.19999999999999996)}","{'noise': 0.31529614536274087, 'amp': 1, 'ls': 0.4403654534828068}","[(0.0, 0.0)]",[]
