impression,user_id,app_version,model_version,mturk_id,status,NUM_INITIAL_RATINGS,NUM_REFINE_RATINGS,TOTAL_TRAINING_RATINGS,NUM_TEST_RATINGS,TIME_INITIAL,TIME_REFINE,TIME_TEST,random_test_predictions_ratings,good_test_predictions_ratings,hypers,redisplay_check,arbitrary_check
0,8d973802-d889-405e-86f9-4e13e18d7081,5.0-og-ar-dresses10,2.0,A15X9KAJB8M54B,Completed,1,50,51,15,14.246103286743164,626.872965335846,76.37751770019531,"{660: (-0.0954018218274939, 0.3999999999999999), 699: (-0.14108364578720048, 0.3999999999999999), 137: (0.06878945653223636, 0.6000000000000001), 19: (-0.04683597304420908, 0.19999999999999996), 181: (0.24149377615570541, 0.3999999999999999), 670: (0.25876093518867666, 0.8), 294: (-0.21861523082030584, 0.0), 574: (0.06651035542265027, -0.19999999999999996), 625: (0.03149396438799556, 0.3999999999999999), 168: (-0.03392951991187439, 0.0)}","{597: (0.5268402420309793, 0.3999999999999999), 207: (0.495923093905858, 0.6000000000000001), 263: (0.4877163955681919, 0.0), 523: (0.4761126557526807, 0.19999999999999996), 164: (0.46776482162801303, -0.6)}","{'noise': 0.7204168167199569, 'amp': 1, 'ls': 0.858524053349611}","[(0.6000000000000001, 0.19999999999999996)]",[]
