impression,user_id,app_version,model_version,mturk_id,status,NUM_INITIAL_RATINGS,NUM_REFINE_RATINGS,TOTAL_TRAINING_RATINGS,NUM_TEST_RATINGS,TIME_INITIAL,TIME_REFINE,TIME_TEST,random_test_predictions_ratings,good_test_predictions_ratings,hypers,redisplay_check,arbitrary_check
0,8f93d71d-26eb-472e-bceb-b2aa54b2a00a,5.0-og-ar-dresses10,2.0,A2VZBQLSFZC519,Completed,1,20,21,15,5.153744697570801,61.55900168418884,48.53641319274902,"{294: (-0.16027333009024733, -0.6), 216: (-0.4497910515044156, -0.19999999999999996), 115: (-0.4443445139146762, -0.6), 580: (-0.3398245217411161, -0.6), 18: (-0.4006368071196808, -0.19999999999999996), 157: (-0.648310142542663, -0.6), 49: (-0.42706323889886066, -0.8), 682: (-0.4048001280360253, 0.0), 639: (-0.3319002075204402, 0.19999999999999996), 304: (-0.27665289852246955, -0.8)}","{245: (0.3703326916365593, 0.0), 691: (0.3013918983608663, 0.0), 5: (0.27276895127185047, -0.8), 328: (0.2404546697280729, 0.19999999999999996), 232: (0.22956558625030749, 0.19999999999999996)}","{'noise': 0.2734027462724066, 'amp': 1, 'ls': 0.562119891391536}","[(-0.6, -0.6)]",[]
