impression,user_id,app_version,model_version,mturk_id,status,NUM_INITIAL_RATINGS,NUM_REFINE_RATINGS,TOTAL_TRAINING_RATINGS,NUM_TEST_RATINGS,TIME_INITIAL,TIME_REFINE,TIME_TEST,random_test_predictions_ratings,good_test_predictions_ratings,hypers,redisplay_check,arbitrary_check
0,90882d82-9860-4ef4-a871-851fbd8ac405,5.0-og-ar-dresses10,2.0,A1R8QGFJF6QAC6,Completed,1,50,51,15,8.723162174224854,225.58660101890564,57.100991010665894,"{220: (0.16908168104502896, 0.3999999999999999), 608: (0.6319076141018483, 0.19999999999999996), 598: (0.4411120954299355, -0.19999999999999996), 642: (0.3037030514586409, 0.0), 349: (-0.2758384344810931, 0.3999999999999999), 309: (-0.9124789142070813, -1.0), 376: (-0.7412729018410831, -0.6), 677: (0.22668052459270516, 0.0), 468: (-0.07103099863981821, -0.6), 807: (-0.06331245789895742, -0.8)}","{591: (0.8493387352467596, 0.6000000000000001), 311: (0.7752991827651912, -0.19999999999999996), 234: (0.7631387599994071, 0.8), 746: (0.7101676810493169, 0.8), 705: (0.6392365711140016, 0.19999999999999996)}","{'noise': 0.3970758218659029, 'amp': 1, 'ls': 0.5960745281283155}","[(0.8, 0.8)]",[]
