impression,user_id,app_version,model_version,mturk_id,status,NUM_INITIAL_RATINGS,NUM_REFINE_RATINGS,TOTAL_TRAINING_RATINGS,NUM_TEST_RATINGS,TIME_INITIAL,TIME_REFINE,TIME_TEST,random_test_predictions_ratings,good_test_predictions_ratings,hypers,redisplay_check,arbitrary_check
0,90889f04-8fd6-4a87-851f-715789fb7049,5.0-og-ar-dresses10,2.0,A2T5CROJ0FWIJY,Completed,1,50,51,15,7.252445697784424,176.75518083572388,40.60993671417236,"{203: (-0.15389144222588963, -0.19999999999999996), 197: (0.22432885434154026, 0.8), 737: (-0.1656076024576771, 0.30000000000000004), 225: (-0.05107539488893499, 0.3999999999999999), 307: (-0.6063152407406102, -0.4), 680: (0.09751793922113182, 0.30000000000000004), 184: (0.12555810544675083, -0.4), 165: (0.22435383987085883, 0.3999999999999999), 792: (-0.5316267051555283, 0.3999999999999999), 587: (0.44605076956936934, 0.6000000000000001)}","{600: (0.658795595808797, 0.6000000000000001), 270: (0.6063152034441679, 0.8), 780: (0.6031142878479989, 0.19999999999999996), 512: (0.5992325586775219, 0.6000000000000001), 558: (0.5819191021543235, 0.3999999999999999)}","{'noise': 0.3216675814551217, 'amp': 1, 'ls': 0.47350267062871343}","[(0.5, 0.6000000000000001)]",[]
