impression,user_id,app_version,model_version,mturk_id,status,NUM_INITIAL_RATINGS,NUM_REFINE_RATINGS,TOTAL_TRAINING_RATINGS,NUM_TEST_RATINGS,TIME_INITIAL,TIME_REFINE,TIME_TEST,random_test_predictions_ratings,good_test_predictions_ratings,hypers,redisplay_check,arbitrary_check
0,91f58a55-c1ac-4db7-8c6d-ef4e0453af2e,5.0-og-ar-dresses10,2.0,A34N1P4U149MKD,Completed,1,30,31,15,13.136607646942139,143.13173294067383,64.68448138237,"{18: (0.11906319275883842, 0.8), 567: (0.21153424790647257, -0.19999999999999996), 604: (-0.2027291083166904, -0.6), 399: (-0.641327389986529, 0.3999999999999999), 59: (-0.03515585518959549, 0.0), 170: (-0.4900882299666096, -0.6), 662: (-0.3153623308292554, -0.19999999999999996), 571: (0.11599475063414819, 0.0), 285: (-0.46971543920936315, -0.4), 386: (0.30395780043401355, 0.6000000000000001)}","{548: (0.8338906916464303, 0.0), 198: (0.7745786401489856, -0.19999999999999996), 269: (0.7085494311081882, -0.19999999999999996), 108: (0.6953355594236692, 0.3999999999999999), 141: (0.6928158668949204, 0.19999999999999996)}","{'noise': 0.2884783093893166, 'amp': 1, 'ls': 0.6048906248758787}","[(0.0, 0.19999999999999996)]",[]
