impression,user_id,app_version,model_version,mturk_id,status,NUM_INITIAL_RATINGS,NUM_REFINE_RATINGS,TOTAL_TRAINING_RATINGS,NUM_TEST_RATINGS,TIME_INITIAL,TIME_REFINE,TIME_TEST,random_test_predictions_ratings,good_test_predictions_ratings,hypers,redisplay_check,arbitrary_check
0,94c34337-544b-477a-82e3-48a946715184,5.0-og-ar-dresses10,2.0,A1IIF95II8FISQ,Completed,1,30,31,15,21.33778166770935,725.3269410133362,331.88647866249084,"{675: (-0.24996308422177635, 0.8), 511: (0.18242308957574238, 0.0), 461: (0.20922450741372411, 0.0), 757: (0.02597772885723833, 0.10000000000000009), 409: (0.2124707779934561, -0.4), 326: (0.15447630069250812, 0.0), 425: (0.16166902007453177, 1.0), 551: (-0.250106445151277, 0.10000000000000009), 593: (-0.05144211983201574, 0.19999999999999996), 656: (0.08459921070853152, -0.19999999999999996)}","{545: (0.7757574371704191, 0.3999999999999999), 54: (0.722110421089446, 0.0), 24: (0.6908679842471176, 1.0), 365: (0.682815977374756, 1.0), 606: (0.6260492651759093, 1.0)}","{'noise': 0.2803352446090771, 'amp': 1, 'ls': 0.48897313573810675}","[(1.0, 1.0)]",[]
