impression,user_id,app_version,model_version,mturk_id,status,NUM_INITIAL_RATINGS,NUM_REFINE_RATINGS,TOTAL_TRAINING_RATINGS,NUM_TEST_RATINGS,TIME_INITIAL,TIME_REFINE,TIME_TEST,random_test_predictions_ratings,good_test_predictions_ratings,hypers,redisplay_check,arbitrary_check
0,95d02695-ed08-4612-af42-bdbe4a5e9bc2,5.0-og-ar-dresses10,2.0,A1C0R9LZ0K51N0,Completed,1,40,41,15,7.800377368927002,272.17491364479065,104.60175013542175,"{352: (-0.7617284599742355, -0.92), 25: (-0.7451629756171645, -0.96), 664: (-0.8738594693634273, -0.88), 806: (-0.8788254370596673, -0.98), 399: (-0.9233222801069376, -0.86), 343: (-0.8354992823088335, -0.88), 599: (-0.9777543088591759, -0.96), 762: (-0.9712347052814146, -0.94), 284: (-0.9127278833598043, -0.9), 134: (-0.9194419990921741, -0.94)}","{350: (-0.11911607836817784, -0.94), 202: (-0.14428718464652868, -0.94), 646: (-0.21025258828201643, -0.92), 218: (-0.24794425922539998, -0.92), 73: (-0.2697580575968186, -0.94)}","{'noise': 0.3137581018599523, 'amp': 1, 'ls': 0.4468037946842445}","[(-0.84, -0.92)]",[]
