impression,user_id,app_version,model_version,mturk_id,status,NUM_INITIAL_RATINGS,NUM_REFINE_RATINGS,TOTAL_TRAINING_RATINGS,NUM_TEST_RATINGS,TIME_INITIAL,TIME_REFINE,TIME_TEST,random_test_predictions_ratings,good_test_predictions_ratings,hypers,redisplay_check,arbitrary_check
0,96a4123b-41c0-41ea-b276-ea9d7a6e8c02,5.0-og-ar-dresses10,2.0,A2IYR9HF66R029,Completed,1,40,41,15,6.288468360900879,139.874005317688,48.58295750617981,"{199: (0.005685881623168812, 0.0), 585: (0.007186429106278917, 0.19999999999999996), 354: (-0.310342540349209, 0.19999999999999996), 345: (-0.20721996336008439, 0.6000000000000001), 262: (-0.603863647843599, -0.4), 338: (0.1855220081304724, 0.6000000000000001), 445: (-0.15665375363364664, 0.6000000000000001), 675: (-0.31032378518406945, 0.0), 127: (-0.11883649484359265, 0.19999999999999996), 575: (-0.10876824920784364, 0.6000000000000001)}","{520: (0.5807389313186849, 0.19999999999999996), 557: (0.573165057121983, 0.8), 165: (0.5335304905323454, 0.8), 374: (0.5284562715471022, 0.3999999999999999), 496: (0.5186355376296927, 0.8)}","{'noise': 0.6190091882756185, 'amp': 1, 'ls': 0.7150861828812568}","[(0.3999999999999999, 0.19999999999999996)]",[]
