impression,user_id,app_version,model_version,mturk_id,status,NUM_INITIAL_RATINGS,NUM_REFINE_RATINGS,TOTAL_TRAINING_RATINGS,NUM_TEST_RATINGS,TIME_INITIAL,TIME_REFINE,TIME_TEST,random_test_predictions_ratings,good_test_predictions_ratings,hypers,redisplay_check,arbitrary_check
0,9795e1ab-7a74-4af5-acd4-ff7c506af9b3,5.0-og-ar-dresses10,2.0,ADXTSCZCNDZSW,Completed,1,30,31,15,3.749250888824463,104.34896302223206,35.61379432678223,"{77: (-0.015851953725136647, 0.3999999999999999), 283: (0.3080508589543734, 0.19999999999999996), 550: (0.22399684686043672, 0.3999999999999999), 103: (0.12511380704263184, 0.0), 28: (0.1049999528204173, 0.19999999999999996), 730: (0.3803889725486237, 0.3999999999999999), 682: (0.47131706323151934, 0.6000000000000001), 556: (0.3976705974096747, 0.6000000000000001), 275: (0.39231172467954817, 0.3999999999999999), 727: (0.28636126496011344, 0.6000000000000001)}","{388: (0.624654119530322, 0.6000000000000001), 241: (0.5861405288915531, 0.19999999999999996), 129: (0.5819334674918545, 0.3999999999999999), 420: (0.574044554422205, -0.19999999999999996), 751: (0.5722096653572553, 0.6000000000000001)}","{'noise': 0.27540816078181846, 'amp': 1, 'ls': 0.5098896649502224}","[(0.0, 0.6000000000000001)]",[]
