impression,user_id,app_version,model_version,mturk_id,status,NUM_INITIAL_RATINGS,NUM_REFINE_RATINGS,TOTAL_TRAINING_RATINGS,NUM_TEST_RATINGS,TIME_INITIAL,TIME_REFINE,TIME_TEST,random_test_predictions_ratings,good_test_predictions_ratings,hypers,redisplay_check,arbitrary_check
0,97f2f435-03eb-41d8-ae93-a604d2f0a0a7,5.0-og-ar-dresses10,2.0,A2MQMMCVZJTFL2,Completed,1,40,41,15,3.9065048694610596,127.75561499595642,35.88012933731079,"{499: (-0.41170786488172656, -1.0), 531: (-0.27446590547405614, -1.0), 468: (-0.030187925599452825, -0.8), 481: (-0.798674788976474, -1.0), 540: (-0.19973260082471342, -0.8), 778: (-0.37111739537133065, 0.3999999999999999), 505: (-0.37788031615107237, 0.6000000000000001), 497: (-0.4000374881302229, 0.6000000000000001), 800: (-0.041080040169867105, 0.6000000000000001), 663: (-0.5831974715845494, 0.3999999999999999)}","{577: (0.46791415535327446, 0.0), 643: (0.35607649943634173, -0.19999999999999996), 587: (0.33620070721644607, -0.8), 138: (0.3177855988476908, 0.3999999999999999), 667: (0.3128816964465689, -0.8)}","{'noise': 0.29503091561222256, 'amp': 1, 'ls': 0.4703095651815059}","[(-0.8, -0.8)]",[]
