impression,user_id,app_version,model_version,mturk_id,status,NUM_INITIAL_RATINGS,NUM_REFINE_RATINGS,TOTAL_TRAINING_RATINGS,NUM_TEST_RATINGS,TIME_INITIAL,TIME_REFINE,TIME_TEST,random_test_predictions_ratings,good_test_predictions_ratings,hypers,redisplay_check,arbitrary_check
0,98f4ed20-b6c0-4347-9aa4-6e8b89c1fd28,5.0-og-ar-dresses10,2.0,A1ROEDVMTO9Y3X,Completed,1,40,41,15,6.414738655090332,313.88026332855225,153.08266830444336,"{725: (-0.009205897940377405, 0.6000000000000001), 601: (0.383067464135433, 0.0), 15: (0.617059693760164, 0.3999999999999999), 300: (-0.11443227250197169, 0.0), 783: (0.3139706912881008, 0.19999999999999996), 806: (0.1135483289858236, 0.6000000000000001), 493: (0.2608012513416635, -0.19999999999999996), 448: (0.24536943703598324, 0.0), 260: (-0.11568836365116453, 0.0), 811: (0.3628552127287295, 0.6000000000000001)}","{457: (0.9062174198667854, 0.0), 263: (0.8571175713989752, 0.8), 18: (0.8131457163510143, 0.0), 162: (0.807081219100042, 0.6000000000000001), 424: (0.8039005482263397, 0.6000000000000001)}","{'noise': 0.2982991049243891, 'amp': 1, 'ls': 0.514726055013213}","[(0.6000000000000001, 0.6000000000000001)]",[]
