impression,user_id,app_version,model_version,mturk_id,status,NUM_INITIAL_RATINGS,NUM_REFINE_RATINGS,TOTAL_TRAINING_RATINGS,NUM_TEST_RATINGS,TIME_INITIAL,TIME_REFINE,TIME_TEST,random_test_predictions_ratings,good_test_predictions_ratings,hypers,redisplay_check,arbitrary_check
0,995c4b6e-f339-4e03-a358-fa3410c6332b,5.0-og-ar-dresses10,2.0,AUIRZWDQI6HX0,Completed,1,50,51,15,600.7469103336334,230.6614110469818,47.53045034408569,"{150: (0.27952284871740196, 0.3999999999999999), 82: (0.5294102410234043, 0.8), 800: (0.6174227999502189, 0.8), 283: (0.5660865705132865, 0.8), 274: (0.2114156924003513, 0.3999999999999999), 662: (0.3515175779126259, -0.19999999999999996), 663: (0.6786808179675039, 0.8), 429: (0.6412363762653372, 0.19999999999999996), 216: (0.19809086901484044, -0.6), 611: (0.651435895527442, 0.6000000000000001)}","{420: (0.820451587781511, 0.6000000000000001), 344: (0.819905867401932, 0.6000000000000001), 789: (0.7897739913743476, 0.6000000000000001), 336: (0.7891597027155528, 0.6000000000000001), 523: (0.7840120438788423, 0.3999999999999999)}","{'noise': 0.6038521971971931, 'amp': 1, 'ls': 0.7602585952308711}","[(0.6000000000000001, 0.8)]",[]
