impression,user_id,app_version,model_version,mturk_id,status,NUM_INITIAL_RATINGS,NUM_REFINE_RATINGS,TOTAL_TRAINING_RATINGS,NUM_TEST_RATINGS,TIME_INITIAL,TIME_REFINE,TIME_TEST,random_test_predictions_ratings,good_test_predictions_ratings,hypers,redisplay_check,arbitrary_check
0,9aa6009c-b47f-43e8-9045-2333c1965976,5.0-og-ar-dresses10,2.0,A11G1TGXX3YS24,Completed,1,40,41,15,17.557292938232422,258.08773398399353,86.01518034934998,"{618: (-0.11266623400022098, 0.19999999999999996), 631: (-0.04423803160717968, 0.8), 382: (-0.2824342998745295, -0.4), 684: (-0.016257258103389877, 0.3999999999999999), 123: (-0.023351214481308356, 0.0), 190: (-0.12047695452013374, -0.8), 12: (-0.3500581743740429, 0.0), 174: (-0.036777626137235356, 0.0), 142: (-0.24580525657580227, -0.19999999999999996), 543: (-0.2765106987716482, 0.0)}","{408: (0.6468239581092714, 0.0), 470: (0.5931782314665933, -0.19999999999999996), 589: (0.5545088714444586, -0.6), 275: (0.5277363492390017, 0.6000000000000001), 516: (0.514002523065582, 0.0)}","{'noise': 0.31828389661587475, 'amp': 1, 'ls': 0.4185101321474673}","[(0.19999999999999996, 0.6000000000000001)]",[]
