impression,user_id,app_version,model_version,mturk_id,status,NUM_INITIAL_RATINGS,NUM_REFINE_RATINGS,TOTAL_TRAINING_RATINGS,NUM_TEST_RATINGS,TIME_INITIAL,TIME_REFINE,TIME_TEST,random_test_predictions_ratings,good_test_predictions_ratings,hypers,redisplay_check,arbitrary_check
0,9c37ede7-38b7-4df7-9033-fa155a169421,5.0-og-ar-dresses10,2.0,A25C7FLRDEOJBA,Completed,1,20,21,15,7.064365863800049,125.78340482711792,81.5183379650116,"{534: (-0.2144121680379796, -0.8), 185: (-0.34354502501293516, -0.19999999999999996), 39: (-0.24430367615991558, 0.3999999999999999), 726: (-0.24608755140601912, -0.19999999999999996), 683: (-0.4052535733387437, -0.8), 250: (-0.0914272174720222, -1.0), 640: (-0.5487847387014282, -0.6), 572: (-0.4214113144623776, -0.4), 522: (-0.41166362505525633, -0.8), 591: (-0.2979810579947299, -0.4)}","{71: (0.07860566542393754, 0.6000000000000001), 709: (0.07560181478470829, -0.19999999999999996), 25: (0.04961696667140919, -0.4), 423: (0.023966334305316916, -0.8), 106: (0.010532618375432623, 0.6000000000000001)}","{'noise': 0.3107276558475817, 'amp': 1, 'ls': 0.49534317562549096}","[(0.3999999999999999, 0.3999999999999999)]",[]
