impression,user_id,app_version,model_version,mturk_id,status,NUM_INITIAL_RATINGS,NUM_REFINE_RATINGS,TOTAL_TRAINING_RATINGS,NUM_TEST_RATINGS,TIME_INITIAL,TIME_REFINE,TIME_TEST,random_test_predictions_ratings,good_test_predictions_ratings,hypers,redisplay_check,arbitrary_check
0,9f5e4dc0-3c94-4620-94f2-7b1ab7b53d8c,5.0-og-ar-dresses10,2.0,A3L9EN8YL1HZWF,Completed,1,50,51,15,10.084228754043579,360.31822204589844,92.0111312866211,"{155: (0.5892860688953163, 0.3999999999999999), 10: (0.6545740197401045, 0.6000000000000001), 384: (0.5551408902278235, 0.3999999999999999), 667: (0.6117589999133759, 0.3999999999999999), 213: (0.6025333242541728, 0.3999999999999999), 475: (0.8096759511096204, 1.0), 320: (0.6585594223464802, 0.6000000000000001), 735: (0.6568339282759111, 0.3999999999999999), 399: (0.7149276934511786, 0.8), 686: (0.7156817512676541, 0.3999999999999999)}","{149: (0.8849385026416409, 0.8), 318: (0.8706671952788632, 1.0), 792: (0.8694498579931884, 1.0), 369: (0.8573938338800894, 0.8), 706: (0.855853321191415, 0.6000000000000001)}","{'noise': 0.760465781823552, 'amp': 1, 'ls': 0.9333533651525954}","[(0.6000000000000001, 0.3999999999999999)]",[]
