impression,user_id,app_version,model_version,mturk_id,status,NUM_INITIAL_RATINGS,NUM_REFINE_RATINGS,TOTAL_TRAINING_RATINGS,NUM_TEST_RATINGS,TIME_INITIAL,TIME_REFINE,TIME_TEST,random_test_predictions_ratings,good_test_predictions_ratings,hypers,redisplay_check,arbitrary_check
0,a1a5c092-776a-49cd-b310-f439650db9c4,5.0-og-ar-dresses10,2.0,AF0W4ZBY7VXOU,Completed,1,30,31,15,12.380872964859009,219.57708406448364,120.5856282711029,"{180: (0.28406809282725154, 0.24), 724: (0.638522255860598, 0.72), 188: (0.14118826916852234, -0.05999999999999994), 279: (0.4145796050398742, 0.7600000000000002), 184: (0.33593964424964595, 0.52), 685: (0.20702347577588548, -0.19999999999999996), 319: (0.4293646545112334, 0.7), 749: (0.2634960200891462, 0.14000000000000012), 18: (0.3783993375894978, 0.52), 684: (-0.14308219408283993, 0.6000000000000001)}","{651: (0.8927395810197937, 1.0), 227: (0.8299566855590843, 1.0), 455: (0.8177306104583675, 0.72), 731: (0.8122047910382615, 1.0), 504: (0.7818921865026746, 0.8199999999999998)}","{'noise': 0.479966591884246, 'amp': 1, 'ls': 0.6426936244310286}","[(0.8800000000000001, 0.8199999999999998)]",[]
