impression,user_id,app_version,model_version,mturk_id,status,NUM_INITIAL_RATINGS,NUM_REFINE_RATINGS,TOTAL_TRAINING_RATINGS,NUM_TEST_RATINGS,TIME_INITIAL,TIME_REFINE,TIME_TEST,random_test_predictions_ratings,good_test_predictions_ratings,hypers,redisplay_check,arbitrary_check
0,a1e7d3c1-7db3-473f-8cec-c7f334c646d5,5.0-og-ar-dresses10,2.0,AULLOJOPY0IDP,Completed,1,40,41,15,21.597395181655884,303.93567991256714,108.14637613296509,"{613: (-0.14297712017722616, -0.4), 672: (-0.3766166324663425, 0.0), 465: (-0.48020964272323263, -0.8), 609: (-0.420717360769186, -0.8), 336: (-0.3417597629035346, -0.19999999999999996), 238: (-0.424849857915065, -0.19999999999999996), 9: (-0.19845630146724622, -0.8), 711: (-0.3643637677480856, -0.4), 605: (-0.22991361405654348, -0.6), 206: (-0.4434429585676847, -0.8)}","{656: (-0.06645331342443761, -0.19999999999999996), 161: (-0.07423463464314689, 0.19999999999999996), 700: (-0.08065639524794721, -0.6), 111: (-0.09459191766695724, -0.8), 67: (-0.09738852142368187, -0.4)}","{'noise': 0.732918431713449, 'amp': 1, 'ls': 0.793861031938847}","[(-0.4, -0.4)]",[]
