impression,user_id,app_version,model_version,mturk_id,status,NUM_INITIAL_RATINGS,NUM_REFINE_RATINGS,TOTAL_TRAINING_RATINGS,NUM_TEST_RATINGS,TIME_INITIAL,TIME_REFINE,TIME_TEST,random_test_predictions_ratings,good_test_predictions_ratings,hypers,redisplay_check,arbitrary_check
0,a44cc5a5-74ae-4995-a11d-099b9f316633,5.0-og-ar-dresses10,2.0,A10JXOU89D5RXR,Completed,1,50,51,15,18.70534896850586,385.21918869018555,110.65373277664185,"{511: (-0.4054799599560578, 0.0), 748: (0.03457678501477149, 0.19999999999999996), 189: (-0.29082322383024345, -0.19999999999999996), 685: (0.09085504563164276, -0.4), 473: (0.37236240285749145, 0.6000000000000001), 284: (0.29203673126178664, 0.6000000000000001), 758: (0.20196287032738267, 0.8), 276: (-0.3133876295954811, -0.8), 443: (0.1768503727079316, 0.8), 369: (0.41338220387163893, 0.6000000000000001)}","{597: (1.0812180594112046, 0.8), 512: (0.999206767305355, 0.8), 523: (0.9415558239062755, 0.6000000000000001), 598: (0.9398406259440832, 0.3999999999999999), 270: (0.8937156826002178, 0.3999999999999999)}","{'noise': 0.4736591698342913, 'amp': 1, 'ls': 0.7185271628010789}","[(0.3999999999999999, 0.3999999999999999)]",[]
