impression,user_id,app_version,model_version,mturk_id,status,NUM_INITIAL_RATINGS,NUM_REFINE_RATINGS,TOTAL_TRAINING_RATINGS,NUM_TEST_RATINGS,TIME_INITIAL,TIME_REFINE,TIME_TEST,random_test_predictions_ratings,good_test_predictions_ratings,hypers,redisplay_check,arbitrary_check
0,a54f89b9-8e83-4be4-aefd-c56d0d10dd46,5.0-og-ar-dresses10,2.0,A3D2GO0IFRFN6R,Completed,1,50,51,15,6.907878637313843,253.84852743148804,70.7470498085022,"{170: (-0.42416335470314126, -0.4), 414: (-0.03237471256813362, -0.19999999999999996), 95: (0.028680797280040693, 0.6000000000000001), 22: (0.2735020247346229, -0.4), 318: (0.07387906322452586, -0.4), 726: (-0.10341172443853608, -0.8), 710: (0.05233545921845467, 0.0), 306: (0.3922617110487872, 0.19999999999999996), 384: (-0.3854858712074058, 0.3999999999999999), 630: (-0.7087920199478249, 0.0)}","{263: (0.6497125806819872, -0.19999999999999996), 457: (0.6058578624903344, -0.6), 523: (0.5727193237512662, -0.19999999999999996), 597: (0.4843675703808959, 0.3999999999999999), 108: (0.4562054550406675, 1.0)}","{'noise': 0.5102195859569761, 'amp': 1, 'ls': 0.7172828608193137}","[(-0.19999999999999996, 0.0)]",[]
