impression,user_id,app_version,model_version,mturk_id,status,NUM_INITIAL_RATINGS,NUM_REFINE_RATINGS,TOTAL_TRAINING_RATINGS,NUM_TEST_RATINGS,TIME_INITIAL,TIME_REFINE,TIME_TEST,random_test_predictions_ratings,good_test_predictions_ratings,hypers,redisplay_check,arbitrary_check
0,a5a53e01-b5b8-45bb-b6c4-d3a1e7ee6f93,5.0-og-ar-dresses10,2.0,A3H75QV9TQW9EV,Completed,1,30,31,15,7.479125022888184,152.76599168777466,78.23222756385803,"{201: (-0.30821954496100545, 0.6000000000000001), 650: (-0.48693598335675914, -0.6), 49: (-0.3330973708366476, -0.4), 573: (0.11147745898077452, 0.6000000000000001), 417: (-0.31598203998675745, 0.19999999999999996), 779: (-0.5861762725470502, -1.0), 188: (-0.03430173933407718, -1.0), 70: (-0.12583990450527333, 0.19999999999999996), 232: (0.19850318063867037, 0.6000000000000001), 545: (0.014010278225209033, -0.6)}","{189: (0.42965180601414965, -0.19999999999999996), 343: (0.38679807639370356, -1.0), 620: (0.38212536752026294, 0.8), 658: (0.3646615672038801, -0.4), 596: (0.36283867934308456, -0.4)}","{'noise': 0.3807733280904725, 'amp': 1, 'ls': 0.4924840746049209}","[(-0.4, -0.4)]",[]
