impression,user_id,app_version,model_version,mturk_id,status,NUM_INITIAL_RATINGS,NUM_REFINE_RATINGS,TOTAL_TRAINING_RATINGS,NUM_TEST_RATINGS,TIME_INITIAL,TIME_REFINE,TIME_TEST,random_test_predictions_ratings,good_test_predictions_ratings,hypers,redisplay_check,arbitrary_check
0,a64841af-290a-4eb3-9614-eb2872de1265,5.0-og-ar-dresses10,2.0,A2CEGS0NVDBCPT,Completed,1,20,21,15,6.815739393234253,52.81404948234558,48.26496148109436,"{52: (0.26128877043482124, -0.19999999999999996), 524: (0.278728165885585, -0.4), 457: (0.2278486491887191, 0.6000000000000001), 391: (0.16029985694644364, -0.19999999999999996), 642: (0.09117294789348425, -0.19999999999999996), 469: (0.27834870663016154, 0.3999999999999999), 323: (-0.062091492921711317, 0.19999999999999996), 576: (0.2819455118190818, 0.6000000000000001), 212: (0.19389990623570208, 0.19999999999999996), 709: (0.3357205656359181, -0.4)}","{358: (0.5838190530865729, 0.19999999999999996), 667: (0.5779559141124883, 0.6000000000000001), 172: (0.5562046218271637, 0.19999999999999996), 288: (0.5502381652365989, 0.19999999999999996), 289: (0.5400130788873588, 0.3999999999999999)}","{'noise': 0.2708274444115939, 'amp': 1, 'ls': 0.5555498898827892}","[(0.3999999999999999, 0.6000000000000001)]",[]
