impression,user_id,app_version,model_version,mturk_id,status,NUM_INITIAL_RATINGS,NUM_REFINE_RATINGS,TOTAL_TRAINING_RATINGS,NUM_TEST_RATINGS,TIME_INITIAL,TIME_REFINE,TIME_TEST,random_test_predictions_ratings,good_test_predictions_ratings,hypers,redisplay_check,arbitrary_check
0,a6972496-d129-4b2a-b3e4-a7fc8aa5f2f3,5.0-og-ar-dresses10,2.0,A1F8MH33EFT5VQ,Completed,1,50,51,15,15.775850534439087,475.67079758644104,107.2979166507721,"{273: (-0.3709652160509749, 0.0), 610: (0.2742082220141083, 0.0), 801: (-0.27480292865711053, -0.4), 162: (0.3565003140625145, 0.0), 281: (0.20429149131149132, 0.19999999999999996), 202: (0.18376622116005392, 0.3999999999999999), 416: (0.06554094205119627, 0.3999999999999999), 53: (-0.213023118579783, 0.19999999999999996), 656: (0.16373586315432395, 0.19999999999999996), 288: (0.2659257041138149, 0.19999999999999996)}","{597: (0.6629116639133028, 0.3999999999999999), 263: (0.6040025698617565, 0.19999999999999996), 457: (0.5701192491885742, 0.3999999999999999), 18: (0.5557216345486264, 0.3999999999999999), 533: (0.5310044308042622, 0.19999999999999996)}","{'noise': 0.6309050909716106, 'amp': 1, 'ls': 0.7898799482909321}","[(-0.4, -0.4)]",[]
