impression,user_id,app_version,model_version,mturk_id,status,NUM_INITIAL_RATINGS,NUM_REFINE_RATINGS,TOTAL_TRAINING_RATINGS,NUM_TEST_RATINGS,TIME_INITIAL,TIME_REFINE,TIME_TEST,random_test_predictions_ratings,good_test_predictions_ratings,hypers,redisplay_check,arbitrary_check
0,a7e944ca-9140-4ed2-87e2-6958a8e16f62,5.0-og-ar-dresses10,2.0,AP8OG80OLCCMC,Completed,1,50,51,15,14.671100616455078,248.49788165092468,73.6065902709961,"{117: (-0.2499002238185986, -0.6), 272: (-0.009279762441774767, 0.19999999999999996), 17: (0.01731315462128452, -0.6), 669: (-0.012284711232008569, -0.19999999999999996), 593: (-0.39494765609455335, -0.6), 281: (0.05655952664303367, 0.19999999999999996), 595: (0.17198955242474323, 0.19999999999999996), 32: (0.07574520010559004, 0.0), 114: (0.10754312475916099, 0.0), 561: (-0.2772478817974706, -0.6)}","{239: (0.41110262587876883, 0.6000000000000001), 362: (0.37158912647777864, 0.8), 665: (0.358179627658801, 0.3999999999999999), 162: (0.3462325311688478, 0.3999999999999999), 564: (0.34137379386704464, -0.6)}","{'noise': 0.6845168771019527, 'amp': 1, 'ls': 0.8459823445724189}","[(-0.19999999999999996, -0.19999999999999996)]",[]
