impression,user_id,app_version,model_version,mturk_id,status,NUM_INITIAL_RATINGS,NUM_REFINE_RATINGS,TOTAL_TRAINING_RATINGS,NUM_TEST_RATINGS,TIME_INITIAL,TIME_REFINE,TIME_TEST,random_test_predictions_ratings,good_test_predictions_ratings,hypers,redisplay_check,arbitrary_check
0,a7f30648-6ebd-4f3e-98aa-03b1762bd5c9,5.0-og-ar-dresses10,2.0,A2DYXKOHDDY9EG,Completed,1,20,21,15,24.960059642791748,211.67586398124695,147.91298580169678,"{735: (-0.2944184395608472, 0.19999999999999996), 756: (-0.035216224030703326, 0.0), 812: (-0.4798498003926105, -0.4), 4: (-0.05072691012736065, -0.19999999999999996), 680: (0.08535274160987935, 0.3999999999999999), 8: (-0.3241316380579752, 0.3999999999999999), 698: (-0.2001191195335591, 0.19999999999999996), 334: (-0.8132537749157381, 0.3999999999999999), 65: (0.09194746003369805, 0.8), 210: (0.09570036508591129, 0.19999999999999996)}","{362: (0.534647376836984, 0.8), 139: (0.5147936467853655, -0.19999999999999996), 721: (0.49330841005496967, 0.19999999999999996), 147: (0.48088143443987325, 0.6000000000000001), 44: (0.4805551662787883, 0.6000000000000001)}","{'noise': 0.26921410144452845, 'amp': 1, 'ls': 0.6183460494742037}","[(0.19999999999999996, -0.19999999999999996)]",[]
