impression,user_id,app_version,model_version,mturk_id,status,NUM_INITIAL_RATINGS,NUM_REFINE_RATINGS,TOTAL_TRAINING_RATINGS,NUM_TEST_RATINGS,TIME_INITIAL,TIME_REFINE,TIME_TEST,random_test_predictions_ratings,good_test_predictions_ratings,hypers,redisplay_check,arbitrary_check
0,a89aa1fa-0c8d-421c-bbbe-08db1821e384,5.0-og-ar-dresses10,2.0,AMZIAETHYXGGQ,Completed,1,30,31,15,17.424709796905518,150.18018007278442,50.759944677352905,"{505: (0.09277946062367468, 0.0), 539: (0.11170964140644585, 0.3999999999999999), 554: (0.14403784161963396, -0.19999999999999996), 13: (-0.1841369095782936, 0.19999999999999996), 7: (0.022067249767447884, -0.19999999999999996), 213: (-0.15623180119935776, -0.19999999999999996), 703: (0.10519233928241449, 0.3999999999999999), 543: (0.267608966250952, 0.3999999999999999), 510: (0.18651554186347533, 0.3999999999999999), 288: (0.042687186563777325, 0.19999999999999996)}","{274: (0.5082454481838531, 0.0), 208: (0.4752621519870698, 0.0), 769: (0.45125370980055324, 0.19999999999999996), 442: (0.4459773976242942, 0.0), 620: (0.44074893474538984, 0.3999999999999999)}","{'noise': 0.28162855002300397, 'amp': 1, 'ls': 0.506978102201899}","[(0.3999999999999999, 0.3999999999999999)]",[]
