impression,user_id,app_version,model_version,mturk_id,status,NUM_INITIAL_RATINGS,NUM_REFINE_RATINGS,TOTAL_TRAINING_RATINGS,NUM_TEST_RATINGS,TIME_INITIAL,TIME_REFINE,TIME_TEST,random_test_predictions_ratings,good_test_predictions_ratings,hypers,redisplay_check,arbitrary_check
0,a8e328b2-a2d4-44a7-b6e9-96c99b801c19,5.0-og-ar-dresses10,2.0,A312HQ3OU0EYTB,Completed,1,30,31,15,25.996934175491333,350.17698192596436,118.14206337928772,"{88: (0.2540509867937864, 0.6000000000000001), 91: (0.7347670013618384, 1.0), 603: (0.35006945957069485, 0.6000000000000001), 631: (-0.023394124606638977, -0.4), 403: (0.596990082365541, 0.6000000000000001), 338: (0.33261455823155306, 1.0), 698: (0.4038394071696833, -0.4), 792: (0.8152381515459748, 1.0), 185: (0.5220350287877162, 0.6000000000000001), 438: (0.013687567699280062, -0.4)}","{800: (1.1031636460579273, 0.6000000000000001), 738: (1.0771279187626195, 0.6000000000000001), 635: (1.0662459754682758, 0.6000000000000001), 444: (1.0426210004538907, 0.3999999999999999), 793: (1.0385764493173189, 0.6000000000000001)}","{'noise': 0.30855155368049186, 'amp': 1, 'ls': 0.5823128605228416}","[(0.6000000000000001, 0.6000000000000001)]",[]
