impression,user_id,app_version,model_version,mturk_id,status,NUM_INITIAL_RATINGS,NUM_REFINE_RATINGS,TOTAL_TRAINING_RATINGS,NUM_TEST_RATINGS,TIME_INITIAL,TIME_REFINE,TIME_TEST,random_test_predictions_ratings,good_test_predictions_ratings,hypers,redisplay_check,arbitrary_check
0,aac38f0f-1b91-42cc-b154-a5c3e3f23385,5.0-og-ar-dresses10,2.0,A1VE6VNQJO0U88,Completed,1,20,21,15,9.465465068817139,125.76187682151794,98.45635485649109,"{398: (-0.305633068851897, -0.8), 388: (-0.4452740808896699, -1.0), 641: (-0.7637658577573901, -0.8), 328: (-0.8577729998823421, -1.0), 777: (-0.7033897523675512, 0.3999999999999999), 318: (-0.27853375375628525, -0.8), 222: (-0.7800016923626043, 0.3999999999999999), 809: (-0.5465280808311774, -0.6), 28: (-0.6539526975829976, -0.8), 694: (-0.9205721753624164, -1.0)}","{597: (0.2988621749279987, 0.6000000000000001), 263: (0.18757001685654962, 0.6000000000000001), 246: (0.14389229332295517, -0.4), 32: (0.13559277495845856, -0.8), 457: (0.10906757752645313, -0.8)}","{'noise': 0.25238285348631967, 'amp': 1, 'ls': 0.594487891289059}","[(0.3999999999999999, 0.6000000000000001)]",[]
