impression,user_id,app_version,model_version,mturk_id,status,NUM_INITIAL_RATINGS,NUM_REFINE_RATINGS,TOTAL_TRAINING_RATINGS,NUM_TEST_RATINGS,TIME_INITIAL,TIME_REFINE,TIME_TEST,random_test_predictions_ratings,good_test_predictions_ratings,hypers,redisplay_check,arbitrary_check
0,ab33f154-88c1-4a3e-8005-b6fee670b02b,5.0-og-ar-dresses10,2.0,A1P2YHOV4NUL4D,Completed,1,50,51,15,7.546432733535767,328.67363715171814,94.26418590545654,"{48: (0.009573721648881761, 0.0), 390: (-0.06093744839611931, -0.8), 741: (0.24663569140335473, 0.19999999999999996), 504: (-0.25801009710635564, -0.4), 649: (-0.04011587439311198, 0.3999999999999999), 537: (-0.36635481289913985, -0.4), 223: (-0.3349540665610983, -0.6), 706: (-0.2140070581380574, -0.19999999999999996), 578: (-0.011844369612896505, 0.0), 780: (-0.17647638542584754, -0.6)}","{266: (0.43832291609551716, 0.0), 401: (0.4163084931980308, 0.6000000000000001), 653: (0.34810394902115654, 0.19999999999999996), 283: (0.343395993354452, 0.6000000000000001), 246: (0.3428999309654383, 0.19999999999999996)}","{'noise': 0.5729291346947082, 'amp': 1, 'ls': 0.7786224883825754}","[(0.3999999999999999, 0.6000000000000001)]",[]
