impression,user_id,app_version,model_version,mturk_id,status,NUM_INITIAL_RATINGS,NUM_REFINE_RATINGS,TOTAL_TRAINING_RATINGS,NUM_TEST_RATINGS,TIME_INITIAL,TIME_REFINE,TIME_TEST,random_test_predictions_ratings,good_test_predictions_ratings,hypers,redisplay_check,arbitrary_check
0,ab8f8c12-b8c4-4df5-89bc-64403eca6401,5.0-og-ar-dresses10,2.0,A14LXHJAWRQWR6,Completed,1,50,51,15,3.8236114978790283,159.23107600212097,36.45763611793518,"{86: (-0.1278633111228025, -0.6), 149: (-0.5342622862925603, -1.0), 697: (-0.3067295915421456, -0.4), 707: (-0.29962166785700306, -1.0), 459: (-0.45277594133614407, -1.0), 410: (-0.26779958255844877, 0.0), 493: (-0.4801737875062169, 0.0), 346: (-0.5172027226208773, -1.0), 654: (-0.0970071084170484, 1.0), 336: (-0.07080297205499936, -0.6)}","{358: (0.08252181892474297, -0.8), 288: (0.06877154037519773, 0.19999999999999996), 682: (0.062079296517128235, 0.6000000000000001), 811: (0.053487954444782826, -0.6), 275: (0.04338334958025786, 0.0)}","{'noise': 0.7895723960741395, 'amp': 1, 'ls': 1.0148284617474455}","[(-0.19999999999999996, -0.8)]",[]
