impression,user_id,app_version,model_version,mturk_id,status,NUM_INITIAL_RATINGS,NUM_REFINE_RATINGS,TOTAL_TRAINING_RATINGS,NUM_TEST_RATINGS,TIME_INITIAL,TIME_REFINE,TIME_TEST,random_test_predictions_ratings,good_test_predictions_ratings,hypers,redisplay_check,arbitrary_check
0,aeb5301a-a111-4aaf-ab9f-4f42d9e43975,5.0-og-ar-dresses10,2.0,A28V5XY8A0R6Q5,Completed,1,30,31,15,32.003018617630005,353.47590708732605,143.39422988891602,"{69: (-0.09855128888695176, -0.6), 6: (0.21593418828402938, -0.4), 703: (0.11321022766955219, -0.4), 509: (0.07509152821589879, -1.0), 177: (0.3737030174525665, 0.8999999999999999), 217: (0.49461258607541714, -0.98), 786: (0.05020326228460525, -0.7), 675: (-0.10290285737486306, 0.7), 569: (0.7480093524241859, 0.8999999999999999), 8: (0.36893481133025746, 0.3999999999999999)}","{597: (1.2738514253974904, 1.0), 270: (1.2515884651260638, 1.0), 785: (1.1698567650116485, 1.0), 263: (1.1396533340611879, 0.19999999999999996), 266: (1.112664971921294, 1.0)}","{'noise': 0.3551484365622605, 'amp': 1, 'ls': 0.6122723446888739}","[(0.7, 0.8999999999999999)]",[]
