impression,user_id,app_version,model_version,mturk_id,status,NUM_INITIAL_RATINGS,NUM_REFINE_RATINGS,TOTAL_TRAINING_RATINGS,NUM_TEST_RATINGS,TIME_INITIAL,TIME_REFINE,TIME_TEST,random_test_predictions_ratings,good_test_predictions_ratings,hypers,redisplay_check,arbitrary_check
0,afcbab01-9739-43ae-b41a-0bb2a679119a,5.0-og-ar-dresses10,2.0,A2THN8O1IQIRP7,Completed,1,30,31,15,4.066132068634033,132.9697926044464,60.92910814285278,"{725: (0.012052592380978569, -0.6), 580: (-0.2914790275341097, -0.6), 778: (-0.035011883466669946, 0.0), 55: (0.1529946633001853, -0.8), 435: (0.19812383948681161, -0.4), 731: (0.12574258759924178, 1.0), 76: (-0.12158418513002037, 0.6000000000000001), 648: (0.09928302643806589, 0.8), 592: (0.020014366778058693, 0.3999999999999999), 304: (-0.026368329410908192, 0.6000000000000001)}","{348: (0.8111122030392508, 0.0), 545: (0.7278288104168128, -0.6), 365: (0.6777134282598043, 0.19999999999999996), 449: (0.6327870991493135, 0.0), 351: (0.6268814592287729, -0.4)}","{'noise': 0.25812508042292776, 'amp': 1, 'ls': 0.5185293388271935}","[(0.19999999999999996, 0.19999999999999996)]",[]
