impression,user_id,app_version,model_version,mturk_id,status,NUM_INITIAL_RATINGS,NUM_REFINE_RATINGS,TOTAL_TRAINING_RATINGS,NUM_TEST_RATINGS,TIME_INITIAL,TIME_REFINE,TIME_TEST,random_test_predictions_ratings,good_test_predictions_ratings,hypers,redisplay_check,arbitrary_check
0,b0816c62-89a1-4f4a-8613-95fa1fd381b6,5.0-og-ar-dresses10,2.0,A3V0W799KZFY18,Completed,1,40,41,15,20.505370378494263,155.21587681770325,54.84118342399597,"{546: (0.3683711729142426, 0.0), 297: (0.10077060047688371, 0.0), 153: (0.1850303442184976, 0.0), 680: (-0.17076634873667676, 0.0), 205: (0.2771844201264318, 0.3999999999999999), 339: (0.2622605799586419, 0.3999999999999999), 384: (0.017977413856882188, -0.4), 225: (-0.16543503003253218, -0.19999999999999996), 716: (0.12947997959366206, 0.3999999999999999), 591: (0.13893442511897908, 0.6000000000000001)}","{265: (0.6042094864757946, 0.3999999999999999), 38: (0.5559040566632731, 0.19999999999999996), 807: (0.5451391397180959, -0.19999999999999996), 810: (0.5261852485049745, 0.0), 522: (0.5080075647100197, 0.6000000000000001)}","{'noise': 0.26448211973781893, 'amp': 1, 'ls': 0.5283169568890821}","[(0.19999999999999996, -0.19999999999999996)]",[]
