impression,user_id,app_version,model_version,mturk_id,status,NUM_INITIAL_RATINGS,NUM_REFINE_RATINGS,TOTAL_TRAINING_RATINGS,NUM_TEST_RATINGS,TIME_INITIAL,TIME_REFINE,TIME_TEST,random_test_predictions_ratings,good_test_predictions_ratings,hypers,redisplay_check,arbitrary_check
0,b3586cf8-79e4-4449-b83c-0683a0d2f8aa,5.0-og-ar-dresses10,2.0,A36QGCT3MMXC4Q,Completed,1,40,41,15,9.084205627441406,220.90480422973633,243.51635766029358,"{765: (0.15757228803764253, 0.3999999999999999), 471: (0.002117058833234181, 0.0), 674: (-0.5202284373161815, -0.6), 722: (0.2567546502178073, 0.6000000000000001), 162: (-0.28020011982530507, -0.19999999999999996), 116: (0.16217863660984358, 0.6000000000000001), 737: (-0.10339095213596308, 0.19999999999999996), 810: (-0.0890484719527595, 0.3999999999999999), 434: (0.031891334421643575, 0.3999999999999999), 80: (-0.3152336265591583, 0.19999999999999996)}","{457: (0.405422259955047, 0.19999999999999996), 597: (0.39517016625972434, 0.6000000000000001), 263: (0.351661854301648, 0.6000000000000001), 773: (0.33893473545952324, 0.0), 664: (0.32613448621552676, 0.3999999999999999)}","{'noise': 0.35449768531277254, 'amp': 1, 'ls': 0.5372307946932425}","[(0.6000000000000001, 0.3999999999999999)]",[]
