impression,user_id,app_version,model_version,mturk_id,status,NUM_INITIAL_RATINGS,NUM_REFINE_RATINGS,TOTAL_TRAINING_RATINGS,NUM_TEST_RATINGS,TIME_INITIAL,TIME_REFINE,TIME_TEST,random_test_predictions_ratings,good_test_predictions_ratings,hypers,redisplay_check,arbitrary_check
0,b39472cc-14df-4e9a-afc7-f1684e2b6fb6,5.0-og-ar-dresses10,2.0,A2VCCBAA4SGQOY,Completed,1,40,41,15,21.90899109840393,712.7320346832275,203.64546036720276,"{757: (-0.2743000538679691, -0.9), 658: (-0.6983464843654306, -0.98), 182: (-0.8651156102476911, -0.9), 54: (-0.4893805311699724, -0.30000000000000004), 784: (-0.4888926010262211, 0.0), 269: (-0.670613971873371, 0.0), 661: (-0.6092106448049976, -0.09999999999999998), 277: (-1.0042316467621617, -0.4), 198: (-0.890764200788984, -0.09999999999999998), 27: (-0.539072642867177, -0.7)}","{406: (-0.13322264949493456, -0.19999999999999996), 503: (-0.21691485166345675, -0.5), 573: (-0.21807742597877822, 0.0), 555: (-0.23541364110677987, 0.0), 286: (-0.24189961676225596, -0.30000000000000004)}","{'noise': 0.36112244970305474, 'amp': 1, 'ls': 0.5625702451607983}","[(-0.7, -0.7)]",[]
