impression,user_id,app_version,model_version,mturk_id,status,NUM_INITIAL_RATINGS,NUM_REFINE_RATINGS,TOTAL_TRAINING_RATINGS,NUM_TEST_RATINGS,TIME_INITIAL,TIME_REFINE,TIME_TEST,random_test_predictions_ratings,good_test_predictions_ratings,hypers,redisplay_check,arbitrary_check
0,b39697b7-31fc-46ce-91c8-ec6cb357e8e3,5.0-og-ar-dresses10,2.0,A1QT7BQZVOBSY0,Completed,1,20,21,15,13.225133180618286,483.324481010437,135.545663356781,"{678: (0.17060547958285657, 0.6000000000000001), 63: (0.011293166256492071, 0.6000000000000001), 35: (-0.0636566313172926, -0.8), 200: (-0.1954353523804016, -0.6), 344: (0.5362292868610157, 0.19999999999999996), 394: (-0.1385953850128847, 0.3999999999999999), 143: (-0.25179545192773045, -0.19999999999999996), 426: (-0.18773609966262317, -0.8), 111: (-0.3770978594929117, -1.0), 242: (0.1099828790832739, 0.19999999999999996)}","{457: (0.6884249519987596, 0.19999999999999996), 597: (0.6305426182522683, 0.3999999999999999), 263: (0.6288824985975526, 0.3999999999999999), 581: (0.6248193441800101, 0.0), 369: (0.5906658291488717, 0.3999999999999999)}","{'noise': 0.2549515564263774, 'amp': 1, 'ls': 0.6645931253477072}","[(0.3999999999999999, 0.3999999999999999)]",[]
