impression,user_id,app_version,model_version,mturk_id,status,NUM_INITIAL_RATINGS,NUM_REFINE_RATINGS,TOTAL_TRAINING_RATINGS,NUM_TEST_RATINGS,TIME_INITIAL,TIME_REFINE,TIME_TEST,random_test_predictions_ratings,good_test_predictions_ratings,hypers,redisplay_check,arbitrary_check
0,b3ab41d7-d060-4a25-aea4-583836553f69,5.0-og-ar-dresses10,2.0,A49A0FF6ZXYDU,Completed,1,20,21,15,13.570010423660278,96.42141318321228,46.95726251602173,"{322: (-0.7163689619564373, -0.8), 705: (-0.42418002170953745, -0.8), 307: (-0.8022500063769447, -0.8), 738: (-0.5489129684187319, -0.4), 39: (-0.19593093493405866, -0.4), 219: (-0.342433351424786, -0.19999999999999996), 378: (-0.6351826078480651, -0.6), 306: (-0.10959240298138834, -0.4), 735: (-0.6619487298911845, -0.8), 342: (-0.46973150753608706, 0.19999999999999996)}","{471: (0.09018418353883295, 0.0), 620: (0.06413628351572709, -0.4), 713: (0.0431571480704549, -0.19999999999999996), 612: (0.04171547186157132, 0.0), 168: (0.02966073852103901, -0.4)}","{'noise': 0.2632202567702673, 'amp': 1, 'ls': 0.6550646000293174}","[(-0.6, -0.6)]",[]
