impression,user_id,app_version,model_version,mturk_id,status,NUM_INITIAL_RATINGS,NUM_REFINE_RATINGS,TOTAL_TRAINING_RATINGS,NUM_TEST_RATINGS,TIME_INITIAL,TIME_REFINE,TIME_TEST,random_test_predictions_ratings,good_test_predictions_ratings,hypers,redisplay_check,arbitrary_check
0,b44b077f-7699-4f96-8d95-39550eadff65,5.0-og-ar-dresses10,2.0,A1UFEYLBCJ89TQ,Completed,1,30,31,15,11.503016710281372,219.17966294288635,74.01985883712769,"{187: (0.5462200621718301, 0.6000000000000001), 200: (0.6188695557190717, 0.0), 501: (0.3352181381466442, 0.19999999999999996), 611: (0.507312469833979, 0.3999999999999999), 436: (0.26633283049286105, 0.8), 327: (0.24126137105442547, 0.19999999999999996), 578: (0.6665181547684415, 0.6000000000000001), 142: (0.540778738078058, 0.6000000000000001), 124: (0.31811268704146034, 0.8), 128: (0.017123447170631717, -0.6)}","{528: (0.9533446200839166, 0.6000000000000001), 49: (0.9476254485738547, -0.19999999999999996), 311: (0.925721497630732, 0.6000000000000001), 567: (0.9070501007031075, 0.8), 32: (0.8782935378144405, 0.3999999999999999)}","{'noise': 0.2800730376744666, 'amp': 1, 'ls': 0.6249102154678464}","[(0.8, 0.8)]",[]
