impression,user_id,app_version,model_version,mturk_id,status,NUM_INITIAL_RATINGS,NUM_REFINE_RATINGS,TOTAL_TRAINING_RATINGS,NUM_TEST_RATINGS,TIME_INITIAL,TIME_REFINE,TIME_TEST,random_test_predictions_ratings,good_test_predictions_ratings,hypers,redisplay_check,arbitrary_check
0,b46e42c9-98e7-44b9-897c-0b63bb925be2,5.0-og-ar-dresses10,2.0,AGWSOBI4I4T9Z,Completed,1,30,31,15,36.64847278594971,217.6330645084381,95.88015937805176,"{203: (0.05274966913708019, 0.19999999999999996), 775: (-0.294481214817182, 0.8), 382: (0.09637304727016387, 0.6000000000000001), 392: (-0.1503179405855089, -0.6), 804: (-0.2433970618940849, -0.4), 77: (-0.2197360397347285, 0.19999999999999996), 592: (-0.4367911580569331, 1.0), 85: (-0.0870307878938373, -0.8), 169: (0.008633443976440891, 0.0), 72: (0.1591652960028931, 0.3999999999999999)}","{60: (0.4649774643861129, 0.19999999999999996), 23: (0.45898740530874343, 0.6000000000000001), 548: (0.44826623215821587, -0.8), 716: (0.4299236081283288, -0.6), 198: (0.4000000436371753, -0.6)}","{'noise': 0.3127865573514844, 'amp': 1, 'ls': 0.5181487340544321}","[(0.6000000000000001, 0.6000000000000001)]",[]
