impression,user_id,app_version,model_version,mturk_id,status,NUM_INITIAL_RATINGS,NUM_REFINE_RATINGS,TOTAL_TRAINING_RATINGS,NUM_TEST_RATINGS,TIME_INITIAL,TIME_REFINE,TIME_TEST,random_test_predictions_ratings,good_test_predictions_ratings,hypers,redisplay_check,arbitrary_check
0,b4819f1f-c456-4e5f-8fa9-1780527dd694,5.0-og-ar-dresses10,2.0,A2SPEITP0H9DOC,Completed,1,20,21,15,38.72418832778931,92.26773762702942,72.97233581542969,"{540: (0.3948440871386208, -0.5), 615: (-0.3230813418600744, -0.09999999999999998), 780: (0.018621717013861616, 0.0), 205: (-0.5623009403063568, -1.0), 246: (-0.31866418931753343, -0.19999999999999996), 476: (-0.28450898600601254, 0.0), 620: (0.33702356728388533, 0.10000000000000009), 165: (-0.8504925570776298, -0.4), 122: (-0.09501018104084219, -0.4), 724: (-0.3418916641687763, -0.09999999999999998)}","{242: (0.6629385621260098, -0.19999999999999996), 767: (0.6449520712822523, 0.30000000000000004), 48: (0.6201025316428452, 0.19999999999999996), 467: (0.5897723076870431, 0.19999999999999996), 17: (0.5691538975107375, 0.10000000000000009)}","{'noise': 0.23185068933350222, 'amp': 1, 'ls': 0.6872552791153579}","[(-0.19999999999999996, 0.19999999999999996)]",[]
