impression,user_id,app_version,model_version,mturk_id,status,NUM_INITIAL_RATINGS,NUM_REFINE_RATINGS,TOTAL_TRAINING_RATINGS,NUM_TEST_RATINGS,TIME_INITIAL,TIME_REFINE,TIME_TEST,random_test_predictions_ratings,good_test_predictions_ratings,hypers,redisplay_check,arbitrary_check
0,b70b4f1b-1660-4c05-939c-97518f62c93a,5.0-og-ar-dresses10,2.0,A3D5248VL6YI8H,Completed,1,30,31,15,11.754287481307983,189.94489240646362,84.12240099906921,"{69: (-0.4619074252858776, -0.7), 101: (-0.20312231822512494, -0.6), 663: (0.07959318090829581, 0.8), 710: (-0.6015735077401146, 0.0), 432: (0.15248183200320692, -0.9), 75: (0.11198212445042488, -0.8), 541: (0.09027464146299677, -0.8), 592: (-0.29195485428136736, -0.6), 715: (-0.13916880250607877, -0.8), 53: (-0.5191852766042344, 0.0)}","{297: (0.5103585311546817, 0.8), 270: (0.4929258223808645, -0.6), 358: (0.47867318389915553, 0.6000000000000001), 435: (0.4580211936325254, 0.19999999999999996), 597: (0.43009790803203746, 0.6000000000000001)}","{'noise': 0.6353481058434617, 'amp': 1, 'ls': 0.7478276026413486}","[(-0.8, -0.8)]",[]
