impression,user_id,app_version,model_version,mturk_id,status,NUM_INITIAL_RATINGS,NUM_REFINE_RATINGS,TOTAL_TRAINING_RATINGS,NUM_TEST_RATINGS,TIME_INITIAL,TIME_REFINE,TIME_TEST,random_test_predictions_ratings,good_test_predictions_ratings,hypers,redisplay_check,arbitrary_check
0,b7fc0baa-19c3-43c5-862f-4bb56870ddb8,5.0-og-ar-dresses10,2.0,ASN324YSQ02MH,Completed,1,40,41,15,10.279624700546265,151.84203910827637,66.3429205417633,"{703: (-0.34090605373655797, 0.6000000000000001), 568: (-0.42206194967509814, -1.0), 362: (-0.28433140551184793, -1.0), 757: (0.2149934455493655, 1.0), 699: (-0.29817022075194016, -1.0), 575: (-0.3790406746671643, -0.4), 716: (-0.3710847763012536, -1.0), 343: (-0.3107536819727815, -0.8), 86: (0.04441280604351128, -0.19999999999999996), 281: (-0.5424626692639719, -0.4)}","{327: (1.1805068978007485, 1.0), 223: (1.175510610311743, 0.3999999999999999), 194: (1.1333458757283241, 0.19999999999999996), 197: (1.1197595540348164, 1.0), 374: (1.00836910838777, 0.8)}","{'noise': 0.3266511352067097, 'amp': 1, 'ls': 0.6151973381105801}","[(-0.19999999999999996, -0.19999999999999996)]",[]
