impression,user_id,app_version,model_version,mturk_id,status,NUM_INITIAL_RATINGS,NUM_REFINE_RATINGS,TOTAL_TRAINING_RATINGS,NUM_TEST_RATINGS,TIME_INITIAL,TIME_REFINE,TIME_TEST,random_test_predictions_ratings,good_test_predictions_ratings,hypers,redisplay_check,arbitrary_check
0,b96ae178-4ec7-481b-8c9b-e56d82636132,5.0-og-ar-dresses10,2.0,A3GZXU4FUJTKZD,Completed,1,40,41,15,7.944446802139282,150.48171067237854,47.70362830162048,"{803: (-0.4628895707071847, -1.0), 26: (-0.4532742541811654, -1.0), 639: (-0.28133033881078334, -0.19999999999999996), 322: (-0.31730292225409074, -0.8), 752: (-0.5115517347160762, -1.0), 271: (-0.635854928806633, -0.8), 41: (-0.24064684471445275, 0.0), 598: (-0.03032835505344217, -0.4), 20: (-0.3454294931106107, -0.8), 368: (-0.41430277137740856, -0.8)}","{610: (0.2304626217944652, -0.8), 144: (0.2297649475621284, -0.6), 138: (0.20509687419227596, 0.0), 605: (0.19334920190807892, -0.6), 324: (0.1821649868268267, 0.19999999999999996)}","{'noise': 0.4090705078844897, 'amp': 1, 'ls': 0.4702444557026446}","[(-1.0, -1.0)]",[]
