impression,user_id,app_version,model_version,mturk_id,status,NUM_INITIAL_RATINGS,NUM_REFINE_RATINGS,TOTAL_TRAINING_RATINGS,NUM_TEST_RATINGS,TIME_INITIAL,TIME_REFINE,TIME_TEST,random_test_predictions_ratings,good_test_predictions_ratings,hypers,redisplay_check,arbitrary_check
0,ba3a8a42-ff3c-4bed-9818-7ea8f6b9f9c0,5.0-og-ar-dresses10,2.0,A2294RXUKK403X,Completed,1,30,31,15,17.20500636100769,216.67103624343872,97.07733798027039,"{297: (0.6831661947215202, 0.8), 459: (-0.1160174336393649, 0.6000000000000001), 335: (-0.24963413092444414, 0.6000000000000001), 330: (-0.1668997885178755, 0.8), 685: (0.3027626631581486, 0.8), 283: (0.498212766613248, 1.0), 134: (0.22487153960273554, 0.6000000000000001), 296: (0.9646450320185691, 0.3999999999999999), 741: (0.2559511094611147, 1.0), 594: (-0.07354810790265603, 1.0)}","{172: (1.0980451253099484, 0.8), 289: (1.0901371250264644, 0.8), 783: (1.0769157751308644, 0.19999999999999996), 667: (1.067488259334502, 1.0), 153: (1.0474901802116618, 0.19999999999999996)}","{'noise': 0.3048634828067153, 'amp': 1, 'ls': 0.5814927927113734}","[(0.6000000000000001, 0.8)]",[]
