impression,user_id,app_version,model_version,mturk_id,status,NUM_INITIAL_RATINGS,NUM_REFINE_RATINGS,TOTAL_TRAINING_RATINGS,NUM_TEST_RATINGS,TIME_INITIAL,TIME_REFINE,TIME_TEST,random_test_predictions_ratings,good_test_predictions_ratings,hypers,redisplay_check,arbitrary_check
0,ba88fafc-5c73-49be-b33f-53294f97b70c,5.0-og-ar-dresses10,2.0,A2HT97PKEBJUGM,Completed,1,40,41,15,11.239008665084839,249.70537114143372,67.68508434295654,"{342: (-0.028065718277232306, 0.0), 278: (0.02079273970885494, 0.6000000000000001), 630: (-0.10299937129887092, 0.0), 140: (-0.0752607029949982, 0.0), 106: (-0.019543290186386415, -0.19999999999999996), 690: (0.11256557343935046, 1.0), 66: (0.07469732605470994, -0.19999999999999996), 652: (-0.006091914960067087, 0.6000000000000001), 215: (-0.014428829498501395, 0.19999999999999996), 362: (-0.012452943142728556, 0.0)}","{658: (0.503532913789659, 0.19999999999999996), 601: (0.4515968231887883, -0.19999999999999996), 1: (0.4491917636167527, 0.3999999999999999), 724: (0.43820070641265624, 0.19999999999999996), 25: (0.4026561212744403, 0.0)}","{'noise': 0.6428628813136389, 'amp': 1, 'ls': 0.7026888741992059}","[(0.0, 0.0)]",[]
