impression,user_id,app_version,model_version,mturk_id,status,NUM_INITIAL_RATINGS,NUM_REFINE_RATINGS,TOTAL_TRAINING_RATINGS,NUM_TEST_RATINGS,TIME_INITIAL,TIME_REFINE,TIME_TEST,random_test_predictions_ratings,good_test_predictions_ratings,hypers,redisplay_check,arbitrary_check
0,bc5b73e4-35ee-4b05-a20c-6d851b246d8c,5.0-og-ar-dresses10,2.0,A1G5EPLJEGL381,Completed,1,40,41,15,13.028412342071533,381.7768757343292,214.78285026550293,"{790: (-0.808994715967205, -0.6), 92: (-0.661589630515105, -0.8), 342: (-0.5483009961348083, -0.6), 74: (-0.45022311964759354, -0.19999999999999996), 100: (-0.5937215413105195, -0.6), 264: (-0.5897641828515967, -1.0), 149: (-0.32978905167005607, -0.19999999999999996), 786: (-0.3434775957910047, 0.19999999999999996), 469: (-0.27089909115271515, 0.3999999999999999), 158: (-0.20879288435840437, 0.6000000000000001)}","{208: (-0.043338464028538914, 0.0), 800: (-0.050333972128645654, 0.6000000000000001), 560: (-0.07198546819586032, -0.19999999999999996), 574: (-0.0734594367870795, -0.19999999999999996), 738: (-0.07709523235370674, -1.0)}","{'noise': 0.6932031694537045, 'amp': 1, 'ls': 0.8757404967866389}","[(-0.8, -0.6)]",[]
