impression,user_id,app_version,model_version,mturk_id,status,NUM_INITIAL_RATINGS,NUM_REFINE_RATINGS,TOTAL_TRAINING_RATINGS,NUM_TEST_RATINGS,TIME_INITIAL,TIME_REFINE,TIME_TEST,random_test_predictions_ratings,good_test_predictions_ratings,hypers,redisplay_check,arbitrary_check
0,bc9402ef-d7a9-4c87-ac09-d398c9aa5638,5.0-og-ar-dresses10,2.0,AJDHPRCJ985C7,Completed,1,20,21,15,15.645937442779541,214.60667324066162,153.8458034992218,"{683: (0.06893224342294381, 0.30000000000000004), 536: (-0.2778850961114742, 0.3999999999999999), 623: (0.21107664183341027, 0.19999999999999996), 664: (0.38259323351188035, 0.8), 269: (0.07094807402937295, -0.4), 676: (-0.24831064752963844, -0.09999999999999998), 385: (-0.2584359177974746, 0.0), 287: (-0.14241634912653375, -0.30000000000000004), 359: (-0.04802693058416611, -0.5), 377: (0.0330588229420044, 0.0)}","{386: (0.604887078938873, 0.3999999999999999), 635: (0.5479485238578019, 0.5), 46: (0.49645677835639496, 0.30000000000000004), 34: (0.47580159823633333, -0.30000000000000004), 401: (0.4632774324155912, 0.6000000000000001)}","{'noise': 0.2751426939228032, 'amp': 1, 'ls': 0.49036053400012164}","[(0.5, 0.3999999999999999)]",[]
