impression,user_id,app_version,model_version,mturk_id,status,NUM_INITIAL_RATINGS,NUM_REFINE_RATINGS,TOTAL_TRAINING_RATINGS,NUM_TEST_RATINGS,TIME_INITIAL,TIME_REFINE,TIME_TEST,random_test_predictions_ratings,good_test_predictions_ratings,hypers,redisplay_check,arbitrary_check
0,bcc1c3f1-822b-452f-8da7-50c169a816da,5.0-og-ar-dresses10,2.0,A3G3TIX6FEMN8R,Completed,1,40,41,15,7.914665222167969,169.42399334907532,68.32560300827026,"{161: (-0.4517239984871021, -0.19999999999999996), 210: (-0.20798497508417357, -0.4), 252: (-0.32937683198358453, -0.19999999999999996), 769: (-0.2597449368171475, 0.0), 447: (-0.3472812851839884, -0.19999999999999996), 219: (-0.16570051366707433, 0.8), 135: (0.055500586038463307, -0.4), 530: (-0.31161561820358535, 0.0), 257: (-0.22279625130375508, 0.0), 629: (-0.10894587932605485, 0.0)}","{534: (0.17628705006298512, -0.19999999999999996), 89: (0.14211729422361724, -0.4), 142: (0.13044656216659, 0.19999999999999996), 245: (0.11773203349905487, 0.0), 632: (0.10812887588921921, -0.19999999999999996)}","{'noise': 0.29067262502650426, 'amp': 1, 'ls': 0.4323324279273133}","[(-0.19999999999999996, -0.4)]",[]
