impression,user_id,app_version,model_version,mturk_id,status,NUM_INITIAL_RATINGS,NUM_REFINE_RATINGS,TOTAL_TRAINING_RATINGS,NUM_TEST_RATINGS,TIME_INITIAL,TIME_REFINE,TIME_TEST,random_test_predictions_ratings,good_test_predictions_ratings,hypers,redisplay_check,arbitrary_check
0,bcc9442c-0551-4756-bc99-8285d3d066c9,5.0-og-ar-dresses10,2.0,A1BM57TUNAQIXM,Completed,1,20,21,15,5.9625403881073,67.20670127868652,45.17469549179077,"{727: (-0.016340428057028206, 0.19999999999999996), 740: (-0.025788494665079126, 0.06000000000000005), 565: (-0.10397046901169582, -0.42000000000000004), 283: (0.06646756816639682, 0.8), 61: (-0.13982848107458035, 0.45999999999999996), 390: (-0.1704417419357093, -0.6), 314: (-0.1388400972454724, 0.26), 318: (-0.28235108082076144, 0.5800000000000001), 496: (0.16182171614708019, 0.45999999999999996), 481: (-0.1822080258090703, 0.06000000000000005)}","{27: (0.4678957175447918, 0.10000000000000009), 594: (0.4426800811441736, -0.42000000000000004), 218: (0.43127283274453415, -0.4), 543: (0.40890751742295434, 0.7), 107: (0.39957498120567286, -0.18000000000000005)}","{'noise': 0.2546638700837662, 'amp': 1, 'ls': 0.6267042990853251}","[(0.6199999999999999, 0.8)]",[]
