impression,user_id,app_version,model_version,mturk_id,status,NUM_INITIAL_RATINGS,NUM_REFINE_RATINGS,TOTAL_TRAINING_RATINGS,NUM_TEST_RATINGS,TIME_INITIAL,TIME_REFINE,TIME_TEST,random_test_predictions_ratings,good_test_predictions_ratings,hypers,redisplay_check,arbitrary_check
0,bcf1c707-bb31-4dc7-a7f6-fba47d29887a,5.0-og-ar-dresses10,2.0,A375OH1S7FO7L8,Completed,1,30,31,15,15.636109352111816,161.46671748161316,58.99571776390076,"{274: (0.5652664957830921, 0.19999999999999996), 464: (0.15212553055844466, 0.3999999999999999), 51: (0.7109779009077771, 0.6000000000000001), 550: (-0.0058077907089468805, 0.3999999999999999), 484: (-0.046795770671951786, -0.4), 102: (0.44311024649329844, 0.19999999999999996), 239: (0.270703183240061, 0.6000000000000001), 7: (0.34389684656210173, 0.19999999999999996), 194: (0.4436398591042464, -0.4), 130: (0.09927167773420728, 0.3999999999999999)}","{597: (1.0618176056309019, 0.19999999999999996), 270: (1.0347603430709185, 0.8), 266: (0.952431827923129, 0.6000000000000001), 690: (0.94576091745466, 1.0), 425: (0.941653382778362, 0.8)}","{'noise': 0.34615850195107767, 'amp': 1, 'ls': 0.6568749982272055}","[(0.3999999999999999, 0.3999999999999999)]",[]
