impression,user_id,app_version,model_version,mturk_id,status,NUM_INITIAL_RATINGS,NUM_REFINE_RATINGS,TOTAL_TRAINING_RATINGS,NUM_TEST_RATINGS,TIME_INITIAL,TIME_REFINE,TIME_TEST,random_test_predictions_ratings,good_test_predictions_ratings,hypers,redisplay_check,arbitrary_check
0,bed1afb4-bb82-4d12-849c-a6efb5425dae,5.0-og-ar-dresses10,2.0, A2YB18JHC2C7GF,Completed,1,50,51,15,9.275126934051514,385.9258761405945,117.20069766044617,"{365: (0.31914715995289494, 1.0), 207: (0.037493842769654416, 0.28), 92: (-0.09656733400800419, -1.0), 584: (0.03525733569261388, 0.6399999999999999), 249: (-0.15001658585775568, 0.8399999999999999), 523: (0.029229835123511586, -0.98), 411: (-0.3125398736662818, -0.98), 562: (0.1523984786768186, 0.41999999999999993), 813: (-0.24273675410870807, -1.0), 132: (0.01948859310567684, 0.24)}","{721: (0.5667248870073115, 1.0), 174: (0.49854834302582046, 1.0), 149: (0.49418393924802945, 1.0), 362: (0.4744676749599696, 1.0), 705: (0.4639284326598425, 1.0)}","{'noise': 0.8093383570326043, 'amp': 1, 'ls': 1.0207382295725582}","[(-0.98, 0.6399999999999999)]",[]
