impression,user_id,app_version,model_version,mturk_id,status,NUM_INITIAL_RATINGS,NUM_REFINE_RATINGS,TOTAL_TRAINING_RATINGS,NUM_TEST_RATINGS,TIME_INITIAL,TIME_REFINE,TIME_TEST,random_test_predictions_ratings,good_test_predictions_ratings,hypers,redisplay_check,arbitrary_check
0,bf385140-058d-407d-bdd0-753f9ed96773,5.0-og-ar-dresses10,2.0,A2C7XLECC3HARG,Completed,1,20,21,15,7.289163112640381,61.808265209198,46.24568486213684,"{450: (0.32505042512502386, -0.19999999999999996), 129: (0.38216963070828486, 0.19999999999999996), 803: (0.3983512627161675, 0.19999999999999996), 809: (0.36089531272036934, 0.3999999999999999), 474: (0.19439107916959317, 0.19999999999999996), 688: (0.3647483562387102, 0.19999999999999996), 14: (0.3733332419842983, 0.19999999999999996), 781: (0.2582095504708321, 0.0), 510: (0.20593307673945704, 0.3999999999999999), 773: (0.5211633679563251, 0.3999999999999999)}","{597: (0.6193590774235764, 0.3999999999999999), 663: (0.6083978686002214, 0.3999999999999999), 504: (0.6005020117109947, 0.3999999999999999), 108: (0.599685704786958, 0.8), 591: (0.5920634707358683, 0.6000000000000001)}","{'noise': 0.2580140644223193, 'amp': 1, 'ls': 0.5910770200349765}","[(0.6000000000000001, 0.8)]",[]
