impression,user_id,app_version,model_version,mturk_id,status,NUM_INITIAL_RATINGS,NUM_REFINE_RATINGS,TOTAL_TRAINING_RATINGS,NUM_TEST_RATINGS,TIME_INITIAL,TIME_REFINE,TIME_TEST,random_test_predictions_ratings,good_test_predictions_ratings,hypers,redisplay_check,arbitrary_check
0,c0dcd830-0ea1-4882-9f19-5ad828dbeef9,5.0-og-ar-dresses10,2.0,A27RS192S3Q5EW,Completed,1,40,41,15,16.05373978614807,252.237459897995,89.55805897712708,"{705: (0.2104982616039401, 0.6000000000000001), 549: (0.20445731534940692, -0.4), 448: (0.0727866011484404, 0.3999999999999999), 757: (0.11003983606719503, 0.6000000000000001), 367: (0.22196868123240077, -0.6), 592: (0.15491914823106565, 0.3999999999999999), 368: (-0.3517208007817336, -0.8), 305: (-0.07729744118271786, -0.4), 521: (-0.10210994974740054, 0.3999999999999999), 557: (0.19774952684845365, -0.19999999999999996)}","{523: (0.787644587415998, 1.0), 115: (0.7701719710219846, 0.8), 425: (0.7224240640471064, 1.0), 597: (0.721395864197647, 1.0), 270: (0.6895775287521343, 0.8)}","{'noise': 0.34323297139357867, 'amp': 1, 'ls': 0.5662087735007763}","[(-0.4, -0.6)]",[]
