impression,user_id,app_version,model_version,mturk_id,status,NUM_INITIAL_RATINGS,NUM_REFINE_RATINGS,TOTAL_TRAINING_RATINGS,NUM_TEST_RATINGS,TIME_INITIAL,TIME_REFINE,TIME_TEST,random_test_predictions_ratings,good_test_predictions_ratings,hypers,redisplay_check,arbitrary_check
0,c0e9ac25-cd24-4e34-9e66-45b75684d3e1,5.0-og-ar-dresses10,2.0,A19WCJSUL2V88G,Completed,1,40,41,15,15.81622314453125,425.6689167022705,141.71448135375977,"{488: (0.1842541617925752, 0.19999999999999996), 386: (0.05276135710847962, -0.19999999999999996), 469: (-0.34222619454861897, 0.3999999999999999), 777: (-0.11572943423034776, -0.4), 208: (-0.2603239596246904, 0.3999999999999999), 357: (0.5006255583421508, 1.0), 415: (-0.5014940918956386, -0.8), 747: (-0.21404145385657666, -0.09999999999999998), 14: (0.12248011850846668, -0.9), 17: (-0.33956202333079943, -0.9)}","{650: (0.7509573257812336, 0.0), 266: (0.659793959011385, 1.0), 525: (0.6407420934032919, 0.0), 270: (0.6309779487866414, 1.0), 269: (0.6262146437785172, -0.9)}","{'noise': 0.32701349657830375, 'amp': 1, 'ls': 0.5377175504262549}","[(-0.6, -0.19999999999999996)]",[]
