impression,user_id,app_version,model_version,mturk_id,status,NUM_INITIAL_RATINGS,NUM_REFINE_RATINGS,TOTAL_TRAINING_RATINGS,NUM_TEST_RATINGS,TIME_INITIAL,TIME_REFINE,TIME_TEST,random_test_predictions_ratings,good_test_predictions_ratings,hypers,redisplay_check,arbitrary_check
0,c16c5a14-4f97-46e4-95fb-ea3049b40fe0,5.0-og-ar-dresses10,2.0,ACYH2RL9NM7FS,Completed,1,50,51,15,10.387960433959961,209.12696409225464,64.4878203868866,"{568: (0.18205811548594877, 0.19999999999999996), 23: (-0.6048502599684804, -0.19999999999999996), 176: (0.13938632475670357, -0.8), 422: (-0.4119114819297184, -0.8), 549: (-0.5155120598308268, -0.8), 551: (-0.019688140393755937, -0.4), 69: (-0.5454686337936386, 0.6000000000000001), 654: (0.42077608056544524, 0.6000000000000001), 595: (0.1934717782297576, -0.6), 732: (-0.7398284588586926, -0.6)}","{785: (0.8945441531886822, 0.19999999999999996), 165: (0.8249858926973919, 0.8), 739: (0.8241689501574117, 0.3999999999999999), 139: (0.7717041101131197, -0.19999999999999996), 355: (0.7620795127633717, 0.8)}","{'noise': 0.2846018705233493, 'amp': 1, 'ls': 0.5405257894997452}","[(0.19999999999999996, -0.19999999999999996)]",[]
