impression,user_id,app_version,model_version,mturk_id,status,NUM_INITIAL_RATINGS,NUM_REFINE_RATINGS,TOTAL_TRAINING_RATINGS,NUM_TEST_RATINGS,TIME_INITIAL,TIME_REFINE,TIME_TEST,random_test_predictions_ratings,good_test_predictions_ratings,hypers,redisplay_check,arbitrary_check
0,c1d7864a-0ccb-48d6-ac44-d73f0c6fda0a,5.0-og-ar-dresses10,2.0,A135S73MSNYHNJ,Completed,1,50,51,15,21.23884344100952,598.922328710556,155.83465480804443,"{251: (-0.7215129375301377, 0.30000000000000004), 726: (-0.4702949393416289, -0.09999999999999998), 642: (-0.536231606347266, 0.0), 216: (-0.3854697871927186, -0.8), 551: (-0.05441398589017965, -1.0), 443: (-0.4490522903896443, -0.8), 420: (0.15900554524180627, 0.30000000000000004), 50: (-0.311367212621946, -0.6), 451: (0.014042624980524443, 0.3999999999999999), 503: (-0.3748941560322068, -0.19999999999999996)}","{418: (0.5539076448279443, 0.19999999999999996), 762: (0.5494587846534758, -0.5), 382: (0.5293071604098862, 0.8), 727: (0.5127578683898448, 0.3999999999999999), 71: (0.5086823000405012, 0.3999999999999999)}","{'noise': 0.3440040778015391, 'amp': 1, 'ls': 0.48568912886882165}","[(0.0, 0.0)]",[]
