impression,user_id,app_version,model_version,mturk_id,status,NUM_INITIAL_RATINGS,NUM_REFINE_RATINGS,TOTAL_TRAINING_RATINGS,NUM_TEST_RATINGS,TIME_INITIAL,TIME_REFINE,TIME_TEST,random_test_predictions_ratings,good_test_predictions_ratings,hypers,redisplay_check,arbitrary_check
0,c229d40e-7fcc-48bb-9bf4-fc7e85a55db5,5.0-og-ar-dresses10,2.0,A3MUOTEFF45QLL,Completed,1,40,41,15,5.967894554138184,153.75622415542603,50.77342200279236,"{319: (-0.06669095107983994, 0.0), 756: (0.31815712167785704, 0.19999999999999996), 285: (-0.059474555340313796, 0.3999999999999999), 227: (-0.30706224749342215, -0.19999999999999996), 564: (0.04384575464155914, 0.19999999999999996), 511: (0.07953951058318166, 0.19999999999999996), 662: (-0.031150633044495054, 0.0), 82: (0.04397194278596786, 0.19999999999999996), 38: (0.0763864694123015, 0.19999999999999996), 94: (-0.06695557207395382, 0.0)}","{495: (0.6411311910670203, 0.3999999999999999), 555: (0.6230279777636306, 0.3999999999999999), 504: (0.5874011363497602, 0.3999999999999999), 65: (0.5468861267751141, 0.6000000000000001), 663: (0.5454539753975088, 0.8)}","{'noise': 0.3161907049206849, 'amp': 1, 'ls': 0.5616621864650538}","[(0.0, 0.0)]",[]
