impression,user_id,app_version,model_version,mturk_id,status,NUM_INITIAL_RATINGS,NUM_REFINE_RATINGS,TOTAL_TRAINING_RATINGS,NUM_TEST_RATINGS,TIME_INITIAL,TIME_REFINE,TIME_TEST,random_test_predictions_ratings,good_test_predictions_ratings,hypers,redisplay_check,arbitrary_check
0,c5bfe423-bfaa-40aa-884f-031d68ac3666,5.0-og-ar-dresses10,2.0,A18WSAKX5YN2FB,Completed,1,30,31,15,12.84423828125,145.674822807312,73.71137070655823,"{542: (0.14235351386856848, 0.19999999999999996), 12: (0.04140465685533411, 0.0), 531: (-0.0714474206800572, -0.19999999999999996), 583: (-0.1296201847623758, -0.6), 225: (0.015026699896772688, 0.19999999999999996), 401: (0.13660907953410018, 0.0), 788: (-0.24719158881848285, -0.19999999999999996), 812: (-0.1025430472626042, -0.8), 666: (-0.038928424234599975, 0.3999999999999999), 725: (0.00213228944946086, -0.19999999999999996)}","{722: (0.22876625537470607, -0.19999999999999996), 794: (0.22872526768795126, 1.0), 774: (0.21291970439697455, 0.3999999999999999), 308: (0.20945092525136688, 0.6000000000000001), 553: (0.1935098637248701, 0.6000000000000001)}","{'noise': 0.7047507004904575, 'amp': 1, 'ls': 0.7610651905094205}","[(-0.8, -0.8)]",[]
