impression,user_id,app_version,model_version,mturk_id,status,NUM_INITIAL_RATINGS,NUM_REFINE_RATINGS,TOTAL_TRAINING_RATINGS,NUM_TEST_RATINGS,TIME_INITIAL,TIME_REFINE,TIME_TEST,random_test_predictions_ratings,good_test_predictions_ratings,hypers,redisplay_check,arbitrary_check
0,c74355f2-9970-44c4-8e81-0dec476373f4,5.0-og-ar-dresses10,2.0,AK8Z0XXLR87OH,Completed,1,40,41,15,8.69931149482727,239.36797785758972,88.20763874053955,"{138: (0.3082140604940271, 0.0), 38: (0.37312059127960145, 0.19999999999999996), 368: (-0.39452257267786206, -0.6), 231: (-0.25250205699663997, 0.3999999999999999), 275: (0.06950746825676998, 0.8), 747: (-0.08123523476198226, -0.4), 384: (0.18795065345664302, -0.19999999999999996), 225: (0.33522654996526835, 0.3999999999999999), 725: (-0.1994725417878911, 0.19999999999999996), 288: (0.09897707805985732, 0.6000000000000001)}","{424: (0.914714331730367, 0.3999999999999999), 401: (0.8945618995494061, 0.3999999999999999), 533: (0.8791209656057019, 0.8), 564: (0.8349900839670863, 0.8), 369: (0.812951236435079, 0.6000000000000001)}","{'noise': 0.5155884947009794, 'amp': 1, 'ls': 0.6407747510497627}","[(0.3999999999999999, 0.3999999999999999)]",[]
