impression,user_id,app_version,model_version,mturk_id,status,NUM_INITIAL_RATINGS,NUM_REFINE_RATINGS,TOTAL_TRAINING_RATINGS,NUM_TEST_RATINGS,TIME_INITIAL,TIME_REFINE,TIME_TEST,random_test_predictions_ratings,good_test_predictions_ratings,hypers,redisplay_check,arbitrary_check
0,c7804816-3a08-4bba-8621-fc586d339119,5.0-og-ar-dresses10,2.0,A3785TR8D5I81Q,Completed,1,50,51,15,9.494129180908203,637.5496299266815,124.08799457550049,"{337: (0.22627657502087012, 0.3999999999999999), 301: (0.35583459272148965, 0.19999999999999996), 33: (0.296715277151768, 0.3999999999999999), 728: (0.23432931655934142, 0.19999999999999996), 259: (0.06942705384902328, 0.0), 248: (0.23540946515405056, -0.19999999999999996), 286: (0.2976459737339543, 0.19999999999999996), 274: (0.3506540351559754, 0.6000000000000001), 656: (0.17353010660708745, 0.19999999999999996), 141: (0.4304313840836776, 0.19999999999999996)}","{387: (0.5284428662583881, 0.0), 571: (0.5122957615896959, 0.6000000000000001), 463: (0.5007085804379487, 0.3999999999999999), 475: (0.49837957188683507, 0.6000000000000001), 224: (0.4866128224841234, 0.3999999999999999)}","{'noise': 0.7002503959635381, 'amp': 1, 'ls': 0.8164555529324592}","[(0.19999999999999996, 0.6000000000000001)]",[]
