impression,user_id,app_version,model_version,mturk_id,status,NUM_INITIAL_RATINGS,NUM_REFINE_RATINGS,TOTAL_TRAINING_RATINGS,NUM_TEST_RATINGS,TIME_INITIAL,TIME_REFINE,TIME_TEST,random_test_predictions_ratings,good_test_predictions_ratings,hypers,redisplay_check,arbitrary_check
0,c8647c6c-b7bd-4022-bdea-1e91c12f7a2d,5.0-og-ar-dresses10,2.0,A1PJXJY7VY7OAS,Completed,1,30,31,15,13.713490962982178,82.71037745475769,40.09778833389282,"{732: (-0.3780460967785411, -0.4), 420: (0.11348883739719517, -0.8), 374: (0.10059286825208907, -0.8), 648: (-0.3080102079170669, 0.19999999999999996), 576: (-0.11178458494111862, -0.4), 93: (0.2568117999873195, -0.4), 613: (0.0930044838772009, 0.8), 435: (0.4269608093044489, 0.8), 584: (-0.09172794488090863, -0.8), 401: (-0.27730608792679345, -0.8)}","{644: (0.6346012978949406, 0.6000000000000001), 807: (0.6138025565606945, -0.8), 57: (0.6104522284418589, 0.8), 541: (0.5794844392152956, 0.6000000000000001), 60: (0.5175988689998873, 0.8)}","{'noise': 0.4576687693669788, 'amp': 1, 'ls': 0.7588470729374149}","[(0.8, 0.6000000000000001)]",[]
