impression,user_id,app_version,model_version,mturk_id,status,NUM_INITIAL_RATINGS,NUM_REFINE_RATINGS,TOTAL_TRAINING_RATINGS,NUM_TEST_RATINGS,TIME_INITIAL,TIME_REFINE,TIME_TEST,random_test_predictions_ratings,good_test_predictions_ratings,hypers,redisplay_check,arbitrary_check
0,c897f337-e9e4-4f5f-8158-b492039bab5b,5.0-og-ar-dresses10,2.0,A20TOOYZRH6KUZ,Completed,1,30,31,15,16.07349705696106,188.20267033576965,95.70771789550781,"{607: (0.2151462223379775, 0.6000000000000001), 19: (0.0033577026268460097, 0.3999999999999999), 813: (-0.4157855502903147, 0.0), 351: (-0.15559016793080413, 0.3999999999999999), 549: (0.13525725774948014, 0.6000000000000001), 165: (-0.534876712695019, -0.6), 794: (0.6231580433326469, 0.6000000000000001), 646: (0.06093497244848595, 0.19999999999999996), 271: (0.07911842869213068, -0.6), 551: (0.03605834280626746, 0.0)}","{284: (0.9544519769433766, 0.8), 504: (0.8797793997346715, 0.8), 262: (0.8769558407777513, 0.6000000000000001), 528: (0.8765182446853927, 0.19999999999999996), 90: (0.8489423247330068, 0.3999999999999999)}","{'noise': 0.27162736060900516, 'amp': 1, 'ls': 0.5688932051321782}","[(0.6000000000000001, 0.6000000000000001)]",[]
