impression,user_id,app_version,model_version,mturk_id,status,NUM_INITIAL_RATINGS,NUM_REFINE_RATINGS,TOTAL_TRAINING_RATINGS,NUM_TEST_RATINGS,TIME_INITIAL,TIME_REFINE,TIME_TEST,random_test_predictions_ratings,good_test_predictions_ratings,hypers,redisplay_check,arbitrary_check
0,c89b2d49-7bd6-48b3-bccf-743ba90ef60a,5.0-og-ar-dresses10,2.0,AOOLS8280CL0Z,Completed,1,20,21,15,17.584440231323242,158.70125603675842,98.17962789535522,"{638: (-0.07558341948634995, 0.3999999999999999), 423: (0.2650515173771623, -0.19999999999999996), 554: (0.19542973938033728, 0.6000000000000001), 186: (0.490409185502818, 0.6000000000000001), 2: (0.14922490107664715, 0.8), 419: (0.41381568292739734, 0.3999999999999999), 241: (0.6605825031152887, 0.8), 357: (-0.11643959408805352, 0.3999999999999999), 170: (-0.2462309866191084, -0.19999999999999996), 629: (0.2610869290038528, 0.3999999999999999)}","{732: (0.9281887456345037, 0.6000000000000001), 713: (0.8754515771258047, 0.3999999999999999), 730: (0.8391634350281219, 0.6000000000000001), 323: (0.8362558876660546, 0.6000000000000001), 420: (0.8259277885204297, 0.3999999999999999)}","{'noise': 0.30326885589000613, 'amp': 1, 'ls': 0.6066415146894676}","[(-0.19999999999999996, -0.19999999999999996)]",[]
