impression,user_id,app_version,model_version,mturk_id,status,NUM_INITIAL_RATINGS,NUM_REFINE_RATINGS,TOTAL_TRAINING_RATINGS,NUM_TEST_RATINGS,TIME_INITIAL,TIME_REFINE,TIME_TEST,random_test_predictions_ratings,good_test_predictions_ratings,hypers,redisplay_check,arbitrary_check
0,c8b1f73b-1cb3-4051-a5b1-35c4c26a4b38,5.0-og-ar-dresses10,2.0,A1OPV8D0GG5Z32,Completed,1,20,21,15,13.04767918586731,141.45584058761597,104.62081265449524,"{772: (-0.008676119038993346, 0.0), 578: (-0.1770673159360491, 0.3999999999999999), 553: (-0.2729364973474251, -0.8), 714: (-0.22859406417923847, 0.6000000000000001), 760: (-0.16533785496242476, -0.4), 695: (-0.2457834384639544, -0.4), 570: (-0.3010791496200746, -0.8), 501: (-0.3962592001083645, -0.6), 735: (-0.3939718144093908, -0.8), 365: (-0.2367184148830169, 0.19999999999999996)}","{469: (0.333932263788966, -0.8), 751: (0.2843752440468914, -0.6), 369: (0.2799339342427144, -0.6), 420: (0.27940892317866806, -0.6), 336: (0.225393635714762, 0.0)}","{'noise': 0.2821542394792573, 'amp': 1, 'ls': 0.5075179084801483}","[(0.6000000000000001, 0.6000000000000001)]",[]
