impression,user_id,app_version,model_version,mturk_id,status,NUM_INITIAL_RATINGS,NUM_REFINE_RATINGS,TOTAL_TRAINING_RATINGS,NUM_TEST_RATINGS,TIME_INITIAL,TIME_REFINE,TIME_TEST,random_test_predictions_ratings,good_test_predictions_ratings,hypers,redisplay_check,arbitrary_check
0,ca00c002-cd01-4b7f-91a4-486a154b950c,5.0-og-ar-dresses10,2.0,A2ONILC0LZKG6Y,Completed,1,50,51,15,6.750897169113159,296.17977929115295,83.89423441886902,"{456: (-0.06156816111434125, -0.09999999999999998), 225: (-0.039872939938969856, 0.3999999999999999), 398: (0.4226808995519745, 0.7), 233: (0.15292546643940366, 0.3999999999999999), 785: (0.049160843928506254, 0.3999999999999999), 248: (-0.19639773171775018, -0.8), 446: (0.011755268027510193, 0.3999999999999999), 253: (0.30013857494795637, 0.7), 434: (0.020518442977204045, 0.7), 804: (0.05747462061158058, 0.0)}","{425: (0.5892679821954727, 0.7), 504: (0.5831036724443107, 0.6000000000000001), 580: (0.5392578892123058, 0.3999999999999999), 495: (0.5349196263839848, 0.6000000000000001), 594: (0.5143453234783685, 0.0)}","{'noise': 0.3058340651790728, 'amp': 1, 'ls': 0.5014699975621034}","[(0.7, 0.6000000000000001)]",[]
