impression,user_id,app_version,model_version,mturk_id,status,NUM_INITIAL_RATINGS,NUM_REFINE_RATINGS,TOTAL_TRAINING_RATINGS,NUM_TEST_RATINGS,TIME_INITIAL,TIME_REFINE,TIME_TEST,random_test_predictions_ratings,good_test_predictions_ratings,hypers,redisplay_check,arbitrary_check
0,ca341faa-46d7-459d-8c38-ca4fb89af7c8,5.0-og-ar-dresses10,2.0,A3N15463MQO5VF,Completed,1,50,51,15,15.990179300308228,493.840633392334,139.3768675327301,"{199: (-0.02963883839684303, -0.4), 20: (0.30576074499901684, 0.3999999999999999), 57: (0.2528061808420661, -0.4), 187: (0.19393594816710125, 0.19999999999999996), 413: (0.3812002101972629, 0.0), 503: (0.14706094168102232, 0.19999999999999996), 68: (0.14732428435038233, 0.3999999999999999), 808: (-0.06867560169326656, 0.19999999999999996), 216: (0.44082824164308876, 0.0), 203: (0.4545839906552772, 0.3999999999999999)}","{408: (0.5350026572985543, 0.6000000000000001), 139: (0.5236413488674481, 0.3999999999999999), 70: (0.5231035560477704, 0.3999999999999999), 63: (0.5060771773121863, 0.3999999999999999), 149: (0.5043205181669952, 0.6000000000000001)}","{'noise': 0.6106311285650017, 'amp': 1, 'ls': 0.6449087418035169}","[(0.0, 0.19999999999999996)]",[]
