impression,user_id,app_version,model_version,mturk_id,status,NUM_INITIAL_RATINGS,NUM_REFINE_RATINGS,TOTAL_TRAINING_RATINGS,NUM_TEST_RATINGS,TIME_INITIAL,TIME_REFINE,TIME_TEST,random_test_predictions_ratings,good_test_predictions_ratings,hypers,redisplay_check,arbitrary_check
0,cd0e7db9-4612-449e-b7b8-a8a61748ed1c,5.0-og-ar-dresses10,2.0,A1FA3TB806RYGJ,Completed,1,40,41,15,38.63484978675842,107.79031658172607,33.23782539367676,"{46: (-0.3160186317014605, -0.6), 619: (0.2910302408250459, 0.6000000000000001), 67: (-0.4687925871818362, 0.0), 79: (-0.3738171736724005, -0.19999999999999996), 480: (-0.6157798766770222, 0.6000000000000001), 515: (-0.435154330537982, -0.4), 505: (-0.49030510715747333, -0.4), 620: (0.13214802980309026, 0.8), 268: (-0.30994390647798, 0.3999999999999999), 225: (0.11477070615871843, 0.3999999999999999)}","{471: (0.41586299005696536, 0.3999999999999999), 599: (0.4129421284975686, 0.8), 612: (0.4099147132165144, 0.3999999999999999), 510: (0.39313199748303707, 0.8), 714: (0.39099004714181107, 0.8)}","{'noise': 0.5040287729304435, 'amp': 1, 'ls': 0.7437053165609987}","[(0.3999999999999999, 0.3999999999999999)]",[]
