impression,user_id,app_version,model_version,mturk_id,status,NUM_INITIAL_RATINGS,NUM_REFINE_RATINGS,TOTAL_TRAINING_RATINGS,NUM_TEST_RATINGS,TIME_INITIAL,TIME_REFINE,TIME_TEST,random_test_predictions_ratings,good_test_predictions_ratings,hypers,redisplay_check,arbitrary_check
0,cdde8968-025b-4117-a108-460160e9c4be,5.0-og-ar-dresses10,2.0,ALAOEYIYW0CW7,Completed,1,40,41,15,12.678155899047852,2366.0380475521088,398.9233386516571,"{194: (0.21028688089743647, 0.0), 211: (0.3481337176786452, 0.0), 284: (-0.03429576608391441, 0.19999999999999996), 196: (0.2145892234416948, 0.19999999999999996), 473: (0.08120421882939971, 0.3999999999999999), 481: (0.05247790698572282, 0.3999999999999999), 137: (0.3431552815228148, -0.19999999999999996), 598: (0.2175145477205601, 0.3999999999999999), 486: (0.12491326678982634, -0.19999999999999996), 314: (0.07367599438944357, 0.3999999999999999)}","{471: (0.7618279847057065, 0.19999999999999996), 25: (0.6903658528017963, 0.3999999999999999), 612: (0.5630310040398915, 1.0), 780: (0.4946393208803518, 0.0), 713: (0.4686438535645391, 0.8)}","{'noise': 0.34360502999808645, 'amp': 1, 'ls': 0.481197370419023}","[(0.3999999999999999, 0.19999999999999996)]",[]
