impression,user_id,app_version,model_version,mturk_id,status,NUM_INITIAL_RATINGS,NUM_REFINE_RATINGS,TOTAL_TRAINING_RATINGS,NUM_TEST_RATINGS,TIME_INITIAL,TIME_REFINE,TIME_TEST,random_test_predictions_ratings,good_test_predictions_ratings,hypers,redisplay_check,arbitrary_check
0,cf2d793c-0924-445b-9a53-69983bb4b32e,5.0-og-ar-dresses10,2.0,A3BP890CXV4UMN,Completed,1,40,41,15,8.117502212524414,241.86244702339172,85.39370560646057,"{602: (-0.2956158883659464, 0.8), 383: (0.00682058325884663, 0.8), 157: (-0.5768804010416542, -1.0), 380: (-0.4986876075487102, -0.19999999999999996), 722: (0.4724523088921906, 0.8), 805: (-0.5904350549544779, -0.19999999999999996), 800: (-0.0329116276710877, 0.6000000000000001), 518: (-0.21328863670660786, -1.0), 447: (-0.059639804120418465, -1.0), 402: (0.1064315507165777, 0.6000000000000001)}","{57: (0.8533217291665187, 1.0), 643: (0.8461057562906509, 0.3999999999999999), 360: (0.8135558775159866, -0.4), 523: (0.8039202714629741, 1.0), 597: (0.7983106785074267, -1.0)}","{'noise': 0.27894599704549633, 'amp': 1, 'ls': 0.4818067180914248}","[(-0.19999999999999996, -0.4)]",[]
