impression,user_id,app_version,model_version,mturk_id,status,NUM_INITIAL_RATINGS,NUM_REFINE_RATINGS,TOTAL_TRAINING_RATINGS,NUM_TEST_RATINGS,TIME_INITIAL,TIME_REFINE,TIME_TEST,random_test_predictions_ratings,good_test_predictions_ratings,hypers,redisplay_check,arbitrary_check
0,cf373243-abf2-4c77-ac99-31434d6e4a31,5.0-og-ar-dresses10,2.0,A1SMV590JOD584,Completed,1,30,31,15,8.486430883407593,188.28671216964722,80.1644377708435,"{256: (-0.7485476184572735, -1.0), 624: (-0.1536365290824499, -0.4), 374: (-0.343783256397535, -0.4), 414: (-0.369218815058031, -1.0), 736: (-0.4481709106103131, -1.0), 447: (-0.7116678101423551, -1.0), 285: (-0.696721168063586, -0.4), 436: (-0.48060377530000764, -1.0), 260: (-0.5705506453315766, 0.0), 181: (-0.13846284616893378, -1.0)}","{618: (0.13692114474056272, -1.0), 728: (0.13230138432002403, -0.19999999999999996), 162: (0.12343152875756525, -0.4), 587: (0.11825863765681621, 0.3999999999999999), 564: (0.10515196270761318, -1.0)}","{'noise': 0.2999814226699277, 'amp': 1, 'ls': 0.5104016361081036}","[(0.0, -0.19999999999999996)]",[]
