impression,user_id,app_version,model_version,mturk_id,status,NUM_INITIAL_RATINGS,NUM_REFINE_RATINGS,TOTAL_TRAINING_RATINGS,NUM_TEST_RATINGS,TIME_INITIAL,TIME_REFINE,TIME_TEST,random_test_predictions_ratings,good_test_predictions_ratings,hypers,redisplay_check,arbitrary_check
0,d148ac12-d5dc-4d4d-860d-05f4209856f3,5.0-og-ar-dresses10,2.0,AK4WAT44YKU7J,Completed,1,30,31,15,8.961376667022705,184.1626317501068,78.79310154914856,"{538: (0.3376289628343465, 1.0), 745: (0.29453341739200267, 1.0), 756: (-0.22455293635711462, -0.4), 245: (0.12180772396489761, 0.8), 626: (0.19499707442648406, -0.19999999999999996), 732: (0.5937679763965148, 0.8), 278: (0.05207158640910023, 0.0), 411: (0.24901311867090828, 0.3999999999999999), 383: (0.5055133995356554, 0.6000000000000001), 474: (0.2965666393447372, 1.0)}","{807: (0.8609052016300621, 0.3999999999999999), 359: (0.8376949887084868, 0.8), 592: (0.8254509460052039, 0.19999999999999996), 706: (0.8082255999948351, -0.19999999999999996), 657: (0.8019487439409496, 0.3999999999999999)}","{'noise': 0.3152217725296984, 'amp': 1, 'ls': 0.6183388473579398}","[(0.3999999999999999, 0.8)]",[]
