impression,user_id,app_version,model_version,mturk_id,status,NUM_INITIAL_RATINGS,NUM_REFINE_RATINGS,TOTAL_TRAINING_RATINGS,NUM_TEST_RATINGS,TIME_INITIAL,TIME_REFINE,TIME_TEST,random_test_predictions_ratings,good_test_predictions_ratings,hypers,redisplay_check,arbitrary_check
0,d215ca9c-7b26-4e3e-8342-01031b703246,5.0-og-ar-dresses10,2.0,A7WVKWZKY0IRD,Completed,1,20,21,15,13.699183464050293,111.52952790260315,72.49071455001831,"{432: (-1.033895120277114, -1.0), 421: (-0.8413928771743231, -1.0), 785: (-1.0311683652883414, -1.0), 112: (-0.49189362835648465, -1.0), 781: (-1.074288828935786, -1.0), 753: (-1.0730582820052235, -1.0), 457: (-1.0404334575843113, -1.0), 53: (-0.8255856534586324, -1.0), 41: (-1.0024594039890526, -1.0), 336: (-1.046292946451882, -1.0)}","{376: (0.2529878711115673, -1.0), 487: (0.19862015403343658, -1.0), 309: (0.14043870919225687, 1.0), 513: (0.12710992515262587, -1.0), 276: (0.01479419684798966, 1.0)}","{'noise': 0.2876484040629537, 'amp': 1, 'ls': 0.5180936886111595}","[(-1.0, -1.0)]",[]
