impression,user_id,app_version,model_version,mturk_id,status,NUM_INITIAL_RATINGS,NUM_REFINE_RATINGS,TOTAL_TRAINING_RATINGS,NUM_TEST_RATINGS,TIME_INITIAL,TIME_REFINE,TIME_TEST,random_test_predictions_ratings,good_test_predictions_ratings,hypers,redisplay_check,arbitrary_check
0,d39d8dcc-55f8-40fa-b60e-04df1d014782,5.0-og-ar-dresses10,2.0,A2L9763BW12NLA,Completed,1,20,21,15,6.404203653335571,90.11301898956299,56.70839285850525,"{104: (0.16329817777829897, -0.6), 571: (0.09571451154617215, -0.19999999999999996), 366: (0.041074555700893675, -0.8), 558: (0.3218089209232415, 0.0), 720: (0.21465301205381082, -0.4), 12: (0.21024603466707337, 0.19999999999999996), 284: (-0.22016523681001493, -0.6), 113: (0.045771082955281386, -0.19999999999999996), 777: (-0.07235020369347775, 0.19999999999999996), 190: (-0.1417158516414731, -0.19999999999999996)}","{67: (0.5367249453568722, -0.4), 496: (0.5113312919937674, 0.6000000000000001), 631: (0.5008522777779699, 0.6000000000000001), 751: (0.4897938058903817, 0.0), 197: (0.466177326818358, 0.0)}","{'noise': 0.24754921879600755, 'amp': 1, 'ls': 0.5385709664093964}","[(0.0, 0.0)]",[]
