impression,user_id,app_version,model_version,mturk_id,status,NUM_INITIAL_RATINGS,NUM_REFINE_RATINGS,TOTAL_TRAINING_RATINGS,NUM_TEST_RATINGS,TIME_INITIAL,TIME_REFINE,TIME_TEST,random_test_predictions_ratings,good_test_predictions_ratings,hypers,redisplay_check,arbitrary_check
0,d5c7c4fc-7b49-482d-87cb-b733618c9c53,5.0-og-ar-dresses10,2.0,A1SJRFJWFXSDH4,Completed,1,40,41,15,22.782602310180664,436.72124004364014,197.0507297515869,"{671: (0.12242921014251898, 0.3999999999999999), 513: (-0.5895295534920809, -0.8), 154: (0.7375707841232706, 1.0), 25: (0.16447018322948445, 0.3999999999999999), 335: (-0.4257751355276207, 0.10000000000000009), 269: (0.1713034991494233, 0.6000000000000001), 239: (0.06373648297627182, 0.19999999999999996), 678: (-0.086995133375327, 0.6000000000000001), 206: (-0.4410542897589502, -0.6), 397: (0.3629464463003912, 0.19999999999999996)}","{420: (0.9156582313885963, -0.4), 67: (0.8172279539172111, -0.6), 523: (0.8034829603405339, 0.3999999999999999), 12: (0.7901615730118925, 0.6000000000000001), 751: (0.7755914559199913, 0.3999999999999999)}","{'noise': 0.3193348288841746, 'amp': 1, 'ls': 0.5727051805290618}","[(0.3999999999999999, 0.3999999999999999)]",[]
