impression,user_id,app_version,model_version,mturk_id,status,NUM_INITIAL_RATINGS,NUM_REFINE_RATINGS,TOTAL_TRAINING_RATINGS,NUM_TEST_RATINGS,TIME_INITIAL,TIME_REFINE,TIME_TEST,random_test_predictions_ratings,good_test_predictions_ratings,hypers,redisplay_check,arbitrary_check
0,d74cf0bf-5d99-4e72-ad76-82b0b7f2a08d,5.0-og-ar-dresses10,2.0,A1154EZYFNAZUS,Completed,1,40,41,15,12.243045806884766,203.63173747062683,101.29353070259094,"{772: (-0.3257160605995427, -0.4), 89: (0.09192266490977646, -0.19999999999999996), 779: (-0.5416996841255752, -0.4), 298: (-0.6502979048968777, -0.4), 415: (-0.4143518720596658, -0.4), 114: (-0.16608444392862184, -0.6), 362: (-0.015914676027286967, -0.4), 457: (-0.2634862589069269, 0.0), 167: (-0.2950289076006023, 0.0), 687: (-0.23094614334247388, 0.0)}","{746: (0.30655948195983734, 0.0), 727: (0.2793148766239592, 0.3999999999999999), 142: (0.27916270834909335, 0.19999999999999996), 624: (0.24490779462627094, -0.19999999999999996), 451: (0.23377928174170798, 0.19999999999999996)}","{'noise': 0.37198821937172455, 'amp': 1, 'ls': 0.5185691488180755}","[(-0.4, 0.0)]",[]
