impression,user_id,app_version,model_version,mturk_id,status,NUM_INITIAL_RATINGS,NUM_REFINE_RATINGS,TOTAL_TRAINING_RATINGS,NUM_TEST_RATINGS,TIME_INITIAL,TIME_REFINE,TIME_TEST,random_test_predictions_ratings,good_test_predictions_ratings,hypers,redisplay_check,arbitrary_check
0,d9adc8ae-72c6-4622-bb5b-db9c7d4b8c50,5.0-og-ar-dresses10,2.0,A1AVKKVWWFUGLT,Completed,1,30,31,15,17.483216285705566,283.17235231399536,90.6063940525055,"{215: (-0.6568285904055735, -0.4), 693: (-0.7409503331382625, 0.3999999999999999), 477: (-0.6694680895075809, -1.0), 445: (-0.1621942927762116, -1.0), 238: (-0.27462442561236816, -0.19999999999999996), 264: (-0.35038002518560535, 0.6000000000000001), 534: (-0.30220470315574716, 0.19999999999999996), 661: (-0.16481307119139832, -0.19999999999999996), 576: (0.11176588576143887, -1.0), 804: (-0.32340424250402067, -0.8)}","{420: (0.5537716473501522, 0.0), 523: (0.5011314525701862, 0.3999999999999999), 324: (0.4879125321377501, 0.6000000000000001), 388: (0.4845853181676104, -1.0), 751: (0.47193800025896027, -0.4)}","{'noise': 0.47062814627019656, 'amp': 1, 'ls': 0.6860462279249997}","[(-0.6, -0.4)]",[]
