impression,user_id,app_version,model_version,mturk_id,status,NUM_INITIAL_RATINGS,NUM_REFINE_RATINGS,TOTAL_TRAINING_RATINGS,NUM_TEST_RATINGS,TIME_INITIAL,TIME_REFINE,TIME_TEST,random_test_predictions_ratings,good_test_predictions_ratings,hypers,redisplay_check,arbitrary_check
0,da04c923-843f-4570-b444-edfcafba6d4e,5.0-og-ar-dresses10,2.0,A1NQOR4RQJJDMW,Completed,1,20,21,15,14.52710223197937,64.74915409088135,45.65419793128967,"{576: (-0.09604091069499332, 0.19999999999999996), 180: (-0.008282224962915141, -0.19999999999999996), 744: (-0.4719317407146181, 0.3999999999999999), 677: (0.18770550229721475, -0.8), 282: (0.36053628593415454, -0.6), 591: (-0.12729554056320097, 1.0), 675: (0.009199931673551681, -0.6), 322: (-0.5603740681992969, -0.8), 504: (0.45905719388437194, 1.0), 357: (0.3977514743623628, 0.6000000000000001)}","{280: (0.8574219351216449, 1.0), 495: (0.8397973350473097, 0.3999999999999999), 392: (0.8101048024777117, -0.8), 786: (0.7907258851542577, 1.0), 96: (0.7693775928056444, 1.0)}","{'noise': 0.24628138174906944, 'amp': 1, 'ls': 0.6039972164347148}","[(1.0, 1.0)]",[]
