impression,user_id,app_version,model_version,mturk_id,status,NUM_INITIAL_RATINGS,NUM_REFINE_RATINGS,TOTAL_TRAINING_RATINGS,NUM_TEST_RATINGS,TIME_INITIAL,TIME_REFINE,TIME_TEST,random_test_predictions_ratings,good_test_predictions_ratings,hypers,redisplay_check,arbitrary_check
0,dc35dd97-1857-4a7d-8237-2f0878ceb357,5.0-og-ar-dresses10,2.0,A30UDMQUJS3KOC,Completed,1,30,31,15,10.270655632019043,193.1376588344574,90.62520027160645,"{185: (0.0551793941107456, 0.78), 415: (-0.03218502925497685, -0.09999999999999998), 790: (-0.1579082168818334, -0.19999999999999996), 693: (-0.22071653268384314, 0.5), 349: (0.2945792147556361, 0.8999999999999999), 472: (0.6385624555322535, 0.98), 660: (-0.22119236102765785, 0.19999999999999996), 606: (-0.0989812717600532, 0.0), 243: (0.0746632184810319, 0.3999999999999999), 145: (0.30752036897210544, 0.8600000000000001)}","{457: (0.7202926241166446, 0.7399999999999998), 761: (0.7038736823334036, 0.5), 164: (0.6915683519069341, 0.98), 369: (0.6571283040166714, 0.7), 22: (0.6448267637243523, 0.8)}","{'noise': 0.3455441315826382, 'amp': 1, 'ls': 0.4487308764928965}","[(0.7, 0.78)]",[]
