impression,user_id,app_version,model_version,mturk_id,status,NUM_INITIAL_RATINGS,NUM_REFINE_RATINGS,TOTAL_TRAINING_RATINGS,NUM_TEST_RATINGS,TIME_INITIAL,TIME_REFINE,TIME_TEST,random_test_predictions_ratings,good_test_predictions_ratings,hypers,redisplay_check,arbitrary_check
0,dc39becd-aeea-4757-85ec-de9107a2df45,5.0-og-ar-dresses10,2.0,A2QM59PHRH71U2,Completed,1,30,31,15,4.90187668800354,137.5918447971344,67.31187629699707,"{419: (-0.09382928506741825, -0.19999999999999996), 434: (0.04817865750600146, 0.19999999999999996), 329: (0.10432108542418943, -0.4), 8: (-0.02987314854509467, 0.19999999999999996), 39: (0.05610123038809686, -0.19999999999999996), 97: (0.16928449981549787, 0.3999999999999999), 377: (-0.09125243813846808, 0.0), 209: (0.03852397697886182, 0.3999999999999999), 232: (0.002478101869796946, 0.0), 621: (0.03716639131052254, -0.19999999999999996)}","{785: (0.48290604027558703, 0.19999999999999996), 739: (0.42863056452702164, 0.0), 471: (0.3629787993851104, 0.0), 338: (0.3603739061555249, 0.0), 362: (0.3478001208360898, 0.0)}","{'noise': 0.3196605293721918, 'amp': 1, 'ls': 0.47728431072324856}","[(0.19999999999999996, 0.0)]",[]
