impression,user_id,app_version,model_version,mturk_id,status,NUM_INITIAL_RATINGS,NUM_REFINE_RATINGS,TOTAL_TRAINING_RATINGS,NUM_TEST_RATINGS,TIME_INITIAL,TIME_REFINE,TIME_TEST,random_test_predictions_ratings,good_test_predictions_ratings,hypers,redisplay_check,arbitrary_check
0,e08ce2cd-cbb6-4cbf-9240-ed87fc686a71,5.0-og-ar-dresses10,2.0,A6OS6YO0XH58S,Completed,1,40,41,15,10.514878749847412,235.8347795009613,67.62867784500122,"{775: (0.1201782347927337, 0.8), 44: (0.298366671816498, -0.4), 210: (0.05134675940483335, -0.09999999999999998), 681: (-0.2945497146717922, -0.4), 731: (0.41539080368952375, 0.6000000000000001), 313: (-0.009979818096146675, 0.3999999999999999), 577: (-0.1539223175736038, 0.0), 179: (-0.03688615681852693, -0.9), 471: (-0.3152340113843737, -0.8), 265: (0.18513455987879196, 0.8)}","{648: (0.6439674967067004, -0.4), 483: (0.633831696792389, -0.19999999999999996), 504: (0.6333040074453907, -0.4), 706: (0.6219941280298522, 0.3999999999999999), 690: (0.6037763843895938, 0.8)}","{'noise': 0.31016032197891, 'amp': 1, 'ls': 0.48653713106674096}","[(0.8, 0.8)]",[]
