impression,user_id,app_version,model_version,mturk_id,status,NUM_INITIAL_RATINGS,NUM_REFINE_RATINGS,TOTAL_TRAINING_RATINGS,NUM_TEST_RATINGS,TIME_INITIAL,TIME_REFINE,TIME_TEST,random_test_predictions_ratings,good_test_predictions_ratings,hypers,redisplay_check,arbitrary_check
0,e0b313dc-5393-4055-9cf2-8a598ac6ac4f,5.0-og-ar-dresses10,2.0,AIA7RZSAONU5M,Completed,1,50,51,15,6.546219110488892,293.69526958465576,67.48239374160767,"{341: (-0.22955595785754976, -0.19999999999999996), 461: (0.06931317464050521, 0.6000000000000001), 511: (-0.5338881133985238, 0.19999999999999996), 582: (0.0926390876612735, 0.0), 406: (-0.07074931723788364, -0.8), 431: (-0.44224274653399337, -0.4), 464: (0.06304950588564329, 0.0), 318: (-0.2939236615400564, -0.19999999999999996), 305: (0.5740855777021205, 0.19999999999999996), 741: (-0.2155705622983709, 0.3999999999999999)}","{747: (0.7933007139257886, 0.3999999999999999), 189: (0.7241582706985887, -0.4), 347: (0.7151546428248559, 0.0), 491: (0.683390850475847, 0.6000000000000001), 794: (0.649634238289593, 0.6000000000000001)}","{'noise': 0.3618676742776514, 'amp': 1, 'ls': 0.44542694102774216}","[(-0.19999999999999996, -0.19999999999999996)]",[]
