impression,user_id,app_version,model_version,mturk_id,status,NUM_INITIAL_RATINGS,NUM_REFINE_RATINGS,TOTAL_TRAINING_RATINGS,NUM_TEST_RATINGS,TIME_INITIAL,TIME_REFINE,TIME_TEST,random_test_predictions_ratings,good_test_predictions_ratings,hypers,redisplay_check,arbitrary_check
0,e1268f0f-6ae6-48ee-ac27-226412f3a9e3,5.0-og-ar-dresses10,2.0,AOQ9YNK1SX72Q,Completed,1,50,51,15,7.392780065536499,203.9494035243988,82.79331755638123,"{50: (0.165851395745185, -0.19999999999999996), 668: (-0.29676826173298443, -0.6), 99: (-0.2477875347520989, -0.4), 792: (-0.18951079445990734, -0.8), 378: (-0.026496937596960854, 0.3999999999999999), 355: (0.19797922282048022, 0.0), 298: (-0.3856164506539894, -0.8), 461: (0.1623461674373148, -0.19999999999999996), 307: (-0.2617503792692685, -1.0), 596: (-0.18339988295457194, -0.19999999999999996)}","{12: (0.31625365757638724, 0.3999999999999999), 290: (0.28694930095863935, 0.3999999999999999), 326: (0.2837193516061941, 0.19999999999999996), 138: (0.27409312578874845, -0.6), 64: (0.2715076033892203, 0.19999999999999996)}","{'noise': 0.7380425497931823, 'amp': 1, 'ls': 0.8635987530214949}","[(-0.4, -0.4)]",[]
