impression,user_id,app_version,model_version,mturk_id,status,NUM_INITIAL_RATINGS,NUM_REFINE_RATINGS,TOTAL_TRAINING_RATINGS,NUM_TEST_RATINGS,TIME_INITIAL,TIME_REFINE,TIME_TEST,random_test_predictions_ratings,good_test_predictions_ratings,hypers,redisplay_check,arbitrary_check
0,e143e44a-3c24-4743-8b4b-34224b7dee5d,5.0-og-ar-dresses10,2.0,A3I01W6R600QH9,Completed,1,40,41,15,11.394564390182495,260.3504943847656,127.94720673561096,"{633: (-0.47915324583057295, -1.0), 227: (-0.6342923755685508, -1.0), 602: (-0.6141006766109607, 0.19999999999999996), 589: (-0.6404298000465412, -0.8), 155: (-0.028917066170816907, 0.0), 812: (-1.0242293424348063, -1.0), 442: (-0.5852030473906813, -1.0), 585: (-0.49281020278835236, -0.8), 440: (-0.19213768675205928, -0.4), 464: (-0.22339790757396844, -0.4)}","{358: (0.5661892976287254, 0.19999999999999996), 682: (0.5441044750249463, 0.5), 290: (0.4267769511132721, 0.3999999999999999), 288: (0.37300296668287025, 0.0), 297: (0.32706452125194374, 0.3999999999999999)}","{'noise': 0.23967401501475452, 'amp': 1, 'ls': 0.6364559856478504}","[(0.3999999999999999, 0.3999999999999999)]",[]
