impression,user_id,app_version,model_version,mturk_id,status,NUM_INITIAL_RATINGS,NUM_REFINE_RATINGS,TOTAL_TRAINING_RATINGS,NUM_TEST_RATINGS,TIME_INITIAL,TIME_REFINE,TIME_TEST,random_test_predictions_ratings,good_test_predictions_ratings,hypers,redisplay_check,arbitrary_check
0,e351414c-7ccc-4c1c-97d1-b84b14e4fa16,5.0-og-ar-dresses10,2.0,A1NL4YZWRX6MBO,Completed,1,40,41,15,16.510490655899048,337.04010367393494,171.83917617797852,"{46: (0.18807730336966438, 0.8), 367: (-0.08505841934848572, 0.19999999999999996), 540: (0.3140246626195618, -0.19999999999999996), 118: (0.22515099001215935, 0.19999999999999996), 508: (-0.20338041734890125, 0.30000000000000004), 505: (-0.2054036482358122, -0.19999999999999996), 440: (-0.006338144107550405, 0.7), 336: (0.010413228314888565, 0.3999999999999999), 135: (0.08908398403920857, -0.19999999999999996), 206: (0.23345609368901277, 0.0)}","{401: (0.6955727278883763, 1.0), 311: (0.6886041274202851, -0.4), 296: (0.6768199238672603, 0.3999999999999999), 441: (0.6568047971030992, 0.6000000000000001), 585: (0.6503476310775299, 0.0)}","{'noise': 0.29439341384082696, 'amp': 1, 'ls': 0.4452026605470728}","[(0.3999999999999999, 0.3999999999999999)]",[]
