impression,user_id,app_version,model_version,mturk_id,status,NUM_INITIAL_RATINGS,NUM_REFINE_RATINGS,TOTAL_TRAINING_RATINGS,NUM_TEST_RATINGS,TIME_INITIAL,TIME_REFINE,TIME_TEST,random_test_predictions_ratings,good_test_predictions_ratings,hypers,redisplay_check,arbitrary_check
0,e40d798e-b6fb-48f6-a1d1-d487603288b5,5.0-og-ar-dresses10,2.0,A3QPVH0DRW0ZQV,Completed,1,20,21,15,19.97932529449463,159.426362991333,102.57890510559082,"{591: (-0.27445595251171195, 0.6000000000000001), 67: (0.6678388052819105, 1.0), 65: (0.45344300681074584, 0.6000000000000001), 393: (-0.09694604906920051, -0.8), 270: (0.09921848700742492, 1.0), 359: (0.5055535684807233, 0.6000000000000001), 441: (0.2567061747420805, 0.3999999999999999), 375: (0.3257497158968142, 0.6000000000000001), 364: (-0.7392547063616313, 0.3999999999999999), 255: (-0.17780923784125405, -0.8)}","{272: (1.0604300995347056, 0.6000000000000001), 626: (1.0501689894593458, 1.0), 628: (1.0315084572792328, 0.3999999999999999), 656: (0.9716656745381016, 0.8), 643: (0.9708014049726919, 0.8)}","{'noise': 0.23336112171173315, 'amp': 1, 'ls': 0.699155854432589}","[(0.3999999999999999, 0.3999999999999999)]",[]
