impression,user_id,app_version,model_version,mturk_id,status,NUM_INITIAL_RATINGS,NUM_REFINE_RATINGS,TOTAL_TRAINING_RATINGS,NUM_TEST_RATINGS,TIME_INITIAL,TIME_REFINE,TIME_TEST,random_test_predictions_ratings,good_test_predictions_ratings,hypers,redisplay_check,arbitrary_check
0,e4df5324-abfb-4838-804e-aff7229d2860,5.0-og-ar-dresses10,2.0,A1T8ZBBVJC0N3X,Completed,1,20,21,15,9.563880681991577,108.88094162940979,91.75908088684082,"{744: (0.07658585957079128, -0.19999999999999996), 552: (0.06936707135325464, 0.3999999999999999), 220: (0.618438551199205, 1.0), 277: (0.3475434411420507, 0.6000000000000001), 32: (0.8324712169932673, 0.19999999999999996), 431: (0.021928140385327283, 0.6000000000000001), 5: (0.006078975547102711, -0.4), 567: (0.34609753450496505, 0.6000000000000001), 384: (0.3913708354726826, 0.0), 795: (0.2522511789631916, -0.6)}","{785: (1.0040077510126393, 0.19999999999999996), 49: (0.9423145151022858, 0.19999999999999996), 338: (0.895549226001649, 0.0), 739: (0.858143985577265, 0.3999999999999999), 311: (0.8547958641468634, 0.6000000000000001)}","{'noise': 0.21859705598275636, 'amp': 1, 'ls': 0.6802868518404985}","[(-0.19999999999999996, 0.0)]",[]
