impression,user_id,app_version,model_version,mturk_id,status,NUM_INITIAL_RATINGS,NUM_REFINE_RATINGS,TOTAL_TRAINING_RATINGS,NUM_TEST_RATINGS,TIME_INITIAL,TIME_REFINE,TIME_TEST,random_test_predictions_ratings,good_test_predictions_ratings,hypers,redisplay_check,arbitrary_check
0,e5927d76-b173-486c-a05d-5daf9ce980b9,5.0-og-ar-dresses10,2.0,A1Z6RO9XS6SQDD,Completed,1,30,31,15,15.271307706832886,210.24459218978882,83.90155482292175,"{63: (0.11354131869586931, 0.19999999999999996), 768: (0.42960813598183056, 0.6000000000000001), 572: (0.14207514668013804, 0.0), 710: (0.46852542579902867, 0.3999999999999999), 328: (0.36344858254222034, 0.19999999999999996), 261: (0.43133619248884086, 0.3999999999999999), 131: (0.4551146260876955, 0.6000000000000001), 183: (0.3271721232931294, 0.19999999999999996), 64: (0.5724783681742619, 0.8), 422: (0.5472615729782414, 0.3999999999999999)}","{579: (0.7250381245999206, 0.8), 82: (0.7236981457614184, 0.8), 409: (0.713881067046666, 0.3999999999999999), 529: (0.6822395733490444, 0.19999999999999996), 695: (0.6819320177530299, 0.6000000000000001)}","{'noise': 0.2815908173688781, 'amp': 1, 'ls': 0.5023206943900421}","[(-0.19999999999999996, 0.0)]",[]
