impression,user_id,app_version,model_version,mturk_id,status,NUM_INITIAL_RATINGS,NUM_REFINE_RATINGS,TOTAL_TRAINING_RATINGS,NUM_TEST_RATINGS,TIME_INITIAL,TIME_REFINE,TIME_TEST,random_test_predictions_ratings,good_test_predictions_ratings,hypers,redisplay_check,arbitrary_check
0,e5c27ead-1144-403f-8914-7f0ab54cb5d6,5.0-og-ar-dresses10,2.0,A299BVNVOPPB3E,Completed,1,30,31,15,14.656694412231445,225.50757217407227,121.64495038986206,"{714: (0.5580850028364679, 0.6000000000000001), 286: (0.3274623908120027, 0.0), 617: (0.28513844899667107, 0.19999999999999996), 261: (0.4144977213098231, 0.7), 411: (0.1910290753258897, 0.19999999999999996), 608: (0.6499700677909062, 0.6000000000000001), 735: (0.29897612353712455, 0.19999999999999996), 262: (0.30769044766406795, 0.8), 38: (0.28101137884031757, -0.19999999999999996), 426: (0.34597472408022867, 0.0)}","{607: (0.7157233138407998, 0.7), 665: (0.7017869982786538, 0.6000000000000001), 485: (0.6914285148378783, 0.0), 383: (0.6810910657987925, 0.8), 234: (0.6558088671897657, 0.8)}","{'noise': 0.3017395080446875, 'amp': 1, 'ls': 0.49346045880971395}","[(0.6000000000000001, 0.6000000000000001)]",[]
