impression,user_id,app_version,model_version,mturk_id,status,NUM_INITIAL_RATINGS,NUM_REFINE_RATINGS,TOTAL_TRAINING_RATINGS,NUM_TEST_RATINGS,TIME_INITIAL,TIME_REFINE,TIME_TEST,random_test_predictions_ratings,good_test_predictions_ratings,hypers,redisplay_check,arbitrary_check
0,e659900b-ceb0-4dec-a340-973a6f1dade9,5.0-og-ar-dresses10,2.0,A2YAYHZYI7M3HD,Completed,1,20,21,15,3.2314581871032715,124.97115969657898,39.6091582775116,"{707: (0.3236247308672623, 0.19999999999999996), 45: (0.10943372961945322, -0.19999999999999996), 448: (0.3217733566007992, 0.3999999999999999), 632: (0.29385247331349107, 0.0), 172: (0.2578927810714987, 0.3999999999999999), 212: (0.31450095916636067, 0.19999999999999996), 712: (0.20942991372241854, 0.3999999999999999), 412: (0.1579829882309097, 0.0), 732: (0.19380262063432369, 0.0), 247: (0.3429639078397825, 0.0)}","{796: (0.4960487422248464, 0.3999999999999999), 352: (0.4815841394545473, 0.6000000000000001), 360: (0.4794819253289243, 0.19999999999999996), 65: (0.4728177138295978, 0.8), 336: (0.4712641192151709, 0.6000000000000001)}","{'noise': 0.27959530582155745, 'amp': 1, 'ls': 0.62559442256938}","[(0.8, 0.8)]",[]
