impression,user_id,app_version,model_version,mturk_id,status,NUM_INITIAL_RATINGS,NUM_REFINE_RATINGS,TOTAL_TRAINING_RATINGS,NUM_TEST_RATINGS,TIME_INITIAL,TIME_REFINE,TIME_TEST,random_test_predictions_ratings,good_test_predictions_ratings,hypers,redisplay_check,arbitrary_check
0,e6cf3ac3-6eec-4ff0-ad21-83ff99d19054,5.0-og-ar-dresses10,2.0,A3ENQKD0V9VHBF,Completed,1,50,51,15,10.732488870620728,187.41396808624268,47.32121443748474,"{764: (-0.18040238161059075, -0.4), 375: (-0.154127703549012, 0.6000000000000001), 754: (0.031050692812068154, -0.19999999999999996), 115: (-0.08690446090308415, -0.4), 642: (-0.23092956913147475, -0.19999999999999996), 433: (-0.2752249611666806, -0.6), 446: (-0.4928369286920846, -0.6), 545: (-0.27030974447372486, 0.19999999999999996), 661: (-0.07094360512562056, -0.19999999999999996), 313: (-0.04405036469854631, 0.19999999999999996)}","{12: (0.31998877604978715, 0.19999999999999996), 728: (0.31284227025716205, 0.19999999999999996), 138: (0.2945206549986975, 0.0), 587: (0.28588406273905087, -0.19999999999999996), 793: (0.2802295497453926, 0.0)}","{'noise': 0.48792432525113993, 'amp': 1, 'ls': 0.784493459814409}","[(0.19999999999999996, 0.19999999999999996)]",[]
