impression,user_id,app_version,model_version,mturk_id,status,NUM_INITIAL_RATINGS,NUM_REFINE_RATINGS,TOTAL_TRAINING_RATINGS,NUM_TEST_RATINGS,TIME_INITIAL,TIME_REFINE,TIME_TEST,random_test_predictions_ratings,good_test_predictions_ratings,hypers,redisplay_check,arbitrary_check
0,e74382ac-5e3e-4ac8-a8cb-935f40c827a3,5.0-og-ar-dresses10,2.0,A1969Q0R4Y0E3J,Completed,1,50,51,15,7.324991464614868,152.01318526268005,40.18005609512329,"{774: (-0.423526604944593, -1.0), 439: (-0.32690353503569974, -1.0), 680: (-0.6314703616378868, 0.30000000000000004), 113: (-0.40760638124784676, 0.8), 384: (-0.21047495342906714, -0.8), 252: (-0.5921220113364374, -1.0), 235: (-0.76818355830461, -1.0), 637: (-0.5801468778628354, -1.0), 49: (-0.940250688277888, -1.0), 525: (-0.8261046570504922, -1.0)}","{267: (-0.027410485219841574, 1.0), 324: (-0.07653939856771741, 1.0), 93: (-0.10447565770223899, 1.0), 197: (-0.10613657395077936, 0.6000000000000001), 397: (-0.1368757379279052, 1.0)}","{'noise': 0.7858834952952898, 'amp': 1, 'ls': 0.9509193580155374}","[(1.0, 1.0)]",[]
