impression,user_id,app_version,model_version,mturk_id,status,NUM_INITIAL_RATINGS,NUM_REFINE_RATINGS,TOTAL_TRAINING_RATINGS,NUM_TEST_RATINGS,TIME_INITIAL,TIME_REFINE,TIME_TEST,random_test_predictions_ratings,good_test_predictions_ratings,hypers,redisplay_check,arbitrary_check
0,e7711613-fa5d-41df-8f49-3f5fa630ea9e,5.0-og-ar-dresses10,2.0,A27O7H19C0WQ7T,Completed,1,20,21,15,73.43997049331665,150.453143119812,56.647318601608276,"{323: (-0.7077859276279465, -0.4), 219: (-0.760606537413849, -1.0), 54: (-0.33732830607558123, -1.0), 669: (-0.41264370622695595, -1.0), 456: (-0.7636295485836808, -0.8), 443: (-0.7494913424530171, -1.0), 502: (-0.7584974981499124, -1.0), 471: (-1.0149190420940117, -0.8), 677: (-0.5686816493656461, -1.0), 526: (-0.713570850679866, 0.3999999999999999)}","{613: (-0.11551010096836545, -0.8), 308: (-0.14907989402826827, -0.6), 663: (-0.15333526924877183, -1.0), 639: (-0.1674864465249375, -1.0), 519: (-0.1685230246718653, -1.0)}","{'noise': 0.2876167457104815, 'amp': 1, 'ls': 0.500868621386437}","[(-1.0, -0.8)]",[]
