impression,user_id,app_version,model_version,mturk_id,status,NUM_INITIAL_RATINGS,NUM_REFINE_RATINGS,TOTAL_TRAINING_RATINGS,NUM_TEST_RATINGS,TIME_INITIAL,TIME_REFINE,TIME_TEST,random_test_predictions_ratings,good_test_predictions_ratings,hypers,redisplay_check,arbitrary_check
0,e81e82ca-ab99-489d-96bb-67f78d90393b,5.0-og-ar-dresses10,2.0,A2QL10WIANBBFS,Completed,1,50,51,15,25.139739990234375,384.3442575931549,109.19598031044006,"{377: (-0.5068791477670771, 0.0), 688: (-0.519396725349789, 0.19999999999999996), 28: (-0.1282858007687392, 0.6000000000000001), 642: (-0.20718671439264655, 0.0), 110: (-0.9235662696862459, -0.6), 450: (-0.6718165703376073, -1.0), 385: (-0.38912803367658405, 0.19999999999999996), 754: (-0.5967486586105327, -1.0), 189: (-0.38408564194411454, -0.19999999999999996), 589: (-0.5339962899586049, 0.3999999999999999)}","{444: (0.3324186767942251, 0.6000000000000001), 738: (0.3287840239270252, 0.19999999999999996), 127: (0.2946886552938679, 0.6000000000000001), 564: (0.28730275226592117, 0.3999999999999999), 751: (0.28389831993338044, 0.19999999999999996)}","{'noise': 0.3352261225199168, 'amp': 1, 'ls': 0.4465527507725416}","[(0.0, 0.19999999999999996)]",[]
