impression,user_id,app_version,model_version,mturk_id,status,NUM_INITIAL_RATINGS,NUM_REFINE_RATINGS,TOTAL_TRAINING_RATINGS,NUM_TEST_RATINGS,TIME_INITIAL,TIME_REFINE,TIME_TEST,random_test_predictions_ratings,good_test_predictions_ratings,hypers,redisplay_check,arbitrary_check
0,e88d0096-9102-44b1-9911-b82fb239032b,5.0-og-ar-dresses10,2.0,A394JO4NEPCY3M,Completed,1,50,51,15,9.503138542175293,291.9011788368225,67.35474896430969,"{680: (-1.0395730057174148, -1.0), 415: (-0.7544342213890852, -0.8), 796: (-0.49657785935373744, -0.8), 735: (-0.9849596084621829, -1.0), 539: (-0.550796367529499, -0.6), 218: (-0.6572896459595206, -0.19999999999999996), 544: (0.13863204625322167, -0.4), 563: (-0.5713803312902435, -1.0), 525: (-0.8178852721083131, -0.8), 767: (-0.9447053474920158, -1.0)}","{324: (0.7605540818616553, 1.0), 93: (0.702662326783888, 1.0), 605: (0.6935716927214232, 1.0), 192: (0.6457023155641658, -0.6), 267: (0.609375797208708, 0.19999999999999996)}","{'noise': 0.2357581503008124, 'amp': 1, 'ls': 0.5793182338813476}","[(-0.8, -0.6)]",[]
