impression,user_id,app_version,model_version,mturk_id,status,NUM_INITIAL_RATINGS,NUM_REFINE_RATINGS,TOTAL_TRAINING_RATINGS,NUM_TEST_RATINGS,TIME_INITIAL,TIME_REFINE,TIME_TEST,random_test_predictions_ratings,good_test_predictions_ratings,hypers,redisplay_check,arbitrary_check
0,e8a5ef2f-9dc4-49d8-a228-3102f158940b,5.0-og-ar-dresses10,2.0,A8B4WA1QFNUAW,Completed,1,40,41,15,7.963915586471558,208.87956047058105,73.91736102104187,"{547: (-0.5153270981882958, -0.8), 184: (-0.19281079566279083, -0.19999999999999996), 16: (0.2619113190495052, 0.3999999999999999), 685: (-0.3984905630868928, -0.19999999999999996), 428: (-0.30750004869240016, 0.8), 616: (-0.06955033961323046, -0.19999999999999996), 35: (-0.03771305447974805, 0.19999999999999996), 633: (-0.17677082259183247, 0.3999999999999999), 746: (0.1467043999331043, 1.0), 561: (-0.11467131305621461, -0.6)}","{669: (0.583342004708207, 0.8), 654: (0.49233381059965686, 0.3999999999999999), 557: (0.4878051929736542, 0.6000000000000001), 367: (0.48224769453275274, 0.6000000000000001), 168: (0.4757271681906944, 0.19999999999999996)}","{'noise': 0.7397670939750148, 'amp': 1, 'ls': 0.8964720811685908}","[(1.0, 1.0)]",[]
