impression,user_id,app_version,model_version,mturk_id,status,NUM_INITIAL_RATINGS,NUM_REFINE_RATINGS,TOTAL_TRAINING_RATINGS,NUM_TEST_RATINGS,TIME_INITIAL,TIME_REFINE,TIME_TEST,random_test_predictions_ratings,good_test_predictions_ratings,hypers,redisplay_check,arbitrary_check
0,e9226db1-deab-4ca0-84d8-a4004d881bf0,5.0-og-ar-dresses10,2.0,A2SVTMM8UQV1CB,Completed,1,40,41,15,13.949342489242554,285.67776703834534,90.56276512145996,"{173: (0.024638340243946684, -0.19999999999999996), 590: (0.13423973738075454, 0.3999999999999999), 797: (0.26218147170060185, 0.6000000000000001), 533: (-0.04037977779547728, -0.6), 469: (0.46065548888454433, 0.8), 809: (-0.017362855960999603, -0.19999999999999996), 362: (-0.050210432834604156, 0.6000000000000001), 506: (0.17658795395292737, 0.6000000000000001), 448: (-0.0611284943156792, 0.19999999999999996), 473: (0.16098510255398557, 0.19999999999999996)}","{558: (0.9087203003035279, 0.3999999999999999), 420: (0.855729751254251, 0.3999999999999999), 733: (0.8429862833561947, 1.0), 613: (0.8272145874708077, 0.8), 523: (0.8096357949109121, 1.0)}","{'noise': 0.2658836674631167, 'amp': 1, 'ls': 0.540444040367212}","[(-0.6, -0.19999999999999996)]",[]
