impression,user_id,app_version,model_version,mturk_id,status,NUM_INITIAL_RATINGS,NUM_REFINE_RATINGS,TOTAL_TRAINING_RATINGS,NUM_TEST_RATINGS,TIME_INITIAL,TIME_REFINE,TIME_TEST,random_test_predictions_ratings,good_test_predictions_ratings,hypers,redisplay_check,arbitrary_check
0,eb0763c9-4da2-4bfc-bffa-349c951b3f46,5.0-og-ar-dresses10,2.0,A1MW021IG07IMF,Completed,1,40,41,15,57.60338497161865,236.2474901676178,71.9898293018341,"{115: (0.4686203642764546, 0.3999999999999999), 106: (0.4727337028790731, 0.3999999999999999), 242: (0.4726446158331512, 0.5), 4: (0.48471113155034773, 0.3999999999999999), 164: (0.5396955529680106, 0.3999999999999999), 122: (0.4949612528119053, 0.3999999999999999), 240: (0.49722744009140546, 0.6000000000000001), 113: (0.5009143571778943, 0.5), 725: (0.384046101717943, 0.6000000000000001), 470: (0.43879564341928234, 0.3999999999999999)}","{153: (0.6360286270989638, 0.3999999999999999), 311: (0.6286299394033766, 0.3999999999999999), 585: (0.6242412690806791, 0.5), 12: (0.6230443870398552, 0.6000000000000001), 517: (0.6188599761784804, 0.3999999999999999)}","{'noise': 0.6009690904816126, 'amp': 1, 'ls': 0.7422344012773221}","[(0.5, 0.5)]",[]
