impression,user_id,app_version,model_version,mturk_id,status,NUM_INITIAL_RATINGS,NUM_REFINE_RATINGS,TOTAL_TRAINING_RATINGS,NUM_TEST_RATINGS,TIME_INITIAL,TIME_REFINE,TIME_TEST,random_test_predictions_ratings,good_test_predictions_ratings,hypers,redisplay_check,arbitrary_check
0,eb6da5dc-db8d-4ab9-8c85-5ae60976d17e,5.0-og-ar-dresses10,2.0,A3HVFSD8K94SOR,Completed,1,20,21,15,21.544132947921753,162.6942195892334,128.73938059806824,"{735: (-0.4841030678423012, 0.0), 463: (-0.16197224491748727, -0.19999999999999996), 153: (-0.3091773233908331, -0.19999999999999996), 124: (-0.2210917543424188, -0.4), 550: (-0.1681662558246854, -0.19999999999999996), 665: (-0.06463770235438603, 0.0), 747: (-0.4081212240489019, -0.19999999999999996), 685: (-0.28528132164364495, -0.4), 491: (-0.08895180053102064, -0.19999999999999996), 522: (0.07907611909414791, -0.19999999999999996)}","{558: (0.24365039258500631, 0.0), 612: (0.21571408236527034, 0.3999999999999999), 713: (0.20038900192430048, 0.0), 190: (0.19726676476410815, 0.3999999999999999), 440: (0.19494674521448752, 0.19999999999999996)}","{'noise': 0.2612985196618548, 'amp': 1, 'ls': 0.5997110455376196}","[(-0.19999999999999996, 0.0)]",[]
