impression,user_id,app_version,model_version,mturk_id,status,NUM_INITIAL_RATINGS,NUM_REFINE_RATINGS,TOTAL_TRAINING_RATINGS,NUM_TEST_RATINGS,TIME_INITIAL,TIME_REFINE,TIME_TEST,random_test_predictions_ratings,good_test_predictions_ratings,hypers,redisplay_check,arbitrary_check
0,eba9a371-4812-4671-9577-8eb4a9d367f0,5.0-og-ar-dresses10,2.0,AG2YM9OWQP690,Completed,1,50,51,15,21.780851125717163,586.5167260169983,245.06502652168274,"{748: (0.24129929542125322, 0.19999999999999996), 384: (-0.4460779834726999, -1.0), 319: (-0.2329142218497005, 0.6000000000000001), 436: (-0.5463451917068388, -1.0), 21: (0.2286961962453437, 1.0), 733: (0.0571245860035674, -0.6), 558: (0.060222305467867554, 0.10000000000000009), 658: (0.10854400529205027, 0.8), 417: (-0.4100232562433543, 0.19999999999999996), 442: (-0.5929179789839647, 0.0)}","{263: (0.6146906444813476, 0.0), 425: (0.5138259099241718, 0.6000000000000001), 457: (0.49160226299653337, 0.3999999999999999), 472: (0.4478214244747642, 0.7), 49: (0.42745620603097007, 0.0)}","{'noise': 0.6553925997998142, 'amp': 1, 'ls': 0.8138247935152899}","[(0.3999999999999999, 0.6000000000000001)]",[]
