impression,user_id,app_version,model_version,mturk_id,status,NUM_INITIAL_RATINGS,NUM_REFINE_RATINGS,TOTAL_TRAINING_RATINGS,NUM_TEST_RATINGS,TIME_INITIAL,TIME_REFINE,TIME_TEST,random_test_predictions_ratings,good_test_predictions_ratings,hypers,redisplay_check,arbitrary_check
0,ec61ea3f-b01e-4626-8826-32d89f852d32,5.0-og-ar-dresses10,2.0,A2TKHXY755FAM,Completed,1,20,21,15,24.744211435317993,243.5961525440216,151.10547852516174,"{525: (-0.14954034966003843, 0.19999999999999996), 409: (0.1809619238547731, 0.19999999999999996), 141: (-0.11158720255107205, 0.19999999999999996), 608: (0.11127898187270552, 0.3999999999999999), 282: (0.17270555263731116, 0.6000000000000001), 316: (-0.11941715053361943, -0.4), 647: (-0.1428268598861558, 0.0), 44: (0.13100465089788532, -0.19999999999999996), 419: (-0.10140692187569786, 0.19999999999999996), 800: (0.22198693602680417, 0.3999999999999999)}","{728: (0.606386201563168, 0.3999999999999999), 587: (0.5802511219346437, 0.6000000000000001), 154: (0.5539613467572555, 0.6000000000000001), 138: (0.5530278990868737, 0.0), 605: (0.5449978148879007, 0.3999999999999999)}","{'noise': 0.2657594840649609, 'amp': 1, 'ls': 0.6022140051767579}","[(0.6000000000000001, 0.6000000000000001)]",[]
