impression,user_id,app_version,model_version,mturk_id,status,NUM_INITIAL_RATINGS,NUM_REFINE_RATINGS,TOTAL_TRAINING_RATINGS,NUM_TEST_RATINGS,TIME_INITIAL,TIME_REFINE,TIME_TEST,random_test_predictions_ratings,good_test_predictions_ratings,hypers,redisplay_check,arbitrary_check
0,ed0df00c-1e89-4df0-aee4-aee859fe3b7a,5.0-og-ar-dresses10,2.0,A3G1HG9Q8M4UI5,Completed,1,40,41,15,8.87380576133728,177.38403058052063,55.24081635475159,"{161: (-0.5895844873766464, -0.4), 801: (-0.7137690771170487, -0.8), 537: (-0.7705172731046037, -0.6), 111: (-0.62691844920909, -0.6), 45: (-0.5205201614520489, -0.4), 728: (-0.30308481912474894, -0.8), 686: (-0.541419480331974, -0.8), 775: (-0.6993907350527415, -0.4), 73: (-0.5349395223104725, -0.8), 628: (-0.5035094127775992, -0.8)}","{52: (-0.2013887741737344, -0.8), 612: (-0.20612734852910009, 0.0), 549: (-0.21153800063344896, -0.8), 714: (-0.2219963846332616, 0.0), 133: (-0.22731443509179283, -0.6)}","{'noise': 0.6331557794577439, 'amp': 1, 'ls': 0.7285135408069275}","[(-0.8, -0.8)]",[]
