impression,user_id,app_version,model_version,mturk_id,status,NUM_INITIAL_RATINGS,NUM_REFINE_RATINGS,TOTAL_TRAINING_RATINGS,NUM_TEST_RATINGS,TIME_INITIAL,TIME_REFINE,TIME_TEST,random_test_predictions_ratings,good_test_predictions_ratings,hypers,redisplay_check,arbitrary_check
0,ee457512-f7a8-450d-b316-3cfbfabfb4d1,5.0-og-ar-dresses10,2.0,A702NKV8TMXMU,Completed,1,30,31,15,15.780663013458252,231.02464318275452,117.46376895904541,"{712: (0.47923272302473907, 1.0), 162: (0.6481414164812018, 0.6000000000000001), 549: (0.44777802619855267, 0.8), 148: (0.3446015651463054, 0.3999999999999999), 222: (0.22367634535390196, 0.8), 400: (0.2687252420105233, 0.19999999999999996), 497: (0.3350662841741675, 1.0), 560: (0.20715061890422723, 0.6000000000000001), 683: (0.38537174241894345, 0.8), 79: (-0.02503419665391987, 0.0)}","{420: (0.779663313949059, 0.19999999999999996), 696: (0.7562161352800479, 0.6000000000000001), 290: (0.7551885421686195, 0.6000000000000001), 669: (0.7536282332003837, 0.8), 605: (0.75248328319565, 0.8)}","{'noise': 0.4321820855837508, 'amp': 1, 'ls': 0.6505976753410151}","[(0.3999999999999999, 0.6000000000000001)]",[]
