impression,user_id,app_version,model_version,mturk_id,status,NUM_INITIAL_RATINGS,NUM_REFINE_RATINGS,TOTAL_TRAINING_RATINGS,NUM_TEST_RATINGS,TIME_INITIAL,TIME_REFINE,TIME_TEST,random_test_predictions_ratings,good_test_predictions_ratings,hypers,redisplay_check,arbitrary_check
0,ef4d4f9a-2e32-4186-baec-34320036193f,5.0-og-ar-dresses10,2.0,A3OCKM1XZ2SSEK,Completed,1,40,41,15,5.454040765762329,131.09639501571655,39.470723152160645,"{693: (0.1673211629236236, 0.3999999999999999), 757: (0.2005021882942974, 0.3999999999999999), 61: (0.284806779031642, 0.19999999999999996), 809: (0.1522115472082481, 0.19999999999999996), 356: (0.3798808024397902, 0.3999999999999999), 690: (0.36649585810206164, 0.19999999999999996), 675: (0.21776247807637328, 0.19999999999999996), 102: (0.2212454608990656, 0.3999999999999999), 375: (0.24854144960870578, 0.6000000000000001), 635: (0.28075664182984994, 0.6000000000000001)}","{785: (0.5454232636440166, 0.8), 526: (0.5031536316220073, 0.3999999999999999), 588: (0.5013399404550146, 0.6000000000000001), 564: (0.481833968055402, 0.6000000000000001), 363: (0.48124379510560616, 0.3999999999999999)}","{'noise': 0.28912763505358385, 'amp': 1, 'ls': 0.4559636841636826}","[(0.8, 0.8)]",[]
