impression,user_id,app_version,model_version,mturk_id,status,NUM_INITIAL_RATINGS,NUM_REFINE_RATINGS,TOTAL_TRAINING_RATINGS,NUM_TEST_RATINGS,TIME_INITIAL,TIME_REFINE,TIME_TEST,random_test_predictions_ratings,good_test_predictions_ratings,hypers,redisplay_check,arbitrary_check
0,f1051b2b-c7c9-4b07-aa7e-0cf3598c780f,5.0-og-ar-dresses10,2.0,AJQ71YIGY01HZ,Completed,1,50,51,15,5.046057224273682,180.38162541389465,42.266425132751465,"{353: (-0.5798823994463425, -0.6), 646: (-0.2780417848975012, 0.0), 58: (-0.3873054071485365, -0.8), 673: (-0.37847709999760576, -0.6), 634: (-0.06147564306780379, 0.19999999999999996), 337: (-0.22022412137426853, 0.19999999999999996), 273: (-0.3247901732933067, -0.6), 24: (-0.4301368511313997, -0.6), 644: (-0.3888572120547973, -0.19999999999999996), 476: (-0.356073614316417, -0.6)}","{495: (0.13395361770388364, 0.0), 555: (0.09120477350535083, 0.8), 504: (0.08410448492816958, 0.19999999999999996), 288: (0.02887630660649987, -0.4), 280: (0.028587214806366612, 0.19999999999999996)}","{'noise': 0.6446390033061983, 'amp': 1, 'ls': 0.7664099483859377}","[(0.0, 0.0)]",[]
