impression,user_id,app_version,model_version,mturk_id,status,NUM_INITIAL_RATINGS,NUM_REFINE_RATINGS,TOTAL_TRAINING_RATINGS,NUM_TEST_RATINGS,TIME_INITIAL,TIME_REFINE,TIME_TEST,random_test_predictions_ratings,good_test_predictions_ratings,hypers,redisplay_check,arbitrary_check
0,f28fab25-2b4d-4350-a97a-09db5c21588f,5.0-og-ar-dresses10,2.0,A3GS10VLDBGHNO,Completed,1,20,21,15,40.09603977203369,475.65445590019226,318.8591022491455,"{537: (-0.33627796761368167, 0.3999999999999999), 160: (-0.4246371852864821, -0.19999999999999996), 121: (-0.09031767440158484, 0.19999999999999996), 664: (0.5856971883215905, 0.8), 434: (0.5142417512051841, -0.19999999999999996), 323: (0.13158555064162517, 0.3999999999999999), 627: (0.18110416465050924, -0.19999999999999996), 744: (-0.015821701468920646, -0.4), 344: (-0.1310823121737914, -0.6), 572: (-0.07807767541417925, -0.19999999999999996)}","{401: (0.9487846567289426, -0.6), 533: (0.8306777922855128, 0.19999999999999996), 351: (0.7570092079307702, -0.6), 139: (0.7551675251168818, 0.6000000000000001), 362: (0.71785662097576, -0.4)}","{'noise': 0.26524905145128397, 'amp': 1, 'ls': 0.6112621842106044}","[(0.19999999999999996, 0.19999999999999996)]",[]
