impression,user_id,app_version,model_version,mturk_id,status,NUM_INITIAL_RATINGS,NUM_REFINE_RATINGS,TOTAL_TRAINING_RATINGS,NUM_TEST_RATINGS,TIME_INITIAL,TIME_REFINE,TIME_TEST,random_test_predictions_ratings,good_test_predictions_ratings,hypers,redisplay_check,arbitrary_check
0,f2935cb5-d5a6-46dc-984f-889b42d00911,5.0-og-ar-dresses10,2.0,A34YDGVZKRJ0LZ,Completed,1,30,31,15,7.481603384017944,161.4102909564972,71.74675440788269,"{798: (-0.7725094209967849, -0.8), 720: (-0.03375568881368918, 0.0), 493: (-0.5419599944983307, -0.4), 78: (-0.08183304973001315, 0.6000000000000001), 307: (-0.058422728018995784, 0.3999999999999999), 310: (-0.2639502722522224, -1.0), 223: (-0.8725772868225726, -1.0), 580: (-0.2668082972070658, 0.0), 80: (-0.12081323399046359, -0.19999999999999996), 716: (-0.5686239831928099, -0.4)}","{344: (0.6398467109928647, 0.6000000000000001), 306: (0.457962393999957, 0.19999999999999996), 127: (0.4337665007820338, 0.19999999999999996), 678: (0.4063926428261818, 0.3999999999999999), 27: (0.37131438443702425, 0.0)}","{'noise': 0.2750106688951477, 'amp': 1, 'ls': 0.5597788487558039}","[(-0.4, -0.4)]",[]
