impression,user_id,app_version,model_version,mturk_id,status,NUM_INITIAL_RATINGS,NUM_REFINE_RATINGS,TOTAL_TRAINING_RATINGS,NUM_TEST_RATINGS,TIME_INITIAL,TIME_REFINE,TIME_TEST,random_test_predictions_ratings,good_test_predictions_ratings,hypers,redisplay_check,arbitrary_check
0,f2ed9ee7-6765-4f80-b8e9-76fcd5966b49,5.0-og-ar-dresses10,2.0,A21HKKY734LWFV,Completed,1,30,31,15,6.768603324890137,81.92664861679077,39.01179075241089,"{630: (0.31924322840593716, 0.6000000000000001), 293: (0.5598129195527259, 0.3999999999999999), 440: (0.19183646101218862, 0.0), 173: (0.5445791059147262, 0.6000000000000001), 769: (0.2920650916910425, 0.3999999999999999), 340: (0.3693235629507484, 0.6000000000000001), 757: (0.19005369953773782, 0.0), 686: (0.38671133890330245, 0.19999999999999996), 73: (0.1847044324571926, -0.19999999999999996), 653: (0.5376463346301303, 0.3999999999999999)}","{133: (0.7146295854936511, 0.6000000000000001), 560: (0.7064471122729776, 0.3999999999999999), 177: (0.701738904673527, 0.6000000000000001), 719: (0.6972892466475238, 0.3999999999999999), 614: (0.6856842142618764, 0.3999999999999999)}","{'noise': 0.2715775529444801, 'amp': 1, 'ls': 0.5257001674500666}","[(0.6000000000000001, 0.0)]",[]
