impression,user_id,app_version,model_version,mturk_id,status,NUM_INITIAL_RATINGS,NUM_REFINE_RATINGS,TOTAL_TRAINING_RATINGS,NUM_TEST_RATINGS,TIME_INITIAL,TIME_REFINE,TIME_TEST,random_test_predictions_ratings,good_test_predictions_ratings,hypers,redisplay_check,arbitrary_check
0,f3f06268-f984-4886-aec3-e73cf1d3feed,5.0-og-ar-dresses10,2.0,A32KIJGD26VTXJ,Completed,1,50,51,15,13.73381781578064,258.3471541404724,96.4727258682251,"{759: (0.2881532157378281, 0.19999999999999996), 254: (0.3110257097589391, -0.19999999999999996), 665: (0.20838441451840234, 0.0), 735: (0.38619959522013925, 0.6000000000000001), 131: (0.012601408430158112, 0.19999999999999996), 678: (0.04291899211629635, -0.19999999999999996), 455: (0.3499479964031309, -0.19999999999999996), 337: (0.1131413106773963, -0.4), 35: (0.10129014317847623, 0.19999999999999996), 522: (0.42544934794131495, 0.3999999999999999)}","{619: (0.8133881732387354, 0.7), 661: (0.8077074266279798, 0.7), 722: (0.8049511278177715, 0.6000000000000001), 598: (0.7361259325806062, 0.8), 658: (0.7353579446522411, 0.19999999999999996)}","{'noise': 0.4964995317810295, 'amp': 1, 'ls': 0.6061241657676194}","[(0.7, 0.6000000000000001)]",[]
