impression,user_id,app_version,model_version,mturk_id,status,NUM_INITIAL_RATINGS,NUM_REFINE_RATINGS,TOTAL_TRAINING_RATINGS,NUM_TEST_RATINGS,TIME_INITIAL,TIME_REFINE,TIME_TEST,random_test_predictions_ratings,good_test_predictions_ratings,hypers,redisplay_check,arbitrary_check
0,f4040362-386e-4237-8c02-7f9b5ab8a137,5.0-og-ar-dresses10,2.0,ARWF605I7RWM7,Completed,1,40,41,15,7.292484283447266,159.3051438331604,53.026527643203735,"{802: (0.3914763807502476, 0.3999999999999999), 511: (0.30570581280423187, 0.3999999999999999), 200: (0.29582720068740054, 0.3999999999999999), 287: (0.2737225346326442, 0.3999999999999999), 562: (0.42682768268011695, 0.3999999999999999), 173: (0.2472739849842454, 0.6000000000000001), 792: (0.3092897369079177, 0.19999999999999996), 31: (0.19016224721566277, 0.19999999999999996), 529: (0.23644347019606238, 0.3999999999999999), 218: (0.32710528120197874, 0.6000000000000001)}","{0: (0.5669812889563833, 0.6000000000000001), 803: (0.5657633901515329, 0.3999999999999999), 30: (0.5628347149877488, 0.6000000000000001), 488: (0.5617647056838678, 0.6000000000000001), 545: (0.556479085028935, 0.3999999999999999)}","{'noise': 0.3853106881731569, 'amp': 1, 'ls': 0.529490710580875}","[(0.6000000000000001, 0.6000000000000001)]",[]
