impression,user_id,app_version,model_version,mturk_id,status,NUM_INITIAL_RATINGS,NUM_REFINE_RATINGS,TOTAL_TRAINING_RATINGS,NUM_TEST_RATINGS,TIME_INITIAL,TIME_REFINE,TIME_TEST,random_test_predictions_ratings,good_test_predictions_ratings,hypers,redisplay_check,arbitrary_check
0,f436f24f-94ce-4ee6-9e0a-f3b558a19220,5.0-og-ar-dresses10,2.0,A98F21Q0J4SGL,Completed,1,30,31,15,5.380601644515991,114.40208339691162,34.12639021873474,"{269: (-0.40134936201984944, 0.0), 353: (-0.9348917047852623, -0.6), 111: (-0.08532791051478206, 0.0), 39: (-0.39345062433408895, 0.6000000000000001), 163: (-0.2402734912458952, -0.19999999999999996), 747: (-0.1361831962456749, -0.6), 382: (-0.2717849550814132, 0.19999999999999996), 257: (-0.15500158374527484, -0.6), 571: (-0.45522459893444267, 0.0), 456: (-0.12208990577714315, 0.0)}","{471: (0.45080408953483225, 0.6000000000000001), 25: (0.3966391204314031, -0.19999999999999996), 612: (0.3907463821952652, 0.0), 713: (0.30727573762193844, 0.19999999999999996), 619: (0.2841929967941283, 0.0)}","{'noise': 0.2874130747500084, 'amp': 1, 'ls': 0.5112269113599136}","[(-0.6, -0.6)]",[]
