impression,user_id,app_version,model_version,mturk_id,status,NUM_INITIAL_RATINGS,NUM_REFINE_RATINGS,TOTAL_TRAINING_RATINGS,NUM_TEST_RATINGS,TIME_INITIAL,TIME_REFINE,TIME_TEST,random_test_predictions_ratings,good_test_predictions_ratings,hypers,redisplay_check,arbitrary_check
0,f4f4b2bf-dcde-48df-87dd-8cc2decd288e,5.0-og-ar-dresses10,2.0,A27F8Z101YG8OB,Completed,1,20,21,15,8.760704517364502,117.20925855636597,73.04040813446045,"{308: (0.06394460671675245, -0.19999999999999996), 482: (-0.1441376741511528, -0.19999999999999996), 499: (-0.22554031619073794, -0.4), 217: (-0.17400140764197342, -0.4), 776: (-0.5351652048417163, -0.4), 510: (0.4546936429301669, 0.6000000000000001), 300: (-0.23664231739484326, -0.4), 645: (-0.4252233285970129, -0.19999999999999996), 571: (-0.1273119792204231, 0.19999999999999996), 502: (-0.10546875682612833, -0.19999999999999996)}","{247: (0.616939719724084, 0.19999999999999996), 50: (0.5705866542471281, 0.0), 31: (0.5612591923644834, 0.3999999999999999), 632: (0.5464991189954924, 0.6000000000000001), 543: (0.5461546753499071, 0.3999999999999999)}","{'noise': 0.27021070313740303, 'amp': 1, 'ls': 0.623122197355315}","[(0.3999999999999999, 0.3999999999999999)]",[]
