impression,user_id,app_version,model_version,mturk_id,status,NUM_INITIAL_RATINGS,NUM_REFINE_RATINGS,TOTAL_TRAINING_RATINGS,NUM_TEST_RATINGS,TIME_INITIAL,TIME_REFINE,TIME_TEST,random_test_predictions_ratings,good_test_predictions_ratings,hypers,redisplay_check,arbitrary_check
0,f5340ed7-0353-4760-9200-2c652143235e,5.0-og-ar-dresses10,2.0,ANKDLLQHHM2OH,Completed,1,30,31,15,4.236452341079712,97.15752172470093,61.70324158668518,"{530: (-0.5951459163384374, 0.6000000000000001), 756: (-0.40704152683979444, 1.0), 308: (-0.5599646000098916, 0.8), 471: (-0.747445556872893, 0.0), 139: (0.16636277993061283, 0.6000000000000001), 380: (-0.514068679812428, 0.6000000000000001), 174: (-0.22922434553805537, 0.6000000000000001), 164: (-0.4134644520239772, 0.8), 632: (0.3762430351499138, 1.0), 76: (-0.8161001859943579, -1.0)}","{605: (0.9782334330981968, 1.0), 64: (0.9762446556129962, 1.0), 370: (0.9604467842280044, 0.8), 624: (0.9387074031485501, 0.3999999999999999), 627: (0.9305435849045385, 0.6000000000000001)}","{'noise': 0.33340685956756233, 'amp': 1, 'ls': 0.5767619718255698}","[(0.3999999999999999, 0.6000000000000001)]",[]
