impression,user_id,app_version,model_version,mturk_id,status,NUM_INITIAL_RATINGS,NUM_REFINE_RATINGS,TOTAL_TRAINING_RATINGS,NUM_TEST_RATINGS,TIME_INITIAL,TIME_REFINE,TIME_TEST,random_test_predictions_ratings,good_test_predictions_ratings,hypers,redisplay_check,arbitrary_check
0,f55bb38f-7a44-4498-97a0-9393f7a282c9,5.0-og-ar-dresses10,2.0,A2POU9TTW177VH,Completed,1,20,21,15,8.282872676849365,123.85067248344421,102.61679339408875,"{506: (-0.128373196733345, -0.19999999999999996), 215: (-0.04295176121886203, -0.6), 332: (-0.05173020925698878, -0.4), 350: (-0.1444137774066222, -0.8), 423: (-0.03778262618721788, -0.19999999999999996), 652: (0.05257471214929907, 0.0), 90: (-0.2849757011377585, 0.19999999999999996), 14: (-0.22573149511308235, -0.8), 653: (0.07109674670916899, 0.0), 551: (-0.04511811473061214, 0.3999999999999999)}","{290: (0.4329149970192707, 0.3999999999999999), 27: (0.4234672119667894, 0.19999999999999996), 265: (0.4230172086013876, 0.19999999999999996), 463: (0.4155734036022003, -0.4), 751: (0.4033590987984632, -0.4)}","{'noise': 0.2631867536666068, 'amp': 1, 'ls': 0.5200520618454096}","[(-0.4, -0.4)]",[]
