impression,user_id,app_version,model_version,mturk_id,status,NUM_INITIAL_RATINGS,NUM_REFINE_RATINGS,TOTAL_TRAINING_RATINGS,NUM_TEST_RATINGS,TIME_INITIAL,TIME_REFINE,TIME_TEST,random_test_predictions_ratings,good_test_predictions_ratings,hypers,redisplay_check,arbitrary_check
0,f67d0a67-d161-4ce7-8d42-5ff0ccefc27f,5.0-og-ar-dresses10,2.0,A3V57BKH58EUIY,Completed,1,20,21,15,9.690834999084473,149.02019596099854,102.39585900306702,"{303: (0.6787510663700465, 0.7), 28: (0.5249730331214023, 0.30000000000000004), 483: (0.43816132964304855, 0.5), 641: (0.5571822375515549, 0.3999999999999999), 97: (0.4232391831688068, 0.19999999999999996), 652: (0.4100815421269409, 0.6000000000000001), 280: (0.46347794801804404, 0.30000000000000004), 657: (0.5604109078365465, 0.6000000000000001), 54: (0.3124925125479714, 0.0), 777: (0.5800180807005123, 0.30000000000000004)}","{726: (0.8062319275441303, 0.5), 150: (0.7867389349119587, 0.7), 656: (0.7768565405433889, 0.6000000000000001), 377: (0.7653899105389397, 0.7), 165: (0.7565512568920826, 0.7)}","{'noise': 0.24646432735676324, 'amp': 1, 'ls': 0.638516090384346}","[(0.7, 0.7)]",[]
