impression,user_id,app_version,model_version,mturk_id,status,NUM_INITIAL_RATINGS,NUM_REFINE_RATINGS,TOTAL_TRAINING_RATINGS,NUM_TEST_RATINGS,TIME_INITIAL,TIME_REFINE,TIME_TEST,random_test_predictions_ratings,good_test_predictions_ratings,hypers,redisplay_check,arbitrary_check
0,f6d1d027-4699-4616-a33d-9742a83d4518,5.0-og-ar-dresses10,2.0,A3EVXSWHYA1PTT,Completed,1,40,41,15,8.821491956710815,183.1978735923767,56.57720232009888,"{7: (0.039794213939704226, 0.3999999999999999), 219: (0.050642290112438655, 0.0), 239: (0.0950049656628162, 0.6000000000000001), 173: (0.162020729017776, 0.3999999999999999), 777: (0.09315282530516195, 0.0), 137: (0.2799693840503208, 0.0), 172: (0.12127812366037899, 0.6000000000000001), 161: (0.07145985646122142, 0.3999999999999999), 160: (0.2154676379546908, 0.3999999999999999), 500: (0.06292402635567473, 0.6000000000000001)}","{344: (0.5335481948204863, 0.3999999999999999), 692: (0.5310176279057676, 0.19999999999999996), 166: (0.48119571107406495, 0.19999999999999996), 540: (0.4593894895327279, 0.0), 789: (0.4557639212139423, 0.0)}","{'noise': 0.4584591893936294, 'amp': 1, 'ls': 0.5461422411765905}","[(0.0, 0.0)]",[]
