impression,user_id,app_version,model_version,mturk_id,status,NUM_INITIAL_RATINGS,NUM_REFINE_RATINGS,TOTAL_TRAINING_RATINGS,NUM_TEST_RATINGS,TIME_INITIAL,TIME_REFINE,TIME_TEST,random_test_predictions_ratings,good_test_predictions_ratings,hypers,redisplay_check,arbitrary_check
0,f9194566-95a3-4518-9c5a-72eba5334786,5.0-og-ar-dresses10,2.0,A1RMOS60Z6EXW4,Completed,1,50,51,15,15.42215871810913,351.40106177330017,88.89021706581116,"{213: (0.13058492388852472, 0.3999999999999999), 464: (0.2725272398147897, 0.8), 505: (0.06569301554545895, 0.8), 264: (0.08430794971253994, 0.3999999999999999), 398: (0.08656666966804298, 0.3999999999999999), 567: (-0.011515527473392509, 0.0), 346: (-0.09162257768412359, 0.19999999999999996), 799: (-0.23565301581570958, -0.8), 697: (0.12884155942391884, 0.3999999999999999), 705: (-0.10668742577856, 1.0)}","{288: (0.6388477154680279, 1.0), 358: (0.6351707228778466, 0.6000000000000001), 643: (0.6115671897755256, 0.8), 272: (0.6032196600768982, 0.6000000000000001), 290: (0.5893689998347594, 1.0)}","{'noise': 0.6817691366396519, 'amp': 1, 'ls': 0.9429407013006195}","[(0.0, 0.0)]",[]
