impression,user_id,app_version,model_version,mturk_id,status,NUM_INITIAL_RATINGS,NUM_REFINE_RATINGS,TOTAL_TRAINING_RATINGS,NUM_TEST_RATINGS,TIME_INITIAL,TIME_REFINE,TIME_TEST,random_test_predictions_ratings,good_test_predictions_ratings,hypers,redisplay_check,arbitrary_check
0,f932dd8d-299d-4ef4-8aea-2b04bb57b915,5.0-og-ar-dresses10,2.0,A23TIZX8UE6HWG,Completed,1,20,21,15,18.763797998428345,111.16659951210022,73.18876934051514,"{275: (0.2893498315856218, 0.6000000000000001), 788: (-0.20233710174825714, 0.8), 23: (0.8636285207874834, 1.0), 303: (0.7794378134601452, 0.6000000000000001), 675: (-0.027984614885285197, 0.6000000000000001), 63: (0.2655986257343954, 0.0), 458: (0.2562729255752739, -0.6), 622: (0.7407585071569043, 0.6000000000000001), 777: (0.4097896486461825, 0.3999999999999999), 568: (0.8205374613725124, 1.0)}","{558: (1.1743919604604525, 1.0), 733: (1.1635858433262425, 0.3999999999999999), 597: (1.1521790120618427, 1.0), 651: (1.15137084657343, 1.0), 266: (1.1205326495996184, 1.0)}","{'noise': 0.2818623247052366, 'amp': 1, 'ls': 0.6318866742038283}","[(1.0, 1.0)]",[]
