impression,user_id,app_version,model_version,mturk_id,status,NUM_INITIAL_RATINGS,NUM_REFINE_RATINGS,TOTAL_TRAINING_RATINGS,NUM_TEST_RATINGS,TIME_INITIAL,TIME_REFINE,TIME_TEST,random_test_predictions_ratings,good_test_predictions_ratings,hypers,redisplay_check,arbitrary_check
0,fc04a8af-c87c-456f-b671-402781c6d0f2,5.0-og-ar-dresses10,2.0,ADVCIFLB5A9B,Completed,1,40,41,15,11.676210880279541,262.033668756485,78.80729532241821,"{200: (0.26623632786700774, 0.0), 673: (0.16529041487438806, -0.19999999999999996), 3: (0.27167145498536516, -0.6), 147: (0.1998999199665703, 0.6000000000000001), 670: (0.30089984567435174, 1.0), 424: (0.39064960523237113, 0.0), 479: (-0.23088913920777665, -0.6), 177: (0.6157770860375192, 0.8), 222: (0.014207725664219045, 0.19999999999999996), 678: (0.16345365798297584, -0.19999999999999996)}","{340: (0.8446994550338272, 0.19999999999999996), 800: (0.7644065677255143, 0.0), 127: (0.7467076719703545, 0.3999999999999999), 318: (0.7448427001065984, 0.3999999999999999), 799: (0.7164572994095585, 0.19999999999999996)}","{'noise': 0.49210834903825873, 'amp': 1, 'ls': 0.7109334831092826}","[(0.3999999999999999, 0.6000000000000001)]",[]
