impression,user_id,app_version,model_version,mturk_id,status,NUM_INITIAL_RATINGS,NUM_REFINE_RATINGS,TOTAL_TRAINING_RATINGS,NUM_TEST_RATINGS,TIME_INITIAL,TIME_REFINE,TIME_TEST,random_test_predictions_ratings,good_test_predictions_ratings,hypers,redisplay_check,arbitrary_check
0,ff226dfe-60db-41c6-8322-5a8ad4085ff3,5.0-og-ar-dresses10,2.0,A2EPNHL2SYUUHY,Completed,1,30,31,15,19.394658088684082,163.2505955696106,56.654536962509155,"{124: (0.04405888736942892, -1.0), 337: (-0.15652449451899547, -1.0), 95: (-0.6710456075907734, -0.19999999999999996), 744: (-0.7773449879186222, -1.0), 478: (0.023241120062975906, -1.0), 363: (-0.3518172759846599, -0.8), 406: (-0.43583109035891066, 0.3999999999999999), 353: (-0.1077579856496908, 0.0), 311: (-0.46929574289537257, 0.0), 611: (-0.4039446075442661, -0.6)}","{645: (0.4433019891496715, 0.6000000000000001), 276: (0.40397588282683333, -1.0), 284: (0.37808245000644175, 0.6000000000000001), 547: (0.3266535175817508, 0.3999999999999999), 706: (0.32645521173291275, 0.6000000000000001)}","{'noise': 0.3199128343100664, 'amp': 1, 'ls': 0.6043472558687328}","[(-1.0, 0.0)]",[]
