impression,user_id,app_version,model_version,mturk_id,status,NUM_INITIAL_RATINGS,NUM_REFINE_RATINGS,TOTAL_TRAINING_RATINGS,NUM_TEST_RATINGS,TIME_INITIAL,TIME_REFINE,TIME_TEST,random_test_predictions_ratings,good_test_predictions_ratings,hypers,redisplay_check,arbitrary_check
0,ff751b59-235f-441a-8db1-0fc875445888,5.0-og-ar-dresses10,2.0,A27V6J6KOHWK2P,Completed,1,40,41,15,21.015843629837036,368.1906752586365,122.35902643203735,"{45: (-0.008552502952658428, 0.6000000000000001), 799: (0.1729960911092005, 0.19999999999999996), 183: (0.13756682985530633, 0.19999999999999996), 773: (0.31817443644574483, 0.3999999999999999), 521: (0.10803228570432993, 0.6000000000000001), 25: (0.3370501880728005, 0.19999999999999996), 621: (0.15601508186647142, 0.6000000000000001), 746: (0.2878694892134525, 0.8), 13: (0.0912499878542218, -0.4), 734: (0.23190857523474015, 0.0)}","{597: (0.47836996815565674, 0.6000000000000001), 425: (0.4664706555556984, 0.6000000000000001), 598: (0.46391521603532654, 0.6000000000000001), 523: (0.4623837484093017, 0.6000000000000001), 263: (0.4578853866882063, 0.8)}","{'noise': 0.7538228874864811, 'amp': 1, 'ls': 0.8979711237231129}","[(0.8, 0.8)]",[]
