impression,user_id,app_version,model_version,mturk_id,status,NUM_INITIAL_RATINGS,NUM_REFINE_RATINGS,TOTAL_TRAINING_RATINGS,NUM_TEST_RATINGS,TIME_INITIAL,TIME_REFINE,TIME_TEST,random_test_predictions_ratings,good_test_predictions_ratings,hypers,redisplay_check,arbitrary_check
0,eb79dea0-77a3-4aa9-89b0-2e17ad661c39,7.3-aggregated-fixed-binary-mpc,2.0,A3BBPDWI99KA4S,Completed,1,40,41,15,6.782798767089844,307.580340385437,89.66239523887634,"{12580: (-0.3907467539210442, -0.5), 326069: (-0.2168565610627366, 0.5), 182660: (0.005940801819656408, 0.5), 74580: (0.18072489092681898, -0.5), 62562: (-0.016775095676590288, 0.5), 78827: (-0.02656756783403394, 0.5), 37885: (0.009047385511224429, 0.5), 111604: (0.09661621760450778, -0.5), 132872: (0.12201787400203236, 0.5), 12684: (-0.25277426821918947, -0.5)}","{199528: (0.7801200343733941, 0.5), 86905: (0.7793419863853173, 0.5), 300721: (0.7669713447630704, 0.5), 48480: (0.7653008652205269, -0.5), 322078: (0.7646166428210581, -0.5)}","{'noise': 0.38621058403938996, 'amp': 1.905899429488762, 'ls': 3.577134415736614}","[(-0.5, 0.5)]",[]
