impression,user_id,app_version,model_version,mturk_id,status,NUM_INITIAL_RATINGS,NUM_REFINE_RATINGS,TOTAL_TRAINING_RATINGS,NUM_TEST_RATINGS,TIME_INITIAL,TIME_REFINE,TIME_TEST,random_test_predictions_ratings,good_test_predictions_ratings,hypers,redisplay_check,arbitrary_check
0,429fae7f-7bb6-4e99-9a39-4f6d5cb00a8b,7.3-aggregated-fixed-binary-mpc,2.0,A37E36IPU0BJX5,Completed,1,40,41,15,19.698326587677002,315.0435667037964,108.19571828842163,"{29908: (0.20692885890558266, 0.5), 139778: (-0.2337887083204339, -0.5), 81804: (0.18301474163682313, 0.5), 122736: (-0.1699780788786599, 0.5), 25752: (-0.2399139394921193, -0.5), 291471: (0.12908855370244102, -0.5), 160077: (-0.5225170894686461, -0.5), 321843: (0.38365030357729757, 0.5), 47864: (0.44439977516779283, 0.5), 71689: (-0.2640595343568777, -0.5)}","{64350: (0.9468244042309211, 0.5), 186843: (0.9333442152494322, 0.5), 186519: (0.9257384294491411, 0.5), 64800: (0.9128256723785053, 0.5), 208494: (0.9114737727870899, 0.5)}","{'noise': 0.38621058403938996, 'amp': 1.905899429488762, 'ls': 3.577134415736614}","[(0.5, 0.5)]",[]
