impression,user_id,app_version,model_version,mturk_id,status,NUM_INITIAL_RATINGS,NUM_REFINE_RATINGS,TOTAL_TRAINING_RATINGS,NUM_TEST_RATINGS,TIME_INITIAL,TIME_REFINE,TIME_TEST,random_test_predictions_ratings,good_test_predictions_ratings,hypers,redisplay_check,arbitrary_check
0,f1dea670-168f-475d-98e1-ae09c76548e7,7.3-aggregated-fixed-binary-mpc,2.0,A1OFFNJXVHVI64,Completed,1,40,41,15,5.160159111022949,204.09961485862732,70.00634264945984,"{289643: (0.03680507011140405, 0.5), 283200: (0.03967280222101083, -0.5), 165091: (0.30817114979725235, 0.5), 213018: (0.15871978518861432, 0.5), 274676: (0.04730097092303259, 0.5), 201227: (0.0030580027135157506, 0.5), 301718: (-0.13085992263744395, -0.5), 200230: (-0.1269750362728731, -0.5), 341: (0.010698120863171373, -0.5), 242124: (0.04003351722280644, 0.5)}","{198796: (0.6236628125687428, -0.5), 198871: (0.6057466668217926, 0.5), 199036: (0.6009640572472017, -0.5), 12634: (0.5973280458615395, 0.5), 330412: (0.5894673165482373, 0.5)}","{'noise': 0.38621058403938996, 'amp': 1.905899429488762, 'ls': 3.577134415736614}","[(0.5, 0.5)]",[]
