impression,user_id,app_version,model_version,mturk_id,status,NUM_INITIAL_RATINGS,NUM_REFINE_RATINGS,TOTAL_TRAINING_RATINGS,NUM_TEST_RATINGS,TIME_INITIAL,TIME_REFINE,TIME_TEST,random_test_predictions_ratings,good_test_predictions_ratings,hypers,redisplay_check,arbitrary_check
0,ab2b3702-13f6-45ff-a770-5fb022617775,7.3-aggregated-fixed-binary-mpc,2.0,A1QGUUZQ86MUV2,Completed,1,40,41,15,4.2505223751068115,245.2485752105713,78.3638186454773,"{180911: (-0.039601468119311076, -0.5), 83188: (-0.20209526700258063, -0.5), 17749: (0.006633339839378256, -0.5), 177440: (-0.38295814531672523, -0.5), 214668: (0.0950424793599967, -0.5), 201552: (0.10877207723875555, 0.5), 156895: (-0.15748793839249317, 0.5), 47165: (0.11767104747965092, -0.5), 9097: (-0.14865137030573616, -0.5), 325340: (-0.27408227064922863, -0.5)}","{184047: (0.9626041413402995, 0.5), 183989: (0.9458064893256724, 0.5), 184217: (0.9104251079433825, 0.5), 184063: (0.9034646285578849, 0.5), 231868: (0.8751579867285912, 0.5)}","{'noise': 0.38621058403938996, 'amp': 1.905899429488762, 'ls': 3.577134415736614}","[(0.5, 0.5)]",[]
