impression,user_id,app_version,model_version,mturk_id,status,NUM_INITIAL_RATINGS,NUM_REFINE_RATINGS,TOTAL_TRAINING_RATINGS,NUM_TEST_RATINGS,TIME_INITIAL,TIME_REFINE,TIME_TEST,random_test_predictions_ratings,good_test_predictions_ratings,hypers,redisplay_check,arbitrary_check
0,d77d36e2-8441-438c-a673-7514a74f7253,7.3-aggregated-fixed-binary-mpc,2.0,A24G8GL5FX1KAW ,Completed,1,40,41,15,4.12870717048645,208.97453951835632,127.4580135345459,"{294623: (-0.09025869292651381, 0.5), 195287: (-0.04560937276931923, -0.5), 230: (0.0017942085352467274, -0.5), 47419: (0.07412769586140862, 0.5), 183581: (-0.24952745191314488, -0.5), 114428: (0.2955131473014039, -0.5), 174310: (-0.08067936980405405, -0.5), 302214: (0.042762786140132486, -0.5), 275491: (-0.291267261350818, 0.5), 58831: (-0.053044137287553784, 0.5)}","{258472: (0.598223940409109, -0.5), 258426: (0.5904370279266989, 0.5), 71302: (0.5902690470726097, -0.5), 258368: (0.5851482249544678, 0.5), 71256: (0.584903064267027, 0.5)}","{'noise': 0.38621058403938996, 'amp': 1.905899429488762, 'ls': 3.577134415736614}","[(-0.5, -0.5)]",[]
