impression,user_id,app_version,model_version,mturk_id,status,NUM_INITIAL_RATINGS,NUM_REFINE_RATINGS,TOTAL_TRAINING_RATINGS,NUM_TEST_RATINGS,TIME_INITIAL,TIME_REFINE,TIME_TEST,random_test_predictions_ratings,good_test_predictions_ratings,hypers,redisplay_check,arbitrary_check
0,a876ccb1-6d45-4986-96d5-0bb5a0e7ba0a,7.3-aggregated-fixed-binary-mpc,2.0,A1XBWSV6TWJUU8,Completed,1,40,41,15,6.055966138839722,394.0573673248291,48.849960803985596,"{181687: (0.00993668506755159, -0.5), 149650: (-0.013481047007579225, -0.5), 239865: (-0.3007852580511349, -0.5), 201673: (-0.31827446249643776, -0.5), 29954: (0.039601929320487256, 0.5), 1773: (-0.20243443667550626, 0.5), 88790: (-0.20595056082202637, -0.5), 65149: (-0.1280195562215604, -0.5), 293320: (0.24289972425413403, 0.5), 90682: (-0.1716151451079612, -0.5)}","{176042: (0.8985117706824827, 0.5), 106773: (0.8983902269135942, 0.5), 175735: (0.8973807243025407, 0.5), 43227: (0.8952876572896415, 0.5), 241212: (0.8915806115041358, 0.5)}","{'noise': 0.38621058403938996, 'amp': 1.905899429488762, 'ls': 3.577134415736614}","[(0.5, 0.5)]",[]
