impression,user_id,app_version,model_version,mturk_id,status,NUM_INITIAL_RATINGS,NUM_REFINE_RATINGS,TOTAL_TRAINING_RATINGS,NUM_TEST_RATINGS,TIME_INITIAL,TIME_REFINE,TIME_TEST,random_test_predictions_ratings,good_test_predictions_ratings,hypers,redisplay_check,arbitrary_check
0,ca3d2cde-727a-40f0-ba9b-1213a1ada678,7.3-aggregated-fixed-binary-mpc,2.0,A2NEFRREWF33YP,Completed,1,40,41,15,8.813246488571167,133.06738471984863,33.17768836021423,"{255867: (0.06213515568866174, -0.5), 283040: (0.057912370406163344, 0.5), 110756: (-0.1349476646994394, -0.5), 312557: (0.015190073247860494, -0.5), 34414: (0.16029054758678152, 0.5), 108831: (-0.3814649366684427, -0.5), 55549: (-0.10333374100587045, -0.5), 217739: (0.2875259052486193, 0.5), 115145: (0.3617500496387175, -0.5), 321985: (-0.19360769093483904, 0.5)}","{330211: (0.8571968478272586, -0.5), 319096: (0.8463474050128237, -0.5), 12120: (0.8442153956303624, -0.5), 12460: (0.8406118463026799, -0.5), 12874: (0.835964874146575, -0.5)}","{'noise': 0.38621058403938996, 'amp': 1.905899429488762, 'ls': 3.577134415736614}","[(-0.5, -0.5)]",[]
