impression,user_id,app_version,model_version,mturk_id,status,NUM_INITIAL_RATINGS,NUM_REFINE_RATINGS,TOTAL_TRAINING_RATINGS,NUM_TEST_RATINGS,TIME_INITIAL,TIME_REFINE,TIME_TEST,random_test_predictions_ratings,good_test_predictions_ratings,hypers,redisplay_check,arbitrary_check
0,36c92133-6845-4ead-9357-3f42d87b6eef,7.3-aggregated-fixed-binary-mpc,2.0,A1HGOFQI8TQCWB,Completed,1,40,41,15,16.38021230697632,474.9357695579529,207.53806495666504,"{233741: (-0.23698899922654504, 0.5), 266062: (0.05963119434272343, 0.5), 231108: (0.018682688568351757, 0.5), 141037: (0.1524165874756488, 0.5), 127885: (-0.27985820176465, -0.5), 280580: (0.46518606486772096, 0.5), 255536: (-0.2606946737954917, -0.5), 182400: (-0.0918346734194978, -0.5), 140594: (0.2924028562268544, 0.5), 274328: (-0.13052730436252305, 0.5)}","{34437: (0.7483884220376624, 0.5), 34509: (0.7239888961962075, 0.5), 34087: (0.7238089220958728, 0.5), 34663: (0.719889861835777, 0.5), 34612: (0.7161757082160785, 0.5)}","{'noise': 0.38621058403938996, 'amp': 1.905899429488762, 'ls': 3.577134415736614}","[(0.5, 0.5)]",[]
