impression,user_id,app_version,model_version,mturk_id,status,NUM_INITIAL_RATINGS,NUM_REFINE_RATINGS,TOTAL_TRAINING_RATINGS,NUM_TEST_RATINGS,TIME_INITIAL,TIME_REFINE,TIME_TEST,random_test_predictions_ratings,good_test_predictions_ratings,hypers,redisplay_check,arbitrary_check
0,6183fb4c-be82-4896-ae6d-a510f5dcaa66,7.3-aggregated-fixed-binary-mpc,2.0,A1U52239IPV7IO,Completed,1,40,41,15,10.161898612976074,373.226446390152,122.95518827438354,"{258382: (-0.2951808756120974, 0.5), 30750: (-0.13118663659407498, 0.5), 150124: (-0.1090596921753062, 0.5), 278383: (-0.027955141652842713, 0.5), 228302: (-0.2134982631668477, 0.5), 151157: (-0.07300774837084564, 0.5), 6437: (0.04254914366634106, 0.5), 233026: (-0.22181863812104657, 0.5), 170692: (0.12011905937513283, 0.5), 147798: (-0.026240847936264244, -0.5)}","{106129: (0.5947569805768571, 0.5), 106394: (0.5919857676578577, -0.5), 106174: (0.5857615680613459, 0.5), 142931: (0.5851167945182073, 0.5), 106263: (0.5840931210408148, -0.5)}","{'noise': 0.38621058403938996, 'amp': 1.905899429488762, 'ls': 3.577134415736614}","[(-0.5, 0.5)]",[]
