impression,user_id,app_version,model_version,mturk_id,status,NUM_INITIAL_RATINGS,NUM_REFINE_RATINGS,TOTAL_TRAINING_RATINGS,NUM_TEST_RATINGS,TIME_INITIAL,TIME_REFINE,TIME_TEST,random_test_predictions_ratings,good_test_predictions_ratings,hypers,redisplay_check,arbitrary_check
0,77f60503-3b82-4cde-8ea9-3368773cee9d,7.3-aggregated-fixed-binary-mpc,2.0,A1EFBEBVZP3D6G,Completed,1,40,41,15,4.732446908950806,316.99591279029846,110.53461503982544,"{2397: (-0.3374721471258977, 0.5), 166571: (-0.34752902859237733, 0.5), 102728: (-0.05504510476508272, -0.5), 40480: (-0.07952405460338183, 0.5), 239942: (0.06578628136965865, -0.5), 67518: (-0.15839972634460436, 0.5), 46561: (-0.06050389348328547, -0.5), 120337: (0.21656162947571214, 0.5), 267265: (0.0884897370230569, 0.5), 39027: (-0.04610516694795601, -0.5)}","{200527: (0.8554624086576026, -0.5), 181501: (0.8272947970652159, -0.5), 150532: (0.8122280608088517, 0.5), 19177: (0.7888396236359041, 0.5), 190647: (0.7834736768656627, -0.5)}","{'noise': 0.38621058403938996, 'amp': 1.905899429488762, 'ls': 3.577134415736614}","[(-0.5, 0.5)]",[]
