impression,user_id,app_version,model_version,mturk_id,status,NUM_INITIAL_RATINGS,NUM_REFINE_RATINGS,TOTAL_TRAINING_RATINGS,NUM_TEST_RATINGS,TIME_INITIAL,TIME_REFINE,TIME_TEST,random_test_predictions_ratings,good_test_predictions_ratings,hypers,redisplay_check,arbitrary_check
0,75904012-7ff3-44b6-925c-a551422549ea,7.3-aggregated-fixed-binary-mpc,2.0,A3OLRWACCCCUTU,Completed,1,40,41,15,5.616021633148193,156.55260801315308,49.1238694190979,"{242569: (-0.0922526494315584, 0.5), 295231: (0.13333606899761694, -0.5), 152464: (0.2518586870357913, -0.5), 219993: (0.27862735879012773, 0.5), 17304: (-0.06280774400200159, 0.5), 266776: (-0.17582146778708788, -0.5), 228450: (-0.02186046315601047, -0.5), 96344: (0.13326819364718634, 0.5), 231286: (0.17694827590740775, -0.5), 71025: (-0.1723702635101274, 0.5)}","{196985: (0.9192359442377708, 0.5), 196485: (0.9050197625255056, 0.5), 196678: (0.8994718706896851, 0.5), 196482: (0.891721069265667, 0.5), 196759: (0.8844556415104861, 0.5)}","{'noise': 0.38621058403938996, 'amp': 1.905899429488762, 'ls': 3.577134415736614}","[(0.5, 0.5)]",[]
