impression,user_id,app_version,model_version,mturk_id,status,NUM_INITIAL_RATINGS,NUM_REFINE_RATINGS,TOTAL_TRAINING_RATINGS,NUM_TEST_RATINGS,TIME_INITIAL,TIME_REFINE,TIME_TEST,random_test_predictions_ratings,good_test_predictions_ratings,hypers,redisplay_check,arbitrary_check
0,a3aa23ce-d06f-40b3-88b5-f70c744e9af5,7.3-aggregated-fixed-binary-mpc,2.0,A3TMVAECAVF9X5,Completed,1,40,41,15,6.78770112991333,738.8253014087677,81.21879768371582,"{129961: (-0.012844755799455022, 0.5), 281035: (0.14368210440731205, 0.5), 71816: (-0.050340287808928824, -0.5), 272138: (-0.6461913503016185, -0.5), 135390: (0.17524566992249038, 0.5), 43410: (0.30433499346742426, 0.5), 287757: (0.09720300228995248, 0.5), 273129: (0.4079968305922112, 0.5), 43669: (0.6006059659150524, 0.5), 163640: (-0.5981502995917511, -0.5)}","{268053: (0.9195284834724837, 0.5), 267974: (0.9185555358514876, 0.5), 267763: (0.9176059931144848, 0.5), 267746: (0.9163779880884403, 0.5), 267712: (0.9119264739153948, 0.5)}","{'noise': 0.38621058403938996, 'amp': 1.905899429488762, 'ls': 3.577134415736614}","[(0.5, 0.5)]",[]
