impression,user_id,app_version,model_version,mturk_id,status,NUM_INITIAL_RATINGS,NUM_REFINE_RATINGS,TOTAL_TRAINING_RATINGS,NUM_TEST_RATINGS,TIME_INITIAL,TIME_REFINE,TIME_TEST,random_test_predictions_ratings,good_test_predictions_ratings,hypers,redisplay_check,arbitrary_check
0,f23f5890-b049-41ee-84e5-5708ff2e2364,7.3-aggregated-fixed-binary-mpc,2.0,A377VNJUPRFD4B,Completed,1,40,41,15,7.669751882553101,283.4692323207855,68.35617589950562,"{58484: (-0.5166140727464812, -0.5), 181243: (0.05776809101513375, 0.5), 214360: (-0.4303581097878253, -0.5), 280177: (0.00866767665837323, -0.5), 3574: (-0.1050275298339061, -0.5), 274687: (-0.016025812718019852, 0.5), 51995: (0.060585383105135365, 0.5), 9958: (-0.30889467749619975, -0.5), 64859: (0.32910540581398784, 0.5), 186970: (0.04239007988597271, 0.5)}","{155738: (0.8787674694739431, 0.5), 155407: (0.851088911833274, 0.5), 155544: (0.8449942298321074, 0.5), 155653: (0.8408520518025008, 0.5), 155454: (0.8298354411661414, 0.5)}","{'noise': 0.38621058403938996, 'amp': 1.905899429488762, 'ls': 3.577134415736614}","[(0.5, 0.5)]",[]
