impression,user_id,app_version,model_version,mturk_id,status,NUM_INITIAL_RATINGS,NUM_REFINE_RATINGS,TOTAL_TRAINING_RATINGS,NUM_TEST_RATINGS,TIME_INITIAL,TIME_REFINE,TIME_TEST,random_test_predictions_ratings,good_test_predictions_ratings,hypers,redisplay_check,arbitrary_check
0,dcbf12ed-c3b0-446f-b814-44fb83be9c79,7.3-aggregated-fixed-binary-mpc,2.0,A9LYIVFG3ZU4Z,Completed,1,40,41,15,7.360447883605957,257.6001765727997,76.91357326507568,"{112019: (-0.3961401969576941, 0.5), 38498: (0.11869120679591233, 0.5), 320111: (0.2751208812917074, -0.5), 58388: (0.051432588353953396, -0.5), 300701: (-0.4911745006807502, -0.5), 237669: (-0.5005512241398733, -0.5), 53357: (-0.36929533354078525, 0.5), 35406: (-0.2258584962270473, -0.5), 177458: (-0.2623945233184942, -0.5), 163573: (-0.08830206353053764, 0.5)}","{80480: (0.8557690053455622, 0.5), 80460: (0.823298624956727, 0.5), 80489: (0.8103582720013406, 0.5), 79919: (0.8034505785765003, -0.5), 190043: (0.8023946382348874, 0.5)}","{'noise': 0.38621058403938996, 'amp': 1.905899429488762, 'ls': 3.577134415736614}","[(-0.5, 0.5)]",[]
