impression,user_id,app_version,model_version,mturk_id,status,NUM_INITIAL_RATINGS,NUM_REFINE_RATINGS,TOTAL_TRAINING_RATINGS,NUM_TEST_RATINGS,TIME_INITIAL,TIME_REFINE,TIME_TEST,random_test_predictions_ratings,good_test_predictions_ratings,hypers,redisplay_check,arbitrary_check
0,12289101-f435-4da7-a75a-d148aa004473,7.3-aggregated-fixed-binary-mpc,2.0,A1DWSHGZGK8X0K,Completed,1,40,41,15,4.03967022895813,228.33638048171997,62.85644817352295,"{44526: (0.06465498685273052, -0.5), 192387: (-0.28081074691886954, -0.5), 50102: (-0.06609038669234457, 0.5), 297020: (0.5302635082952762, 0.5), 163164: (-0.12790562228375174, -0.5), 39048: (-0.10014125260995714, 0.5), 230294: (0.549061792054027, 0.5), 98817: (0.23759932561011335, 0.5), 254522: (0.1685631455411987, 0.5), 171952: (0.10200958890120634, -0.5)}","{85516: (0.8826078248075128, 0.5), 85017: (0.8794172260277904, 0.5), 85063: (0.8747730607199338, 0.5), 85071: (0.8588345413603107, 0.5), 85040: (0.8435343150304059, 0.5)}","{'noise': 0.38621058403938996, 'amp': 1.905899429488762, 'ls': 3.577134415736614}","[(0.5, 0.5)]",[]
