impression,user_id,app_version,model_version,mturk_id,status,NUM_INITIAL_RATINGS,NUM_REFINE_RATINGS,TOTAL_TRAINING_RATINGS,NUM_TEST_RATINGS,TIME_INITIAL,TIME_REFINE,TIME_TEST,random_test_predictions_ratings,good_test_predictions_ratings,hypers,redisplay_check,arbitrary_check
0,b2998091-071b-468a-bc42-094ac59cc1b3,7.3-aggregated-fixed-binary-mpc,2.0,A3FYDBYFQMVEEU,Completed,1,40,41,15,8.380181074142456,226.5430133342743,72.85284161567688,"{313393: (-0.26144300721523506, -0.5), 38115: (0.05397528523115619, -0.5), 147493: (-0.20168039518455577, -0.5), 243193: (0.2109832245813527, 0.5), 268706: (0.1214865047410634, -0.5), 257821: (0.14739579997219426, -0.5), 220535: (-0.11632669807406623, -0.5), 297938: (0.06664434916943049, -0.5), 191087: (0.13220237182136407, 0.5), 191281: (0.15219390339869157, -0.5)}","{196631: (0.9332691277783008, 0.5), 196771: (0.9306820272546843, 0.5), 127137: (0.8860139737588049, 0.5), 84990: (0.8850121976119838, 0.5), 196697: (0.8846477288374008, 0.5)}","{'noise': 0.38621058403938996, 'amp': 1.905899429488762, 'ls': 3.577134415736614}","[(-0.5, -0.5)]",[]
