impression,user_id,app_version,model_version,mturk_id,status,NUM_INITIAL_RATINGS,NUM_REFINE_RATINGS,TOTAL_TRAINING_RATINGS,NUM_TEST_RATINGS,TIME_INITIAL,TIME_REFINE,TIME_TEST,random_test_predictions_ratings,good_test_predictions_ratings,hypers,redisplay_check,arbitrary_check
0,f8f0f0e0-b5d0-420e-9c5d-b404e0e336a6,7.3-aggregated-fixed-binary-mpc,2.0,A2DFUQIROCOCJ6,Completed,1,40,41,15,3.3638174533843994,112.04835820198059,35.05817103385925,"{159168: (-0.06550479903023942, 0.5), 237632: (0.1525467241466452, 0.5), 71867: (0.046232880254094735, -0.5), 73675: (0.14906465065224542, -0.5), 322305: (-0.4785337860404094, -0.5), 58127: (-0.07322093116741163, 0.5), 212760: (0.16879704104157123, -0.5), 49003: (0.3148125797714126, -0.5), 24352: (-0.26081069222562125, 0.5), 165797: (0.3271882104080996, -0.5)}","{106233: (0.6125334734785687, -0.5), 20270: (0.5987193363678014, -0.5), 162438: (0.5849862672055518, -0.5), 106197: (0.5825810810113402, 0.5), 106261: (0.5808618514687378, -0.5)}","{'noise': 0.38621058403938996, 'amp': 1.905899429488762, 'ls': 3.577134415736614}","[(0.5, -0.5)]",[]
