impression,user_id,app_version,model_version,mturk_id,status,NUM_INITIAL_RATINGS,NUM_REFINE_RATINGS,TOTAL_TRAINING_RATINGS,NUM_TEST_RATINGS,TIME_INITIAL,TIME_REFINE,TIME_TEST,random_test_predictions_ratings,good_test_predictions_ratings,hypers,redisplay_check,arbitrary_check
0,d72e3ca4-194c-42a0-99aa-ff8ead828f28,7.3-aggregated-fixed-binary-mpc,2.0,A3PLJLUKN3PEA2,Completed,1,40,41,15,15.681042671203613,260.5196490287781,70.41986966133118,"{120963: (0.48833247989954864, 0.5), 260272: (-0.11173558267506432, 0.5), 202352: (-0.21337150738552652, 0.5), 41423: (0.256899534911023, -0.5), 327735: (0.4174858382624701, 0.5), 46029: (-0.34754148203122914, -0.5), 40077: (0.2465990530936808, 0.5), 77398: (0.2925500695534514, -0.5), 307954: (0.3997363917508864, -0.5), 216742: (-0.24171866709060885, 0.5)}","{141156: (0.9530328697209177, 0.5), 110798: (0.9473159902239547, 0.5), 141202: (0.9441168863277962, 0.5), 141037: (0.9413432994885478, 0.5), 111125: (0.9390517972452922, 0.5)}","{'noise': 0.38621058403938996, 'amp': 1.905899429488762, 'ls': 3.577134415736614}","[(0.5, 0.5)]",[]
