impression,user_id,app_version,model_version,mturk_id,status,NUM_INITIAL_RATINGS,NUM_REFINE_RATINGS,TOTAL_TRAINING_RATINGS,NUM_TEST_RATINGS,TIME_INITIAL,TIME_REFINE,TIME_TEST,random_test_predictions_ratings,good_test_predictions_ratings,hypers,redisplay_check,arbitrary_check
0,98234231-5053-4cbb-a75d-86b88e2a6c18,7.3-aggregated-fixed-binary-mpc,2.0,A21QADI77PVFJS,Completed,1,40,41,15,4.31640887260437,120.12798595428467,37.194599628448486,"{95282: (-0.13551770511518227, 0.5), 81726: (0.19035279807741318, -0.5), 127181: (0.07512884602744153, 0.5), 267770: (0.10064344448229194, -0.5), 84836: (-0.12856599997508444, 0.5), 61527: (-0.11949507126759598, 0.5), 141426: (0.19489036677766045, -0.5), 328208: (0.021365205830191247, -0.5), 270614: (0.1336241102701703, -0.5), 41363: (0.11551116035505254, 0.5)}","{20124: (0.6093244958013632, 0.5), 27171: (0.5987255058482102, -0.5), 20781: (0.5819774970948184, -0.5), 20464: (0.580265265795989, 0.5), 328444: (0.5787592908470229, -0.5)}","{'noise': 0.38621058403938996, 'amp': 1.905899429488762, 'ls': 3.577134415736614}","[(0.5, 0.5)]",[]
