impression,user_id,app_version,model_version,mturk_id,status,NUM_INITIAL_RATINGS,NUM_REFINE_RATINGS,TOTAL_TRAINING_RATINGS,NUM_TEST_RATINGS,TIME_INITIAL,TIME_REFINE,TIME_TEST,random_test_predictions_ratings,good_test_predictions_ratings,hypers,redisplay_check,arbitrary_check
0,a8f370e7-87f5-40d3-b7e6-ea856e193102,7.3-aggregated-fixed-binary-mpc,2.0,A32BQNJMLMZYG0,Completed,1,40,41,15,5.435111045837402,132.12947487831116,43.25945568084717,"{324341: (-0.09622754458282695, 0.5), 191087: (0.10431128593294585, 0.5), 162849: (0.5843138658424337, -0.5), 292522: (-0.012836635211868473, 0.5), 149230: (0.40544833586102136, -0.5), 285360: (0.16267372610365533, 0.5), 144788: (-0.3791040425189762, -0.5), 94201: (0.05851969945021882, 0.5), 14657: (-0.33625950321830866, 0.5), 216177: (-0.14278481559262557, -0.5)}","{295615: (1.0234595747585318, -0.5), 274580: (0.9962196735636144, -0.5), 250660: (0.9932251198318633, -0.5), 237764: (0.9623405020399236, 0.5), 325189: (0.9353471598862886, 0.5)}","{'noise': 0.38621058403938996, 'amp': 1.905899429488762, 'ls': 3.577134415736614}","[(0.5, 0.5)]",[]
