impression,user_id,app_version,model_version,mturk_id,status,NUM_INITIAL_RATINGS,NUM_REFINE_RATINGS,TOTAL_TRAINING_RATINGS,NUM_TEST_RATINGS,TIME_INITIAL,TIME_REFINE,TIME_TEST,random_test_predictions_ratings,good_test_predictions_ratings,hypers,redisplay_check,arbitrary_check
0,3f9b730a-f0e3-4dfa-8ad3-92e8f707911b,7.3-aggregated-fixed-binary-mpc,2.0,A3VG2LUKQLXCBL,Completed,1,40,41,15,6.769256353378296,207.37500977516174,62.45392060279846,"{51998: (-0.7287426836446397, -0.5), 97619: (0.06913749091349419, -0.5), 263424: (0.11871860143938738, 0.5), 299770: (-0.37472632562591357, -0.5), 323735: (0.2582051847965195, -0.5), 188716: (-0.12895060935258082, -0.5), 105269: (-0.2327439665981151, -0.5), 184947: (0.20580654799605325, 0.5), 240458: (-0.31691604436223064, -0.5), 211361: (-0.6205886043994936, -0.5)}","{292892: (0.8599358527222378, 0.5), 190882: (0.8560253790032324, 0.5), 292841: (0.8553425906700232, 0.5), 24114: (0.8489191102715841, 0.5), 190745: (0.8480508427197392, 0.5)}","{'noise': 0.38621058403938996, 'amp': 1.905899429488762, 'ls': 3.577134415736614}","[(-0.5, -0.5)]",[]
