impression,user_id,app_version,model_version,mturk_id,status,NUM_INITIAL_RATINGS,NUM_REFINE_RATINGS,TOTAL_TRAINING_RATINGS,NUM_TEST_RATINGS,TIME_INITIAL,TIME_REFINE,TIME_TEST,random_test_predictions_ratings,good_test_predictions_ratings,hypers,redisplay_check,arbitrary_check
0,da338af0-c6cd-49cf-8023-932b34080ebd,7.3-aggregated-fixed-binary-mpc,2.0,A1BM57TUNAQIXM,Completed,1,40,41,15,2.4877572059631348,388.1195640563965,181.64398455619812,"{325693: (-0.03277280634716426, -0.5), 62693: (-0.2271855471338387, -0.5), 76884: (-0.4515241414902441, 0.5), 110636: (-0.05813944703886659, 0.5), 25626: (0.1340669559206601, -0.5), 218083: (-0.13341848221341146, -0.5), 181429: (0.10640673161859084, -0.5), 22791: (0.1494769077211129, 0.5), 53311: (0.39996872844321263, 0.5), 115612: (0.010590157324147587, 0.5)}","{169080: (0.8112426393997079, 0.5), 305700: (0.788046972486207, 0.5), 169195: (0.7702492866539219, 0.5), 248866: (0.7626091542679335, 0.5), 263148: (0.7609590949486438, 0.5)}","{'noise': 0.38621058403938996, 'amp': 1.905899429488762, 'ls': 3.577134415736614}","[(-0.5, -0.5)]",[]
