impression,user_id,app_version,model_version,mturk_id,status,NUM_INITIAL_RATINGS,NUM_REFINE_RATINGS,TOTAL_TRAINING_RATINGS,NUM_TEST_RATINGS,TIME_INITIAL,TIME_REFINE,TIME_TEST,random_test_predictions_ratings,good_test_predictions_ratings,hypers,redisplay_check,arbitrary_check
0,272c85b1-7c06-464d-a96b-6f96171ab15f,7.3-aggregated-fixed-binary-mpc,2.0,AB8XECKH1JO8P,Completed,1,40,41,15,122.66133904457092,608.5298619270325,89.16397857666016,"{118918: (-0.19698925308400744, -0.5), 233815: (0.2590863845860618, -0.5), 44427: (0.24647146364064676, 0.5), 59594: (0.4383164910355618, 0.5), 290782: (0.3967983588617426, 0.5), 158565: (0.12501176357579047, -0.5), 142783: (0.09729160322847066, 0.5), 227647: (-0.06234038036842994, -0.5), 159050: (0.06455114485588384, 0.5), 3518: (-0.22487873729872623, -0.5)}","{295621: (0.9330474468777973, 0.5), 295528: (0.9222940752966887, 0.5), 295610: (0.9162642362020244, 0.5), 295475: (0.9156816370397316, 0.5), 85017: (0.9047841163538647, 0.5)}","{'noise': 0.38621058403938996, 'amp': 1.905899429488762, 'ls': 3.577134415736614}","[(-0.5, -0.5)]",[]
