impression,user_id,app_version,model_version,mturk_id,status,NUM_INITIAL_RATINGS,NUM_REFINE_RATINGS,TOTAL_TRAINING_RATINGS,NUM_TEST_RATINGS,TIME_INITIAL,TIME_REFINE,TIME_TEST,random_test_predictions_ratings,good_test_predictions_ratings,hypers,redisplay_check,arbitrary_check
0,bcc3db35-b41d-41f0-a684-1493640cec93,7.3-aggregated-fixed-binary-mpc,2.0,A2QJ1ENAEA37V4,Completed,1,40,41,15,3.907453775405884,205.0439009666443,89.92602348327637,"{19751: (0.30498195572863607, 0.5), 184442: (-0.17308035927063992, -0.5), 210934: (-0.16557834263677107, -0.5), 285998: (-0.2156422522374646, -0.5), 294399: (-0.15249527367915172, 0.5), 233921: (0.023212532890642505, 0.5), 94471: (0.293967516136888, -0.5), 296741: (-0.14645491638593647, -0.5), 326669: (-0.3472447088365358, 0.5), 19854: (-0.08384399789245486, 0.5)}","{300253: (0.9225248268783023, -0.5), 190766: (0.9198331122648301, -0.5), 300199: (0.9179288603299347, 0.5), 1967: (0.9172925024004943, -0.5), 1755: (0.9101696069573961, -0.5)}","{'noise': 0.38621058403938996, 'amp': 1.905899429488762, 'ls': 3.577134415736614}","[(-0.5, -0.5)]",[]
