impression,user_id,app_version,model_version,mturk_id,status,NUM_INITIAL_RATINGS,NUM_REFINE_RATINGS,TOTAL_TRAINING_RATINGS,NUM_TEST_RATINGS,TIME_INITIAL,TIME_REFINE,TIME_TEST,random_test_predictions_ratings,good_test_predictions_ratings,hypers,redisplay_check,arbitrary_check
0,830bade1-3f63-4644-810d-c643eadf4e97,7.3-aggregated-fixed-binary-mpc,2.0,A14LOABUGAITBM,Completed,1,40,41,15,34.98157548904419,420.7910268306732,171.2607901096344,"{135476: (-0.02696281795509156, 0.5), 255847: (-0.08073737762280825, -0.5), 34730: (0.04766971589616245, 0.5), 10266: (0.05065413925762955, 0.5), 318694: (-0.0990721323603086, -0.5), 166052: (0.12909864761756462, -0.5), 126570: (-0.026552157802099935, 0.5), 138120: (-0.2505110273428441, 0.5), 139265: (-0.29809640395742343, 0.5), 239113: (0.10431662480712538, 0.5)}","{46313: (0.5706405889975306, 0.5), 167955: (0.5699665735388331, -0.5), 301529: (0.5666203080980716, -0.5), 46388: (0.5655970596052726, -0.5), 46422: (0.5590943446966766, 0.5)}","{'noise': 0.38621058403938996, 'amp': 1.905899429488762, 'ls': 3.577134415736614}","[(-0.5, -0.5)]",[]
