impression,user_id,app_version,model_version,mturk_id,status,NUM_INITIAL_RATINGS,NUM_REFINE_RATINGS,TOTAL_TRAINING_RATINGS,NUM_TEST_RATINGS,TIME_INITIAL,TIME_REFINE,TIME_TEST,random_test_predictions_ratings,good_test_predictions_ratings,hypers,redisplay_check,arbitrary_check
0,e028875b-8550-491e-bb99-f1413c52e5fa,7.3-aggregated-fixed-binary-mpc,2.0,AS4NIEQJWCG3M,Completed,1,40,41,15,4.032800674438477,66.8615927696228,20.18724751472473,"{126142: (-0.16978503084248364, 0.5), 312518: (-0.13550967383406684, -0.5), 42046: (-0.25587453100170315, 0.5), 285770: (-0.16906712131428844, -0.5), 222196: (0.21004374356314046, 0.5), 119335: (-0.18458068521173981, -0.5), 565: (0.24291867270246417, -0.5), 290171: (-0.35134211758066736, -0.5), 235865: (-0.27754133209427717, 0.5), 291189: (0.2061922252018598, -0.5)}","{317427: (0.5724793348969135, -0.5), 46158: (0.570229030148737, -0.5), 264727: (0.5513189005977082, -0.5), 74823: (0.5450504207856929, -0.5), 259162: (0.5428678501015921, 0.5)}","{'noise': 0.38621058403938996, 'amp': 1.905899429488762, 'ls': 3.577134415736614}","[(0.5, -0.5)]",[]
