impression,user_id,app_version,model_version,mturk_id,status,NUM_INITIAL_RATINGS,NUM_REFINE_RATINGS,TOTAL_TRAINING_RATINGS,NUM_TEST_RATINGS,TIME_INITIAL,TIME_REFINE,TIME_TEST,random_test_predictions_ratings,good_test_predictions_ratings,hypers,redisplay_check,arbitrary_check
0,63cac2c7-83ef-4513-ad90-6c006f97f7bd,7.3-aggregated-fixed-binary-mpc,2.0,A38YRR6XIUXMRB,Completed,1,40,41,15,4.898559331893921,207.89485669136047,68.12227416038513,"{156113: (-0.12119690165720451, -0.5), 55467: (0.15823839740267415, 0.5), 117909: (0.19424457728596817, 0.5), 190550: (0.2404804302317718, -0.5), 150269: (-0.05618724580766393, -0.5), 61400: (-0.23340080635351954, -0.5), 239897: (0.035038074009722926, -0.5), 152295: (0.10251885253809233, 0.5), 130245: (0.1590153939260326, 0.5), 195763: (0.31828478250306647, -0.5)}","{183891: (0.9188061021174825, 0.5), 287494: (0.9126809575483542, 0.5), 184248: (0.9066198286633791, 0.5), 287235: (0.8923943725254417, 0.5), 287309: (0.8866320684076696, 0.5)}","{'noise': 0.38621058403938996, 'amp': 1.905899429488762, 'ls': 3.577134415736614}","[(-0.5, -0.5)]",[]
