impression,user_id,app_version,model_version,mturk_id,status,NUM_INITIAL_RATINGS,NUM_REFINE_RATINGS,TOTAL_TRAINING_RATINGS,NUM_TEST_RATINGS,TIME_INITIAL,TIME_REFINE,TIME_TEST,random_test_predictions_ratings,good_test_predictions_ratings,hypers,redisplay_check,arbitrary_check
0,6be06e9b-edc7-496f-8b8d-6be61ba7428d,7.3-aggregated-fixed-binary-mpc,2.0,A2TG7EEQ2XG2IK,Completed,1,40,41,15,9.070763349533081,241.40380311012268,96.32987546920776,"{221964: (0.2727762472517944, 0.5), 239845: (0.17517725894693792, 0.5), 231176: (0.3202919850903586, 0.5), 2504: (-0.24890623039722132, -0.5), 101403: (-0.08413204878336855, -0.5), 211412: (-0.0630321048623012, -0.5), 47239: (0.22856110511312694, 0.5), 118320: (0.3547712039625632, -0.5), 231685: (0.19728329358132837, 0.5), 286987: (-0.03471739216946884, -0.5)}","{263303: (0.8659442634394956, 0.5), 311525: (0.8608222609457739, 0.5), 108159: (0.8452423208508018, 0.5), 224340: (0.8313264966763193, 0.5), 108279: (0.8306554013971466, 0.5)}","{'noise': 0.38621058403938996, 'amp': 1.905899429488762, 'ls': 3.577134415736614}","[(-0.5, -0.5)]",[]
