impression,user_id,app_version,model_version,mturk_id,status,NUM_INITIAL_RATINGS,NUM_REFINE_RATINGS,TOTAL_TRAINING_RATINGS,NUM_TEST_RATINGS,TIME_INITIAL,TIME_REFINE,TIME_TEST,random_test_predictions_ratings,good_test_predictions_ratings,hypers,redisplay_check,arbitrary_check
0,94349cf5-7b37-4972-b445-2b554eebca77,7.3-aggregated-fixed-binary-mpc,2.0,A3TDPXTB6Y6H1I,Completed,1,40,41,15,5.3210344314575195,502.0072441101074,56.52834343910217,"{322495: (-0.044694079624417155, 0.5), 323264: (0.37516122249177897, -0.5), 283998: (-0.11152802734557912, 0.5), 184119: (0.4587204340933824, -0.5), 276434: (0.013891480141518513, 0.5), 169580: (0.2612007672534139, 0.5), 30320: (-0.09503803236574988, 0.5), 283272: (-0.1136512363459928, -0.5), 189827: (-0.3304246355133302, 0.5), 278196: (0.20675811204673178, -0.5)}","{270610: (0.9891731636382339, -0.5), 270797: (0.9699765186075083, -0.5), 270572: (0.9681602350755211, -0.5), 270634: (0.9545985979869607, 0.5), 270784: (0.9384515406955306, 0.5)}","{'noise': 0.38621058403938996, 'amp': 1.905899429488762, 'ls': 3.577134415736614}","[(0.5, -0.5)]",[]
