impression,user_id,app_version,model_version,mturk_id,status,NUM_INITIAL_RATINGS,NUM_REFINE_RATINGS,TOTAL_TRAINING_RATINGS,NUM_TEST_RATINGS,TIME_INITIAL,TIME_REFINE,TIME_TEST,random_test_predictions_ratings,good_test_predictions_ratings,hypers,redisplay_check,arbitrary_check
0,02931bc9-35e3-4012-9f3c-e6de6c59055f,7.3-aggregated-fixed-binary-mpc,2.0,A3FPQWLLOBU9DH,Completed,1,40,41,15,5.901512384414673,167.0706079006195,52.0880184173584,"{318050: (-0.2515079139692609, 0.5), 325856: (-0.4019388490043811, -0.5), 320270: (-0.07900165464978545, 0.5), 326700: (0.05892136513716604, -0.5), 93783: (0.3017769146859582, 0.5), 148208: (-0.10207285913677733, 0.5), 166162: (-0.2204766001165233, 0.5), 63403: (-0.044078662504537555, 0.5), 267530: (-0.2415712716851546, -0.5), 126274: (0.11484086680388937, 0.5)}","{198759: (0.7366913005666045, -0.5), 196179: (0.7291594285792095, -0.5), 198833: (0.7280448013189429, -0.5), 196253: (0.7194055925471814, -0.5), 198871: (0.7186766051900926, 0.5)}","{'noise': 0.38621058403938996, 'amp': 1.905899429488762, 'ls': 3.577134415736614}","[(-0.5, -0.5)]",[]
