impression,user_id,app_version,model_version,mturk_id,status,NUM_INITIAL_RATINGS,NUM_REFINE_RATINGS,TOTAL_TRAINING_RATINGS,NUM_TEST_RATINGS,TIME_INITIAL,TIME_REFINE,TIME_TEST,random_test_predictions_ratings,good_test_predictions_ratings,hypers,redisplay_check,arbitrary_check
0,82e5c9bd-0cac-4f65-904f-55e6df48c549,7.3-aggregated-fixed-binary-mpc,2.0,AAASQIW3J32OL,Completed,1,40,41,15,4.1105616092681885,190.78558826446533,66.80316066741943,"{121038: (-0.35167753564033943, 0.5), 278716: (-0.1322443552632247, -0.5), 202310: (-0.37150077083289684, -0.5), 123122: (-0.15719559467077338, 0.5), 255423: (-0.09821950408186589, 0.5), 219810: (0.13934884522112548, 0.5), 171624: (-0.32611526018940934, 0.5), 10966: (-0.24490326550519909, 0.5), 267: (0.3225102655988275, -0.5), 106345: (-0.07174198755516736, -0.5)}","{266773: (0.7408204707157253, 0.5), 266793: (0.738495316963519, 0.5), 33861: (0.7160692984973631, 0.5), 33292: (0.7158521558670433, 0.5), 33841: (0.7114078651512705, 0.5)}","{'noise': 0.38621058403938996, 'amp': 1.905899429488762, 'ls': 3.577134415736614}","[(0.5, 0.5)]",[]
