impression,user_id,app_version,model_version,mturk_id,status,NUM_INITIAL_RATINGS,NUM_REFINE_RATINGS,TOTAL_TRAINING_RATINGS,NUM_TEST_RATINGS,TIME_INITIAL,TIME_REFINE,TIME_TEST,random_test_predictions_ratings,good_test_predictions_ratings,hypers,redisplay_check,arbitrary_check
0,61a0c234-aac1-45cd-84c4-4486c9ab4c6e,7.3-aggregated-fixed-binary-mpc,2.0,A39VZ93N96XB6O,Completed,1,40,41,15,2.8604841232299805,105.40088677406311,37.7515332698822,"{90367: (0.17838985763829732, 0.5), 208883: (-0.028519563720271257, 0.5), 213961: (-0.06530494179603273, -0.5), 292285: (0.04262824265205682, 0.5), 28477: (0.3167912495939524, -0.5), 319133: (-0.07370097424777687, 0.5), 119647: (-0.1159108864514688, -0.5), 250898: (-0.3036797760673907, -0.5), 156299: (-0.020263322302478154, -0.5), 74783: (0.1788492374345062, 0.5)}","{329231: (0.6636696171598409, 0.5), 311578: (0.5794819046047739, 0.5), 242474: (0.5787847567088826, 0.5), 108178: (0.5734175623397025, 0.5), 89818: (0.5730778233482197, -0.5)}","{'noise': 0.38621058403938996, 'amp': 1.905899429488762, 'ls': 3.577134415736614}","[(0.5, 0.5)]",[]
