impression,user_id,app_version,model_version,mturk_id,status,NUM_INITIAL_RATINGS,NUM_REFINE_RATINGS,TOTAL_TRAINING_RATINGS,NUM_TEST_RATINGS,TIME_INITIAL,TIME_REFINE,TIME_TEST,random_test_predictions_ratings,good_test_predictions_ratings,hypers,redisplay_check,arbitrary_check
0,5193c140-34e4-4274-b5f2-1b98ad5bec83,7.3-aggregated-fixed-binary-mpc,2.0,A8QES6Z3TNC91,Completed,1,40,41,15,11.56492829322815,249.9459629058838,614.8927557468414,"{199102: (0.027623149916826392, -0.5), 13052: (0.06307994309245962, -0.5), 151910: (0.26508920792105933, 0.5), 54559: (0.07702374788593219, -0.5), 30559: (0.04769490374036841, 0.5), 319439: (-0.11515517334361008, 0.5), 6244: (0.009073035915640605, -0.5), 145967: (0.026122410150313392, -0.5), 57256: (-0.2576059823384509, -0.5), 128323: (-0.22215759320274925, -0.5)}","{115874: (0.6824112551278432, 0.5), 115783: (0.6715432189462849, 0.5), 24561: (0.669347237258793, 0.5), 115759: (0.6551617802070583, 0.5), 24470: (0.6534223012620761, 0.5)}","{'noise': 0.38621058403938996, 'amp': 1.905899429488762, 'ls': 3.577134415736614}","[(0.5, 0.5)]",[]
