impression,user_id,app_version,model_version,mturk_id,status,NUM_INITIAL_RATINGS,NUM_REFINE_RATINGS,TOTAL_TRAINING_RATINGS,NUM_TEST_RATINGS,TIME_INITIAL,TIME_REFINE,TIME_TEST,random_test_predictions_ratings,good_test_predictions_ratings,hypers,redisplay_check,arbitrary_check
0,9de88243-f21e-4e10-8d16-ffb83c3813a9,7.3-aggregated-fixed-binary-mpc,2.0,A36SM7QM8OK3H6,Completed,1,40,41,15,3.296772003173828,116.57682299613953,32.280680894851685,"{135329: (0.2068224037307861, 0.5), 40922: (0.19320921291533752, 0.5), 26382: (0.3266792675509021, 0.5), 260426: (0.22649355878605174, -0.5), 159242: (0.21657848505028643, -0.5), 321729: (-0.14000691185783026, -0.5), 163318: (-0.4368340645329795, -0.5), 259912: (-0.06093096310543977, -0.5), 182631: (0.09558901111249328, 0.5), 197173: (-0.09716076291287715, -0.5)}","{62875: (0.7156839699879831, 0.5), 112291: (0.7092470785655245, 0.5), 43518: (0.7086494065778117, 0.5), 80850: (0.7085909823991117, 0.5), 80633: (0.6975079869762688, 0.5)}","{'noise': 0.38621058403938996, 'amp': 1.905899429488762, 'ls': 3.577134415736614}","[(-0.5, -0.5)]",[]
