impression,user_id,app_version,model_version,mturk_id,status,NUM_INITIAL_RATINGS,NUM_REFINE_RATINGS,TOTAL_TRAINING_RATINGS,NUM_TEST_RATINGS,TIME_INITIAL,TIME_REFINE,TIME_TEST,random_test_predictions_ratings,good_test_predictions_ratings,hypers,redisplay_check,arbitrary_check
0,9c66cf2e-814c-460a-b0bc-1de4bd4f0a99,7.3-aggregated-fixed-binary-mpc,2.0,A2N9WNWD5GPM6O,Completed,1,40,41,15,6.46299409866333,228.70052123069763,68.92802143096924,"{182631: (-0.09127034106547707, -0.5), 168054: (-0.16816969009453775, 0.5), 95556: (-0.36323946880837565, -0.5), 202341: (-0.11630386515213423, -0.5), 234392: (0.18794150732954118, 0.5), 171688: (-0.04950149877658609, 0.5), 101424: (-0.16428485925297187, -0.5), 92000: (0.0657263853790732, 0.5), 136671: (0.027644718391787365, -0.5), 169571: (0.31299158605397875, 0.5)}","{196837: (1.097592578458337, 0.5), 196512: (1.0604894571022552, 0.5), 196985: (1.0499718878508406, 0.5), 267905: (1.0440625016038467, 0.5), 196629: (1.013858121636078, 0.5)}","{'noise': 0.38621058403938996, 'amp': 1.905899429488762, 'ls': 3.577134415736614}","[(-0.5, -0.5)]",[]
