impression,user_id,app_version,model_version,mturk_id,status,NUM_INITIAL_RATINGS,NUM_REFINE_RATINGS,TOTAL_TRAINING_RATINGS,NUM_TEST_RATINGS,TIME_INITIAL,TIME_REFINE,TIME_TEST,random_test_predictions_ratings,good_test_predictions_ratings,hypers,redisplay_check,arbitrary_check
0,d5373b9b-6732-465e-99cf-b7776612dcd1,7.3-aggregated-fixed-binary-mpc,2.0,A3GZXU4FUJTKZD,Completed,1,40,41,15,3.9236764907836914,146.69685244560242,47.1586332321167,"{224790: (0.4879265974740276, 0.5), 250796: (-0.02338684906302009, 0.5), 279767: (0.10971437715661544, -0.5), 193903: (0.1100927448665629, 0.5), 190870: (0.03989384286771801, -0.5), 139978: (0.23395520007714504, -0.5), 273297: (-0.3082676418490939, 0.5), 275150: (0.15130579351553636, 0.5), 164057: (-0.16712970519092085, -0.5), 103884: (0.2049740118161673, 0.5)}","{192706: (0.8633224893096092, -0.5), 192622: (0.8603208278888113, 0.5), 198426: (0.8574541161975496, 0.5), 198342: (0.8568728670139932, 0.5), 192400: (0.8458194621593396, 0.5)}","{'noise': 0.38621058403938996, 'amp': 1.905899429488762, 'ls': 3.577134415736614}","[(0.5, 0.5)]",[]
