impression,user_id,app_version,model_version,mturk_id,status,NUM_INITIAL_RATINGS,NUM_REFINE_RATINGS,TOTAL_TRAINING_RATINGS,NUM_TEST_RATINGS,TIME_INITIAL,TIME_REFINE,TIME_TEST,random_test_predictions_ratings,good_test_predictions_ratings,hypers,redisplay_check,arbitrary_check
0,2aa8ea26-47dc-48b2-93b0-a8d4991da874,7.3-aggregated-fixed-binary-mpc,2.0,A35XZRK8CZWYBN,Completed,1,40,41,15,8.452702760696411,201.38695311546326,60.462340354919434,"{196544: (0.09796606201725055, -0.5), 224798: (0.2108315932687746, -0.5), 151780: (-0.573413105955463, -0.5), 256785: (0.044237290690948804, 0.5), 11005: (0.26686963786656537, -0.5), 50916: (-0.2551458309332597, 0.5), 53806: (-0.06472447232805621, 0.5), 23318: (-0.03033127927547883, 0.5), 255879: (-0.5136635105278569, -0.5), 32044: (-0.004726761504742095, -0.5)}","{75097: (0.8684175820214295, 0.5), 83599: (0.8361074811401346, -0.5), 74998: (0.8335591308868887, 0.5), 75062: (0.8303990311380983, 0.5), 75458: (0.828382914132603, 0.5)}","{'noise': 0.38621058403938996, 'amp': 1.905899429488762, 'ls': 3.577134415736614}","[(0.5, 0.5)]",[]
