impression,user_id,app_version,model_version,mturk_id,status,NUM_INITIAL_RATINGS,NUM_REFINE_RATINGS,TOTAL_TRAINING_RATINGS,NUM_TEST_RATINGS,TIME_INITIAL,TIME_REFINE,TIME_TEST,random_test_predictions_ratings,good_test_predictions_ratings,hypers,redisplay_check,arbitrary_check
0,5127e926-9865-4fd3-9f23-f866c57d5b8c,7.3-aggregated-fixed-binary-mpc,2.0,A3V0H1DKNF9SUJ,Completed,1,40,41,15,5.2862818241119385,216.21424436569214,64.48143601417542,"{304650: (0.1485731959372343, 0.5), 172652: (0.2898457500392468, 0.5), 212975: (-0.2156568968343063, -0.5), 166556: (0.13741100864827047, -0.5), 326240: (0.019120230815833226, -0.5), 141391: (0.1782443406245123, 0.5), 166072: (-0.060627702347311505, -0.5), 91040: (0.4861642584979614, 0.5), 137799: (-0.09430964391029889, -0.5), 290049: (0.06885799604700323, 0.5)}","{77325: (0.7143978222183928, 0.5), 77152: (0.713486426272958, 0.5), 34376: (0.6977385033694623, 0.5), 34203: (0.6954941591499046, 0.5), 77188: (0.6893080100382551, 0.5)}","{'noise': 0.38621058403938996, 'amp': 1.905899429488762, 'ls': 3.577134415736614}","[(0.5, 0.5)]",[]
