impression,user_id,app_version,model_version,mturk_id,status,NUM_INITIAL_RATINGS,NUM_REFINE_RATINGS,TOTAL_TRAINING_RATINGS,NUM_TEST_RATINGS,TIME_INITIAL,TIME_REFINE,TIME_TEST,random_test_predictions_ratings,good_test_predictions_ratings,hypers,redisplay_check,arbitrary_check
0,140abe43-1119-4172-b193-249635fdf5d5,7.3-aggregated-fixed-binary-mpc,2.0,A2HOEI5M6G883O,Completed,1,40,41,15,8.548490285873413,404.1522858142853,88.65800309181213,"{100806: (-0.2481998407947211, -0.5), 147095: (-0.4268307741596621, -0.5), 162580: (-0.3139350148880633, -0.5), 296014: (-0.19307499132361416, -0.5), 139085: (-0.1941591265513618, 0.5), 107436: (-0.4193954282473769, 0.5), 65086: (-0.2004663459444113, -0.5), 219379: (-0.06340003582187213, -0.5), 148553: (-0.34894706281751287, -0.5), 307141: (0.15586589403968865, 0.5)}","{11263: (1.0360767514959723, 0.5), 11240: (1.0309106471637994, 0.5), 10982: (1.0303218910922012, 0.5), 11149: (1.0167266244066262, 0.5), 165838: (1.0156889219006644, 0.5)}","{'noise': 0.38621058403938996, 'amp': 1.905899429488762, 'ls': 3.577134415736614}","[(0.5, 0.5)]",[]
