impression,user_id,app_version,model_version,mturk_id,status,NUM_INITIAL_RATINGS,NUM_REFINE_RATINGS,TOTAL_TRAINING_RATINGS,NUM_TEST_RATINGS,TIME_INITIAL,TIME_REFINE,TIME_TEST,random_test_predictions_ratings,good_test_predictions_ratings,hypers,redisplay_check,arbitrary_check
0,6b269234-a921-4267-b1fc-91e1e7a1f226,7.3-aggregated-fixed-binary-mpc,2.0,A3DUPRZSMU9W5R,Completed,1,40,41,15,5.978922128677368,166.14681553840637,54.229645013809204,"{20037: (0.1536202284367249, -0.5), 170672: (-0.3794593891583129, -0.5), 314639: (0.10529522980240871, -0.5), 42901: (0.05959522312439488, -0.5), 6904: (0.11006992806285078, -0.5), 58959: (-0.010511268124264242, 0.5), 116428: (-0.01194321585338175, 0.5), 280948: (0.15601336297335155, 0.5), 105239: (-0.2722131780493613, -0.5), 202089: (-0.17045954549801162, -0.5)}","{84990: (0.8480500779373821, 0.5), 84854: (0.8460784080962674, 0.5), 85071: (0.8279853035868321, 0.5), 268053: (0.8259489402361143, 0.5), 85113: (0.8185422271807827, 0.5)}","{'noise': 0.38621058403938996, 'amp': 1.905899429488762, 'ls': 3.577134415736614}","[(-0.5, -0.5)]",[]
