impression,user_id,app_version,model_version,mturk_id,status,NUM_INITIAL_RATINGS,NUM_REFINE_RATINGS,TOTAL_TRAINING_RATINGS,NUM_TEST_RATINGS,TIME_INITIAL,TIME_REFINE,TIME_TEST,random_test_predictions_ratings,good_test_predictions_ratings,hypers,redisplay_check,arbitrary_check
0,0b50194a-b353-46b1-905f-3fa15f288db4,7.3-aggregated-fixed-binary-mpc,2.0,ABQKQQ8BD24BF,Completed,1,40,41,15,7.6811769008636475,278.9405550956726,97.43310189247131,"{285297: (-0.4078470031695538, -0.5), 305458: (-0.0016094054315564377, -0.5), 296680: (-0.013747477014562845, 0.5), 79353: (0.056696033310661656, -0.5), 244244: (0.0861523515370569, 0.5), 6411: (-0.2553114979103988, 0.5), 166561: (0.32880844924557706, -0.5), 9810: (0.18809884044790498, 0.5), 329658: (-0.2327446572226726, -0.5), 251697: (-0.24159200837757064, -0.5)}","{81141: (0.9264703608491176, 0.5), 80647: (0.9234282380162222, 0.5), 80769: (0.9065527452088089, 0.5), 81143: (0.8904576895078291, 0.5), 80690: (0.8830389468242568, 0.5)}","{'noise': 0.38621058403938996, 'amp': 1.905899429488762, 'ls': 3.577134415736614}","[(-0.5, -0.5)]",[]
