impression,user_id,app_version,model_version,mturk_id,status,NUM_INITIAL_RATINGS,NUM_REFINE_RATINGS,TOTAL_TRAINING_RATINGS,NUM_TEST_RATINGS,TIME_INITIAL,TIME_REFINE,TIME_TEST,random_test_predictions_ratings,good_test_predictions_ratings,hypers,redisplay_check,arbitrary_check
0,d909c956-12c6-47e9-ac9d-533cad72e215,7.3-aggregated-fixed-binary-mpc,2.0,A18E16UFE351U6,Completed,1,40,41,15,12.427258014678955,175.21748995780945,59.93813133239746,"{13787: (-0.2258665910329779, 0.5), 214576: (0.0649364319381479, -0.5), 55526: (-0.1574754031499174, -0.5), 320423: (0.29801701139707115, 0.5), 149271: (-0.2730711068670961, -0.5), 168722: (0.09495650465348893, 0.5), 42674: (-0.21172459182118425, 0.5), 77984: (0.061057367888045, -0.5), 176340: (0.2815640989840857, 0.5), 13856: (-0.3070362928039385, 0.5)}","{304756: (1.0046224840511477, 0.5), 314209: (0.9947985669668605, 0.5), 34797: (0.985650123538609, 0.5), 304559: (0.9838034178187367, 0.5), 196959: (0.9820857354341623, 0.5)}","{'noise': 0.38621058403938996, 'amp': 1.905899429488762, 'ls': 3.577134415736614}","[(0.5, 0.5)]",[]
