impression,user_id,app_version,model_version,mturk_id,status,NUM_INITIAL_RATINGS,NUM_REFINE_RATINGS,TOTAL_TRAINING_RATINGS,NUM_TEST_RATINGS,TIME_INITIAL,TIME_REFINE,TIME_TEST,random_test_predictions_ratings,good_test_predictions_ratings,hypers,redisplay_check,arbitrary_check
0,075b6a33-c395-4892-851e-48b318d42447,7.3-aggregated-fixed-binary-mpc,2.0,A3JI6QMKXZARZ1,Completed,1,40,41,15,4.3318703174591064,109.52769899368286,44.83719801902771,"{265044: (-0.1194945081566985, 0.5), 167710: (-0.03748069969449879, -0.5), 256992: (-0.15143793945921957, -0.5), 158902: (0.09719182741306391, 0.5), 236377: (0.03901333863332937, 0.5), 45521: (0.07630490200948464, -0.5), 52650: (-0.030318592876742958, 0.5), 269662: (-0.09788958741755768, -0.5), 204468: (0.2842862813786724, -0.5), 74833: (0.2394138243694539, 0.5)}","{270479: (0.6561401406435721, 0.5), 43196: (0.6102544446909118, -0.5), 210562: (0.5961856163647787, -0.5), 104056: (0.5953985011015188, -0.5), 103565: (0.5847899726564434, -0.5)}","{'noise': 0.38621058403938996, 'amp': 1.905899429488762, 'ls': 3.577134415736614}","[(0.5, 0.5)]",[]
