impression,user_id,app_version,model_version,mturk_id,status,NUM_INITIAL_RATINGS,NUM_REFINE_RATINGS,TOTAL_TRAINING_RATINGS,NUM_TEST_RATINGS,TIME_INITIAL,TIME_REFINE,TIME_TEST,random_test_predictions_ratings,good_test_predictions_ratings,hypers,redisplay_check,arbitrary_check
0,24a1d3e1-0387-426b-8ca1-777d69d80126,7.3-aggregated-fixed-binary-mpc,2.0,A2C84POENS2UNY,Completed,1,40,41,15,4.633545160293579,178.65105295181274,52.0570502281189,"{244748: (-0.29570928528560786, -0.5), 127562: (0.046747788480978186, 0.5), 28048: (-0.01447780381505534, -0.5), 30740: (-0.1460389557515725, 0.5), 74151: (-0.1056343635648058, -0.5), 249620: (0.2151555782015433, -0.5), 195800: (0.1989142961507807, 0.5), 166424: (0.18239761038863228, -0.5), 62252: (0.09246489816434933, -0.5), 75400: (0.20923563854810873, 0.5)}","{41691: (0.9429980857330638, 0.5), 41095: (0.9318861910832427, 0.5), 246538: (0.9282916858416908, 0.5), 41613: (0.9264838604148268, 0.5), 8868: (0.9253179664449831, 0.5)}","{'noise': 0.38621058403938996, 'amp': 1.905899429488762, 'ls': 3.577134415736614}","[(0.5, 0.5)]",[]
