impression,user_id,app_version,model_version,mturk_id,status,NUM_INITIAL_RATINGS,NUM_REFINE_RATINGS,TOTAL_TRAINING_RATINGS,NUM_TEST_RATINGS,TIME_INITIAL,TIME_REFINE,TIME_TEST,random_test_predictions_ratings,good_test_predictions_ratings,hypers,redisplay_check,arbitrary_check
0,979a0f1d-8e36-44fc-ba3d-409d6320cd82,7.3-aggregated-fixed-binary-mpc,2.0,A10U1MDBII93UW,Completed,1,40,41,15,4.55218505859375,168.0106554031372,53.97852945327759,"{61199: (0.7374303399467776, 0.5), 294231: (-0.0027484136530725317, 0.5), 152200: (0.19303838701433426, -0.5), 263394: (0.1504103406016417, 0.5), 64117: (-0.025254788592627808, -0.5), 163188: (-0.4076225503333494, -0.5), 100093: (-0.4339751489960292, -0.5), 263145: (-0.09145045192899542, 0.5), 47707: (0.12225485203545469, 0.5), 281807: (-0.07008250656838136, -0.5)}","{175923: (0.9057879519167535, 0.5), 175575: (0.9019639450648314, 0.5), 175617: (0.8796911371422049, 0.5), 43866: (0.8629798236259193, 0.5), 43518: (0.8603044433665624, 0.5)}","{'noise': 0.38621058403938996, 'amp': 1.905899429488762, 'ls': 3.577134415736614}","[(0.5, 0.5)]",[]
