impression,user_id,app_version,model_version,mturk_id,status,NUM_INITIAL_RATINGS,NUM_REFINE_RATINGS,TOTAL_TRAINING_RATINGS,NUM_TEST_RATINGS,TIME_INITIAL,TIME_REFINE,TIME_TEST,random_test_predictions_ratings,good_test_predictions_ratings,hypers,redisplay_check,arbitrary_check
0,489bc0db-ece4-41ad-846a-c15327f5ae16,7.3-aggregated-fixed-binary-mpc,2.0,A3J3753DQ7IYDR,Completed,1,40,41,15,10.651730060577393,289.5217773914337,90.0862033367157,"{303187: (0.1779026083515602, 0.5), 148868: (-0.3549687049946191, -0.5), 117713: (-0.05560055753229769, 0.5), 277694: (-0.0010689371599293673, 0.5), 21377: (0.33047360419181937, 0.5), 255441: (-0.16330901924426455, 0.5), 38872: (-0.047798316799618656, -0.5), 129583: (-0.050482243954969655, -0.5), 247500: (-0.05963071206272072, 0.5), 313105: (-0.614528208055316, -0.5)}","{184063: (0.7470718572194173, 0.5), 198833: (0.7453367988069924, 0.5), 284618: (0.7261392195096975, 0.5), 329224: (0.723869822492551, 0.5), 155738: (0.7201998271562454, 0.5)}","{'noise': 0.38621058403938996, 'amp': 1.905899429488762, 'ls': 3.577134415736614}","[(-0.5, -0.5)]",[]
