impression,user_id,app_version,model_version,mturk_id,status,NUM_INITIAL_RATINGS,NUM_REFINE_RATINGS,TOTAL_TRAINING_RATINGS,NUM_TEST_RATINGS,TIME_INITIAL,TIME_REFINE,TIME_TEST,random_test_predictions_ratings,good_test_predictions_ratings,hypers,redisplay_check,arbitrary_check
0,cd9cc242-e5c9-48c0-bbe0-2e51826c5217,7.3-aggregated-fixed-binary-mpc,2.0,A1J7GK3Z74R4HU,Completed,1,40,41,15,41.64366912841797,425.23626828193665,59.077712059020996,"{256136: (0.09274977926551603, -0.5), 253073: (-0.27211113605001025, 0.5), 105730: (-0.12201736714430551, 0.5), 85398: (0.10143846591686152, -0.5), 173437: (0.06267846623499017, 0.5), 241853: (0.2408313392692465, -0.5), 170912: (0.015449353669273455, -0.5), 130263: (-0.02024847630961119, 0.5), 10101: (-0.1119777747119331, 0.5), 195672: (-0.009819087124989002, 0.5)}","{2419: (0.5773914724594649, 0.5), 2262: (0.5703677545208778, -0.5), 24564: (0.5683573189816931, 0.5), 2042: (0.5647426410680353, -0.5), 24721: (0.5562511280426414, -0.5)}","{'noise': 0.38621058403938996, 'amp': 1.905899429488762, 'ls': 3.577134415736614}","[(-0.5, 0.5)]",[]
