impression,user_id,app_version,model_version,mturk_id,status,NUM_INITIAL_RATINGS,NUM_REFINE_RATINGS,TOTAL_TRAINING_RATINGS,NUM_TEST_RATINGS,TIME_INITIAL,TIME_REFINE,TIME_TEST,random_test_predictions_ratings,good_test_predictions_ratings,hypers,redisplay_check,arbitrary_check
0,606e2856-82af-4910-adb1-233f83247d74,7.3-aggregated-fixed-binary-mpc,2.0,A20NJGHYKL73LC,Completed,1,40,41,15,9.33470630645752,250.0272252559662,85.15715551376343,"{183260: (0.3362980120473428, -0.5), 241372: (-0.2056609092499313, 0.5), 269819: (-0.10459922125242546, 0.5), 297763: (-0.40038145843030576, -0.5), 225193: (-0.03965594004152208, -0.5), 253351: (0.19786116192416048, 0.5), 139522: (0.06736522998990058, -0.5), 303073: (-0.3695447783717211, -0.5), 63400: (0.13068912813220407, -0.5), 213105: (0.021532316443325178, -0.5)}","{169113: (0.9069204570991385, 0.5), 169024: (0.9013667433966702, 0.5), 169037: (0.9010270675777878, 0.5), 168755: (0.8898183650780276, 0.5), 169218: (0.8877374244812375, 0.5)}","{'noise': 0.38621058403938996, 'amp': 1.905899429488762, 'ls': 3.577134415736614}","[(0.5, 0.5)]",[]
