impression,user_id,app_version,model_version,mturk_id,status,NUM_INITIAL_RATINGS,NUM_REFINE_RATINGS,TOTAL_TRAINING_RATINGS,NUM_TEST_RATINGS,TIME_INITIAL,TIME_REFINE,TIME_TEST,random_test_predictions_ratings,good_test_predictions_ratings,hypers,redisplay_check,arbitrary_check
0,3de6b15f-ad5b-4599-8b4f-38e2e3e42842,7.3-aggregated-fixed-binary-mpc,2.0,AZ8JL3QNIPY4U,Completed,1,40,41,15,7.598276138305664,170.7964837551117,48.49450063705444,"{297409: (0.1423361274317239, -0.5), 35943: (-0.19497579082521993, -0.5), 255172: (-0.23694255792908353, -0.5), 223255: (0.10409899963835775, -0.5), 104402: (0.06656127585587716, -0.5), 157614: (-0.14178396710934385, -0.5), 309064: (0.11656725815790828, -0.5), 21053: (-0.030319573971859026, 0.5), 75403: (0.4421842512886649, 0.5), 51781: (-0.06401136460689746, 0.5)}","{204132: (0.7132404100891157, 0.5), 203918: (0.705025915439183, 0.5), 203825: (0.693944729385816, 0.5), 267839: (0.6875626970853534, 0.5), 203844: (0.6790842440870533, 0.5)}","{'noise': 0.38621058403938996, 'amp': 1.905899429488762, 'ls': 3.577134415736614}","[(0.5, 0.5)]",[]
