impression,user_id,app_version,model_version,mturk_id,status,NUM_INITIAL_RATINGS,NUM_REFINE_RATINGS,TOTAL_TRAINING_RATINGS,NUM_TEST_RATINGS,TIME_INITIAL,TIME_REFINE,TIME_TEST,random_test_predictions_ratings,good_test_predictions_ratings,hypers,redisplay_check,arbitrary_check
0,9386fb16-baba-425a-8ba1-4258164033fe,7.3-aggregated-fixed-binary-mpc,2.0,ABICECSTT3MWF,Completed,1,40,41,15,22.946064233779907,260.21742057800293,105.64138126373291,"{193825: (0.2715378724591854, 0.5), 225547: (-0.25761001829312896, -0.5), 34473: (0.13484002359116581, -0.5), 70600: (0.06912342524427337, 0.5), 161996: (-0.20405452207733638, -0.5), 209314: (0.47748137738194285, 0.5), 32313: (0.047556480175456044, 0.5), 25886: (0.24801768502337973, 0.5), 264441: (0.4230677202724702, 0.5), 317847: (0.02287333148390163, 0.5)}","{246918: (0.8635499793589586, 0.5), 101937: (0.8586319915352152, 0.5), 312618: (0.857763190747586, 0.5), 281308: (0.8544381646371619, 0.5), 144408: (0.8494456856176642, 0.5)}","{'noise': 0.38621058403938996, 'amp': 1.905899429488762, 'ls': 3.577134415736614}","[(0.5, 0.5)]",[]
