impression,user_id,app_version,model_version,mturk_id,status,NUM_INITIAL_RATINGS,NUM_REFINE_RATINGS,TOTAL_TRAINING_RATINGS,NUM_TEST_RATINGS,TIME_INITIAL,TIME_REFINE,TIME_TEST,random_test_predictions_ratings,good_test_predictions_ratings,hypers,redisplay_check,arbitrary_check
0,caaf4ae0-c299-43dc-98ac-a9f7562705b7,7.3-aggregated-fixed-binary-mpc,2.0,A3LZRYFUO1S66Z,Completed,1,40,41,15,19.474451541900635,120.8207426071167,37.004120111465454,"{289133: (-0.020305447952646494, -0.5), 133640: (0.05388662761042268, -0.5), 225470: (-0.03364918250611601, 0.5), 103319: (-0.10974737260453427, -0.5), 118686: (0.028836552623284967, -0.5), 75168: (0.05377324553407076, -0.5), 41579: (-0.08477193258605964, -0.5), 256687: (0.12047057733677558, -0.5), 175010: (0.08925927831103544, -0.5), 241714: (0.19924831174758897, -0.5)}","{42569: (0.3813769560590648, -0.5), 42884: (0.3546606050269385, -0.5), 42705: (0.3545400138735983, -0.5), 237449: (0.34895174493947734, -0.5), 240869: (0.34608346590472533, 0.5)}","{'noise': 0.38621058403938996, 'amp': 1.905899429488762, 'ls': 3.577134415736614}","[(-0.5, -0.5)]",[]
