impression,user_id,app_version,model_version,mturk_id,status,NUM_INITIAL_RATINGS,NUM_REFINE_RATINGS,TOTAL_TRAINING_RATINGS,NUM_TEST_RATINGS,TIME_INITIAL,TIME_REFINE,TIME_TEST,random_test_predictions_ratings,good_test_predictions_ratings,hypers,redisplay_check,arbitrary_check
0,7084b96e-cce0-4782-9902-3f99b51859bd,7.3-aggregated-fixed-binary-mpc,2.0,A1DC5O5XEIMM1M,Completed,1,40,41,15,14.462661504745483,540.7159647941589,75.56245851516724,"{100101: (0.05596767126385681, 0.5), 99129: (0.2184788670114008, 0.5), 191635: (-0.17422343617360564, 0.5), 99378: (-0.3448611696030492, 0.5), 72399: (0.38904759931883337, 0.5), 133126: (0.31117230627576176, 0.5), 42652: (0.05492403470684691, -0.5), 100196: (0.35401983259108843, 0.5), 108053: (-0.1310167646475465, -0.5), 151156: (-0.15401223688749266, 0.5)}","{111079: (0.9061019561220642, 0.5), 111039: (0.8756938216532426, 0.5), 110900: (0.8668955411768033, 0.5), 111004: (0.8617980639253703, 0.5), 111101: (0.8601234520350061, 0.5)}","{'noise': 0.38621058403938996, 'amp': 1.905899429488762, 'ls': 3.577134415736614}","[(0.5, 0.5)]",[]
