impression,user_id,app_version,model_version,mturk_id,status,NUM_INITIAL_RATINGS,NUM_REFINE_RATINGS,TOTAL_TRAINING_RATINGS,NUM_TEST_RATINGS,TIME_INITIAL,TIME_REFINE,TIME_TEST,random_test_predictions_ratings,good_test_predictions_ratings,hypers,redisplay_check,arbitrary_check
0,4b6c0b8d-4a29-40cb-ba22-cc53090db594,7.3-aggregated-fixed-binary-mpc,2.0,A3D2U4QF7821ZW,Completed,1,40,41,15,5.372004985809326,183.533349275589,46.61335802078247,"{324602: (-0.2991982671267191, -0.5), 299149: (0.30091388799836627, 0.5), 180719: (0.15125080421074277, 0.5), 267986: (0.35737788161320927, 0.5), 165400: (-0.15434277888825942, -0.5), 40592: (-0.4478256785601797, -0.5), 313835: (0.14758143153265338, -0.5), 267903: (0.3423233318180655, 0.5), 143702: (-0.22051102267572487, -0.5), 78795: (-0.03338640084373727, 0.5)}","{230831: (0.8917692115180075, 0.5), 64427: (0.87334184592966, 0.5), 64661: (0.8690178821897017, 0.5), 231078: (0.8663108081192901, 0.5), 64282: (0.864730732623927, 0.5)}","{'noise': 0.38621058403938996, 'amp': 1.905899429488762, 'ls': 3.577134415736614}","[(-0.5, -0.5)]",[]
