impression,user_id,app_version,model_version,mturk_id,status,NUM_INITIAL_RATINGS,NUM_REFINE_RATINGS,TOTAL_TRAINING_RATINGS,NUM_TEST_RATINGS,TIME_INITIAL,TIME_REFINE,TIME_TEST,random_test_predictions_ratings,good_test_predictions_ratings,hypers,redisplay_check,arbitrary_check
0,35c30ffd-9cc4-4d02-b113-822576bf3c2b,7.3-aggregated-fixed-binary-mpc,2.0,A270A8MZLYEBL,Completed,1,40,41,15,9.733158826828003,253.95278596878052,78.54761147499084,"{274594: (-0.1970970513459662, -0.5), 61769: (-0.17372733502890017, -0.5), 206879: (0.2888922028512617, 0.5), 214942: (0.05620487906971722, 0.5), 92449: (0.5213474337902583, 0.5), 200265: (0.08903384271348846, -0.5), 222136: (0.3423229315336069, 0.5), 239994: (-0.02268146981717898, 0.5), 206234: (0.14548277951498023, 0.5), 322872: (0.14769489990138784, 0.5)}","{284583: (0.9410186475444099, 0.5), 284646: (0.9135729489201551, 0.5), 284656: (0.9100629092771013, 0.5), 284731: (0.908768999715811, 0.5), 284615: (0.907772342237497, 0.5)}","{'noise': 0.38621058403938996, 'amp': 1.905899429488762, 'ls': 3.577134415736614}","[(-0.5, -0.5)]",[]
