impression,user_id,app_version,model_version,mturk_id,status,NUM_INITIAL_RATINGS,NUM_REFINE_RATINGS,TOTAL_TRAINING_RATINGS,NUM_TEST_RATINGS,TIME_INITIAL,TIME_REFINE,TIME_TEST,random_test_predictions_ratings,good_test_predictions_ratings,hypers,redisplay_check,arbitrary_check
0,c4e6aed2-14a0-4136-af09-a15c46e8635a,7.3-aggregated-fixed-binary-mpc,2.0,A1KWC8TW8ANBQ8,Completed,1,40,41,15,7.54819655418396,186.36113905906677,59.526265144348145,"{45426: (0.05799910910340829, -0.5), 47077: (0.06012402048374081, -0.5), 188073: (-0.18638605785185827, -0.5), 92543: (-0.07962223057618974, 0.5), 147746: (0.17344283919665063, 0.5), 38027: (-0.12223921380572439, -0.5), 89333: (0.3679370149434126, 0.5), 27863: (0.004110541152741121, 0.5), 78443: (0.009888217798205312, 0.5), 234099: (0.06191611079911468, 0.5)}","{175828: (0.8128210447146136, 0.5), 175494: (0.8004089216339412, 0.5), 175497: (0.8002620855624232, 0.5), 196825: (0.7955615096530311, 0.5), 196771: (0.7946569760377402, 0.5)}","{'noise': 0.38621058403938996, 'amp': 1.905899429488762, 'ls': 3.577134415736614}","[(0.5, 0.5)]",[]
