impression,user_id,app_version,model_version,mturk_id,status,NUM_INITIAL_RATINGS,NUM_REFINE_RATINGS,TOTAL_TRAINING_RATINGS,NUM_TEST_RATINGS,TIME_INITIAL,TIME_REFINE,TIME_TEST,random_test_predictions_ratings,good_test_predictions_ratings,hypers,redisplay_check,arbitrary_check
0,3310bfe7-1423-4685-a4db-c356183cc3ac,7.3-aggregated-fixed-binary-mpc,2.0,A1T579QEGUZKIP,Completed,1,40,41,15,4.514207363128662,138.014981508255,46.3237669467926,"{55056: (-0.27421625462393573, -0.5), 288008: (-0.004963824092775883, 0.5), 239800: (-0.0066208266301081425, 0.5), 315647: (0.10380950352736416, 0.5), 94100: (0.21256353172350678, 0.5), 91987: (0.1512387176865285, 0.5), 266961: (-0.35068252129394567, -0.5), 281163: (-0.16830506990693506, 0.5), 50037: (-0.044421277998052504, -0.5), 136556: (0.0903373867528956, -0.5)}","{241449: (0.6381080252795801, -0.5), 197832: (0.6312809819874798, 0.5), 119443: (0.6281414171718485, -0.5), 197524: (0.6257540806707311, 0.5), 183215: (0.6242719267399142, -0.5)}","{'noise': 0.38621058403938996, 'amp': 1.905899429488762, 'ls': 3.577134415736614}","[(0.5, -0.5)]",[]
