impression,user_id,app_version,model_version,mturk_id,status,NUM_INITIAL_RATINGS,NUM_REFINE_RATINGS,TOTAL_TRAINING_RATINGS,NUM_TEST_RATINGS,TIME_INITIAL,TIME_REFINE,TIME_TEST,random_test_predictions_ratings,good_test_predictions_ratings,hypers,redisplay_check,arbitrary_check
0,831ce520-6a35-4e00-99a2-c6394eba662a,7.0-knn1-binary-mpc,1.2,A1XDYW4D4B610Z,Completed,1,40,41,15,5.7713329792022705,281.71096897125244,89.15640497207642,"{180411: (0.5, -0.5), 6349: (0.5, -0.5), 289658: (0.5, 0.5), 208441: (0.5, 0.5), 48272: (0.5, -0.5), 182394: (-0.5, -0.5), 149372: (0.5, -0.5), 49863: (0.5, 0.5), 172554: (-0.5, 0.5), 88495: (-0.5, 0.5)}","{80515: (0.5000000000000001, -0.5), 64064: (0.5000000000000001, -0.5), 124208: (0.5000000000000001, -0.5), 289334: (0.5000000000000001, 0.5), 10913: (0.5000000000000001, -0.5)}",{'dummy': 0.34672167851602553},"[(-0.5, -0.5)]",[]
