impression,user_id,app_version,model_version,mturk_id,status,NUM_INITIAL_RATINGS,NUM_REFINE_RATINGS,TOTAL_TRAINING_RATINGS,NUM_TEST_RATINGS,TIME_INITIAL,TIME_REFINE,TIME_TEST,random_test_predictions_ratings,good_test_predictions_ratings,hypers,redisplay_check,arbitrary_check
0,f0f22971-49f8-4256-99ca-e6580b7e2e87,7.0-knn1-binary-mpc,1.2,AHBYRLZ2U32Z2,Completed,1,40,41,15,3.757878303527832,185.940571308136,73.696542263031,"{145962: (-0.4999999999999999, 0.5), 263898: (0.5, 0.5), 220316: (0.5, -0.5), 304562: (0.5, -0.5), 134155: (0.5, -0.5), 55045: (0.5, 0.5), 110651: (-0.5, 0.5), 10451: (-0.5, 0.5), 300423: (-0.5, 0.5), 63411: (-0.5, 0.5)}","{278537: (0.5000000000000001, 0.5), 124917: (0.5000000000000001, 0.5), 104602: (0.5000000000000001, 0.5), 82890: (0.5000000000000001, 0.5), 252409: (0.5000000000000001, 0.5)}",{'dummy': 0.46268309072199454},"[(-0.5, 0.5)]",[]
