impression,user_id,app_version,model_version,mturk_id,status,NUM_INITIAL_RATINGS,NUM_REFINE_RATINGS,TOTAL_TRAINING_RATINGS,NUM_TEST_RATINGS,TIME_INITIAL,TIME_REFINE,TIME_TEST,random_test_predictions_ratings,good_test_predictions_ratings,hypers,redisplay_check,arbitrary_check
0,3793fd7f-7452-45ef-a78b-bc14d001d902,7.0-knn1-binary-mpc,1.2,A2GSEVQX5278XU,Completed,1,40,41,15,9.954999208450317,400.3382384777069,142.14134526252747,"{181276: (0.5, 0.5), 158124: (-0.5, -0.5), 129068: (-0.5, -0.5), 240662: (-0.5, -0.5), 71847: (0.5, 0.5), 59866: (0.5, 0.5), 41214: (-0.5, 0.5), 159947: (0.5, -0.5), 313378: (-0.5, -0.5), 80903: (-0.5, -0.5)}","{78665: (0.5000000000000001, 0.5), 130601: (0.5000000000000001, 0.5), 150337: (0.5000000000000001, 0.5), 112342: (0.5000000000000001, 0.5), 59567: (0.5000000000000001, -0.5)}",{'dummy': 0.30691447460428933},"[(-0.5, -0.5)]",[]
