impression,user_id,app_version,model_version,mturk_id,status,NUM_INITIAL_RATINGS,NUM_REFINE_RATINGS,TOTAL_TRAINING_RATINGS,NUM_TEST_RATINGS,TIME_INITIAL,TIME_REFINE,TIME_TEST,random_test_predictions_ratings,good_test_predictions_ratings,hypers,redisplay_check,arbitrary_check
0,9968753b-b13b-44e7-9571-81b14176c199,7.0-knn1-binary-mpc,1.2,A31GY5ZF9Q8Z3J,Completed,1,40,41,15,6.488426685333252,144.14671087265015,55.53474426269531,"{8715: (-0.5, -0.5), 294062: (-0.5, -0.5), 314682: (0.5, -0.5), 54599: (-0.5, -0.5), 319660: (0.5, 0.5), 172181: (-0.5, -0.5), 20813: (-0.5, 0.5), 250171: (0.5, -0.5), 37447: (0.5, -0.5), 250128: (0.5, -0.5)}","{77912: (0.5000000000000001, 0.5), 29430: (0.5000000000000001, -0.5), 216242: (0.5000000000000001, 0.5), 162044: (0.5000000000000001, -0.5), 69415: (0.5000000000000001, 0.5)}",{'dummy': 0.8661924212955718},"[(-0.5, -0.5)]",[]
