impression,user_id,app_version,model_version,mturk_id,status,NUM_INITIAL_RATINGS,NUM_REFINE_RATINGS,TOTAL_TRAINING_RATINGS,NUM_TEST_RATINGS,TIME_INITIAL,TIME_REFINE,TIME_TEST,random_test_predictions_ratings,good_test_predictions_ratings,hypers,redisplay_check,arbitrary_check
0,c9782dbb-9657-418f-82a4-2695127befc4,7.0-knn1-binary-mpc,1.2,A2RMJNF6IPI42F,Completed,1,40,41,15,7.497055768966675,81.76837611198425,33.94778347015381,"{62637: (0.5, -0.5), 182488: (-0.5, 0.5), 41446: (-0.5, 0.5), 34256: (0.5, 0.5), 47958: (0.5, -0.5), 146186: (-0.4999999999999999, -0.5), 183620: (-0.5, 0.5), 83660: (0.5, 0.5), 292117: (0.5, 0.5), 13550: (-0.5, -0.5)}","{225289: (0.5000000000000001, 0.5), 278220: (0.5000000000000001, -0.5), 309476: (0.5000000000000001, -0.5), 170054: (0.5000000000000001, -0.5), 327841: (0.5000000000000001, 0.5)}",{'dummy': 0.26783748787370576},"[(0.5, 0.5)]",[]
