impression,user_id,app_version,model_version,mturk_id,status,NUM_INITIAL_RATINGS,NUM_REFINE_RATINGS,TOTAL_TRAINING_RATINGS,NUM_TEST_RATINGS,TIME_INITIAL,TIME_REFINE,TIME_TEST,random_test_predictions_ratings,good_test_predictions_ratings,hypers,redisplay_check,arbitrary_check
0,7c5c6042-23b6-4feb-89bf-31d87c64795e,7.0-knn1-binary-mpc,1.2,A3M9ZVPFDH5BGJ,Completed,1,40,41,15,5.882583856582642,206.36628484725952,66.2546808719635,"{204446: (0.5, 0.5), 326809: (0.5, -0.5), 141792: (0.5, -0.5), 159691: (0.5, -0.5), 19433: (0.5, 0.5), 9758: (-0.5, -0.5), 54788: (-0.4999999999999999, 0.5), 245811: (-0.5, 0.5), 46262: (0.5, 0.5), 284075: (0.5, 0.5)}","{270310: (0.5000000000000001, -0.5), 72325: (0.5000000000000001, -0.5), 63312: (0.5000000000000001, 0.5), 178369: (0.5000000000000001, -0.5), 12309: (0.5000000000000001, -0.5)}",{'dummy': 0.43422428909834565},"[(0.5, 0.5)]",[]
