impression,user_id,app_version,model_version,mturk_id,status,NUM_INITIAL_RATINGS,NUM_REFINE_RATINGS,TOTAL_TRAINING_RATINGS,NUM_TEST_RATINGS,TIME_INITIAL,TIME_REFINE,TIME_TEST,random_test_predictions_ratings,good_test_predictions_ratings,hypers,redisplay_check,arbitrary_check
0,d062b154-9cd2-4d29-b6ab-be518d3baf13,7.0-knn1-binary-mpc,1.2,A1DIYFGQT1QDV2,Completed,1,40,41,15,7.626077175140381,350.1641094684601,138.05749344825745,"{168224: (-0.5, -0.5), 140350: (0.5, -0.5), 25762: (0.5, -0.5), 144230: (0.5, 0.5), 259814: (0.5, -0.5), 95591: (-0.5, -0.5), 4979: (0.5, 0.5), 111549: (0.5, -0.5), 322761: (-0.5, -0.5), 161042: (-0.4999999999999999, 0.5)}","{292972: (0.5000000000000001, 0.5), 204042: (0.5000000000000001, 0.5), 40116: (0.5000000000000001, -0.5), 143808: (0.5000000000000001, 0.5), 279800: (0.5000000000000001, 0.5)}",{'dummy': 0.4088157101379576},"[(-0.5, -0.5)]",[]
