impression,user_id,app_version,model_version,mturk_id,status,NUM_INITIAL_RATINGS,NUM_REFINE_RATINGS,TOTAL_TRAINING_RATINGS,NUM_TEST_RATINGS,TIME_INITIAL,TIME_REFINE,TIME_TEST,random_test_predictions_ratings,good_test_predictions_ratings,hypers,redisplay_check,arbitrary_check
0,13aba02a-a55f-4305-95b3-55161092ba84,7.0-knn1-binary-mpc,1.2,A1CM612SSQU5L,Completed,1,40,41,15,7.832045793533325,325.1569170951843,295.06284403800964,"{239494: (0.5, 0.5), 315380: (0.5, -0.5), 63424: (-0.5, 0.5), 244870: (0.5, -0.5), 326201: (-0.5, -0.5), 131510: (0.5, -0.5), 40926: (0.5, -0.5), 25398: (-0.5, 0.5), 288648: (0.5, -0.5), 47651: (0.5, -0.5)}","{75324: (0.5000000000000001, 0.5), 125969: (0.5000000000000001, 0.5), 75163: (0.5000000000000001, -0.5), 57752: (0.5000000000000001, 0.5), 219549: (0.5000000000000001, 0.5)}",{'dummy': 0.7886314172527176},"[(-0.5, -0.5)]",[]
