impression,user_id,app_version,model_version,mturk_id,status,NUM_INITIAL_RATINGS,NUM_REFINE_RATINGS,TOTAL_TRAINING_RATINGS,NUM_TEST_RATINGS,TIME_INITIAL,TIME_REFINE,TIME_TEST,random_test_predictions_ratings,good_test_predictions_ratings,hypers,redisplay_check,arbitrary_check
0,83f0439d-81a1-4b71-bc1f-e6ba67387f46,7.0-knn1-binary-mpc,1.2,AF0W4ZBY7VXOU,Completed,1,40,41,15,6.020419359207153,264.75891637802124,58.510886430740356,"{170965: (0.5, 0.5), 304869: (-0.5, 0.5), 287982: (-0.5, 0.5), 116626: (0.5, 0.5), 238596: (-0.5, -0.5), 48018: (-0.4999999999999999, -0.5), 42608: (0.5, 0.5), 40320: (0.5, 0.5), 312695: (-0.5, 0.5), 121195: (0.5, 0.5)}","{25476: (0.5000000000000001, 0.5), 73445: (0.5000000000000001, -0.5), 151438: (0.5000000000000001, 0.5), 125539: (0.5000000000000001, 0.5), 173547: (0.5000000000000001, 0.5)}",{'dummy': 0.7184412595796335},"[(0.5, 0.5)]",[]
