impression,user_id,app_version,model_version,mturk_id,status,NUM_INITIAL_RATINGS,NUM_REFINE_RATINGS,TOTAL_TRAINING_RATINGS,NUM_TEST_RATINGS,TIME_INITIAL,TIME_REFINE,TIME_TEST,random_test_predictions_ratings,good_test_predictions_ratings,hypers,redisplay_check,arbitrary_check
0,058804e3-213c-4615-997e-d54bf2745075,7.0-knn1-binary-mpc,1.2,A3A6IRYD075F4P,Completed,1,40,41,15,7.012966871261597,185.23553466796875,65.66896748542786,"{73778: (0.5, -0.5), 321732: (-0.5, 0.5), 189691: (0.5, 0.5), 54178: (0.5, 0.5), 104818: (-0.5, 0.5), 227714: (0.5, 0.5), 131689: (-0.5, -0.5), 278719: (0.5, -0.5), 318876: (0.5, -0.5), 215907: (0.5, -0.5)}","{241498: (0.5000000000000001, 0.5), 61720: (0.5000000000000001, 0.5), 45913: (0.5000000000000001, 0.5), 71039: (0.5000000000000001, -0.5), 177806: (0.5000000000000001, -0.5)}",{'dummy': 0.6768557876389303},"[(0.5, -0.5)]",[]
