impression,user_id,app_version,model_version,mturk_id,status,NUM_INITIAL_RATINGS,NUM_REFINE_RATINGS,TOTAL_TRAINING_RATINGS,NUM_TEST_RATINGS,TIME_INITIAL,TIME_REFINE,TIME_TEST,random_test_predictions_ratings,good_test_predictions_ratings,hypers,redisplay_check,arbitrary_check
0,92495e0c-4e93-4614-83ba-c1c92acd9ae2,7.0-knn1-binary-mpc,1.2,A3HVFSD8K94SOR,Completed,1,40,41,15,5.921268463134766,300.64495372772217,127.22449064254761,"{208045: (-0.5, 0.5), 254115: (0.5, 0.5), 254474: (0.5, 0.5), 223493: (-0.5, 0.5), 272166: (0.5, -0.5), 286277: (-0.4999999999999999, 0.5), 236097: (0.5, 0.5), 301200: (-0.5, -0.5), 141606: (0.5, 0.5), 318759: (-0.5, 0.5)}","{287321: (0.5000000000000001, 0.5), 72281: (0.5000000000000001, 0.5), 14130: (0.5000000000000001, -0.5), 194031: (0.5000000000000001, -0.5), 266065: (0.5000000000000001, -0.5)}",{'dummy': 0.35109819495372585},"[(-0.5, -0.5)]",[]
