impression,user_id,app_version,model_version,mturk_id,status,NUM_INITIAL_RATINGS,NUM_REFINE_RATINGS,TOTAL_TRAINING_RATINGS,NUM_TEST_RATINGS,TIME_INITIAL,TIME_REFINE,TIME_TEST,random_test_predictions_ratings,good_test_predictions_ratings,hypers,redisplay_check,arbitrary_check
0,ea946bdc-f993-451e-a129-bfb4638a8441,7.0-knn1-binary-mpc,1.2,A117VZ2MD7KNAI,Completed,1,40,41,15,14.712578296661377,483.97127413749695,87.77141070365906,"{48254: (-0.5, 0.5), 64057: (-0.5, 0.5), 154647: (-0.4999999999999999, 0.5), 276028: (0.5, 0.5), 175496: (-0.5, 0.5), 5448: (0.5, 0.5), 90897: (0.5, -0.5), 224487: (-0.4999999999999999, 0.5), 264633: (0.5, 0.5), 53201: (0.5, 0.5)}","{317412: (0.5000000000000001, 0.5), 24351: (0.5000000000000001, 0.5), 265728: (0.5000000000000001, -0.5), 42371: (0.5000000000000001, 0.5), 241816: (0.5000000000000001, 0.5)}",{'dummy': 0.48558897478099716},"[(-0.5, -0.5)]",[]
