impression,user_id,app_version,model_version,mturk_id,status,NUM_INITIAL_RATINGS,NUM_REFINE_RATINGS,TOTAL_TRAINING_RATINGS,NUM_TEST_RATINGS,TIME_INITIAL,TIME_REFINE,TIME_TEST,random_test_predictions_ratings,good_test_predictions_ratings,hypers,redisplay_check,arbitrary_check
0,da40b0f7-db98-4391-937f-e8958d7f5c08,7.0-knn1-binary-mpc,1.2,A1UZN21EAN1HZ4,Completed,1,40,41,15,6.99644660949707,220.33754920959473,96.86729407310486,"{214766: (0.5, -0.5), 248544: (-0.5, -0.5), 54789: (-0.5, 0.5), 234414: (-0.5, 0.5), 123620: (0.5, 0.5), 276986: (-0.5, -0.5), 206576: (-0.5, -0.5), 23944: (0.5, 0.5), 232216: (-0.5, 0.5), 247229: (-0.4999999999999999, 0.5)}","{48902: (0.5000000000000001, -0.5), 25853: (0.5000000000000001, 0.5), 231103: (0.5000000000000001, -0.5), 12254: (0.5000000000000001, -0.5), 61657: (0.5000000000000001, 0.5)}",{'dummy': 0.8190622215142165},"[(0.5, 0.5)]",[]
