impression,user_id,app_version,model_version,mturk_id,status,NUM_INITIAL_RATINGS,NUM_REFINE_RATINGS,TOTAL_TRAINING_RATINGS,NUM_TEST_RATINGS,TIME_INITIAL,TIME_REFINE,TIME_TEST,random_test_predictions_ratings,good_test_predictions_ratings,hypers,redisplay_check,arbitrary_check
0,e7bb9b06-8cb4-432c-81e1-2c71b87622e8,7.0-knn1-binary-mpc,1.2,A323IODZ7TE3E3,Completed,1,40,41,15,55.46106028556824,280.3274600505829,1628.1578431129456,"{229163: (-0.5, -0.5), 276503: (-0.4999999999999999, 0.5), 212191: (0.5, -0.5), 145498: (0.5, -0.5), 41593: (0.5, 0.5), 94050: (0.5, 0.5), 218700: (0.5, 0.5), 131858: (0.5, -0.5), 307731: (0.5, 0.5), 175418: (0.5, 0.5)}","{137014: (0.5000000000000001, 0.5), 205122: (0.5000000000000001, 0.5), 133356: (0.5000000000000001, 0.5), 21628: (0.5000000000000001, 0.5), 181268: (0.5000000000000001, -0.5)}",{'dummy': 0.698304148896775},"[(0.5, 0.5)]",[]
