impression,user_id,app_version,model_version,mturk_id,status,NUM_INITIAL_RATINGS,NUM_REFINE_RATINGS,TOTAL_TRAINING_RATINGS,NUM_TEST_RATINGS,TIME_INITIAL,TIME_REFINE,TIME_TEST,random_test_predictions_ratings,good_test_predictions_ratings,hypers,redisplay_check,arbitrary_check
0,dfe095a2-968f-4e74-b78e-06addd594242,7.0-knn1-binary-mpc,1.2,ABICECSTT3MWF,Completed,1,40,41,15,181.62593507766724,248.22750163078308,56.855780601501465,"{40372: (-0.4999999999999999, 0.5), 109675: (-0.4999999999999999, 0.5), 33329: (-0.5, 0.5), 54953: (0.5, 0.5), 161226: (0.5, -0.5), 328235: (-0.5, 0.5), 315278: (-0.5, 0.5), 309863: (-0.5, 0.5), 193590: (-0.5, 0.5), 204619: (-0.5, -0.5)}","{51933: (0.5000000000000001, 0.5), 313124: (0.5000000000000001, 0.5), 101487: (0.5000000000000001, 0.5), 60885: (0.5000000000000001, 0.5), 300471: (0.5000000000000001, 0.5)}",{'dummy': 0.8655705755452352},"[(0.5, 0.5)]",[]
