impression,user_id,app_version,model_version,mturk_id,status,NUM_INITIAL_RATINGS,NUM_REFINE_RATINGS,TOTAL_TRAINING_RATINGS,NUM_TEST_RATINGS,TIME_INITIAL,TIME_REFINE,TIME_TEST,random_test_predictions_ratings,good_test_predictions_ratings,hypers,redisplay_check,arbitrary_check
0,24cb7b2b-71df-4941-ac9f-75aab045c417,7.0-knn1-binary-mpc,1.2,A26ZENZ5G8AEGM,Completed,1,40,41,15,6.57547402381897,175.66951775550842,65.16548609733582,"{209124: (0.5, 0.5), 81274: (0.5, 0.5), 68601: (0.5, 0.5), 223674: (0.5, -0.5), 33520: (-0.5, -0.5), 134055: (-0.5, -0.5), 5816: (-0.5, -0.5), 168970: (0.5, -0.5), 187997: (-0.5, 0.5), 302687: (-0.4999999999999999, 0.5)}","{201459: (0.5000000000000001, -0.5), 235453: (0.5000000000000001, 0.5), 185613: (0.5000000000000001, -0.5), 41695: (0.5000000000000001, -0.5), 83687: (0.5000000000000001, 0.5)}",{'dummy': 0.8021065457415814},"[(-0.5, -0.5)]",[]
