impression,user_id,app_version,model_version,mturk_id,status,NUM_INITIAL_RATINGS,NUM_REFINE_RATINGS,TOTAL_TRAINING_RATINGS,NUM_TEST_RATINGS,TIME_INITIAL,TIME_REFINE,TIME_TEST,random_test_predictions_ratings,good_test_predictions_ratings,hypers,redisplay_check,arbitrary_check
0,c5db9710-5822-4e3a-856d-b70bb1b9655e,7.0-knn1-binary-mpc,1.2,A3JZ2WCG7JH1Q8,Completed,1,40,41,15,7.655269384384155,216.54862093925476,77.93934798240662,"{21848: (0.5, -0.5), 38110: (-0.5, 0.5), 272007: (-0.5, -0.5), 132008: (-0.5, 0.5), 235537: (-0.5, -0.5), 173300: (-0.5, 0.5), 223198: (-0.5, -0.5), 14942: (0.5, -0.5), 230301: (0.5, 0.5), 133208: (0.5, 0.5)}","{120710: (0.5000000000000001, 0.5), 223801: (0.5000000000000001, 0.5), 204084: (0.5000000000000001, 0.5), 187548: (0.5000000000000001, 0.5), 42126: (0.5000000000000001, 0.5)}",{'dummy': 0.15198259108484236},"[(-0.5, -0.5)]",[]
