impression,user_id,app_version,model_version,mturk_id,status,NUM_INITIAL_RATINGS,NUM_REFINE_RATINGS,TOTAL_TRAINING_RATINGS,NUM_TEST_RATINGS,TIME_INITIAL,TIME_REFINE,TIME_TEST,random_test_predictions_ratings,good_test_predictions_ratings,hypers,redisplay_check,arbitrary_check
0,1018282e-6733-42b4-aacd-df887a168f4f,7.0-knn1-binary-mpc,1.2,A3J3753DQ7IYDR,Completed,1,40,41,15,11.56009292602539,231.76327276229858,78.56643223762512,"{298700: (-0.5, -0.5), 136862: (0.5, -0.5), 230970: (0.5, 0.5), 123042: (-0.5, 0.5), 117746: (-0.4999999999999999, -0.5), 191969: (0.5, 0.5), 170017: (0.5, 0.5), 272435: (-0.5, -0.5), 287558: (-0.5, -0.5), 199488: (0.5, 0.5)}","{305716: (0.5000000000000001, 0.5), 78315: (0.5000000000000001, 0.5), 199706: (0.5000000000000001, -0.5), 171717: (0.5000000000000001, -0.5), 148304: (0.5000000000000001, -0.5)}",{'dummy': 0.6848415288148336},"[(-0.5, -0.5)]",[]
