impression,user_id,app_version,model_version,mturk_id,status,NUM_INITIAL_RATINGS,NUM_REFINE_RATINGS,TOTAL_TRAINING_RATINGS,NUM_TEST_RATINGS,TIME_INITIAL,TIME_REFINE,TIME_TEST,random_test_predictions_ratings,good_test_predictions_ratings,hypers,redisplay_check,arbitrary_check
0,f8b39fa9-a438-438c-bb73-ab4e96daa89a,7.0-knn1-binary-mpc,1.2,A2YUYXAI4SAOLY,Completed,1,40,41,15,19.836440324783325,300.4588906764984,106.14245223999023,"{30190: (0.5, -0.5), 263404: (-0.5, 0.5), 132464: (-0.4999999999999999, -0.5), 75030: (0.5, 0.5), 228249: (-0.5, -0.5), 170952: (0.5, 0.5), 6705: (-0.5, 0.5), 69069: (0.5, -0.5), 274344: (0.5, -0.5), 219456: (-0.5, -0.5)}","{301188: (0.5000000000000001, -0.5), 239803: (0.5000000000000001, 0.5), 313512: (0.5000000000000001, 0.5), 234918: (0.5000000000000001, -0.5), 177618: (0.5000000000000001, 0.5)}",{'dummy': 0.6186519610810206},"[(-0.5, -0.5)]",[]
